id,length,kfold,KRR_pred
190125,0.7468470864102059,0,-0.621299731823715
283812,-0.30955015856386603,0,-0.19770665111298058
188476,-0.36108173148942896,0,-0.2362599206403111
373656,1.03027073750081,0,1.240273908125097
187584,0.952973378112464,0,0.7802359703388078
188035,1.59711803968202,0,0.928327012501402
188134,0.154233997766213,0,0.6180879371938062
189291,0.36036028946847104,0,-0.05333258036970179
374239,0.6953155134846399,0,0.13045767002188668
188249,-0.00036072101047902595,0,0.905908502677562
375392,0.6437839405590771,0,0.6421701493506511
374655,1.15909966981472,0,1.2907210290724258
190126,-1.08252375244733,0,-0.7712217093308169
375557,0.0254050654523027,0,0.18041780116057637
283109,-1.1340553253729,0,-0.951256125121315
187536,0.952973378112464,0,-0.5882977469623647
374609,-0.2580185856383,0,-0.0956627704610753
375742,0.43765764885681896,0,0.39970683144016306
188086,0.154233997766213,0,0.8054224604756044
187645,0.540720794707948,0,-0.006689279603296683
188341,-0.5672080231916871,0,-1.1044326031248985
375773,0.824144445798553,0,0.45766115496701687
189039,0.0769366383778683,0,0.38428000434602794
190068,-0.4641448773405579,0,-0.2611829205277374
283796,0.10270242484065,0,-0.7427013176462047
374703,-1.1340553253729,0,-0.2844208744040344
284281,0.36036028946847104,0,-0.1634277588998252
319280,0.540720794707948,0,-0.28987885238542077
318548,-0.528559343497515,0,-1.3609141409580339
284222,-0.7218027419683821,0,-0.5759767805798361
308266,-0.412613304414995,0,0.1488649555424466
2437340,-0.541442236728906,0,-0.08983281038769775
374718,0.6953155134846399,0,0.8777169883444103
283773,-0.6960369555056,0,-1.08748120834721
375957,0.7210812999474241,0,0.8817533124625179
189700,-0.3868475179522129,0,-0.024753065822604725
284216,0.23153135715456105,0,0.2374193012109167
374546,1.57135225321924,0,0.9739538834946302
189023,-0.103423866861608,0,0.14027767978073413
374612,0.7983786593357691,0,1.3048377946024488
375916,1.05603652396359,0,0.855504478865452
187505,1.21063124274028,0,0.3276700483077484
188226,-0.850631674282293,0,-0.43790857943718464
187867,0.6953155134846399,0,-0.17032868309955518
187823,1.10756809688916,0,0.28895332000785956
190069,-0.850631674282293,0,-0.3415619373800851
375740,0.24441425038595105,0,0.10366027811659961
189947,0.0769366383778683,0,0.24937581653599494
190805,-0.3868475179522129,0,-0.21097281214921537
187784,-0.0261265074732607,0,-0.35266720495422277
336484,-2.1389209974214,0,-1.919639533913461
188408,-0.5929738096544711,0,-0.8929984616989266
283774,0.10270242484065,0,-0.3667959460766781
187545,0.10270242484065,0,-0.22988832078460675
188255,0.0511708519150843,0,0.1642700895193805
374918,-0.43837909087777693,0,-0.0648758802848981
187682,0.824144445798553,0,0.4230972662363115
375539,-1.03099217952177,0,-0.45272596905338247
187848,-0.412613304414995,0,1.1661897843308928
375997,0.7983786593357691,0,1.2440994433431491
374598,-0.12918965332439,0,0.11957487693402769
308265,-1.67513684109132,0,-1.2832355232156694
375659,0.927207591649682,0,-0.04645140036527451
188943,0.489189221782384,0,-0.1555092078277518
283805,-0.2580185856383,0,-0.7457709523394733
284231,-0.193604119481346,0,0.2543817577495595
374467,0.154233997766213,0,0.14573374043747478
284305,0.43765764885681896,0,-0.11733577081577451
375724,0.23153135715456105,0,0.18439361699166668
374392,0.23153135715456105,0,0.6366443359544505
187507,-1.08252375244733,0,-1.1181590720104921
375589,-0.5929738096544711,0,-0.15351860109892002
188945,-0.4641448773405579,0,-0.2264233507382727
284370,0.411891862394037,0,-0.10388808204270106
374614,1.15909966981472,0,1.4489912793613797
188969,0.6953155134846399,0,0.3444249375702597
189961,0.901441805186898,0,0.28525666897947133
189625,-1.1340553253729,0,-0.8379151363135797
374635,1.41675753444254,0,0.6498686071821957
375663,0.205765570691779,0,0.36602798102957124
374156,-0.12918965332439,0,0.47047837629295586
187495,-0.6187395961172529,0,-1.0462037874677605
283444,-0.5929738096544711,0,-0.3459236412490192
188669,1.2363970292030702,0,0.6070707927474963
2437214,1.44252332090532,0,0.8081507053687744
189009,1.2363970292030702,0,0.015987914115601853
374591,0.669549727021858,0,0.2919563016722506
187839,0.30882871654290805,0,-0.24082426193301743
283964,1.5069377870622802,0,1.1922521094017036
374505,-0.5929738096544711,0,0.0931179948781029
375687,0.849910232261335,0,0.6007069953848365
190177,0.0254050654523027,0,0.9047853421970302
374197,-0.154955439787171,0,-0.46556465028216465
187502,0.23153135715456105,0,-0.012678997349738097
284280,0.7210812999474241,0,0.3299316241235495
284168,0.0254050654523027,0,0.6497210136776594
374825,-0.850631674282293,0,-0.3224531908899664
374739,0.257297143617342,0,0.29135631917307236
189012,-0.3868475179522129,0,-0.3750531292259094
187493,-0.644505382580035,0,-0.3415631354333861
187611,1.03027073750081,0,-0.2632064909044658
373575,0.901441805186898,0,0.40411111438573144
374401,-0.902163247207856,0,-0.04675735996989516
188449,-0.0261265074732607,0,0.37954705393980603
284368,0.566486581170729,0,0.9640349723459671
187984,0.9787391645752448,0,0.47247777793597834
373626,-0.283784372101084,0,-0.38386054581318163
190096,0.128468211303432,0,-0.12047634668654794
283892,0.10270242484065,0,0.07471917386861548
283676,-1.5978394817029802,0,-1.6864433205386646
187742,0.9787391645752448,0,0.5071150519590297
375666,-0.0261265074732607,0,0.17931059148647677
319283,-2.52540779436314,0,-1.1738488316887903
283731,-0.20648701271273695,0,0.09822361530486035
374643,1.4940548938308895,0,1.4139144513261037
375901,-0.799100101356727,0,0.7762436774650467
375583,-0.6960369555056,0,0.21557094963826628
189932,1.41675753444254,0,0.6916565159588579
283677,-0.36108173148942896,0,0.04372515672184818
190806,0.386126075931255,0,0.19410260320143635
375444,0.0511708519150843,0,0.1843895176655721
188259,-1.08252375244733,0,-0.7549252319700024
283664,-0.5672080231916871,0,-0.2647147535937471
283220,0.514955008245166,0,-0.19053950609520243
308211,-1.18558689829846,0,-0.21561908772445904
190085,1.08180231042637,0,1.3411978674365237
284319,0.128468211303432,0,0.3987333358986369
374912,0.23153135715456105,0,-0.550864807371731
188545,-0.7475685284311641,0,-0.8603901325015109
189979,0.0511708519150843,0,-0.09656924583166315
375661,0.6437839405590771,0,0.16745277022198835
187999,0.8756760187241159,0,0.6454987204135492
187471,-0.4899106638033421,0,-0.5052989393357379
374391,-0.7475685284311641,0,-0.5965649604301184
374624,1.4296404276739298,0,0.9217743520312816
187949,-0.2580185856383,0,-0.5950920061781169
284015,-0.0261265074732607,0,-0.5077966551905462
374715,-0.283784372101084,0,0.570885763014239
190064,-0.30955015856386603,0,-0.1982756995922692
190819,0.411891862394037,0,0.2639410519011278
187826,-1.08252375244733,0,-0.5900361236609726
283781,-0.670271169042816,0,-0.5578198113506829
319781,0.17999978422899696,0,0.09238370861181266
188774,0.257297143617342,0,0.2441383558889072
283145,-1.5720736952402,0,-0.6388672532021289
374814,-0.103423866861608,0,0.425580532480506
319779,-0.81198299458812,0,-0.7202988063134406
189832,0.2830629300801261,0,-0.8216424111529648
190789,-0.4641448773405579,0,-0.006359456324254609
189040,-0.979460606596203,0,-1.0983117243814995
190054,-2.58982226052009,0,-1.6830317176883014
283754,-1.08252375244733,0,-0.31531138460795916
190472,1.63576671937619,0,0.5147786454621048
375376,-0.2580185856383,0,0.08042588446524235
375205,0.411891862394037,0,0.11259650583469849
375890,-0.00036072101047902595,0,0.13211692407551823
190702,0.23153135715456105,0,0.03740218056956479
188549,-0.979460606596203,0,-0.9535582321596081
189045,0.7210812999474241,0,0.2673239237229268
187500,0.128468211303432,0,0.3063590581228226
189857,0.592252367633511,0,0.8762392420976042
187876,0.33459450300569,0,0.6910900907099098
283846,-0.0518922939360447,0,-0.372000210123538
375697,0.9787391645752448,0,0.5554819308229391
375688,0.566486581170729,0,0.5669519504625313
374037,-0.412613304414995,0,-0.37021357414396405
187812,0.0254050654523027,0,-0.7800861891022564
317951,-2.60270515375148,0,-1.9208072197089017
283740,-0.103423866861608,0,0.9072750557418878
187755,1.41675753444254,0,0.7040001863735519
284067,0.514955008245166,0,0.10588711224261971
189294,-0.43837909087777693,0,-0.07486277942508579
375467,0.7210812999474241,0,0.5697734662258611
187664,-2.83459723191652,0,-1.4014908355647862
188526,0.618018154096295,0,-0.016543189493070543
187767,0.7983786593357691,0,-0.033262988588127484
373694,1.22351413597168,0,0.02464963590417213
188142,-3.0922550965443505,0,-1.1918800295561631
188633,0.128468211303432,0,-0.10947194489469325
190148,-0.515676450266124,0,-0.324202181979647
283179,0.824144445798553,0,0.9328179335549684
283639,-0.12918965332439,0,-0.1491995069976646
188849,-0.00036072101047902595,0,-0.30575819379551206
374706,1.44252332090532,0,1.3671491409598246
319957,-1.23711847122403,0,-1.167142061161936
374385,-0.12918965332439,0,-0.22592548581413396
188418,-0.43837909087777693,0,0.6524935053497742
189210,-0.902163247207856,0,-0.44464627903237286
190029,0.33459450300569,0,-0.38180139878852515
283655,-0.23225279917551894,0,-0.2259572945176913
283735,-0.7475685284311641,0,-0.9264499651281746
375759,0.566486581170729,0,-0.06729788901083467
189193,-0.773334314893945,0,-0.9802984446565937
375370,0.205765570691779,0,-0.8048332039328123
373726,-2.11315521095862,0,-1.5518870456616831
187844,0.128468211303432,0,-0.023152354990816804
188048,-0.20648701271273695,0,-0.05100935058687739
375977,1.03027073750081,0,0.46537106596133526
187804,1.64864961260758,0,0.5903329541329967
188312,-1.00522639305899,0,0.6473648876946498
283736,-1.4174789764635,1,0.3061894019697178
375596,0.489189221782384,1,0.3618812490630319
375607,-0.20648701271273695,1,-0.7987143893207573
283599,-0.103423866861608,1,0.6826003061599621
189288,-2.16468678388419,1,-0.005854766745748918
375695,0.4634234353196,1,0.29631216751140954
373629,0.8756760187241159,1,-0.3319480849130727
188469,-0.12918965332439,1,0.5637727913171915
189958,1.70018118553315,1,1.193818152423333
283579,0.514955008245166,1,-0.2567106935893264
187944,-0.541442236728906,1,0.22903502820899746
375585,1.75171275845871,1,0.5181779468646965
189034,-0.0776580803988264,1,-0.032955335397353736
2437412,-0.23225279917551894,1,0.610230135902448
336688,-1.77819998694245,1,-1.2583520435508362
189696,-0.23225279917551894,1,-0.535593174852373
189776,-2.2162183568097498,1,-2.1565615587609983
189455,-0.979460606596203,1,0.03973085217349137
188758,-1.08252375244733,1,0.8103521755841001
190098,-0.799100101356727,1,0.1552373031235632
190158,-0.0518922939360447,1,0.20373200125603574
190187,0.540720794707948,1,0.4142093321032121
375457,-0.8763974607450742,1,0.3176771297812593
189006,1.15909966981472,1,-0.17920887142525999
189792,0.489189221782384,1,0.7877877438113714
374171,0.257297143617342,1,0.06234000159211206
376047,0.411891862394037,1,0.49369286998512507
375799,1.08180231042637,1,0.4179989363051462
375567,-0.953694820133422,1,-0.1771004018332718
189010,1.08180231042637,1,-0.02247967366976411
187993,-0.12918965332439,1,-0.18309613473867614
375954,-1.1340553253729,1,-0.07145122226670253
375288,0.540720794707948,1,0.6959849656094761
190189,-0.541442236728906,1,-0.750461422898006
283756,0.205765570691779,1,0.318646109065412
190816,1.10756809688916,1,0.06728100979523077
375939,0.2830629300801261,1,0.8019860098226701
375397,-0.23225279917551894,1,-0.06028581680153877
374363,0.6953155134846399,1,-0.46252093539311545
374183,-1.4174789764635,1,-0.5605204074122625
189703,0.2830629300801261,1,0.06769628191762678
187603,1.0045049510380302,1,0.9262256466786667
283723,0.9787391645752448,1,0.3252259417458703
375752,-0.0261265074732607,1,1.0665458439652582
187649,-0.0776580803988264,1,-0.2008214394123229
375816,0.24441425038595105,1,-0.001633793586265142
187857,0.154233997766213,1,-0.13226625243460433
375857,1.44252332090532,1,1.3164143748727781
189242,-0.541442236728906,1,-0.1657954158545536
373744,0.411891862394037,1,0.7468115440843732
374533,-0.7475685284311641,1,0.4086353066534727
283822,-0.8763974607450742,1,-0.22532009707729372
190102,-0.8763974607450742,1,0.024179041641566812
375623,0.656666833790467,1,0.9218224121537091
187786,0.669549727021858,1,0.4879261638589085
374652,0.952973378112464,1,0.6889796220472277
283602,0.154233997766213,1,0.13379884223954974
375813,0.128468211303432,1,0.2155384573380772
375548,-1.18558689829846,1,0.28738596538502037
189293,-1.26288425768681,1,-0.5080519934777143
187854,-0.4641448773405579,1,0.21207711896708048
374178,-1.64937105462854,1,-0.5597287588650843
375815,1.10756809688916,1,0.2600295650953939
190799,0.6953155134846399,1,0.3314331775991519
188185,-0.00036072101047902595,1,-0.108547139611197
188204,0.849910232261335,1,0.562468212334295
375971,1.01738784426942,1,0.6411884446012834
188369,0.30882871654290805,1,-0.3844261724212643
375800,0.192882677460388,1,0.01411871385911212
188237,0.6437839405590771,1,0.5524779227783796
2437410,1.59711803968202,1,1.27240064984084
187796,-0.8763974607450742,1,-0.1297917934094528
189343,0.23153135715456105,1,-0.5882138751624666
189189,-0.23225279917551894,1,-0.5248394236111835
190173,-1.03099217952177,1,-0.7924903967339461
374515,0.154233997766213,1,-0.03541484286900953
189068,1.3394601750542,1,0.6788912154855211
375738,0.10270242484065,1,1.1223787872786062
375571,0.30882871654290805,1,0.7859377307805886
284132,0.23153135715456105,1,0.03783841820474265
375404,-0.23225279917551894,1,-0.30357153607801735
190795,0.7210812999474241,1,0.5498876209160315
373835,-0.92792903367064,1,0.3311635879044559
187522,-0.92792903367064,1,0.23420399495207533
283089,-2.60270515375148,1,-1.9890171716989187
187928,0.824144445798553,1,-0.6751249128930397
187590,0.7210812999474241,1,0.8859226103950562
190174,-0.154955439787171,1,-0.24461848097295302
283748,0.0511708519150843,1,-0.323206798865904
283732,-1.1340553253729,1,-0.94269561214481
190783,2.03513640954932,1,1.239471433266175
188521,-0.20648701271273695,1,0.05793294632491808
374632,-0.0776580803988264,1,-0.024781455120454154
336476,-1.9843262786447096,1,-2.174586996326674
188540,0.618018154096295,1,-1.0667325604097968
188231,0.205765570691779,1,-0.3610375041559877
188326,-0.773334314893945,1,-0.38065144173544496
373655,-1.5205421223146298,1,-0.49505282128996697
375578,-1.00522639305899,1,0.7255000476333464
336684,0.952973378112464,1,0.7962468010450365
190794,0.6437839405590771,1,-0.05142169202394342
187920,-1.44324476292628,1,-0.8041953997790543
188163,0.154233997766213,1,-0.09543515007452896
188153,0.43765764885681896,1,0.3729254214136475
188493,-1.62360526816576,1,0.02543332939057308
188320,-1.9843262786447096,1,-1.7899177584405095
188993,1.2363970292030702,1,-0.2312647322816801
374935,-1.67513684109132,1,-0.40567636854410694
187957,1.46828910736811,1,-0.459055161871035
375020,0.669549727021858,1,0.41591819918770767
188379,-0.2580185856383,1,-0.5201201437218614
190810,0.7210812999474241,1,0.07409494221196411
374697,1.10756809688916,1,0.6418594997315168
375475,-0.154955439787171,1,-0.28761044712256023
375434,0.0511708519150843,1,0.06924630243970853
189319,0.17999978422899696,1,0.18823381898953073
190707,-0.979460606596203,1,-0.591965021610136
375494,-0.36108173148942896,1,-0.08526525428152354
373725,-0.953694820133422,1,-0.07616852716047617
376032,2.17684823509462,1,0.5971532100879315
188357,-0.953694820133422,1,-0.4278836322792898
283221,-0.2580185856383,1,-0.9653022873608421
283215,-1.00522639305899,1,-0.874830169572256
188095,-1.64937105462854,1,-0.1778822454406992
373733,-1.36594740353794,1,-0.3216215308394226
189139,0.386126075931255,1,0.5502190532482416
284247,0.205765570691779,1,0.3495319433295663
375597,-0.154955439787171,1,-0.39506528164404386
190051,0.33459450300569,1,1.2037610450684468
187905,0.30882871654290805,1,-0.12048590063285758
284309,1.0045049510380302,1,0.2011749065989079
189909,-0.5929738096544711,1,-0.42511885775302005
373851,0.618018154096295,1,1.1979875542701137
283876,-0.154955439787171,1,0.37281220372000945
187474,-0.979460606596203,1,-1.4611167525789526
190803,0.386126075931255,1,-0.3362387558102711
374763,0.205765570691779,1,-0.24529375452558355
187990,-0.7218027419683821,1,-0.29925679093629043
190006,-0.4641448773405579,1,-0.9355691256728136
374442,-1.00522639305899,1,-0.049734113609765984
284251,0.4634234353196,1,0.3517376666278409
283178,-0.43837909087777693,1,-0.3050998974345873
187705,0.43765764885681896,1,-0.0759878521728794
189683,0.424774755625428,1,0.3030476441855967
190149,-1.7524342004796698,1,-1.078009512736898
374592,-1.67513684109132,1,-0.6508556904942466
375935,0.4634234353196,1,0.6555203893206425
375518,0.9787391645752448,1,0.3040127637814436
189093,-0.0261265074732607,1,0.07980873081088902
187982,0.36036028946847104,1,0.08673514009995387
317953,-2.91189459130487,1,-1.926275342143171
375433,-1.7524342004796698,1,-1.4190731083704264
374589,0.618018154096295,1,0.4990447275027776
2437245,1.08180231042637,1,0.5575725832836724
187921,-1.46901054938907,1,-0.16220816016006268
189022,0.514955008245166,1,-0.3098596894526864
375169,0.8756760187241159,1,0.5414159720589495
190046,1.0045049510380302,1,-0.15387092846038541
2437408,-0.30955015856386603,1,0.22532161610984502
374744,0.43765764885681896,1,0.5535316781853012
375572,1.7259469719959302,1,-0.33120510527329117
374807,0.566486581170729,1,1.022319279003547
374927,-0.0776580803988264,1,-0.08734470511142689
284304,-1.03099217952177,1,0.17338318236428307
374024,-0.902163247207856,1,-0.6926239233572034
375702,0.128468211303432,1,0.5082387556649195
188269,-1.00522639305899,1,-1.0572612946302513
189844,1.2879286021286298,1,1.2530996628436348
373716,0.952973378112464,1,0.40907527492830553
2437194,-0.412613304414995,1,-0.08636524276268887
375705,1.46828910736811,1,1.0186054189784173
375545,0.927207591649682,1,0.6179761020203571
187936,-0.12918965332439,1,0.13153243685718508
283752,1.2363970292030702,1,0.47315367137853315
190252,-0.3868475179522129,1,-0.14514419709997384
190790,-0.0261265074732607,1,0.15553826109275093
375461,0.901441805186898,1,0.5497039251496645
188099,1.5455864667564498,1,0.618352260643924
374603,-0.154955439787171,1,0.1297051797388491
188043,-0.43837909087777693,1,0.5918977815167636
190561,0.0254050654523027,1,-0.1515983029340049
374699,1.44252332090532,1,0.6406072006545571
187820,0.17999978422899696,1,-0.15882270201080928
2436958,1.36522596151698,1,1.0115857708768132
187803,1.5455864667564498,1,0.546060149541951
319956,-1.36594740353794,1,-1.096676708980425
284372,-1.21135268476124,1,-0.05785298571431241
375513,0.10270242484065,1,0.4274970360341115
188923,-0.412613304414995,1,-0.5344908003941029
188008,-0.5672080231916871,1,-0.18627142188706358
187787,0.566486581170729,1,0.6267914803723968
189029,-0.7475685284311641,1,0.7380159052052591
187778,-1.1082895389101102,1,0.01365684285198654
188218,0.411891862394037,1,0.41363417063478636
374743,0.17999978422899696,1,-0.19415854191149862
187981,0.128468211303432,1,-0.0550204356610422
188250,0.849910232261335,1,0.5806258064843988
375689,0.6437839405590771,1,-0.0238478889551601
190815,1.70018118553315,1,0.6072922435576515
374694,1.44252332090532,1,1.3527756952344632
2437263,-0.0261265074732607,2,0.8847005054575305
2437378,1.57135225321924,2,-0.037954265242554186
2437048,1.70018118553315,2,0.9310282707255979
374516,-0.20648701271273695,2,-0.016752961509119757
189245,-0.2580185856383,2,-0.01599586243188611
189974,0.411891862394037,2,0.5305795427518234
376040,0.0511708519150843,2,-0.032429388602082554
188224,0.618018154096295,2,0.31389518853305987
187543,1.0045049510380302,2,0.5933409705610799
374749,0.901441805186898,2,0.16565916333436803
375823,0.824144445798553,2,1.2572725714286577
374941,-0.154955439787171,2,-0.5967852893806835
2437282,1.64864961260758,2,1.0071465747166357
189949,-0.6960369555056,2,-0.31802310378074594
318176,-2.16468678388419,2,-2.1048655620416525
375527,1.03027073750081,2,0.4035758531864957
283598,-0.670271169042816,2,-0.7417867973921446
188976,-0.283784372101084,2,-0.17036626779115238
283638,0.386126075931255,2,0.4279016586470803
374894,-0.154955439787171,2,0.008888283976595801
187730,0.849910232261335,2,0.1396034167984297
189282,-0.3868475179522129,2,0.03195300760808095
188058,0.205765570691779,2,-0.19276937441019015
189267,0.489189221782384,2,0.3184291152372509
189889,-0.7218027419683821,2,0.616330915385177
188872,-3.1695524559326897,2,-1.793741534311721
190170,1.15909966981472,2,0.7393053677590586
283778,-0.20648701271273695,2,-0.5808491211166995
373739,-1.34018161707516,2,-0.8772391191419899
375794,-2.03585785157027,2,0.23445367273401985
283914,-0.335315945026648,2,0.6143040390396024
187501,-0.20648701271273695,2,0.0520447302807483
374154,-0.515676450266124,2,-1.0246183112302418
187955,0.17999978422899696,2,0.15152885193835175
190238,0.36036028946847104,2,-0.7943256744459646
374190,-0.6187395961172529,2,-0.6533615385512448
188248,-0.103423866861608,2,0.11844837487717541
284236,0.205765570691779,2,-0.047357025618630644
375802,1.36522596151698,2,1.120632878607104
187528,0.7210812999474241,2,0.12160575175295207
374638,1.21063124274028,2,1.0559863858060652
187544,0.7468470864102059,2,0.2792226637246884
188934,-0.412613304414995,2,-0.5224776683521242
188497,-0.799100101356727,2,-0.7109565630201473
190114,-1.26288425768681,2,-0.9742014296198391
189025,1.10756809688916,2,0.8959948473618411
373627,-0.283784372101084,2,-0.2615609162166237
375037,0.386126075931255,2,0.5634786626033801
187687,-0.7218027419683821,2,-0.10734621671102218
373468,0.205765570691779,2,-0.0965687029496678
375744,-2.7315340860653903,2,-1.352707651113377
188197,1.03027073750081,2,0.43545440851479356
373654,0.618018154096295,2,0.22816923909459774
188532,1.5455864667564498,2,0.9880625835761379
188093,0.0254050654523027,2,-0.22672967715533332
188036,1.15909966981472,2,-0.17325539350679975
375896,0.489189221782384,2,0.2765733923830709
375710,1.2363970292030702,2,0.937860494787401
189003,-0.670271169042816,2,-0.32395655245266397
373760,-0.644505382580035,2,-0.727145759096544
188405,-2.62847094021427,2,-1.3545730475614661
188328,-1.4947763358518502,2,-0.32693864585579036
283104,-1.39171319000072,2,-0.3648357101206017
374969,0.205765570691779,2,-0.23531152668373068
188427,0.0254050654523027,2,0.06492480887705199
374062,-0.43837909087777693,2,-0.3950970331952064
190807,1.05603652396359,2,0.351860661560913
190782,-0.0776580803988264,2,0.511359657038156
188558,-1.93279470571915,2,-1.4546760114640875
190163,0.7210812999474241,2,-0.2370231310329487
190081,0.2830629300801261,2,0.3342908926784105
188075,2.47315477941661,2,0.15553314608338553
188704,0.2830629300801261,2,0.06727035859810826
188254,1.5455864667564498,2,1.3724065874902749
284272,0.2830629300801261,2,0.6920969118407925
187791,0.9787391645752448,2,0.5442629995121706
284357,1.1848654562774998,2,0.014944654927973033
187763,0.514955008245166,2,0.3849122769691746
189234,-0.20648701271273695,2,-0.03850467233850452
187974,0.36036028946847104,2,0.05532206170877174
188780,-0.670271169042816,2,-0.38181893406266454
375016,-3.11802088300713,2,-2.480358267444828
375372,-0.953694820133422,2,-0.7461357605087287
188970,0.6437839405590771,2,0.4310927662675823
190802,1.26216281566585,2,1.6078740845602226
190709,-0.6187395961172529,2,-0.7086570230275342
2437267,0.6953155134846399,2,0.5559092233195173
374158,0.927207591649682,2,0.4978941748466994
190195,-0.902163247207856,2,-0.9159008210841009
283163,0.154233997766213,2,0.013465289662434543
283416,-0.43837909087777693,2,0.3039793070519963
375024,1.03027073750081,2,0.8775980660915366
283665,-0.5672080231916871,2,-0.2331138641498569
308253,-0.7218027419683821,2,-1.1141668691425366
187678,-0.2580185856383,2,0.6200721224493861
374681,0.8756760187241159,2,0.8700623096044993
373795,-2.70576829960261,2,-1.312569898459543
283623,-0.3868475179522129,2,-0.03246564549777986
373485,-1.28865004414959,2,0.09264273211699248
188363,-1.4174789764635,2,-0.6295373690218113
189744,-0.515676450266124,2,-0.13458918546135124
374974,0.952973378112464,2,0.44278167851277317
187663,1.59711803968202,2,1.158997934357842
187704,0.0254050654523027,2,0.25285274741020203
189804,-0.283784372101084,2,-0.2480085994123442
189138,1.7259469719959302,2,0.6475546810803223
188025,1.70018118553315,2,0.937420945297049
375728,-0.6960369555056,2,0.20651878670004464
375956,1.70018118553315,2,1.6196754232981405
283232,-1.18558689829846,2,-0.7790807496334935
188846,-0.00036072101047902595,2,-0.003805222742343517
189856,-0.541442236728906,2,-0.6358401138036385
187986,0.514955008245166,2,0.6126000226874382
189971,0.386126075931255,2,-0.06736056809863555
375315,-0.23225279917551894,2,0.14311288836366742
375745,-2.52540779436314,2,-1.1878175705677307
188636,-1.5205421223146298,2,-0.7663691655492499
190058,0.6953155134846399,2,0.43376746660486987
188349,0.7726128728729871,2,0.31047707918797585
187903,1.59711803968202,2,0.21064017623051257
374629,-0.43837909087777693,2,0.4505332433521474
375608,0.128468211303432,2,1.1538830630900776
284165,0.23153135715456105,2,-0.27974852896657154
283431,-0.773334314893945,2,0.044319413631470184
189955,1.26216281566585,2,0.1804546394767641
187886,1.3394601750542,2,0.32374334196441623
374689,0.618018154096295,2,0.6411732217650155
283790,-0.6960369555056,2,-0.7311992485835717
188577,-0.2580185856383,2,0.4045707860899057
188501,-0.0518922939360447,2,-0.466524089061771
373635,-0.799100101356727,2,-0.332839042144073
187954,-0.18072122624995496,2,-0.21857664442497793
189077,-0.824865887819511,2,-0.7007315464667769
187765,0.33459450300569,2,0.09835069275209207
283828,0.128468211303432,2,-0.17711917929276666
375850,1.6228838261448002,2,1.0282785475314284
2437286,0.7597299796415959,2,0.6903432511486827
283667,-0.0261265074732607,2,0.016462654003802868
190811,-0.799100101356727,2,-0.5281444845758898
188506,0.0511708519150843,2,-0.9431931343265347
188113,-0.12918965332439,2,-0.10643782902202759
188370,0.2830629300801261,2,0.048852664420550695
373770,-2.26774992973531,2,-1.28851686463058
375621,0.824144445798553,2,0.7028457689071388
284327,1.5455864667564498,2,1.080619365115453
188472,-1.18558689829846,2,-0.31437589450081305
189766,-0.953694820133422,2,-1.1838389572640722
283177,-3.24684981532104,2,-1.9195799734453374
188102,-0.412613304414995,2,0.08077912168637624
190817,-0.3868475179522129,2,-0.9504981407303532
190774,0.540720794707948,2,0.3679482047212659
187757,-2.37081307558644,2,-1.278942323110904
188324,0.17999978422899696,2,0.2281926402648793
375560,-0.773334314893945,2,-0.5000985518811447
375628,-0.799100101356727,2,-0.36839915937162004
374513,-0.850631674282293,2,-1.0071231258250464
374445,0.849910232261335,2,0.16518953208459664
187481,-1.82973155986802,2,-1.7831241420205828
187758,-0.8763974607450742,2,-0.8516171207845673
187729,-0.00036072101047902595,2,-0.11866861609890123
2437258,1.51982068029367,2,1.1833318896484286
188777,-0.902163247207856,2,1.3852199657730822
375991,0.386126075931255,2,1.2383296252107527
189630,-0.902163247207856,2,-0.5389367790972699
284303,-0.43837909087777693,2,-0.18627630941087858
375820,-0.2580185856383,2,0.8343888443173384
190124,-1.00522639305899,2,-0.8277035941758655
375743,0.30882871654290805,2,-0.8453837821200025
190063,-0.92792903367064,2,-0.7704090395838676
188956,0.8756760187241159,2,0.41849765629758195
187518,-0.644505382580035,2,-0.17806797025951937
187833,0.2830629300801261,2,-0.09885623872096261
374759,2.2026140215574,2,1.1887447470682062
188979,-1.23711847122403,2,0.5637145726990553
375620,0.0640537451464775,2,0.4351576116482079
374663,-0.283784372101084,2,-0.04324786846257922
188220,-0.20648701271273695,2,-0.0716241610861843
189005,-0.103423866861608,2,0.32707255489260234
187756,-0.43837909087777693,2,0.11673222929061922
188383,-0.644505382580035,2,-0.05735614337265105
189894,-1.9070289192563603,2,-1.1168425422256973
336477,-2.2162183568097498,2,-2.2356274121786655
283833,-0.283784372101084,2,0.2593240238244334
190728,-3.60757082579999,2,-1.6824411477952879
374174,0.7983786593357691,2,0.27109075183076214
374620,0.514955008245166,2,0.07836335134184225
189749,-2.52540779436314,2,-2.6693073626449575
190045,-0.824865887819511,2,-0.6890503079412511
374535,-0.00036072101047902595,2,0.2017917704811225
374659,0.154233997766213,2,0.4155666326037135
187713,-0.4641448773405579,2,-0.8501753250439492
375590,-1.00522639305899,2,-0.9946893015719809
283802,-1.18558689829846,2,-0.4881480679735688
373522,0.785495766104378,2,0.9467075826883828
188104,0.205765570691779,2,0.5738412202592968
189042,-0.670271169042816,2,-0.5006526575790389
374139,-0.2580185856383,2,0.5206743458252916
374474,0.9143246984182892,2,0.19872559828733216
375243,2.08666798247488,2,0.5395829264766334
189090,0.128468211303432,2,0.16632378155517813
374001,0.514955008245166,3,0.19903890838247662
375500,0.669549727021858,3,0.40303630083668907
375839,1.41675753444254,3,0.8997499449428759
190089,0.2830629300801261,3,0.14445328122639012
189046,0.205765570691779,3,0.15580030589887883
189421,-1.08252375244733,3,0.498737889424234
189076,-0.644505382580035,3,-0.4457793487865942
187988,0.7726128728729871,3,0.8653427638024596
189829,0.0769366383778683,3,0.2153742821694351
190141,-0.154955439787171,3,-0.3533498355327538
187875,0.386126075931255,3,0.13033289488569721
188425,0.7468470864102059,3,0.532004075829704
188957,-1.28865004414959,3,0.04520819240519103
189809,-0.773334314893945,3,-0.6251346287316437
188137,-1.4174789764635,3,-0.8800565739615394
2437280,1.7259469719959302,3,1.2389120981079742
187458,-0.0518922939360447,3,0.46235778661561255
190067,0.7210812999474241,3,-0.03412404257614554
283769,0.17999978422899696,3,-0.7915873163042306
188287,-0.979460606596203,3,-0.08484668578723387
190160,-0.6187395961172529,3,-0.3777382089096477
375746,-2.4996420079003503,3,-1.8208363714117155
284215,-0.20648701271273695,3,0.16008240726002754
187676,0.566486581170729,3,-0.5389552551246766
187919,-0.644505382580035,3,-1.1177579857655928
187853,0.257297143617342,3,-0.03206775918891225
188105,-0.412613304414995,3,0.33362623188735796
373675,1.5455864667564498,3,0.5467917895316035
283859,-0.412613304414995,3,-0.12175973276610819
190199,0.17999978422899696,3,0.6264454497150069
187889,-0.5672080231916871,3,-0.9263855669610521
187976,-0.850631674282293,3,0.34269751162478457
188994,-0.6960369555056,3,-0.1723913413665059
374937,-0.2580185856383,3,-0.5830200259845668
187587,1.05603652396359,3,0.47686117605622513
189091,1.36522596151698,3,1.4757901861470515
189684,0.154233997766213,3,0.48191916713089
374610,-0.154955439787171,3,0.3169273725485553
187491,1.3394601750542,3,0.4036808892582826
374623,-0.3868475179522129,3,-0.8296212521588728
190792,1.03027073750081,3,0.10404182601552492
189632,-0.20648701271273695,3,-0.3466210153975382
188452,-0.6960369555056,3,-0.002914441202598539
375573,0.10270242484065,3,-0.13663966897012614
190277,-0.799100101356727,3,-0.8379336156172315
188757,0.23153135715456105,3,0.7971663277909755
187892,1.9320732636981897,3,1.4670713411839458
374662,0.927207591649682,3,0.6604324269666364
188893,-0.7218027419683821,3,-0.3627800191315984
187702,-0.00036072101047902595,3,-0.24606314949187436
374913,1.03027073750081,3,0.8761300705586379
189004,0.128468211303432,3,0.1993396144422519
188018,0.6437839405590771,3,0.520077259748966
187700,-0.36108173148942896,3,0.026171776588135742
308212,0.411891862394037,3,0.4816697792111455
188402,0.669549727021858,3,0.3356579133671076
189757,-0.824865887819511,3,1.1323860872125096
284338,-0.43837909087777693,3,-0.4943551711532024
283712,-0.6187395961172529,3,-0.5084414194721916
189233,-0.2580185856383,3,0.01608393660610119
188410,-1.70090262755411,3,0.13498842049082072
187548,0.9787391645752448,3,0.25921017261805446
189194,-0.7218027419683821,3,-0.8149416613561016
373506,1.3394601750542,3,-0.6557727266551723
374092,-0.0776580803988264,3,0.18089960206351208
283753,0.901441805186898,3,0.8111919256656748
187879,1.0045049510380302,3,0.4798783592448359
188064,0.154233997766213,3,-2.021333244626561
283792,0.9400904848810728,3,0.5247757351443809
375383,-0.670271169042816,3,-0.061233982588532854
283813,-0.23225279917551894,3,-0.20473792406687608
189337,-0.824865887819511,3,-0.626130519875673
188603,-0.6187395961172529,3,0.11974186425634059
188927,0.7468470864102059,3,-0.5149955648694515
190175,0.824144445798553,3,0.3929337437172862
188157,0.2830629300801261,3,0.3684397427263164
375013,0.0511708519150843,3,-0.2386996092608058
375934,1.31369438859141,3,0.8223296890961649
374362,0.411891862394037,3,0.6911070876200682
188942,0.10270242484065,3,0.22068943155424847
376001,0.33459450300569,3,1.0806388575367905
374110,0.489189221782384,3,-0.6961448790221567
188413,0.7983786593357691,3,0.06369521293017755
373773,-1.1340553253729,3,-1.20313733225165
283838,1.80324433138428,3,0.7959888001874589
2436902,-0.30955015856386603,3,-0.4046354317973737
190184,-0.30955015856386603,3,-0.34077199647456524
374553,1.3394601750542,3,0.6233512886762185
284145,1.31369438859141,3,1.1644208263715683
283165,-0.283784372101084,3,-0.6436488892777632
376050,-2.37081307558644,3,-2.311903954748267
374371,0.36036028946847104,3,0.7521608202986627
188466,-0.36108173148942896,3,-0.1951763491553038
187530,-0.20648701271273695,3,-0.08314981660087284
187561,-0.824865887819511,3,-0.4368540548089115
283707,0.7210812999474241,3,0.8714422921880711
189021,-0.43837909087777693,3,0.7146931539201802
190804,-0.36108173148942896,3,0.2067865767036352
283726,0.618018154096295,3,0.5418218846637615
373690,1.85477590430984,3,0.8182945553155747
375662,1.2363970292030702,3,0.6780955100706194
188286,-0.103423866861608,3,-0.12871082018580182
187850,0.7210812999474241,3,0.24626896720912583
189032,-0.902163247207856,3,-0.31691931137596185
373745,0.489189221782384,3,0.38761632430908577
374451,1.7774785449215,3,1.0046026086822835
189292,0.0254050654523027,3,0.005678724538405788
336479,-2.1389209974214,3,-1.3579397043184116
284239,-1.36594740353794,3,0.6757290155479652
375835,1.66153250583897,3,0.6557562833168618
187840,1.13333388335194,3,0.46232004332773613
189690,-0.154955439787171,3,0.44023694167140803
188374,1.05603652396359,3,0.8861536050261236
187760,0.2830629300801261,3,0.6079664391016593
188079,-0.541442236728906,3,0.5647213112351039
375465,0.8112615525671619,3,-0.44491594948195967
375788,0.566486581170729,3,-0.2932185554618769
187457,0.6953155134846399,3,-0.7230404641372417
374112,0.952973378112464,3,0.08728624943812946
188076,1.05603652396359,3,1.0171358206358505
187852,0.10270242484065,3,-0.24600762089777106
283125,-0.00036072101047902595,3,-0.14298561065680104
187842,-0.283784372101084,3,-0.07901487473510116
189851,2.16396534186323,3,1.1689099903324376
188055,-3.11802088300713,3,-2.0935471948324036
375940,1.36522596151698,3,0.9232900969291933
189278,-0.00036072101047902595,3,-0.0925171371001241
188316,0.205765570691779,3,-0.524336124585723
375784,0.4634234353196,3,0.600081042747739
187605,0.154233997766213,3,-0.32973156730699316
336481,-0.850631674282293,3,-1.6041158463253424
283789,0.4634234353196,3,0.7954714530453444
283763,-0.18072122624995496,3,-0.22797884994232476
187956,0.0511708519150843,3,0.019958819308996567
188444,-0.515676450266124,3,-0.5540132062456138
374017,0.23153135715456105,3,0.20766593405535616
189027,0.8756760187241159,3,-0.09081950723111731
190127,-1.1082895389101102,3,-0.6207144393119535
187551,0.43765764885681896,3,0.533652674504971
190274,-1.00522639305899,3,-0.4807715440770153
375917,-1.36594740353794,3,-1.4815154276729672
2437248,-0.5929738096544711,3,-0.9681679151248517
283300,-0.644505382580035,3,0.06772539290876978
188114,-0.0518922939360447,3,0.49857116842290594
187579,0.23153135715456105,3,0.07808638604264218
375883,-0.18072122624995496,3,-0.013249914443875355
375556,-0.283784372101084,3,-0.3241069337578253
188899,-0.902163247207856,3,-0.7627379421762512
374398,-1.08252375244733,3,-1.1993749831732927
188785,-0.412613304414995,3,0.747406289154128
375766,-2.6800025131398297,3,-2.8408415140412657
375006,-0.773334314893945,3,-0.6455137698446975
283139,0.4634234353196,3,0.20864267452770946
188321,-0.6960369555056,3,-0.5677763375633518
374483,0.128468211303432,3,0.03159967966298183
375625,1.2879286021286298,3,0.6089022528627055
187527,0.154233997766213,3,1.0377522180572498
375962,0.7726128728729871,3,0.6001739672809876
374988,-0.6960369555056,3,-1.0879836299090968
283176,0.514955008245166,3,0.028465423929958433
374064,0.43765764885681896,3,0.13880612663800207
190008,1.21063124274028,3,1.599024606488797
375847,0.489189221782384,3,0.8827130883733574
188464,0.36036028946847104,3,-0.5932414371251511
374472,-0.7218027419683821,3,-0.4995126116996218
374413,2.00937062308654,3,1.0912523212736573
284209,-0.36108173148942896,3,0.41714513197037917
190800,-0.0261265074732607,3,0.225741825653742
188012,-0.7218027419683821,3,-0.7784613559141462
375552,-0.4641448773405579,3,-0.3983200664731399
190780,0.2830629300801261,3,0.9314622497754499
373571,-0.979460606596203,3,-0.5872291594120753
188702,0.33459450300569,3,0.03098290006733606
189048,0.7726128728729871,3,0.11084130959454086
283313,0.669549727021858,3,-0.2685697440552133
187654,-2.62847094021427,3,-2.240280367568218
187739,1.46828910736811,3,0.9380970330272262
190134,-0.283784372101084,3,0.03976808399291798
188038,0.618018154096295,3,0.7934738932151149
283132,-0.30955015856386603,3,0.3800619833402905
283766,0.0254050654523027,3,-0.17483073453681186
283757,0.952973378112464,3,0.6695192933661147
283456,-0.20648701271273695,3,-0.0060715144389220654
188282,-0.4641448773405579,3,-0.6048808489737354
374151,0.901441805186898,3,0.48173194547276665
375511,-0.283784372101084,3,0.1296930858281229
187573,1.15909966981472,3,0.5947385863265211
375411,-0.515676450266124,3,0.17398849114169934
317891,1.64864961260758,3,1.2570274154743544
189756,-1.28865004414959,3,-2.1544794637481246
318179,-1.05675796598455,3,-2.3073379122108264
188896,-0.00036072101047902595,3,-0.48800430392925165
375838,-0.4899106638033421,3,-0.4721668780925725
374719,1.51982068029367,3,1.5246402261154657
187793,-1.64937105462854,3,-0.29272561412532383
283970,1.2363970292030702,3,0.6469175919257708
283719,-1.9843262786447096,3,-1.9536683550726863
374368,1.4940548938308895,3,0.3545273841386276
283759,-0.00036072101047902595,3,-0.2907199648504317
190196,0.154233997766213,3,-0.7910747489264693
284192,0.952973378112464,4,0.6010837723089466
375645,-0.7475685284311641,4,-0.894287390432634
283279,1.3394601750542,4,1.0722241731359397
189626,-0.92792903367064,4,-0.7788662296052031
188292,0.43765764885681896,4,0.6270600735391874
373623,-0.953694820133422,4,-0.10958765896304712
188667,1.36522596151698,4,1.1704499316484167
375772,-0.4641448773405579,4,0.781135332366766
188365,-1.1082895389101102,4,-0.13659988679553692
189944,1.7774785449215,4,1.4801549341654763
188510,-0.20648701271273695,4,0.25760481409642466
374745,0.7468470864102059,4,0.08380850003087659
187677,0.33459450300569,4,-0.14903023767448786
190101,-0.0261265074732607,4,-0.10523244040749802
376004,1.41675753444254,4,0.5670888481814345
283116,0.10270242484065,4,-0.09306074654169194
375708,0.10270242484065,4,0.5499648658362837
188229,0.10270242484065,4,-0.48235116413779267
188596,0.386126075931255,4,0.49847597266526833
187489,-1.46901054938907,4,-1.301364654058279
187781,0.23153135715456105,4,0.7396278470281956
190055,-2.2162183568097498,4,-2.3093530294242974
318552,-1.18558689829846,4,-2.2011033083788263
187510,-0.23225279917551894,4,-0.4135424294675545
189116,-0.6960369555056,4,-0.22487642203955005
188111,-0.412613304414995,4,-0.0844933461910351
375665,1.03027073750081,4,0.8749671309953158
188759,0.2830629300801261,4,0.723389340950316
374394,0.7726128728729871,4,0.8111329053967751
189299,-0.7218027419683821,4,-0.22835893691489062
187690,1.46828910736811,4,0.9646880770571045
375254,0.2830629300801261,4,0.6259212076989442
318549,-1.80396577340524,4,-1.7757049247975374
187574,0.10270242484065,4,0.16637527097871185
374530,1.31369438859141,4,0.3594787970733293
308254,-0.7475685284311641,4,-0.7166362951015017
375930,0.927207591649682,4,0.6990595579460859
189038,-0.92792903367064,4,-0.9790588627332433
189308,0.154233997766213,4,-0.300970064599575
284069,-0.0261265074732607,4,0.04773617847820688
319954,-1.1598211118356798,4,-1.2943073820932902
188912,-1.39171319000072,4,0.053405029404029136
283114,0.0769366383778683,4,0.4177760640727044
2437268,0.7210812999474241,4,0.053063306551390355
189224,1.3394601750542,4,0.45496179204968357
374339,0.43765764885681896,4,-0.23241630671246227
189712,1.2879286021286298,4,1.4804549575108155
187810,0.849910232261335,4,0.29420437306351843
373861,0.618018154096295,4,-0.47669513234956895
374011,0.205765570691779,4,-0.6553590256433885
189099,5.668112300801611,4,0.5793080863022553
374412,-0.902163247207856,4,-0.5241494148691501
187549,0.7210812999474241,4,0.18971073113119985
189928,-0.515676450266124,4,-0.7619175259902455
189133,1.6744153990703703,4,1.1899806918789615
189755,-0.8763974607450742,4,-0.022150021988021962
375441,0.17999978422899696,4,0.10494369788790081
374741,0.592252367633511,4,0.6024405355553455
187609,0.36036028946847104,4,-0.7595498141049397
189041,0.7726128728729871,4,0.8401445063655117
189628,0.257297143617342,4,-0.1487368513413614
187610,-0.36108173148942896,4,-0.16315234313052684
189805,-0.953694820133422,4,-1.541821072790686
190088,0.43765764885681896,4,0.20722080011922372
375871,1.31369438859141,4,0.689429502739948
374063,0.6437839405590771,4,0.15465682098419364
188190,-0.0518922939360447,4,-0.3367244618409053
189028,0.205765570691779,4,0.04884088950738885
283130,-0.18072122624995496,4,-0.2533281878090605
375342,-0.18072122624995496,4,0.7022196184273106
189254,0.10270242484065,4,-0.05298377382526809
189301,-0.36108173148942896,4,-0.6439126986895047
187906,-0.3868475179522129,4,1.4545060528935778
187567,1.7774785449215,4,1.1457905723716735
283182,-2.11315521095862,4,-1.658453375815494
375899,0.7983786593357691,4,0.4612673726624905
187674,-2.9376603777676498,4,0.22572976050592075
283839,-1.31441583061237,4,-0.37732760505067375
187637,-0.30955015856386603,4,-0.3669898461616299
187699,0.36036028946847104,4,0.30364050468337567
187666,-2.6800025131398297,4,-2.2960571495570896
189020,-0.6187395961172529,4,-0.07634954148933915
189803,0.10270242484065,4,-0.23166286725211194
319784,0.0769366383778683,4,0.19450805234583513
317829,-1.7524342004796698,4,-0.8183529687227171
283432,-0.92792903367064,4,-0.6368697337958729
188152,0.33459450300569,4,0.3277518393397578
189243,-0.7475685284311641,4,-0.2870779854500469
376033,0.386126075931255,4,0.12894397261668544
284262,0.824144445798553,4,0.8710355610385925
187978,-0.00036072101047902595,4,0.03133061013656757
374253,0.514955008245166,4,-0.255203857022849
189706,-0.335315945026648,4,0.4785416581302222
373912,-0.43837909087777693,4,-0.04608843283773112
188268,-0.283784372101084,4,-0.20680368753528455
374359,0.7468470864102059,4,0.34496413035686757
375395,0.592252367633511,4,0.2076730056763516
375933,0.540720794707948,4,0.0327802495582219
187469,-0.644505382580035,4,-1.143067709114952
188314,-1.9843262786447096,4,-1.0001019909561073
189708,0.411891862394037,4,-0.6948226774390562
283808,0.154233997766213,4,-0.0037529399125943996
283779,0.43765764885681896,4,0.18663996208297817
190778,-1.46901054938907,4,-0.28933496097725353
188202,-0.0261265074732607,4,0.14723669076704127
189008,1.3394601750542,4,-0.3030969161391184
190037,-0.36108173148942896,4,0.21303572409087224
189018,0.17999978422899696,4,0.2244759961226208
2437256,1.64864961260758,4,-0.8643518136851682
375460,1.41675753444254,4,-0.20921994942115774
189070,0.33459450300569,4,-0.35803182256535493
187911,-0.4899106638033421,4,0.38030332137142153
190140,-0.8763974607450742,4,-0.6758588297630013
190784,0.257297143617342,4,0.26666782398151767
283722,-0.4899106638033421,4,-0.5972662978663692
188901,-0.7218027419683821,4,0.6656296629947
188015,-1.08252375244733,4,-0.5210148015507663
189225,0.386126075931255,4,0.26069991567887385
189615,0.0769366383778683,4,0.3635677826304118
188019,0.411891862394037,4,0.8005488071431586
187717,1.7259469719959302,4,1.051582755589532
187656,0.927207591649682,4,0.03391481306169197
187681,0.0254050654523027,4,0.38473298185690297
283772,-0.3868475179522129,4,0.1186492710870084
187686,-2.62847094021427,4,-2.0602640646399237
188672,0.30882871654290805,4,-1.3063025792445409
190167,1.59711803968202,4,-0.3692069678149785
187914,-2.91189459130487,4,-1.233418644413284
189980,-0.4641448773405579,4,-0.38487380830244433
187996,-0.23225279917551894,4,0.27770900000766474
188974,1.44252332090532,4,0.627263894827017
187874,0.592252367633511,4,0.7624689397311855
374978,-1.00522639305899,4,-0.7948377399526265
190092,-1.21135268476124,4,-0.7857052763041814
187612,0.6437839405590771,4,-0.17967329933653176
188232,-0.850631674282293,4,-0.1992895641968353
375421,0.257297143617342,4,-0.057164435996142515
188398,0.0769366383778683,4,0.5115123039045528
188764,1.10756809688916,4,0.716312781688309
189842,-0.3868475179522129,4,-0.7782065730220182
374202,-2.62847094021427,4,-2.3055354337731124
187604,0.128468211303432,4,0.26961515111619505
190103,-1.05675796598455,4,-0.6915535536505537
374678,0.0511708519150843,4,-0.079395839378396
373780,-1.4947763358518502,4,-0.9462236880282973
188984,0.952973378112464,4,0.134134669740817
188067,0.8756760187241159,4,0.6876826074908138
375965,1.51982068029367,4,1.8098651683146123
187636,0.43765764885681896,4,-0.21942905288851478
189050,-0.3868475179522129,4,-0.3931250668444406
190757,1.36522596151698,4,0.6158572637518205
188329,-1.00522639305899,4,-0.5248910897905716
375391,-0.5672080231916871,4,0.25723286809164847
284369,-0.23225279917551894,4,0.4827130628682319
188733,-0.2580185856383,4,0.356776527751574
375565,-0.3868475179522129,4,-0.7144693961571882
376018,-0.670271169042816,4,-0.20653342474708936
187585,1.05603652396359,4,0.4155698187495638
374386,1.51982068029367,4,0.5308388212645525
375524,0.540720794707948,4,0.33278490681339434
188781,-0.30955015856386603,4,0.35764943270955385
189797,0.411891862394037,4,0.1982703123835421
375692,0.9787391645752448,4,0.023171741055350026
188246,-1.00522639305899,4,-1.0083948823195286
374013,0.824144445798553,4,0.8813769482078655
188122,-0.00036072101047902595,4,-0.7678912385640722
190734,-0.6960369555056,4,-0.5024641760807
283105,-0.154955439787171,4,0.17173759269372724
375519,0.0769366383778683,4,-0.002017720341797258
375017,0.0769366383778683,4,-0.7834969503312372
375790,1.03027073750081,4,0.23586376198799286
188001,0.33459450300569,4,0.23341737102494875
375627,0.205765570691779,4,-0.11731521200951534
190062,-0.18072122624995496,4,-0.12159616502070136
189049,-0.30955015856386603,4,0.011121620688534506
187776,1.21063124274028,4,0.89354757226873
374367,1.15909966981472,4,0.6748431240408834
374917,-1.46901054938907,4,-0.9978432185906136
374631,1.58423514645063,4,1.062446393873799
374944,-0.103423866861608,4,0.22704809920434244
374568,-1.1598211118356798,4,-0.5036984215130751
375547,-0.773334314893945,4,-0.07462103683579357
189698,-1.05675796598455,4,-0.8441788599731339
188006,0.669549727021858,4,0.3406779997682321
190056,0.0511708519150843,4,-0.39585550180884965
188407,-0.23225279917551894,4,-0.3033821188893455
187535,1.80324433138428,4,0.7766585205828207
374696,0.7983786593357691,4,0.7861378752551254
190164,0.489189221782384,4,-0.25318782204849555
189759,-0.824865887819511,4,-0.5252292311707585
376012,0.257297143617342,4,0.11622249599591328
187995,-0.5929738096544711,4,-0.4647975084373712
187960,-0.850631674282293,4,-0.7848976708148498
374148,-0.773334314893945,4,-1.1661214797474742
374086,0.0254050654523027,4,-0.33204597417686443
283230,-0.541442236728906,4,0.2715939758010393
375807,0.128468211303432,4,0.3163382906674812
373952,1.13333388335194,4,0.1559338039885496
373756,0.6437839405590771,4,0.08920358810678408
375747,-2.51252490113175,4,-2.0320799939992717
373991,0.901441805186898,5,0.4911412243828224
374185,-0.670271169042816,5,-0.5837442420803924
284080,-0.644505382580035,5,-0.18549993448173296
283775,0.30882871654290805,5,-0.9681202420769495
375894,1.08180231042637,5,1.3159517711664677
187599,-1.64937105462854,5,0.13554609728056022
375706,1.22351413597168,5,0.8018502916654384
283121,0.9787391645752448,5,0.4367751116822518
190159,-0.5672080231916871,5,-0.8941914664105326
188822,0.7726128728729871,5,1.1563119032053208
374617,0.2830629300801261,5,0.2324501916153281
190150,0.30882871654290805,5,-0.8768416579767333
283157,0.154233997766213,5,0.8489071657176552
284100,0.154233997766213,5,-0.11673796133050018
189833,0.10270242484065,5,0.14645985304326103
188876,0.669549727021858,5,-0.29574248977859696
373980,-0.3868475179522129,5,0.31253714105211117
284322,0.952973378112464,5,0.4235985804378757
189686,-0.412613304414995,5,-0.5406507819796573
190144,0.0511708519150843,5,0.27072898959127656
373467,-0.902163247207856,5,0.3135894765300762
375998,0.502072115013775,5,0.06791159881623088
375719,0.7726128728729871,5,0.8438304978612763
284278,-1.03099217952177,5,-0.9153633225269076
374414,1.21063124274028,5,1.4332434017386504
187972,-2.06162363803306,5,-1.3390518485913887
283819,-0.799100101356727,5,-0.2659864766334721
190203,0.7726128728729871,5,0.690095669423755
319279,-2.03585785157027,5,-0.7647661065616376
373649,-0.36108173148942896,5,0.027938834347501995
188445,-1.4174789764635,5,-1.1635527136769923
283110,1.05603652396359,5,1.2399217877564155
374691,1.68729829230176,5,0.7474881103287387
187887,-0.30955015856386603,5,0.13653449772606052
189241,0.0769366383778683,5,-0.4942643801025284
189786,0.205765570691779,5,0.4724008057305653
284002,-1.1340553253729,5,-0.9589415137682593
188373,-2.5640564740573097,5,-1.3232938081365546
189862,1.03027073750081,5,0.30261877285085603
374740,0.618018154096295,5,0.6476578256340346
283815,1.44252332090532,5,0.4328570993166352
187834,0.411891862394037,5,0.11968761783958826
187464,-1.05675796598455,5,-0.6929055495260954
373674,0.824144445798553,5,0.7050012336443388
189168,-1.08252375244733,5,-1.1722595096777226
189031,-1.34018161707516,5,-1.371467682094348
375704,0.489189221782384,5,0.40857402563887746
375972,0.2830629300801261,5,0.2048780361948701
374536,0.927207591649682,5,0.07897778929568489
188117,0.566486581170729,5,0.10775656286986646
190070,0.33459450300569,5,0.07050623356219887
375923,1.0431536307322,5,-0.4777870438678633
188384,-0.412613304414995,5,0.31564738559296757
190711,-0.799100101356727,5,-0.6279396564620399
189081,0.0769366383778683,5,0.14559462139043688
188311,-0.979460606596203,5,-0.6340716044615107
189937,-0.92792903367064,5,-0.5363086914232866
283670,-0.0261265074732607,5,0.2576019086745518
375550,0.321711609774299,5,0.03796950005393285
375409,0.43765764885681896,5,0.0025340821265515956
189895,-0.773334314893945,5,-0.7253908232263981
189629,-0.799100101356727,5,-0.7085937007218277
374995,-1.08252375244733,5,-1.32662060669184
188239,1.5455864667564498,5,0.09473505241938796
374476,0.8756760187241159,5,1.024282208063937
190813,-2.80883144545374,5,-2.3420772784706116
374419,-0.541442236728906,5,-0.4411462910754196
189892,-0.3868475179522129,5,-0.564747539381429
190039,-0.2580185856383,5,0.18055539200010884
373850,-0.515676450266124,5,0.07431209685461937
188448,-1.80396577340524,5,-1.6041369959694904
284334,0.386126075931255,5,0.37623029036465994
188415,-1.77819998694245,5,-1.4362145939011342
283183,-1.34018161707516,5,-0.6278489428479332
375368,0.7726128728729871,5,0.37720133331959715
283968,-0.4641448773405579,5,-0.03809188686660292
189996,0.0511708519150843,5,-0.06661960913399412
374688,1.0045049510380302,5,0.8448560430454108
187817,0.553603687939338,5,0.3405641165061155
187546,1.31369438859141,5,1.0088527310304443
190669,-1.44324476292628,5,-1.6345148328216652
308009,-2.24198414327253,5,-2.028665653977427
188306,1.26216281566585,5,0.8491697418170645
374147,-0.154955439787171,5,0.2103852853605801
188734,-0.6960369555056,5,-0.3917690311255626
189624,0.23153135715456105,5,-0.4405913711524434
374067,1.0045049510380302,5,0.04764997402147486
375551,-0.4641448773405579,5,-0.7467810036619369
284336,0.257297143617342,5,0.018831889588028616
190132,0.0125221722209118,5,-0.4328447007945968
187675,2.4989205658794,5,0.6963074726710659
284025,-2.2162183568097498,5,-1.0151584967404688
190100,-0.7218027419683821,5,-0.4795598389026523
283751,-0.30955015856386603,5,-0.23986717269809787
318177,-2.2935157161981,5,-1.3335536517628839
187783,0.489189221782384,5,0.15704122544995158
187938,0.411891862394037,5,-0.03378888491840826
187878,0.927207591649682,5,1.0926824717775645
187582,-0.283784372101084,5,0.10667199330413268
190733,-1.64937105462854,5,-0.8625178783578278
308269,0.2830629300801261,5,-0.4174961515900151
375690,0.618018154096295,5,0.21458584834325478
375832,-1.28865004414959,5,-0.8589304136886327
375970,1.0431536307322,5,0.7293747415685772
2437377,0.6437839405590771,5,0.7521740790871689
188897,2.4989205658794,5,0.5530333038550062
189115,0.514955008245166,5,0.16038423425358417
187537,0.128468211303432,5,-0.2745453625659948
188083,1.1848654562774998,5,1.3056240280767142
283616,-0.20648701271273695,5,-0.22923872569919013
284202,0.6437839405590771,5,-0.45861403184476046
190018,-0.12918965332439,5,0.12126742816040093
375727,0.205765570691779,5,0.8114879315775596
374108,-2.2162183568097498,5,-1.2957761675253394
374646,1.08180231042637,5,1.4970934449851043
375716,1.36522596151698,5,0.6855194776704181
283830,-0.670271169042816,5,-0.6276583924190007
189247,0.489189221782384,5,0.23112670198055696
190073,0.36036028946847104,5,0.6934043233259715
189913,0.0511708519150843,5,-0.4774770369600674
188121,1.3909917479797598,5,-0.1101686757982634
374103,-0.20648701271273695,5,-0.027763932999569363
375809,-0.0518922939360447,5,0.1810142727326678
187671,-0.18072122624995496,5,0.17161076985411228
189164,-0.30955015856386603,5,-0.4022841575356608
189240,1.3394601750542,5,0.6116282415071126
188327,-0.902163247207856,5,-0.1850030335600792
188909,-0.6960369555056,5,-0.039847391337360705
375993,1.26216281566585,5,1.3405231617377709
187769,0.6437839405590771,5,0.4507325434388676
188209,-0.7475685284311641,5,-0.675683855585234
187560,0.566486581170729,5,0.5008601796483774
187631,1.98360483662375,5,1.4081525248432882
189253,0.43765764885681896,5,-0.08016242534502283
188377,-1.26288425768681,5,0.1163255746532883
373793,-1.9843262786447096,5,-1.674839873822009
374712,-0.412613304414995,5,0.1811897026928051
188786,-0.18072122624995496,5,-0.2979214233196643
375952,1.9063074772354096,5,1.7467972877891427
283938,1.85477590430984,5,0.580503601026173
283118,0.10270242484065,5,0.1497850441895352
187475,1.21063124274028,5,-0.654072573888989
190458,-0.92792903367064,5,-0.5425818763171506
374607,0.386126075931255,5,0.6894176009495965
374640,1.59711803968202,5,1.1803690524250285
283312,1.5455864667564498,5,0.8039162981846459
284066,0.901441805186898,5,0.32096151005609386
283224,-1.18558689829846,5,-1.34763956476651
375018,-0.824865887819511,5,0.14762831033777957
374388,-0.36108173148942896,5,0.46749638099484514
190818,1.80324433138428,5,1.1992050074853395
375679,0.43765764885681896,5,0.8919176907452879
375693,1.22351413597168,5,0.7556675618035484
189320,-0.670271169042816,5,-0.2153681717421705
375707,0.205765570691779,5,0.23987868509215815
189400,-0.0776580803988264,5,0.20809403221145573
187752,-0.18072122624995496,5,-0.1977168258794535
375664,1.21063124274028,5,0.6671839721412809
190280,1.70018118553315,5,0.8666500012339284
187485,-0.541442236728906,5,-1.1136362424858177
375748,-2.83459723191652,5,-2.0954791599774722
187863,-0.3868475179522129,5,-0.9046818506058685
188932,0.0769366383778683,5,-0.14386815617281457
187838,0.4634234353196,5,-0.02129036692407027
374616,-0.0776580803988264,5,0.9774723274943256
189014,0.154233997766213,5,0.30217043997491544
375394,-0.154955439787171,5,0.29926526554939414
374479,1.2879286021286298,5,1.0812176132575146
189864,-0.6187395961172529,5,-0.8689231439484928
374768,-0.12918965332439,5,0.3799614083845597
188536,0.128468211303432,5,-0.23837205872973044
375437,-0.00036072101047902595,5,0.3738359820171979
375851,-0.92792903367064,5,-0.01916788163872951
374382,0.489189221782384,5,0.48227590209117466
284241,1.41675753444254,5,1.0452338005354918
373482,0.4634234353196,5,0.20498050338430573
375810,1.59711803968202,5,0.8851173900118425
283760,1.46828910736811,5,0.640508051295761
187855,0.849910232261335,5,0.40830984577009843
374407,-1.1082895389101102,5,-0.3653939481121853
283199,-1.08252375244733,5,-1.777105385470037
375739,-1.31441583061237,5,-0.113668719763794
189232,-0.3868475179522129,5,-0.11963711528758836
187588,0.540720794707948,5,0.43886468990411487
188543,-0.0518922939360447,5,-0.3416743876008397
189666,-0.6960369555056,5,-1.0815187346772106
283107,-0.283784372101084,5,0.9170460958030233
284291,-0.2580185856383,5,0.9973906413402318
283214,-0.799100101356727,5,-1.0798221361870688
374473,-0.7218027419683821,5,-0.8995735999024674
283229,1.03027073750081,5,1.1326743350783488
189063,0.6437839405590771,5,0.3108954792909344
374186,-1.21135268476124,5,-0.59684715772228
375340,0.257297143617342,5,-0.06808112404252853
375779,1.26216281566585,5,0.40971553516464354
190040,0.0254050654523027,5,-0.045499005251492974
375696,0.0254050654523027,5,0.6241715904039609
189670,-0.2580185856383,5,-0.048579223586344256
190808,0.30882871654290805,5,0.39975667507377466
190138,-0.283784372101084,5,-0.1125008620281065
283962,0.30882871654290805,6,0.4047548415131814
283604,-1.18558689829846,6,-0.36871879643705796
375417,-0.30955015856386603,6,0.0673316534110242
188630,-0.0261265074732607,6,-1.0850376361351266
283162,0.0769366383778683,6,0.7497857904038838
284265,-0.773334314893945,6,0.48789665016625605
283143,0.566486581170729,6,0.12974098724209426
189246,-0.103423866861608,6,0.014104809209790403
188355,-0.335315945026648,6,-0.13523242417365822
190797,0.9787391645752448,6,0.47460527124124496
283825,0.0769366383778683,6,-0.5261477256872809
188463,-1.5978394817029802,6,-1.4423842956152626
374365,0.8756760187241159,6,0.23993410437825702
187667,-1.34018161707516,6,-0.8366492689964389
376049,-2.4481104349747898,6,-0.5027739952487451
189238,-0.4641448773405579,6,0.14875506930997062
187462,1.4940548938308895,6,0.6483880115246947
375931,0.7468470864102059,6,0.6101908811326666
336686,-3.33703006794078,6,-0.7077334172901999
190213,0.901441805186898,6,1.02575347394518
188546,-0.0261265074732607,6,-0.4812996771188125
188958,0.23153135715456105,6,-0.6154278343045547
190186,-0.7218027419683821,6,-0.5377220771775697
189229,-0.20648701271273695,6,-0.020249361082399275
375765,-1.18558689829846,6,-2.1743123628220644
188978,1.2363970292030702,6,-0.27099110578475916
188423,-0.0261265074732607,6,-1.5471599188967247
375691,0.824144445798553,6,1.2382330363117475
373759,-0.7218027419683821,6,0.01685243024180494
188992,-0.3868475179522129,6,-0.2942969806708646
283844,-0.12918965332439,6,-0.3289710382855091
374532,0.592252367633511,6,0.16628494692719187
373578,-0.902163247207856,6,0.2528292737647604
374204,-1.00522639305899,6,-0.4691866947446144
187888,0.205765570691779,6,-0.4736303607052008
283782,0.824144445798553,6,0.3773528238796757
187880,1.13333388335194,6,0.5408021835974068
374686,1.36522596151698,6,0.3133703245024009
187818,-0.979460606596203,6,-0.505518664540368
189277,1.4940548938308895,6,1.1162789581215407
187975,-1.95856049218193,6,-1.252699019388281
187710,-0.154955439787171,6,-0.4492849849322269
375875,0.154233997766213,6,-0.465656973120133
375830,1.31369438859141,6,0.7025610521270238
189079,0.205765570691779,6,0.2732248063960938
187946,0.2830629300801261,6,0.5785724450112752
283600,-0.335315945026648,6,0.342664796253473
375471,-0.7475685284311641,6,0.8105367796597278
190015,0.0769366383778683,6,0.31819132793510363
187979,1.2879286021286298,6,0.2588412863585461
187824,-0.0261265074732607,6,-0.09284015557829406
188160,0.6437839405590771,6,0.184091906090174
373615,-2.2162183568097498,6,-2.1385127111390005
336782,-0.335315945026648,6,0.36956518226643453
187998,-1.4174789764635,6,-0.9157068999716671
189991,-1.00522639305899,6,-0.4661652463119239
190137,0.566486581170729,6,-0.5461464648875776
284219,0.669549727021858,6,1.2585885645039312
374680,0.9787391645752448,6,0.5468412020568465
190731,-0.20648701271273695,6,-0.3749663254532152
283054,-0.799100101356727,6,-0.02013153500988807
188053,-0.00036072101047902595,6,-0.22638608189438258
374658,0.386126075931255,6,0.7794541313701444
187541,-0.799100101356727,6,-0.41872425865524576
189964,0.669549727021858,6,0.31941590638818695
373628,0.927207591649682,6,-0.9299185557888237
189972,0.128468211303432,6,-0.021475575778268308
308008,-3.4529761070233,6,-1.372399976504127
187945,0.23153135715456105,6,0.19060658292868027
376027,0.901441805186898,6,0.9257067580442353
187712,-0.335315945026648,6,0.3232502228658447
189840,1.26216281566585,6,0.8844171136376744
187749,0.618018154096295,6,0.46387028439899325
374484,0.618018154096295,6,0.2497687862564959
189047,-0.0518922939360447,6,-0.23108455063556477
187983,0.7726128728729871,6,0.7334721749084849
375640,1.68729829230176,6,1.3446790322998936
284371,1.10756809688916,6,0.1004750276441726
375410,0.154233997766213,6,0.19485821211937093
187893,0.0769366383778683,6,0.10733630567566621
375736,0.849910232261335,6,0.4396011335075869
187819,-0.92792903367064,6,-0.20340278417113922
188947,0.154233997766213,6,-0.2973192345594171
2436999,1.59711803968202,6,1.215932215104516
189001,1.41675753444254,6,0.1444407634572329
188443,0.386126075931255,6,-0.914679963131654
375432,0.7468470864102059,6,0.7010170930594128
375591,-0.5929738096544711,6,-0.35892571290165165
374956,0.7726128728729871,6,1.2598027741708222
374436,1.85477590430984,6,0.9028035961427321
188103,-0.6187395961172529,6,-1.6672420572804612
187801,-0.8763974607450742,6,-0.5956980339205487
375062,0.618018154096295,6,0.34065887261464667
188172,0.23153135715456105,6,0.1517757436702567
189887,-0.541442236728906,6,-0.7355893624979544
375446,0.205765570691779,6,0.21584364956411406
374374,0.386126075931255,6,0.15225641166293258
188922,0.566486581170729,6,0.8823317862250804
190035,-0.902163247207856,6,-0.6830319493565895
189753,-0.5929738096544711,6,-0.622662196930925
187473,1.03027073750081,6,0.48660448975052617
375455,0.154233997766213,6,-0.011223752063180825
374621,0.411891862394037,6,0.29925721427903795
189024,0.17999978422899696,6,0.05730086915706778
188362,-1.1082895389101102,6,-0.7347688970266475
375641,-1.08252375244733,6,-1.0153970913888202
187985,-0.43837909087777693,6,0.288410571334623
283311,0.514955008245166,6,-0.26543663321710653
283448,-0.12918965332439,6,0.33772462203047837
189956,-0.4641448773405579,6,0.35526166888386257
188291,0.128468211303432,6,0.22512007927329591
308011,-0.103423866861608,6,0.5955317462600647
188211,0.592252367633511,6,0.4580388638616597
188110,-0.6960369555056,6,0.061717898097882085
373651,0.257297143617342,6,-0.029675984645528786
283770,0.0511708519150843,6,-0.41519755703640726
375540,-0.773334314893945,6,-0.690104717224628
187589,1.80324433138428,6,1.1740247063518225
373481,-1.23711847122403,6,-0.7422482582258922
188895,0.7726128728729871,6,0.2645424943469692
187728,-0.0518922939360447,6,-0.06039559009410311
190708,0.540720794707948,6,0.11178915828458713
375749,-0.4641448773405579,6,-1.455453235277652
188765,-0.773334314893945,6,-0.3886158089049232
373863,-1.46901054938907,6,-0.8121529180434308
373509,0.30882871654290805,6,0.5784014918795322
374608,0.10270242484065,6,-0.35234198386659443
187814,0.43765764885681896,6,-0.6824351555840877
187941,0.540720794707948,6,0.2525347023860718
188302,-0.644505382580035,6,0.08414177713731164
2437266,0.514955008245166,6,0.45797644755767664
190116,-0.2580185856383,6,-0.04295816592640733
374504,-2.91189459130487,6,-2.2777879876923564
189790,0.7726128728729871,6,0.6299891451102866
375458,-3.58180503933721,6,-2.7672406228439
189015,-0.6187395961172529,6,0.33356955473397676
188475,0.17999978422899696,6,0.18572194026056366
375842,1.3394601750542,6,0.5519257824285333
283823,-1.1340553253729,6,-0.373513848779524
190139,-0.18072122624995496,6,-0.19565489544357462
189013,-1.54630790877741,6,-1.2115486824563604
190162,0.30882871654290805,6,0.5312426038002585
188382,-0.30955015856386603,6,-0.13374876464651209
283715,-1.03099217952177,6,0.5636074584189217
187556,1.3394601750542,6,1.0039410911516384
188345,-2.1389209974214,6,-1.5420719406837051
374527,1.41675753444254,6,1.3629510338395079
375941,2.03513640954932,6,1.2345846936710743
189223,-1.5205421223146298,6,-0.11976187425693752
188898,0.17999978422899696,6,-0.10615715494070344
188742,-0.43837909087777693,6,-0.7882165876646638
374517,-0.6187395961172529,6,-0.7081292103376455
188061,1.82901011784706,6,1.135359955786413
283427,1.21063124274028,6,0.4981123854387164
189244,0.4634234353196,6,0.4390329623992031
376022,-0.7475685284311641,6,0.06919578099451229
187795,-0.43837909087777693,6,0.5834056802320262
187514,0.566486581170729,6,-0.7288281816461293
375564,0.6953155134846399,6,0.3675787205164269
187883,0.8756760187241159,6,0.34176177924938855
283128,0.6953155134846399,6,1.2353540398828073
189230,-0.824865887819511,6,-1.0492550874352418
188094,-1.64937105462854,6,0.7807022719622125
283158,1.6744153990703703,6,0.784848846321637
189287,-0.6960369555056,6,-0.9368762369417567
284024,-2.11315521095862,6,-1.958548667427472
189134,-0.541442236728906,6,-0.8878163300950632
188092,-0.7475685284311641,6,0.004552721323321407
189811,-0.43837909087777693,6,0.055586894206712145
283138,0.7468470864102059,6,0.8839425701414854
376000,-0.5929738096544711,6,0.06040615904235125
189883,-0.515676450266124,6,-0.2615264061678815
189384,-0.335315945026648,6,0.14881464174196424
188214,0.0511708519150843,6,0.5439166534361419
375579,0.4634234353196,6,0.6641017443318091
190732,-0.0261265074732607,6,-0.7081123643789766
188201,-0.4641448773405579,6,-0.19967936972798128
190036,-0.8763974607450742,6,-0.007757647806812429
190191,-0.154955439787171,6,-0.18247900810943207
188825,-1.4174789764635,6,0.11054490709122433
374416,0.8756760187241159,6,0.5939212179424302
374377,-0.644505382580035,6,-0.7715349136953193
187576,0.566486581170729,6,0.5168397416728254
375642,0.669549727021858,6,0.006139361232818885
189250,0.4634234353196,6,0.29554099881621454
375549,-0.6187395961172529,6,-0.01187806083711962
2437252,1.10756809688916,6,1.2564970800032995
187539,1.5455864667564498,6,0.8265399451910582
188317,0.36036028946847104,6,-0.4527732704914058
374545,1.64864961260758,6,0.5357390335451555
374213,-0.20648701271273695,6,0.6721362395156731
188056,0.514955008245166,6,0.2647739707450967
189977,0.540720794707948,6,0.7120203748909901
283776,0.618018154096295,6,0.511388158407641
189871,-0.43837909087777693,6,0.20143737125253125
374599,1.15909966981472,6,1.160198008615474
375825,0.7983786593357691,6,0.6553605277965318
284279,-0.515676450266124,6,1.0350781949711845
283359,2.0609021960121,6,1.7648964283869688
283447,-0.18072122624995496,6,-0.42693064596337393
283727,0.824144445798553,7,0.43595006100019873
283252,0.154233997766213,7,-0.8111906069166039
187856,0.592252367633511,7,0.7333804436098958
188930,-0.103423866861608,7,0.33676700319291797
187731,0.257297143617342,7,-0.11899090337746543
190278,-0.20648701271273695,7,0.3866569331413672
374934,0.23153135715456105,7,1.2119313865058885
283989,0.849910232261335,7,0.2383955850672237
189869,-0.4641448773405579,7,0.17406459181405154
187794,0.592252367633511,7,0.009813078942080722
189043,-0.5672080231916871,7,-0.2966387993611903
189689,-0.515676450266124,7,-0.5170640565722238
189084,-0.953694820133422,7,-0.8652671044356026
188386,0.514955008245166,7,1.0191471166592052
374541,-0.20648701271273695,7,0.2324560318633857
374742,-0.18072122624995496,7,-0.1548278485356107
189107,-0.902163247207856,7,-1.0019271969185013
189433,-1.18558689829846,7,-0.8033579136423228
189280,-0.2580185856383,7,0.27656569944346643
375694,0.9787391645752448,7,0.5624011799578312
187766,-0.20648701271273695,7,0.001183561635016872
188429,2.7823442169700003,7,0.7315557881769053
188434,-1.93279470571915,7,-1.1856716412261292
283597,-0.850631674282293,7,-0.8094290568494102
189109,-1.34018161707516,7,-1.1115564885174791
189723,-0.43837909087777693,7,-0.6241696259376894
189153,-0.8763974607450742,7,-0.9453708409789456
189872,-0.335315945026648,7,-0.44125857549402525
189631,-0.6187395961172529,7,0.18897270086988982
189623,0.0254050654523027,7,0.14004429294283227
188054,1.1204509901205502,7,0.661380485110989
190143,-0.18072122624995496,7,1.884586442258584
188037,0.901441805186898,7,1.3270899147854465
187754,1.05603652396359,7,0.26920210010060686
189957,0.489189221782384,7,0.45458312297739667
187869,0.36036028946847104,7,0.5842871182601641
374961,1.98360483662375,7,0.29524601708128984
284354,-0.644505382580035,7,0.20752980556532918
187968,-0.30955015856386603,7,0.44501699564101926
375577,0.257297143617342,7,0.9639783683099807
188861,-0.7218027419683821,7,-1.0449480895885515
375355,-0.541442236728906,7,0.3495568966380418
188820,-0.670271169042816,7,-0.4121814195953277
283160,1.44252332090532,7,0.48771581312114165
283231,-0.644505382580035,7,-1.0173609246476047
336685,0.43765764885681896,7,0.44379333415013633
375553,-0.7218027419683821,7,-0.1395241503133633
188336,-1.36594740353794,7,-0.7040414313034162
189289,-1.18558689829846,7,-0.37911437294800976
187647,-0.515676450266124,7,-0.3149031306844492
188222,0.257297143617342,7,0.4457832453474211
189030,-0.36108173148942896,7,0.06758256403712437
375845,1.0045049510380302,7,0.8332338038573468
187901,-2.16468678388419,7,-0.8508705614471594
374160,1.05603652396359,7,0.4162261621993011
374665,1.41675753444254,7,1.2893144541569654
374622,-2.0100920651074903,7,-1.0224834958248152
283950,2.39585742002827,7,1.245730566750474
308006,-0.979460606596203,7,-1.520660258913388
188146,-0.3868475179522129,7,-0.6840607585798111
374551,-0.00036072101047902595,7,0.5225545783785108
187718,1.31369438859141,7,0.7580035467454138
375393,0.514955008245166,7,0.7760248964876126
375498,0.386126075931255,7,0.7000691614495551
283767,0.824144445798553,7,-0.6357292576196798
375994,1.51982068029367,7,0.2831769650343645
189667,-0.799100101356727,7,-0.4650751482523603
188330,-0.0776580803988264,7,-0.2049719165319175
187562,-0.103423866861608,7,0.6759825412662508
187508,-1.77819998694245,7,-1.0579942762401515
319284,0.2830629300801261,7,1.0604226646634487
187924,1.08180231042637,7,-0.025402394685613672
187479,-1.31441583061237,7,-0.6436890555087658
187725,0.2830629300801261,7,-0.24292749008333914
188816,-0.902163247207856,7,-0.60906696098818
375569,0.257297143617342,7,0.013402148943974623
187930,0.618018154096295,7,0.15326845042988424
188980,0.4634234353196,7,-0.47004742919814646
319282,-0.6187395961172529,7,-0.042333206892493536
188027,0.205765570691779,7,0.011660324030991376
187714,0.2830629300801261,7,0.13571657814824079
187805,1.5455864667564498,7,0.198874359818916
190129,-0.979460606596203,7,-0.6526262832433929
284312,0.566486581170729,7,0.6851506066620985
283119,0.411891862394037,7,0.16171961428902648
373743,1.05603652396359,7,0.6628723711628481
188840,0.618018154096295,7,-0.025046773550165824
188492,-1.62360526816576,7,-0.3834815257294011
190434,-0.0518922939360447,7,-0.4732030991910534
375755,-0.23225279917551894,7,0.13049362047469515
376013,-0.7218027419683821,7,-0.18981966622386182
187958,0.154233997766213,7,0.554572284635924
187904,0.17999978422899696,7,0.6791478111940066
375454,-0.18072122624995496,7,0.383345954416491
375626,-0.43837909087777693,7,-0.683015370313548
187648,1.41675753444254,7,0.7639796097177083
283777,-0.773334314893945,7,0.153098458949664
190403,-0.23225279917551894,7,-0.4905529817216845
374145,-1.28865004414959,7,-1.1829828246025542
375453,0.849910232261335,7,0.9218472075853654
283656,-0.399730411183604,7,-0.31059573002734453
187515,-0.541442236728906,7,-1.1931413328075635
374003,0.128468211303432,7,-0.12945243403666495
373730,-0.515676450266124,7,0.5146857506038245
189221,-1.46901054938907,7,-0.7172823615936181
187523,0.30882871654290805,7,-0.7020429210166412
188944,-0.154955439787171,7,0.20434912893922075
375274,0.669549727021858,7,0.6817630158354007
374109,-1.95856049218193,7,-2.3659960332723315
188601,-1.03099217952177,7,-1.1222396065602993
187606,1.5455864667564498,7,1.3115054842249592
189927,-0.5672080231916871,7,-0.6735980922182065
283127,1.08180231042637,7,0.05596204288158191
187511,0.8756760187241159,7,-0.9487992325125134
188792,0.618018154096295,7,-1.4860183366221094
375594,-0.953694820133422,7,-1.0561843489868252
188698,-0.0261265074732607,7,0.6945148516322348
188530,0.824144445798553,7,1.0368386307285675
190000,-0.103423866861608,7,-0.1796016213605185
374534,0.489189221782384,7,0.42012837027161964
374165,0.669549727021858,7,0.33055179177647886
283969,-0.7475685284311641,7,-0.6961314436296391
188187,-0.20648701271273695,7,0.1186555203220152
189157,0.618018154096295,7,-0.1638207546079684
187703,-0.18072122624995496,7,-0.010480187032982258
189059,0.566486581170729,7,0.32761047026330914
284161,0.592252367633511,7,-0.2658820375872395
188156,-0.2580185856383,7,0.28552225461975667
187860,0.386126075931255,7,-0.08685653759845735
2437244,1.9578390501609704,7,1.0884576744139025
188033,0.386126075931255,7,0.3809256690830196
188911,2.67928107111887,7,1.4924682456090324
188236,1.13333388335194,7,0.6046273093965198
283553,-0.0518922939360447,7,0.4047551195498329
187716,0.33459450300569,7,-0.19316942777933832
373925,1.03027073750081,7,1.1659188188362961
188972,-0.5929738096544711,7,0.13131724313556958
188189,-0.824865887819511,7,-0.8177212855550522
284373,0.10270242484065,7,1.037538620114674
188031,0.17999978422899696,7,-0.1364631706781978
189854,-0.5929738096544711,7,-0.840887967415668
336781,-1.5720736952402,7,-0.6986098977180433
188154,0.489189221782384,7,-0.7489272528153279
188894,1.03027073750081,7,-0.04837576317650161
190703,0.7983786593357691,7,-0.15318743681858393
376023,1.03027073750081,7,0.8226918422056073
188235,0.7468470864102059,7,0.858609902984071
190007,-0.4899106638033421,7,-0.22426728804916252
187895,0.0254050654523027,7,0.7357203256971871
373832,1.05603652396359,7,1.2199600075132722
187736,1.6228838261448002,7,1.6373092411316108
375726,-0.0905409736302172,7,0.3820065352502482
188458,1.46828910736811,7,0.2202819939283529
189858,-0.6960369555056,7,-0.8049955262061701
318174,-2.19045257034697,7,-1.7367553154088426
376010,0.0511708519150843,7,0.2972149068921084
187482,-0.902163247207856,7,-2.0862148913724354
374191,0.128468211303432,7,0.2759793885544326
187992,0.0511708519150843,7,-0.034589159271611436
190115,-0.335315945026648,7,0.08214822289877333
188454,-0.00036072101047902595,7,0.13287786066747742
2437251,-0.0390094007046515,7,0.2873865749342457
375335,-0.7218027419683821,7,0.21593222759394592
188640,-1.28865004414959,7,-0.6666188637055797
283166,-0.36108173148942896,7,0.6096063777070384
375015,0.17999978422899696,7,-0.21637269513364998
187692,-0.799100101356727,7,-0.742455803446461
190198,-0.154955439787171,7,-0.4138808116957975
188319,-0.2580185856383,7,-0.49304945059560623
284277,0.0769366383778683,7,0.7480325793397355
189819,-1.39171319000072,7,-1.5711265169671975
375791,0.0769366383778683,7,0.24020966934561727
373682,-0.4899106638033421,7,-0.04640763860643915
190059,0.824144445798553,7,0.5620349507093891
188267,-1.5205421223146298,7,-0.9805349440645443
375796,-0.0776580803988264,7,0.4167778433440361
187868,1.82901011784706,7,0.7290578110127441
283194,-3.27261560178382,7,-1.3010962339888934
188029,1.26216281566585,7,1.247015662681406
187764,-0.541442236728906,7,-0.31609800750696593
188500,0.7468470864102059,7,1.0303690178310205
189637,0.7468470864102059,7,0.15737994113127485
187881,1.26216281566585,7,0.2682033552979064
188174,0.7983786593357691,7,0.4583786911830998
375921,1.26216281566585,7,0.8993565871485671
189885,1.03027073750081,7,0.9914411782498718
189859,1.2879286021286298,7,1.082758119537928
188009,-1.03099217952177,7,-0.09278479337760359
188256,0.514955008245166,7,0.6203669946275454
373769,1.21063124274028,7,0.49163880912542623
375509,0.7726128728729871,7,0.5232742505365877
375681,1.41675753444254,7,1.4366118610669503
187526,1.05603652396359,7,-0.06434555529160946
375521,-0.412613304414995,7,-0.2600377512339449
187550,-0.4641448773405579,7,-0.5664396887244223
284164,1.13333388335194,7,-0.016867768905925118
189754,-0.5672080231916871,7,-0.2434441887690113
374641,-0.0776580803988264,7,0.5239667835970749
375538,-0.18072122624995496,7,0.38444253110940707
375230,0.17999978422899696,7,0.30259378054699937
189751,1.9063074772354096,8,1.4988530154790922
190190,0.9787391645752448,8,0.23278863765828106
318175,-1.8554973463308,8,-2.0438092252991
283641,0.4634234353196,8,0.15616078440028502
188338,-0.5672080231916871,8,-1.1734587716719318
188987,-0.2580185856383,8,-0.41771847995707034
374531,-0.0518922939360447,8,0.22651090659544693
187977,-0.7475685284311641,8,0.0671208903401812
376021,-0.3868475179522129,8,-0.05095211242064579
188227,-0.799100101356727,8,0.7970799992088544
374604,-0.0776580803988264,8,0.17725075609487106
190130,-0.23225279917551894,8,-0.44866981910085
187951,-0.36108173148942896,8,-0.28706154749797363
375499,-0.4899106638033421,8,-0.2734642462977561
373642,0.514955008245166,8,0.7603024725691441
188496,0.0769366383778683,8,-0.051041282192535675
188552,0.0254050654523027,8,-0.4675725371286852
375447,0.43765764885681896,8,0.3000099509343386
187770,1.10756809688916,8,0.9050906946939747
283978,-0.2580185856383,8,0.1466014553656123
2437415,-0.4641448773405579,8,-0.41404470305911545
284189,1.41675753444254,8,1.2215704288466966
188563,-0.283784372101084,8,0.16946366872713625
188907,-1.18558689829846,8,-0.4344741795933622
283817,0.901441805186898,8,0.23148548948450198
187832,-0.7218027419683821,8,0.16453331170204777
3646845,0.514955008245166,8,0.4203500739621049
375905,1.15909966981472,8,1.4164178610258062
187971,1.44252332090532,8,1.4186251571063657
188554,0.489189221782384,8,0.5930185304526887
189137,0.411891862394037,8,-0.04299718345976444
308004,-2.4223446485120097,8,-1.7736159457382747
2437249,1.3909917479797598,8,0.6515944481574252
336478,-1.88126313279358,8,-1.7779485002369064
374693,1.03027073750081,8,0.8243892296328248
283171,1.0045049510380302,8,1.1314778567807657
188378,-0.799100101356727,8,-0.7534234229924479
318178,-2.64135383344566,8,-1.7015641913168444
188331,-2.2162183568097498,8,-1.752313448609648
187691,0.618018154096295,8,0.1143859296988694
189016,1.41675753444254,8,0.25273725309236994
375950,1.44252332090532,8,1.5121882613249014
187685,-2.2162183568097498,8,-1.7895130131619332
373900,-0.0261265074732607,8,0.04986109516701376
374471,0.411891862394037,8,-0.005262200257384109
189868,0.618018154096295,8,0.03610321190284793
188258,-0.154955439787171,8,-0.07460302096140126
188975,-0.335315945026648,8,-0.008318089661553785
375371,-1.31441583061237,8,0.0027264619934541656
375502,-0.103423866861608,8,0.2703491559379536
374669,1.1848654562774998,8,0.8462219832844902
189390,-0.36108173148942896,8,-0.15920069440478457
190787,-1.1598211118356798,8,-1.198552850178622
189669,-0.824865887819511,8,-0.9674075298991909
374361,0.30882871654290805,8,0.745332092396005
187973,-2.19045257034697,8,-1.161755402067385
374588,0.43765764885681896,8,0.20978765308105807
374702,0.2830629300801261,8,0.3958197949158553
374066,-0.18072122624995496,8,1.596341180218154
188708,0.514955008245166,8,0.3662493293155009
187564,0.4634234353196,8,-0.4506568886821789
187497,-2.4996420079003503,8,-2.436019303248596
375995,0.205765570691779,8,0.37310501186539113
283967,0.0898195316092591,8,0.20035886220971477
188155,0.9787391645752448,8,0.9051011845145354
375094,0.7726128728729871,8,1.2562713102721474
375949,0.386126075931255,8,0.2199927562681836
189760,-2.83459723191652,8,-2.1693745388024688
373904,1.21063124274028,8,0.8096447867854799
189340,0.10270242484065,8,0.31400604132497634
189152,-1.08252375244733,8,-0.7046755127440179
187952,0.7983786593357691,8,0.04019290017051702
187555,1.46828910736811,8,0.7846394991221466
373621,-1.31441583061237,8,-0.25501505018274173
283625,0.30882871654290805,8,-0.005809609649553238
375976,1.44252332090532,8,1.0998509282187783
187707,-0.154955439787171,8,0.3226043971209158
283201,0.7210812999474241,8,0.3603809633946682
189236,-0.515676450266124,8,0.1477008889064919
375922,-1.09540664567872,8,0.3683284012387169
187669,-2.03585785157027,8,-2.2796819763497247
374992,-1.03099217952177,8,-0.8623337248081491
187629,0.9787391645752448,8,0.5151022995565135
373734,0.0254050654523027,8,-0.29972038341295004
375973,1.26216281566585,8,0.9363888120793824
283762,-0.283784372101084,8,0.1231245440962212
375451,-3.5560392528744305,8,-2.564002921679169
187563,1.36522596151698,8,1.1255260982635455
187918,-0.412613304414995,8,-0.36524063097731485
187655,-0.154955439787171,8,0.27487833684594776
190072,-0.30955015856386603,8,-0.2913346538100754
375505,0.566486581170729,8,0.15865492293021077
374378,-0.5672080231916871,8,-0.24500686076252975
283515,0.2830629300801261,8,0.19718947067412174
374747,1.10756809688916,8,0.13045855095650083
189853,-0.103423866861608,8,0.280534681603271
190814,-0.154955439787171,8,0.10521889499765891
376034,0.257297143617342,8,0.4960919639975856
187566,1.44252332090532,8,1.1438274626230402
189732,0.36036028946847104,8,0.6265214583190399
188028,1.21063124274028,8,0.3585240431157821
189035,0.10270242484065,8,0.049350833894692414
337841,-1.67513684109132,8,-0.7250230301937926
189801,0.10270242484065,8,0.4546611274578254
188335,-1.77819998694245,8,-1.3958272943476722
373903,0.618018154096295,8,0.9791362130344865
190769,-0.4641448773405579,8,-0.3348514121399795
375780,1.3909917479797598,8,0.45397267616149506
375598,1.21063124274028,8,0.8960112257386683
188034,1.05603652396359,8,-0.0962053493267021
189997,-0.335315945026648,8,-0.8531092731306273
189881,0.901441805186898,8,-0.5636717251638039
319783,0.952973378112464,8,-0.3696507002456286
284335,2.16396534186323,8,1.458435311993
187989,0.154233997766213,8,0.13169390538817538
283718,-0.0776580803988264,8,-0.2810178282704534
187696,0.618018154096295,8,0.061142502950520594
375735,0.7983786593357691,8,0.7567857901264325
374429,1.6100009329134095,8,0.49354559905241757
283083,-0.412613304414995,8,0.06549566382449612
283755,0.386126075931255,8,-0.49941612739466024
375576,-0.953694820133422,8,-0.1798581344458725
375731,0.901441805186898,8,0.4694776557156928
189668,-0.335315945026648,8,0.00244036809602477
319955,-1.54630790877741,8,-1.0358192301255151
283791,-0.412613304414995,8,-0.2800758507834864
190076,1.0431536307322,8,0.4160755406563297
375581,0.849910232261335,8,0.47204443658819173
373872,-1.05675796598455,8,0.45359668522766583
336483,-2.55117358082592,8,-1.676695191601091
283471,0.901441805186898,8,0.6219041946815267
190086,0.7210812999474241,8,0.18628918347975443
374683,-0.30955015856386603,8,0.1314847696147723
373948,-0.20648701271273695,8,0.5912141639451143
284203,2.8338757898955698,8,1.0050416700822353
189715,0.927207591649682,8,-0.4882281488737341
283603,0.566486581170729,8,0.8308580807202119
188243,-0.850631674282293,8,-0.39915348184347366
187753,0.17999978422899696,8,-0.09284868068332841
283126,-0.6960369555056,8,-0.3022140361462995
190022,0.0254050654523027,8,1.184434061241248
284328,0.592252367633511,8,0.6101730327468324
188529,2.5762179252677404,8,0.21947041014670532
375975,0.43765764885681896,8,0.48052497805953465
187741,-3.58180503933721,8,-1.2745619829233128
283202,-0.2580185856383,8,-0.6459876472263488
375582,0.6824326202532489,8,-0.17418682964371968
187751,0.43765764885681896,8,0.11885647553544487
283615,0.36036028946847104,8,0.6319931251762689
375449,0.566486581170729,8,0.12919592009266267
189188,-0.92792903367064,8,-0.20563465132137182
188170,0.540720794707948,8,0.5494045300840966
284162,-0.515676450266124,8,-0.24381259768729535
375974,1.10756809688916,8,0.2311980255236108
284190,0.205765570691779,8,0.17129286088855977
375932,0.411891862394037,8,0.4755955348482459
336485,-1.9070289192563603,8,-1.8521576193191969
375846,0.7983786593357691,8,0.5207439581206508
187653,0.205765570691779,8,0.4809271155962982
283741,-0.5929738096544711,8,-0.0883292609027464
375546,-0.335315945026648,8,-0.3677022935208498
283768,-0.36108173148942896,8,-1.182094384492821
189237,-0.154955439787171,8,-0.26509306667362864
373777,-0.412613304414995,8,-1.035849086840205
187845,-0.2580185856383,8,0.11498253413962445
188541,0.386126075931255,8,0.4005990979015337
374500,-0.773334314893945,8,0.021229411958834987
188359,-0.799100101356727,8,-0.611109415305247
374004,0.0769366383778683,8,0.5951456186419222
190157,-0.541442236728906,8,-0.2683125523053498
189302,0.30882871654290805,8,-0.2590935384496973
187665,-0.12918965332439,8,-0.4941382260252425
375456,0.33459450300569,8,0.22237118476395068
375859,1.5455864667564498,8,1.2991884943755174
188419,-0.103423866861608,8,-0.1428704275811583
283449,-0.5672080231916871,8,0.22201916043655956
188981,0.7983786593357691,8,0.381950660774244
187607,-0.154955439787171,8,-0.10918042767411151
189290,0.30882871654290805,8,-0.7693782542060106
2437395,-0.3868475179522129,8,-0.5209357271866111
190499,1.2879286021286298,8,1.2638903027980923
375341,0.592252367633511,8,0.5174602574292848
375698,2.47315477941661,8,0.9623498232992524
373986,-0.0518922939360447,8,0.8245208618754596
2437409,0.952973378112464,8,0.07593231622580987
189017,0.386126075931255,8,-0.12818291377502433
187583,0.30882871654290805,8,0.8773150145740551
375682,-0.335315945026648,8,-0.1395187429427729
188215,0.618018154096295,8,-0.30011822784121023
188991,0.36036028946847104,8,0.31359213358726024
187735,0.927207591649682,8,0.9419831508228711
188244,-0.3868475179522129,8,0.14847382047253888
187733,-0.23225279917551894,8,0.31861254189836785
190016,-0.799100101356727,8,-0.5832488314099429
188225,0.4634234353196,8,0.492377774682204
190071,1.41675753444254,8,0.21684345146593031
187662,1.46828910736811,8,1.0046208848398237
188848,0.0511708519150843,8,0.8727953472913299
375004,-0.283784372101084,8,-0.35211119398823953
376015,0.489189221782384,8,1.1225054497937634
187816,0.411891862394037,9,0.02955661924968922
188346,-2.2162183568097498,9,-1.5578468238270062
284176,0.192882677460388,9,0.19672552603401527
188517,0.154233997766213,9,0.04903420637055689
188998,-0.8763974607450742,9,0.29191939210880946
373939,-0.824865887819511,9,0.0016772640552318308
188096,-1.03099217952177,9,-0.7452961523929247
189309,0.0254050654523027,9,-0.346342270372773
375795,-0.154955439787171,9,-1.4676081521284914
374177,-1.05675796598455,9,-0.7547996173744593
187628,-0.541442236728906,9,0.041959360893997655
187846,0.927207591649682,9,0.44007654191235446
189647,-0.4899106638033421,9,-0.35841108294699353
374595,-0.0261265074732607,9,-0.13345747756179804
374945,-0.283784372101084,9,-0.4339024204604982
374537,0.386126075931255,9,1.0759033360101782
2437287,1.0045049510380302,9,0.4794310309302574
374630,0.7210812999474241,9,0.8670885368859942
285674,0.514955008245166,9,0.006607537330694413
283721,-0.824865887819511,9,-0.04220885017687692
375943,1.03027073750081,9,1.1722437463361572
283209,-1.18558689829846,9,0.2609390312449875
190057,-0.515676450266124,9,-0.5102728851122293
284324,1.13333388335194,9,0.4061649101605056
374914,-0.0518922939360447,9,-0.17056138450548275
375781,-0.30955015856386603,9,-0.27832623023589065
284120,1.64864961260758,9,0.7155211956589653
188494,-0.3868475179522129,9,0.4024954862055026
375504,0.592252367633511,9,0.6799936539729643
374395,-0.5929738096544711,9,-0.711356940531708
283668,-0.773334314893945,9,0.24359700625001324
284059,-0.5929738096544711,9,-1.2854431491442782
283445,0.9143246984182892,9,0.12424884189277208
374613,-0.00036072101047902595,9,0.8366430399638816
187907,0.489189221782384,9,0.5710927604707905
336783,-0.5672080231916871,9,-0.7491665592606154
188340,-1.46901054938907,9,-0.6382320455297261
336482,-2.75729987252818,9,-1.793685052635169
283634,-1.8554973463308,9,-1.0002890710650405
374397,-1.08252375244733,9,-0.6353651467327239
188768,-0.0261265074732607,9,-0.4842813295975503
338067,-2.39657886204923,9,0.1344876964079056
189865,-0.20648701271273695,9,-0.7656170046337181
283205,-2.4223446485120097,9,-0.4522777321521758
189222,-1.31441583061237,9,-0.567768086116935
188436,-0.5929738096544711,9,-0.10508738813074103
3624697,0.17999978422899696,9,0.78779819702536
187594,1.80324433138428,9,0.30126353847884246
375295,-0.43837909087777693,9,-0.317088333317475
373758,1.3909917479797598,9,1.2923239408372158
188990,0.128468211303432,9,0.2502078888871395
188906,2.0609021960121,9,1.741571072036777
283784,1.03027073750081,9,0.11911945870487273
375895,-0.0261265074732607,9,0.30262919657263154
188482,-1.44324476292628,9,-0.6396706252023208
283671,-1.72666841401689,9,-0.8266147381782041
188270,-0.0776580803988264,9,-0.26902049616973756
318550,-1.9843262786447096,9,-2.186622065987933
375310,-0.670271169042816,9,0.0251078087381984
187591,-0.541442236728906,9,-0.7702596312405916
188339,-0.7218027419683821,9,0.10645279057403911
190796,0.592252367633511,9,0.5592208421311113
375767,-1.39171319000072,9,-0.2597062320853354
188988,-1.00522639305899,9,-0.2816484326524673
189822,-2.75729987252818,9,-2.459301930215723
283803,0.386126075931255,9,0.2685258911679256
187771,0.901441805186898,9,0.3372934848352074
187709,0.43765764885681896,9,0.1856964745330174
189231,1.15909966981472,9,1.3388740521965161
187484,-0.773334314893945,9,-0.5758808717231005
283106,-0.979460606596203,9,-0.7637067545901033
374590,-0.6187395961172529,9,-0.5581667094010854
374155,-0.6187395961172529,9,-0.2871719090629625
375474,-0.00036072101047902595,9,-0.1762904700224297
189919,-0.902163247207856,9,-0.804137950374944
187470,-0.5672080231916871,9,0.14122071035414052
187456,-0.00036072101047902595,9,-0.15630207285431652
188913,0.0769366383778683,9,0.027446902068980705
374331,1.2879286021286298,9,0.7335493525798
188051,-0.12918965332439,9,0.3649367668994685
188989,-0.5672080231916871,9,0.42140449930829504
283235,0.36036028946847104,9,-0.29505306385634356
189078,0.9787391645752448,9,0.7426063766885136
187461,0.7983786593357691,9,-0.2831420938919038
284090,0.386126075931255,9,0.36753534118982145
189085,-0.5929738096544711,9,-1.0041098501689802
190121,0.128468211303432,9,-0.9226228274441723
189000,0.257297143617342,9,-0.13045716638193738
283117,0.386126075931255,9,0.2052196818016867
188376,-1.1082895389101102,9,-0.148821439096551
283325,1.75171275845871,9,-0.04264052248123562
187711,-0.4899106638033421,9,-0.22604592893802788
319285,-0.0261265074732607,9,-0.08999977804344894
189201,-1.05675796598455,9,-0.8178459736863957
188396,0.7210812999474241,9,0.9537309381663945
189268,0.4634234353196,9,0.589305829742262
190791,0.592252367633511,9,0.06761888473763022
375503,0.2830629300801261,9,0.27467589675848814
284248,1.7259469719959302,9,0.3508290978532216
283849,-0.773334314893945,9,-0.5393080182263201
375678,0.9143246984182892,9,0.31440105332808344
318173,-2.80883144545374,9,-0.11649435084469673
374600,1.26216281566585,9,1.1506342616115646
188999,1.13333388335194,9,-0.8136036719820012
187772,1.3394601750542,9,0.22649875283912735
187980,-0.799100101356727,9,0.5651372250406155
189834,-0.6187395961172529,9,-0.5586894493536789
190296,0.7210812999474241,9,0.7126679512596183
188940,-0.43837909087777693,9,-0.8368215776303671
374746,0.4634234353196,9,0.3007750796731159
188101,0.154233997766213,9,0.03762835837439127
190344,-0.902163247207856,9,-0.8577497428641365
374396,-0.7218027419683821,9,-0.4059780766213237
188325,-0.7218027419683821,9,-0.5100657625257803
187987,0.2830629300801261,9,0.040383122491029155
373764,-0.7475685284311641,9,-0.6408409432499909
373672,0.7983786593357691,9,-0.014965443734510586
283801,0.386126075931255,9,0.45338132866830705
374548,-1.67513684109132,9,-0.8637296691703753
374547,-1.1598211118356798,9,1.0965716410069604
284245,1.55846935998784,9,0.022643295420891718
374567,-0.5929738096544711,9,-0.5749318542166293
373799,-1.1598211118356798,9,-1.105691875474374
190082,0.23153135715456105,9,0.6710015462216035
375778,-0.0518922939360447,9,-0.1029765289986102
374475,0.4634234353196,9,0.32845248267538096
188412,1.31369438859141,9,0.0849752136743902
189274,1.88054169077262,9,0.795101716116875
187866,-0.3868475179522129,9,-0.08695243940471897
188040,-0.2580185856383,9,0.693295937337794
375373,-0.3868475179522129,9,-0.3496523424889304
188421,-0.4899106638033421,9,-0.08751318206550707
376002,-1.9843262786447096,9,0.06519043729194607
284224,1.7774785449215,9,1.2915172351162454
190097,-0.515676450266124,9,-0.48623483312916704
187822,1.03027073750081,9,0.6314939877764694
187877,-0.2580185856383,9,-0.00904616275404635
189239,1.21063124274028,9,0.700027520076965
375817,0.0769366383778683,9,0.1529508651339384
375452,-3.4014445340977297,9,-2.601371749230971
375711,-0.799100101356727,9,-0.34857717212241823
188052,-0.283784372101084,9,-0.013301772801831646
189808,0.514955008245166,9,-0.3340606274059468
373754,1.44252332090532,9,0.46143865991814437
187858,0.489189221782384,9,0.11925096316355166
188467,-0.92792903367064,9,-0.8080463494864034
284182,0.43765764885681896,9,0.0024324310295540386
188375,-1.31441583061237,9,-0.7470195303126523
188000,0.8756760187241159,9,0.3158457470661524
188441,-1.70090262755411,9,-1.4200653103885852
188982,-0.0261265074732607,9,-0.1388503277010642
284110,-0.979460606596203,9,0.429650680268999
283843,-0.23225279917551894,9,-0.23337556500796097
2437308,-0.43837909087777693,9,-0.8349570928014032
188401,-1.23711847122403,9,-0.9032134617318945
156377,0.592252367633511,9,1.1649595255896195
375775,0.6437839405590771,9,0.06699662709844034
308007,-2.6800025131398297,9,-1.8947058371915872
188997,-0.5672080231916871,9,-0.5749579818451593
189002,-0.283784372101084,9,-0.1458114413831595
189392,0.30882871654290805,9,0.37668545163623435
188507,0.489189221782384,9,0.7204300391293827
373782,-1.39171319000072,9,-0.8617522977183611
374611,0.17999978422899696,9,0.12084173090561734
189094,0.514955008245166,9,0.03359041212524971
375714,1.2879286021286298,9,1.5263319611938329
187658,0.566486581170729,9,-0.10189492449548254
187472,0.36036028946847104,9,0.40739981965263183
188026,0.824144445798553,9,0.006526320400322305
187780,0.9787391645752448,9,0.10534231612486877
283144,-0.824865887819511,9,-0.011745170187758447
284068,-0.335315945026648,9,-0.15954975436805086
2437250,0.6051352608649039,9,0.6720289538919886
375674,0.7983786593357691,9,0.8256301737270988
188996,-0.3868475179522129,9,-0.13642253010417704
190142,-0.335315945026648,9,-0.8560853040104277
187935,-0.00036072101047902595,9,0.06582813244539665
189734,1.41675753444254,9,0.8056895801443673
375634,1.0045049510380302,9,0.8427798374945539
188468,-0.335315945026648,9,0.2700761064920769
189346,-0.2580185856383,9,-0.6746378664121337
188818,0.33459450300569,9,0.4697486254704515
375389,-0.5672080231916871,9,0.442218968098544
308010,1.88054169077262,9,1.1240179841532694
190111,-0.979460606596203,9,-0.45320159015306416
188715,-0.8763974607450742,9,-0.24542135286608158
374124,-1.00522639305899,9,0.49322776709719207
189697,-1.1082895389101102,9,-0.6671707733277046
188145,0.849910232261335,9,0.6275079439933684
190364,0.7210812999474241,9,0.9743327836772409
189784,-1.23711847122403,9,-2.1219258504164173
283120,1.36522596151698,9,0.7580053370875959
190005,-0.4899106638033421,9,-0.3226972686592404
187807,-0.2580185856383,9,0.18113275372854787
283742,-0.6960369555056,9,-0.14899392656221266
376048,-0.0518922939360447,9,0.32010014477153703
283633,-0.541442236728906,9,-1.0790934195383386
375717,0.927207591649682,9,0.21826016555227312
189970,0.6437839405590771,9,0.07569358790827252
189248,0.7210812999474241,9,-0.12142387881698369
