id,length,kfold,linearSVR_pred
190125,0.7468470864102059,0,-0.478670618446617
283812,-0.30955015856386603,0,-0.05778942329537325
188476,-0.36108173148942896,0,-0.1489842984573209
373656,1.03027073750081,0,1.1805748985292113
187584,0.952973378112464,0,0.6922913010096496
188035,1.59711803968202,0,0.9109420431427162
188134,0.154233997766213,0,0.503769034406468
189291,0.36036028946847104,0,0.046294531552990896
374239,0.6953155134846399,0,0.2219404332389609
188249,-0.00036072101047902595,0,0.9264649463717383
375392,0.6437839405590771,0,0.5689249310068379
374655,1.15909966981472,0,1.258265812701297
190126,-1.08252375244733,0,-0.7674534095217519
375557,0.0254050654523027,0,0.270166409257744
283109,-1.1340553253729,0,-0.885078569482914
187536,0.952973378112464,0,-0.727672228491168
374609,-0.2580185856383,0,0.022857663976648204
375742,0.43765764885681896,0,0.36601284099677484
188086,0.154233997766213,0,0.8391714285754545
187645,0.540720794707948,0,-0.037072092167999636
188341,-0.5672080231916871,0,-1.1462650707944682
375773,0.824144445798553,0,0.4231305819498224
189039,0.0769366383778683,0,0.20107916431986142
190068,-0.4641448773405579,0,-0.22674259600408833
283796,0.10270242484065,0,-0.7977031289596498
374703,-1.1340553253729,0,-0.07231845399488063
284281,0.36036028946847104,0,-0.04183692921782664
319280,0.540720794707948,0,-0.2747622854754315
318548,-0.528559343497515,0,-1.3869200997896376
284222,-0.7218027419683821,0,-0.5529777373828244
308266,-0.412613304414995,0,0.1973738491413411
2437340,-0.541442236728906,0,-0.11834366374344435
374718,0.6953155134846399,0,0.792411310034976
283773,-0.6960369555056,0,-0.9745882646952576
375957,0.7210812999474241,0,0.8938876551810877
189700,-0.3868475179522129,0,-0.16578564960979206
284216,0.23153135715456105,0,0.13292765145581234
374546,1.57135225321924,0,0.9575909561003674
189023,-0.103423866861608,0,0.1278436831735174
374612,0.7983786593357691,0,1.2733183101552767
375916,1.05603652396359,0,0.9515071811943927
187505,1.21063124274028,0,0.3270352443120726
188226,-0.850631674282293,0,-0.49617089881290727
187867,0.6953155134846399,0,-0.256629961422252
187823,1.10756809688916,0,0.27676758724683087
190069,-0.850631674282293,0,-0.45881196866798496
375740,0.24441425038595105,0,0.17947603621950842
189947,0.0769366383778683,0,0.265857772504488
190805,-0.3868475179522129,0,-0.0703511690360762
187784,-0.0261265074732607,0,-0.3949178975768378
336484,-2.1389209974214,0,-1.8550978927429838
188408,-0.5929738096544711,0,-0.8063000002725378
283774,0.10270242484065,0,-0.33589055557439146
187545,0.10270242484065,0,-0.27344898672491497
188255,0.0511708519150843,0,0.07926235413893044
374918,-0.43837909087777693,0,-0.13655380854426316
187682,0.824144445798553,0,0.5155298658594476
375539,-1.03099217952177,0,-0.41456376965607944
187848,-0.412613304414995,0,1.2117928248854948
375997,0.7983786593357691,0,1.2293654562842733
374598,-0.12918965332439,0,0.0803053253188397
308265,-1.67513684109132,0,-1.1475693006283276
375659,0.927207591649682,0,0.01236471898134722
188943,0.489189221782384,0,-0.16081995675015603
283805,-0.2580185856383,0,-0.698824842304049
284231,-0.193604119481346,0,0.21007855293540495
374467,0.154233997766213,0,0.23591411317410838
284305,0.43765764885681896,0,0.03437443730660623
375724,0.23153135715456105,0,0.102827169991685
374392,0.23153135715456105,0,0.5676852109786639
187507,-1.08252375244733,0,-1.1480891283839847
375589,-0.5929738096544711,0,-0.14039417537242857
188945,-0.4641448773405579,0,-0.4171146943095392
284370,0.411891862394037,0,0.030562138619605016
374614,1.15909966981472,0,1.4365654993752284
188969,0.6953155134846399,0,0.3716490863871869
189961,0.901441805186898,0,0.23063485938466588
189625,-1.1340553253729,0,-0.7637589438326213
374635,1.41675753444254,0,0.7182932239152228
375663,0.205765570691779,0,0.3942475722478781
374156,-0.12918965332439,0,0.5022132454940128
187495,-0.6187395961172529,0,-1.1632429274435379
283444,-0.5929738096544711,0,-0.36962262479616337
188669,1.2363970292030702,0,0.6510345770767839
2437214,1.44252332090532,0,0.7304919720984633
189009,1.2363970292030702,0,0.20773212179405548
374591,0.669549727021858,0,0.27548032499180325
187839,0.30882871654290805,0,-0.16585901901071742
283964,1.5069377870622802,0,1.0966512410213871
374505,-0.5929738096544711,0,0.05854560770148261
375687,0.849910232261335,0,0.6391341767679044
190177,0.0254050654523027,0,0.8214908003487662
374197,-0.154955439787171,0,-0.4074746349369778
187502,0.23153135715456105,0,-0.08265396206255454
284280,0.7210812999474241,0,0.3422223327968404
284168,0.0254050654523027,0,0.6173439191728451
374825,-0.850631674282293,0,-0.42244843822673334
374739,0.257297143617342,0,0.2952237602395387
189012,-0.3868475179522129,0,-0.49793576849888416
187493,-0.644505382580035,0,-0.43076335322930503
187611,1.03027073750081,0,-0.17859941371348348
373575,0.901441805186898,0,0.4926400768526631
374401,-0.902163247207856,0,0.009207874377931384
188449,-0.0261265074732607,0,0.3019847767779081
284368,0.566486581170729,0,0.7837105193669002
187984,0.9787391645752448,0,0.33989744751934886
373626,-0.283784372101084,0,-0.2636303494196474
190096,0.128468211303432,0,-0.11727183129733591
283892,0.10270242484065,0,0.12257836565713078
283676,-1.5978394817029802,0,-1.6131184582900162
187742,0.9787391645752448,0,0.42399407403510087
375666,-0.0261265074732607,0,0.21102914679737728
319283,-2.52540779436314,0,-1.1897733496675416
283731,-0.20648701271273695,0,0.007419263724288217
374643,1.4940548938308895,0,1.296480098515481
375901,-0.799100101356727,0,0.6456567033222583
375583,-0.6960369555056,0,0.23091993419572518
189932,1.41675753444254,0,0.8106504879468929
283677,-0.36108173148942896,0,0.16714524619021692
190806,0.386126075931255,0,0.11662239833147903
375444,0.0511708519150843,0,0.19681386951889698
188259,-1.08252375244733,0,-0.7048880735688396
283664,-0.5672080231916871,0,-0.31585983051473127
283220,0.514955008245166,0,0.027678705567280273
308211,-1.18558689829846,0,-0.3537261188341767
190085,1.08180231042637,0,1.4427257332846202
284319,0.128468211303432,0,0.33998328140358874
374912,0.23153135715456105,0,-0.4407877101895459
188545,-0.7475685284311641,0,-0.9535909665302922
189979,0.0511708519150843,0,-0.10649156625110826
375661,0.6437839405590771,0,0.17164060690565222
187999,0.8756760187241159,0,0.7018606477608822
187471,-0.4899106638033421,0,-0.45658827058094603
374391,-0.7475685284311641,0,-0.6063233315150446
374624,1.4296404276739298,0,1.0603513617332396
187949,-0.2580185856383,0,-0.6512556037984105
284015,-0.0261265074732607,0,-0.4624187425049038
374715,-0.283784372101084,0,0.5592849289916627
190064,-0.30955015856386603,0,-0.11757571052616671
190819,0.411891862394037,0,0.29278575681157465
187826,-1.08252375244733,0,-0.6825789110773783
283781,-0.670271169042816,0,-0.6468361573224396
319781,0.17999978422899696,0,0.03171484210094516
188774,0.257297143617342,0,0.18874383179484888
283145,-1.5720736952402,0,-0.6822929104148735
374814,-0.103423866861608,0,0.4699069138224309
319779,-0.81198299458812,0,-0.7162582337931127
189832,0.2830629300801261,0,-0.7169653399522442
190789,-0.4641448773405579,0,-0.060178697153493096
189040,-0.979460606596203,0,-0.9931094080594417
190054,-2.58982226052009,0,-1.6961355847373663
283754,-1.08252375244733,0,-0.29566304526231635
190472,1.63576671937619,0,0.44855622381039845
375376,-0.2580185856383,0,-0.025923615571377803
375205,0.411891862394037,0,0.15167075219818332
375890,-0.00036072101047902595,0,0.14574981580898141
190702,0.23153135715456105,0,0.10894821574970354
188549,-0.979460606596203,0,-0.9903170706081056
189045,0.7210812999474241,0,0.35803758572953365
187500,0.128468211303432,0,0.41081528744124923
189857,0.592252367633511,0,0.7640288996181518
187876,0.33459450300569,0,0.62190004161939
283846,-0.0518922939360447,0,-0.44785162005907925
375697,0.9787391645752448,0,0.4675121431501943
375688,0.566486581170729,0,0.612105605840679
374037,-0.412613304414995,0,-0.233930859512206
187812,0.0254050654523027,0,-0.7643378619566021
317951,-2.60270515375148,0,-1.8218627557523126
283740,-0.103423866861608,0,0.8103901825696549
187755,1.41675753444254,0,0.7586636964093477
284067,0.514955008245166,0,0.1351742517499165
189294,-0.43837909087777693,0,-0.15911114760764047
375467,0.7210812999474241,0,0.6503378107333831
187664,-2.83459723191652,0,-1.5397165839416191
188526,0.618018154096295,0,0.04186397499359174
187767,0.7983786593357691,0,-0.0013767996766868198
373694,1.22351413597168,0,0.14284639813591862
188142,-3.0922550965443505,0,-1.1956493334054816
188633,0.128468211303432,0,0.048178575985381236
190148,-0.515676450266124,0,-0.2883337867829789
283179,0.824144445798553,0,0.9111468854252572
283639,-0.12918965332439,0,-0.16061189482858454
188849,-0.00036072101047902595,0,-0.34233971302190164
374706,1.44252332090532,0,1.300009704438565
319957,-1.23711847122403,0,-1.2174126017647207
374385,-0.12918965332439,0,-0.2398054167261187
188418,-0.43837909087777693,0,0.5600127095945643
189210,-0.902163247207856,0,-0.373844774168877
190029,0.33459450300569,0,-0.27125503611993407
283655,-0.23225279917551894,0,-0.26955710393385707
283735,-0.7475685284311641,0,-0.8873506169638752
375759,0.566486581170729,0,-0.07844615008497417
189193,-0.773334314893945,0,-0.8679562922909291
375370,0.205765570691779,0,-0.7163086370238136
373726,-2.11315521095862,0,-1.414821626925261
187844,0.128468211303432,0,-0.006670933832137943
188048,-0.20648701271273695,0,0.001862622290153535
375977,1.03027073750081,0,0.6044102982001744
187804,1.64864961260758,0,0.6291097415894371
188312,-1.00522639305899,0,0.47930659623879146
283736,-1.4174789764635,1,0.3162267059491685
375596,0.489189221782384,1,0.25809838396508683
375607,-0.20648701271273695,1,-0.722230093555454
283599,-0.103423866861608,1,0.6264797957618976
189288,-2.16468678388419,1,0.10681113471063326
375695,0.4634234353196,1,0.29772399862379056
373629,0.8756760187241159,1,-0.203428604992047
188469,-0.12918965332439,1,0.4883761808176996
189958,1.70018118553315,1,1.0559404979265956
283579,0.514955008245166,1,-0.1028288887404783
187944,-0.541442236728906,1,0.1878271414650377
375585,1.75171275845871,1,0.4796661514517423
189034,-0.0776580803988264,1,-0.1014923267398172
2437412,-0.23225279917551894,1,0.5974159561161636
336688,-1.77819998694245,1,-1.2331073512677595
189696,-0.23225279917551894,1,-0.5178115385015454
189776,-2.2162183568097498,1,-2.2316255660020436
189455,-0.979460606596203,1,-0.00014080042371102135
188758,-1.08252375244733,1,0.7991162460428001
190098,-0.799100101356727,1,0.0204364448185983
190158,-0.0518922939360447,1,0.17455579435063204
190187,0.540720794707948,1,0.43489480710936895
375457,-0.8763974607450742,1,0.22019971198057472
189006,1.15909966981472,1,-0.03248358734919314
189792,0.489189221782384,1,0.862864471662015
374171,0.257297143617342,1,0.11990451543030667
376047,0.411891862394037,1,0.5239178103983174
375799,1.08180231042637,1,0.4034430571002242
375567,-0.953694820133422,1,-0.14810065768203476
189010,1.08180231042637,1,0.0886523820013546
187993,-0.12918965332439,1,-0.29978285882685757
375954,-1.1340553253729,1,-0.0786476496256317
375288,0.540720794707948,1,0.8115808142787174
190189,-0.541442236728906,1,-0.7688629948907594
283756,0.205765570691779,1,0.24357299700354929
190816,1.10756809688916,1,0.0939710214430724
375939,0.2830629300801261,1,0.7267167858855365
375397,-0.23225279917551894,1,0.04711421039533469
374363,0.6953155134846399,1,-0.4401064262592368
374183,-1.4174789764635,1,-0.3534785006831804
189703,0.2830629300801261,1,0.15858234604272742
187603,1.0045049510380302,1,1.046725356017007
283723,0.9787391645752448,1,0.40514300348185933
375752,-0.0261265074732607,1,0.9551939567349246
187649,-0.0776580803988264,1,-0.31531840779558123
375816,0.24441425038595105,1,-0.051951641476070586
187857,0.154233997766213,1,-0.13932448066008168
375857,1.44252332090532,1,1.2521249567316584
189242,-0.541442236728906,1,-0.1481979568035845
373744,0.411891862394037,1,0.7809351815921846
374533,-0.7475685284311641,1,0.45619000683711025
283822,-0.8763974607450742,1,-0.2221554396210019
190102,-0.8763974607450742,1,0.03587505703527801
375623,0.656666833790467,1,0.941569552845575
187786,0.669549727021858,1,0.3877873109512682
374652,0.952973378112464,1,0.6767496346612774
283602,0.154233997766213,1,0.17495535647776897
375813,0.128468211303432,1,0.21855815953628863
375548,-1.18558689829846,1,0.2132477656680064
189293,-1.26288425768681,1,-0.4433971795711715
187854,-0.4641448773405579,1,0.37909401965646305
374178,-1.64937105462854,1,-0.5364487201137033
375815,1.10756809688916,1,0.3886688809121122
190799,0.6953155134846399,1,0.357763484404777
188185,-0.00036072101047902595,1,-0.059808071838733094
188204,0.849910232261335,1,0.5683468817700531
375971,1.01738784426942,1,0.6810127667907285
188369,0.30882871654290805,1,-0.29799380789332536
375800,0.192882677460388,1,0.061714290984822014
188237,0.6437839405590771,1,0.5806073704521736
2437410,1.59711803968202,1,1.283532720578564
187796,-0.8763974607450742,1,-0.18928864867499834
189343,0.23153135715456105,1,-0.5121476406798491
189189,-0.23225279917551894,1,-0.4344074070833198
190173,-1.03099217952177,1,-0.7714891465779061
374515,0.154233997766213,1,0.03891596060160638
189068,1.3394601750542,1,0.5939820307824194
375738,0.10270242484065,1,1.0604877896190656
375571,0.30882871654290805,1,0.5961323021871913
284132,0.23153135715456105,1,0.22562861212602833
375404,-0.23225279917551894,1,-0.30900075144904776
190795,0.7210812999474241,1,0.5903255930184979
373835,-0.92792903367064,1,0.2617360337760659
187522,-0.92792903367064,1,0.2952284066729071
283089,-2.60270515375148,1,-2.0295114432053887
187928,0.824144445798553,1,-0.6144678503051162
187590,0.7210812999474241,1,0.8717186754195282
190174,-0.154955439787171,1,-0.14239190043278374
283748,0.0511708519150843,1,-0.3372604919595011
283732,-1.1340553253729,1,-1.0024848297411
190783,2.03513640954932,1,1.2454668608845367
188521,-0.20648701271273695,1,-0.022098759835515142
374632,-0.0776580803988264,1,0.05475566520235694
336476,-1.9843262786447096,1,-2.203278718256976
188540,0.618018154096295,1,-1.1229146104509315
188231,0.205765570691779,1,-0.40902921051489566
188326,-0.773334314893945,1,-0.3042744879103032
373655,-1.5205421223146298,1,-0.4647017494761325
375578,-1.00522639305899,1,0.5238943674170049
336684,0.952973378112464,1,0.6742003932047349
190794,0.6437839405590771,1,0.06905699427278628
187920,-1.44324476292628,1,-0.8276622184377769
188163,0.154233997766213,1,-0.0051490194375532206
188153,0.43765764885681896,1,0.4595773953047438
188493,-1.62360526816576,1,0.06006665231002267
188320,-1.9843262786447096,1,-1.692178623198436
188993,1.2363970292030702,1,-0.23646333424270602
374935,-1.67513684109132,1,-0.38642370032243173
187957,1.46828910736811,1,-0.377801644541098
375020,0.669549727021858,1,0.45438635181545745
188379,-0.2580185856383,1,-0.4976019540899141
190810,0.7210812999474241,1,-0.053892111511075286
374697,1.10756809688916,1,0.5514575582544458
375475,-0.154955439787171,1,-0.17006459374562719
375434,0.0511708519150843,1,0.2842506950533922
189319,0.17999978422899696,1,0.19913184842607823
190707,-0.979460606596203,1,-0.4876341456752888
375494,-0.36108173148942896,1,-0.1228127930225616
373725,-0.953694820133422,1,-0.15012426176979418
376032,2.17684823509462,1,0.7219875673072018
188357,-0.953694820133422,1,-0.5957405192190401
283221,-0.2580185856383,1,-0.8886371732098143
283215,-1.00522639305899,1,-0.9711616729405393
188095,-1.64937105462854,1,-0.1599382080937584
373733,-1.36594740353794,1,-0.29109561308613463
189139,0.386126075931255,1,0.5257831335773597
284247,0.205765570691779,1,0.25696239700613377
375597,-0.154955439787171,1,-0.35185218423673376
190051,0.33459450300569,1,1.2249086942534586
187905,0.30882871654290805,1,-0.01195340494770899
284309,1.0045049510380302,1,0.23321292833103624
189909,-0.5929738096544711,1,-0.45805729866371214
373851,0.618018154096295,1,1.3078314793510764
283876,-0.154955439787171,1,0.3177818492778236
187474,-0.979460606596203,1,-1.401224525388258
190803,0.386126075931255,1,-0.2141678919269916
374763,0.205765570691779,1,-0.25971113999889306
187990,-0.7218027419683821,1,-0.26227886644154885
190006,-0.4641448773405579,1,-0.8824992609969097
374442,-1.00522639305899,1,-0.16174289832974936
284251,0.4634234353196,1,0.3324510719027418
283178,-0.43837909087777693,1,-0.15714983306353156
187705,0.43765764885681896,1,-0.021265517078472865
189683,0.424774755625428,1,0.23252744285155358
190149,-1.7524342004796698,1,-0.9552726737611235
374592,-1.67513684109132,1,-0.6212280936250545
375935,0.4634234353196,1,0.6692744493957661
375518,0.9787391645752448,1,0.4175255905278343
189093,-0.0261265074732607,1,0.0037514923712715503
187982,0.36036028946847104,1,0.16544135731603016
317953,-2.91189459130487,1,-2.001596352894378
375433,-1.7524342004796698,1,-1.2841103200469182
374589,0.618018154096295,1,0.6186776113443664
2437245,1.08180231042637,1,0.6676488880378703
187921,-1.46901054938907,1,-0.08562682039303893
189022,0.514955008245166,1,-0.4559303627704011
375169,0.8756760187241159,1,0.5005265799915308
190046,1.0045049510380302,1,-0.001187073853860638
2437408,-0.30955015856386603,1,0.20628859050226506
374744,0.43765764885681896,1,0.5189676182368645
375572,1.7259469719959302,1,-0.4178055425246494
374807,0.566486581170729,1,1.151406865874927
374927,-0.0776580803988264,1,-0.04792543425336971
284304,-1.03099217952177,1,0.3354332502104079
374024,-0.902163247207856,1,-0.6866071675590582
375702,0.128468211303432,1,0.4932392558852528
188269,-1.00522639305899,1,-0.9752154046574435
189844,1.2879286021286298,1,1.4513801013404068
373716,0.952973378112464,1,0.6457973660452131
2437194,-0.412613304414995,1,-0.07692112440168164
375705,1.46828910736811,1,0.9645873721291803
375545,0.927207591649682,1,0.6431887889455047
187936,-0.12918965332439,1,0.06339885719837433
283752,1.2363970292030702,1,0.5284700780043998
190252,-0.3868475179522129,1,-0.15950174904688033
190790,-0.0261265074732607,1,0.07219135854882847
375461,0.901441805186898,1,0.5504666215459011
188099,1.5455864667564498,1,0.4392361847736761
374603,-0.154955439787171,1,0.07220438454420158
188043,-0.43837909087777693,1,0.47294083601870973
190561,0.0254050654523027,1,-0.3250929467201754
374699,1.44252332090532,1,0.5886435832495278
187820,0.17999978422899696,1,-0.07131619421010521
2436958,1.36522596151698,1,1.0860393495436735
187803,1.5455864667564498,1,0.5662534289290468
319956,-1.36594740353794,1,-1.0492484626036231
284372,-1.21135268476124,1,-0.20506884556730715
375513,0.10270242484065,1,0.38233026931629044
188923,-0.412613304414995,1,-0.3969641995238336
188008,-0.5672080231916871,1,-0.1835625271859235
187787,0.566486581170729,1,0.7251604017340334
189029,-0.7475685284311641,1,0.6525511416311692
187778,-1.1082895389101102,1,0.06978076345638136
188218,0.411891862394037,1,0.2626461652408551
374743,0.17999978422899696,1,-0.06484839262408013
187981,0.128468211303432,1,-0.007142085696081327
188250,0.849910232261335,1,0.4804891131798343
375689,0.6437839405590771,1,-0.041964048801751475
190815,1.70018118553315,1,0.6604980979928127
374694,1.44252332090532,1,1.3659141767201695
2437263,-0.0261265074732607,2,0.7302608984287602
2437378,1.57135225321924,2,-0.021009851727472318
2437048,1.70018118553315,2,1.0302259369332771
374516,-0.20648701271273695,2,-0.034577557099981934
189245,-0.2580185856383,2,0.11360233639730294
189974,0.411891862394037,2,0.5558888851925111
376040,0.0511708519150843,2,-0.026385625633274932
188224,0.618018154096295,2,0.29125382629100205
187543,1.0045049510380302,2,0.588234457278235
374749,0.901441805186898,2,0.1830051334098517
375823,0.824144445798553,2,1.2485988490196978
374941,-0.154955439787171,2,-0.4836810695444858
2437282,1.64864961260758,2,1.0785694839384192
189949,-0.6960369555056,2,-0.37176328008783177
318176,-2.16468678388419,2,-2.2283958727416278
375527,1.03027073750081,2,0.4141565113560722
283598,-0.670271169042816,2,-0.7402401857509071
188976,-0.283784372101084,2,-0.1917024545689486
283638,0.386126075931255,2,0.5163190370469705
374894,-0.154955439787171,2,0.06824888159251975
187730,0.849910232261335,2,0.23806599435626336
189282,-0.3868475179522129,2,0.17409961798170753
188058,0.205765570691779,2,-0.2619747896844905
189267,0.489189221782384,2,0.45092714686460916
189889,-0.7218027419683821,2,0.45571553103612816
188872,-3.1695524559326897,2,-1.874515591322821
190170,1.15909966981472,2,0.6972953232087498
283778,-0.20648701271273695,2,-0.5181280328790758
373739,-1.34018161707516,2,-0.924385802436544
375794,-2.03585785157027,2,0.3274559990591481
283914,-0.335315945026648,2,0.5996502466270679
187501,-0.20648701271273695,2,0.09600714367161367
374154,-0.515676450266124,2,-0.8336126301053913
187955,0.17999978422899696,2,0.008306527774886987
190238,0.36036028946847104,2,-0.7418377755076738
374190,-0.6187395961172529,2,-0.6823871452868981
188248,-0.103423866861608,2,0.13267531596464577
284236,0.205765570691779,2,-0.08695136886063402
375802,1.36522596151698,2,1.0830433512714013
187528,0.7210812999474241,2,0.10095448159141807
374638,1.21063124274028,2,1.1258789010122934
187544,0.7468470864102059,2,0.40211271349855626
188934,-0.412613304414995,2,-0.47151729672751785
188497,-0.799100101356727,2,-0.938086562189325
190114,-1.26288425768681,2,-0.9067677803632933
189025,1.10756809688916,2,0.9298752056548155
373627,-0.283784372101084,2,-0.14845177638427404
375037,0.386126075931255,2,0.46814693773468896
187687,-0.7218027419683821,2,-0.15509983460793741
373468,0.205765570691779,2,-0.04902233441755319
375744,-2.7315340860653903,2,-1.3975997977964894
188197,1.03027073750081,2,0.3402254079551529
373654,0.618018154096295,2,0.2826438236880589
188532,1.5455864667564498,2,1.0552951269163136
188093,0.0254050654523027,2,-0.0664004649905994
188036,1.15909966981472,2,-0.060179785537885055
375896,0.489189221782384,2,0.2898100619043141
375710,1.2363970292030702,2,1.0166143165426051
189003,-0.670271169042816,2,-0.3771258076889004
373760,-0.644505382580035,2,-0.7077270507886867
188405,-2.62847094021427,2,-1.3305624400752498
188328,-1.4947763358518502,2,-0.286060138324388
283104,-1.39171319000072,2,-0.44923829231421136
374969,0.205765570691779,2,-0.20081333307980326
188427,0.0254050654523027,2,0.13498957079958745
374062,-0.43837909087777693,2,-0.4809767948532387
190807,1.05603652396359,2,0.49187994096285975
190782,-0.0776580803988264,2,0.46548176328955676
188558,-1.93279470571915,2,-1.5302931078047983
190163,0.7210812999474241,2,-0.14490785977391762
190081,0.2830629300801261,2,0.32190930213076785
188075,2.47315477941661,2,0.1986459495285618
188704,0.2830629300801261,2,0.0017154260109253326
188254,1.5455864667564498,2,1.1690980208105075
284272,0.2830629300801261,2,0.6422870435222988
187791,0.9787391645752448,2,0.4686847031733604
284357,1.1848654562774998,2,0.11051683131746315
187763,0.514955008245166,2,0.3739026410460602
189234,-0.20648701271273695,2,-0.1321505904276303
187974,0.36036028946847104,2,-0.042353793161450895
188780,-0.670271169042816,2,-0.3318278398198843
375016,-3.11802088300713,2,-2.5857380497311917
375372,-0.953694820133422,2,-0.687844320652951
188970,0.6437839405590771,2,0.38859625462470226
190802,1.26216281566585,2,1.667645473103219
190709,-0.6187395961172529,2,-0.6784621105717661
2437267,0.6953155134846399,2,0.5844526603191792
374158,0.927207591649682,2,0.3737858670841219
190195,-0.902163247207856,2,-0.9209520675428091
283163,0.154233997766213,2,-0.019227906554045767
283416,-0.43837909087777693,2,0.24228399978946896
375024,1.03027073750081,2,0.7474294160945928
283665,-0.5672080231916871,2,-0.23177189270854281
308253,-0.7218027419683821,2,-1.1017442571664984
187678,-0.2580185856383,2,0.5011549092495915
374681,0.8756760187241159,2,0.8148990208121552
373795,-2.70576829960261,2,-1.379656741813666
283623,-0.3868475179522129,2,-0.06979823188024194
373485,-1.28865004414959,2,0.060166266568769486
188363,-1.4174789764635,2,-0.7515802755019667
189744,-0.515676450266124,2,-0.2149689098658749
374974,0.952973378112464,2,0.38316438796565333
187663,1.59711803968202,2,1.1765105455307148
187704,0.0254050654523027,2,0.1437989101652612
189804,-0.283784372101084,2,-0.0821651416406452
189138,1.7259469719959302,2,0.6877323497364171
188025,1.70018118553315,2,0.8401610199379613
375728,-0.6960369555056,2,0.08318856024447321
375956,1.70018118553315,2,1.594342640347574
283232,-1.18558689829846,2,-0.7898742193893465
188846,-0.00036072101047902595,2,-0.05357706451058729
189856,-0.541442236728906,2,-0.6484493446889041
187986,0.514955008245166,2,0.7042313593262789
189971,0.386126075931255,2,-0.13312839983307137
375315,-0.23225279917551894,2,0.23123741122427208
375745,-2.52540779436314,2,-1.1769303870137098
188636,-1.5205421223146298,2,-0.9088840935952528
190058,0.6953155134846399,2,0.38817138075935764
188349,0.7726128728729871,2,0.383213418052508
187903,1.59711803968202,2,0.30338132718462385
374629,-0.43837909087777693,2,0.3675049937497831
375608,0.128468211303432,2,1.03918141034737
284165,0.23153135715456105,2,-0.23785991037096296
283431,-0.773334314893945,2,0.02721606706716109
189955,1.26216281566585,2,0.11331640231101912
187886,1.3394601750542,2,0.3300329180723223
374689,0.618018154096295,2,0.6387077568751647
283790,-0.6960369555056,2,-0.6470397871991036
188577,-0.2580185856383,2,0.295182340175592
188501,-0.0518922939360447,2,-0.4946163001713595
373635,-0.799100101356727,2,-0.34716028492118317
187954,-0.18072122624995496,2,-0.2077973799373254
189077,-0.824865887819511,2,-0.7696020997672971
187765,0.33459450300569,2,0.07854915927447333
283828,0.128468211303432,2,-0.147567393405049
375850,1.6228838261448002,2,1.1388041807728897
2437286,0.7597299796415959,2,0.6575674840280409
283667,-0.0261265074732607,2,0.1613092964358445
190811,-0.799100101356727,2,-0.5164675793500507
188506,0.0511708519150843,2,-0.8638894681265756
188113,-0.12918965332439,2,-0.054267185994607614
188370,0.2830629300801261,2,0.024768765766103536
373770,-2.26774992973531,2,-1.408424259435697
375621,0.824144445798553,2,0.7107320919527871
284327,1.5455864667564498,2,1.0129684606312963
188472,-1.18558689829846,2,-0.5156425922862072
189766,-0.953694820133422,2,-1.2240989511483662
283177,-3.24684981532104,2,-2.109035289822803
188102,-0.412613304414995,2,-0.03298967962997017
190817,-0.3868475179522129,2,-0.9893710913258187
190774,0.540720794707948,2,0.27498216753724625
187757,-2.37081307558644,2,-1.312021450693488
188324,0.17999978422899696,2,0.2019669282522102
375560,-0.773334314893945,2,-0.545815842957803
375628,-0.799100101356727,2,-0.40750951753829134
374513,-0.850631674282293,2,-0.9104356282413382
374445,0.849910232261335,2,0.1459261657045098
187481,-1.82973155986802,2,-2.002069326130912
187758,-0.8763974607450742,2,-0.7599658463546549
187729,-0.00036072101047902595,2,-0.14771042511105506
2437258,1.51982068029367,2,1.1971788712684321
188777,-0.902163247207856,2,1.297610660334221
375991,0.386126075931255,2,1.1546143568966798
189630,-0.902163247207856,2,-0.7219674668598723
284303,-0.43837909087777693,2,-0.18218319402147512
375820,-0.2580185856383,2,0.8151612339729483
190124,-1.00522639305899,2,-0.8161055183486341
375743,0.30882871654290805,2,-0.8572112595744557
190063,-0.92792903367064,2,-0.7728013244897712
188956,0.8756760187241159,2,0.2935979397455666
187518,-0.644505382580035,2,-0.13000235561207085
187833,0.2830629300801261,2,-0.07508896833940018
374759,2.2026140215574,2,1.27243447380583
188979,-1.23711847122403,2,0.5246355069000859
375620,0.0640537451464775,2,0.3838509105426118
374663,-0.283784372101084,2,0.049096195537734574
188220,-0.20648701271273695,2,-0.018972786312079867
189005,-0.103423866861608,2,0.3241838093101726
187756,-0.43837909087777693,2,0.11656481137992038
188383,-0.644505382580035,2,-0.11034278135463181
189894,-1.9070289192563603,2,-1.0567755451364975
336477,-2.2162183568097498,2,-2.2323027323386073
283833,-0.283784372101084,2,0.2230517897660399
190728,-3.60757082579999,2,-1.6906000823926395
374174,0.7983786593357691,2,0.4154985368860923
374620,0.514955008245166,2,0.04070719366612711
189749,-2.52540779436314,2,-2.5363547146712393
190045,-0.824865887819511,2,-0.7172476280816277
374535,-0.00036072101047902595,2,0.1536893865356933
374659,0.154233997766213,2,0.44733809373902
187713,-0.4641448773405579,2,-0.7838567582159749
375590,-1.00522639305899,2,-1.0470607867621133
283802,-1.18558689829846,2,-0.4784932006132672
373522,0.785495766104378,2,0.9270351133621585
188104,0.205765570691779,2,0.47292179398796613
189042,-0.670271169042816,2,-0.3961516716752366
374139,-0.2580185856383,2,0.4312152602124062
374474,0.9143246984182892,2,0.21385916768973673
375243,2.08666798247488,2,0.6004640329655843
189090,0.128468211303432,2,0.17698229177252767
374001,0.514955008245166,3,0.05024587093317719
375500,0.669549727021858,3,0.3930587839326325
375839,1.41675753444254,3,0.9807519065282415
190089,0.2830629300801261,3,0.11070995256400912
189046,0.205765570691779,3,0.21517588107631644
189421,-1.08252375244733,3,0.4564382269889575
189076,-0.644505382580035,3,-0.4744896548393217
187988,0.7726128728729871,3,0.8313056076076557
189829,0.0769366383778683,3,0.2666938519056535
190141,-0.154955439787171,3,-0.28723381419150945
187875,0.386126075931255,3,0.23893218353483506
188425,0.7468470864102059,3,0.6572263259305867
188957,-1.28865004414959,3,-0.07317933112974964
189809,-0.773334314893945,3,-0.6604958025565355
188137,-1.4174789764635,3,-0.8004455772141094
2437280,1.7259469719959302,3,1.2011375223235434
187458,-0.0518922939360447,3,0.40284016066568806
190067,0.7210812999474241,3,-0.0002602069451017085
283769,0.17999978422899696,3,-0.8990606805436474
188287,-0.979460606596203,3,-0.066365359440133
190160,-0.6187395961172529,3,-0.3953674561752484
375746,-2.4996420079003503,3,-1.9071806991012836
284215,-0.20648701271273695,3,0.18053491603779534
187676,0.566486581170729,3,-0.6083019686007489
187919,-0.644505382580035,3,-1.0427426865174199
187853,0.257297143617342,3,-0.06109015748666262
188105,-0.412613304414995,3,0.3243776430822353
373675,1.5455864667564498,3,0.5337437545275344
283859,-0.412613304414995,3,-0.219349866676273
190199,0.17999978422899696,3,0.596760218381008
187889,-0.5672080231916871,3,-0.85938486502256
187976,-0.850631674282293,3,0.38656257030167646
188994,-0.6960369555056,3,-0.20834464244727022
374937,-0.2580185856383,3,-0.5231007094133222
187587,1.05603652396359,3,0.4543245116580515
189091,1.36522596151698,3,1.3904516947796524
189684,0.154233997766213,3,0.4147008015555974
374610,-0.154955439787171,3,0.28525298072499194
187491,1.3394601750542,3,0.44079909588946214
374623,-0.3868475179522129,3,-0.7500256089251488
190792,1.03027073750081,3,0.009256372707476663
189632,-0.20648701271273695,3,-0.3042003748706525
188452,-0.6960369555056,3,-0.019854187765737556
375573,0.10270242484065,3,-0.09798565698773765
190277,-0.799100101356727,3,-0.6950540373342472
188757,0.23153135715456105,3,0.8922168204379515
187892,1.9320732636981897,3,1.5150596816686586
374662,0.927207591649682,3,0.7216641953486649
188893,-0.7218027419683821,3,-0.2897446777951364
187702,-0.00036072101047902595,3,-0.22488197294879994
374913,1.03027073750081,3,0.945905415973049
189004,0.128468211303432,3,0.15459176901783953
188018,0.6437839405590771,3,0.5866790615264135
187700,-0.36108173148942896,3,-0.0026995957428978153
308212,0.411891862394037,3,0.4009543207026208
188402,0.669549727021858,3,0.33101881595505817
189757,-0.824865887819511,3,1.2080104840620325
284338,-0.43837909087777693,3,-0.4162241435853895
283712,-0.6187395961172529,3,-0.49699963539544234
189233,-0.2580185856383,3,0.00922489903727668
188410,-1.70090262755411,3,0.05335788001625847
187548,0.9787391645752448,3,0.22344819063876561
189194,-0.7218027419683821,3,-0.8877335165977023
373506,1.3394601750542,3,-0.6356607676680788
374092,-0.0776580803988264,3,0.07168153387980328
283753,0.901441805186898,3,0.7538691846926628
187879,1.0045049510380302,3,0.4445766913155409
188064,0.154233997766213,3,-2.104774116514942
283792,0.9400904848810728,3,0.6419434354703611
375383,-0.670271169042816,3,-0.057005052275168694
283813,-0.23225279917551894,3,-0.2393073485923697
189337,-0.824865887819511,3,-0.6378268599928666
188603,-0.6187395961172529,3,0.17904137305758958
188927,0.7468470864102059,3,-0.4483678900942429
190175,0.824144445798553,3,0.3002873544058821
188157,0.2830629300801261,3,0.4867734281377266
375013,0.0511708519150843,3,-0.27512736612388394
375934,1.31369438859141,3,0.8161781637357678
374362,0.411891862394037,3,0.5389465087252873
188942,0.10270242484065,3,0.2029744538760425
376001,0.33459450300569,3,1.2396328311214606
374110,0.489189221782384,3,-0.7143250546602613
188413,0.7983786593357691,3,-0.05554991485143572
373773,-1.1340553253729,3,-1.233673274353871
283838,1.80324433138428,3,0.8461337438877785
2436902,-0.30955015856386603,3,-0.45214321055382906
190184,-0.30955015856386603,3,-0.2897899118678476
374553,1.3394601750542,3,0.5507011305110432
284145,1.31369438859141,3,1.0540683653749623
283165,-0.283784372101084,3,-0.7265028906496062
376050,-2.37081307558644,3,-2.3218535255328376
374371,0.36036028946847104,3,0.7306537484406592
188466,-0.36108173148942896,3,-0.13191163211320833
187530,-0.20648701271273695,3,-0.13132547423159271
187561,-0.824865887819511,3,-0.4680796852771708
283707,0.7210812999474241,3,0.7148440457166901
189021,-0.43837909087777693,3,0.786683167076646
190804,-0.36108173148942896,3,0.09074476490957957
283726,0.618018154096295,3,0.489311379480328
373690,1.85477590430984,3,0.8835590303193801
375662,1.2363970292030702,3,0.7383731189770522
188286,-0.103423866861608,3,-0.16057636344651655
187850,0.7210812999474241,3,0.19661040374163888
189032,-0.902163247207856,3,-0.33617624957241815
373745,0.489189221782384,3,0.3855680081010805
374451,1.7774785449215,3,1.0340406126363653
189292,0.0254050654523027,3,-0.07963650843662534
336479,-2.1389209974214,3,-1.4090033278220961
284239,-1.36594740353794,3,0.5492550569744569
375835,1.66153250583897,3,0.6999658802759067
187840,1.13333388335194,3,0.33511773262561484
189690,-0.154955439787171,3,0.36234539098455865
188374,1.05603652396359,3,0.9150940468414055
187760,0.2830629300801261,3,0.6780822135917719
188079,-0.541442236728906,3,0.6823496554258771
375465,0.8112615525671619,3,-0.37317047711191964
375788,0.566486581170729,3,-0.1642377787237093
187457,0.6953155134846399,3,-0.6785991666069424
374112,0.952973378112464,3,0.07839092496504421
188076,1.05603652396359,3,0.9671933008616319
187852,0.10270242484065,3,-0.253791839616643
283125,-0.00036072101047902595,3,-0.19629779191932267
187842,-0.283784372101084,3,-0.07053757407451304
189851,2.16396534186323,3,0.8617176576911707
188055,-3.11802088300713,3,-1.974209604710589
375940,1.36522596151698,3,0.8478108860395187
189278,-0.00036072101047902595,3,-0.005865845215403883
188316,0.205765570691779,3,-0.49916300726849294
375784,0.4634234353196,3,0.5030990114754414
187605,0.154233997766213,3,-0.14530892977191995
336481,-0.850631674282293,3,-1.6365746794445368
283789,0.4634234353196,3,0.7487521811468888
283763,-0.18072122624995496,3,-0.23249460926437765
187956,0.0511708519150843,3,0.18483819541751856
188444,-0.515676450266124,3,-0.4397281691685176
374017,0.23153135715456105,3,0.2154928200840417
189027,0.8756760187241159,3,0.01911322781797769
190127,-1.1082895389101102,3,-0.6663455774444709
187551,0.43765764885681896,3,0.35459094352760306
190274,-1.00522639305899,3,-0.5490802785847074
375917,-1.36594740353794,3,-1.3612551940939575
2437248,-0.5929738096544711,3,-1.1056309578497563
283300,-0.644505382580035,3,-0.10789785056746586
188114,-0.0518922939360447,3,0.5111988471629265
187579,0.23153135715456105,3,-0.005468238161883374
375883,-0.18072122624995496,3,0.08231740461131952
375556,-0.283784372101084,3,-0.28188656094464376
188899,-0.902163247207856,3,-0.7038514993500332
374398,-1.08252375244733,3,-1.3015154758584597
188785,-0.412613304414995,3,0.6125400875859619
375766,-2.6800025131398297,3,-2.7098904513813986
375006,-0.773334314893945,3,-0.7266143018256227
283139,0.4634234353196,3,0.20569230642456252
188321,-0.6960369555056,3,-0.34310077084815765
374483,0.128468211303432,3,0.018473124139279463
375625,1.2879286021286298,3,0.6709538672070033
187527,0.154233997766213,3,1.0455550426892424
375962,0.7726128728729871,3,0.530911814682566
374988,-0.6960369555056,3,-1.119079759356325
283176,0.514955008245166,3,0.05339518343677102
374064,0.43765764885681896,3,0.11435483268366314
190008,1.21063124274028,3,1.6645766120797814
375847,0.489189221782384,3,0.7865755267110474
188464,0.36036028946847104,3,-0.6631556940186997
374472,-0.7218027419683821,3,-0.4690864020258307
374413,2.00937062308654,3,1.0603208130553785
284209,-0.36108173148942896,3,0.46974918104538516
190800,-0.0261265074732607,3,0.20819430330973884
188012,-0.7218027419683821,3,-0.7138427596197834
375552,-0.4641448773405579,3,-0.2930232476512554
190780,0.2830629300801261,3,0.8828051421297193
373571,-0.979460606596203,3,-0.55169795738831
188702,0.33459450300569,3,0.09639732030802678
189048,0.7726128728729871,3,0.14665673083654684
283313,0.669549727021858,3,-0.24481229346245112
187654,-2.62847094021427,3,-2.185369469803568
187739,1.46828910736811,3,0.9305882728864818
190134,-0.283784372101084,3,0.07713919492195127
188038,0.618018154096295,3,0.8245760370839618
283132,-0.30955015856386603,3,0.3700015380315301
283766,0.0254050654523027,3,-0.14693259548609575
283757,0.952973378112464,3,0.6601748961581223
283456,-0.20648701271273695,3,-0.07114496137732769
188282,-0.4641448773405579,3,-0.631456835028571
374151,0.901441805186898,3,0.36978881873249303
375511,-0.283784372101084,3,0.22362873442004566
187573,1.15909966981472,3,0.5836533165376878
375411,-0.515676450266124,3,0.14133059555782015
317891,1.64864961260758,3,1.2409347767403143
189756,-1.28865004414959,3,-2.0624115927613924
318179,-1.05675796598455,3,-2.193444574195233
188896,-0.00036072101047902595,3,-0.4925882276513115
375838,-0.4899106638033421,3,-0.5603522498053027
374719,1.51982068029367,3,1.409777245887036
187793,-1.64937105462854,3,-0.40308220847131326
283970,1.2363970292030702,3,0.5639805102974523
283719,-1.9843262786447096,3,-1.7879093152350027
374368,1.4940548938308895,3,0.42694018196862515
283759,-0.00036072101047902595,3,-0.23350248052298223
190196,0.154233997766213,3,-0.7391073643596778
284192,0.952973378112464,4,0.5936771175247428
375645,-0.7475685284311641,4,-0.9834791091796561
283279,1.3394601750542,4,1.044443241561639
189626,-0.92792903367064,4,-0.7531109952423344
188292,0.43765764885681896,4,0.6380686577314425
373623,-0.953694820133422,4,-0.021314333405119134
188667,1.36522596151698,4,1.3835116515860337
375772,-0.4641448773405579,4,0.7465812116582686
188365,-1.1082895389101102,4,-0.26315713501047344
189944,1.7774785449215,4,1.4649750355054738
188510,-0.20648701271273695,4,0.2021805486729471
374745,0.7468470864102059,4,0.06107899836726025
187677,0.33459450300569,4,-0.1885944484461038
190101,-0.0261265074732607,4,-0.10991717339672054
376004,1.41675753444254,4,0.5106673503549174
283116,0.10270242484065,4,-0.14765321610736168
375708,0.10270242484065,4,0.5929496765372833
188229,0.10270242484065,4,-0.6265399501877713
188596,0.386126075931255,4,0.4798563060475541
187489,-1.46901054938907,4,-1.1960512749887673
187781,0.23153135715456105,4,0.6720915164983837
190055,-2.2162183568097498,4,-2.2556386364797363
318552,-1.18558689829846,4,-2.1293451744463403
187510,-0.23225279917551894,4,-0.55351042584864
189116,-0.6960369555056,4,-0.1979478648944952
188111,-0.412613304414995,4,-0.08705489875816819
375665,1.03027073750081,4,0.7265150461396075
188759,0.2830629300801261,4,0.665722551838053
374394,0.7726128728729871,4,0.7974877730615799
189299,-0.7218027419683821,4,-0.3703249154852123
187690,1.46828910736811,4,0.9805279535577035
375254,0.2830629300801261,4,0.5957263546307955
318549,-1.80396577340524,4,-1.8185244073170599
187574,0.10270242484065,4,0.2124615748428392
374530,1.31369438859141,4,0.3398451953965612
308254,-0.7475685284311641,4,-0.7985695468055997
375930,0.927207591649682,4,0.7769485918907589
189038,-0.92792903367064,4,-1.0347650499806624
189308,0.154233997766213,4,-0.4019360147026125
284069,-0.0261265074732607,4,0.13774814823613857
319954,-1.1598211118356798,4,-1.264566945537031
188912,-1.39171319000072,4,0.004926550995592225
283114,0.0769366383778683,4,0.4451494180879626
2437268,0.7210812999474241,4,0.0760384205694772
189224,1.3394601750542,4,0.43818924046718144
374339,0.43765764885681896,4,-0.14721955788579077
189712,1.2879286021286298,4,1.5431995148039936
187810,0.849910232261335,4,0.3148072994252421
373861,0.618018154096295,4,-0.4051855379350577
374011,0.205765570691779,4,-0.5442175764193496
189099,5.668112300801611,4,0.5144787778423809
374412,-0.902163247207856,4,-0.5165998787787148
187549,0.7210812999474241,4,0.11578470881676306
189928,-0.515676450266124,4,-0.7916272599997584
189133,1.6744153990703703,4,1.2331247207168154
189755,-0.8763974607450742,4,0.01785627176107283
375441,0.17999978422899696,4,0.11876398327780159
374741,0.592252367633511,4,0.6723615537655433
187609,0.36036028946847104,4,-0.722113480601108
189041,0.7726128728729871,4,0.8179964720240767
189628,0.257297143617342,4,-0.12989450975140374
187610,-0.36108173148942896,4,-0.1416092803815613
189805,-0.953694820133422,4,-1.4019212429371166
190088,0.43765764885681896,4,0.26090038685003986
375871,1.31369438859141,4,0.6778079782239131
374063,0.6437839405590771,4,0.1987454865495847
188190,-0.0518922939360447,4,-0.26872087916888393
189028,0.205765570691779,4,0.12929440378758522
283130,-0.18072122624995496,4,-0.2099175095815103
375342,-0.18072122624995496,4,0.6693830551647884
189254,0.10270242484065,4,-0.04431044647750066
189301,-0.36108173148942896,4,-0.6731433972778629
187906,-0.3868475179522129,4,1.4633669974435048
187567,1.7774785449215,4,1.052372480693751
283182,-2.11315521095862,4,-1.6671480392989737
375899,0.7983786593357691,4,0.408680543443936
187674,-2.9376603777676498,4,0.17871469810137222
283839,-1.31441583061237,4,-0.2522569592801508
187637,-0.30955015856386603,4,-0.3867434772345624
187699,0.36036028946847104,4,0.3644286294208018
187666,-2.6800025131398297,4,-2.21126523504059
189020,-0.6187395961172529,4,0.0008119466395602576
189803,0.10270242484065,4,-0.3104611527006897
319784,0.0769366383778683,4,0.132855163774284
317829,-1.7524342004796698,4,-0.9166299010827736
283432,-0.92792903367064,4,-0.6985731955757465
188152,0.33459450300569,4,0.4450753671179998
189243,-0.7475685284311641,4,-0.23239061154133664
376033,0.386126075931255,4,0.1670586534459932
284262,0.824144445798553,4,0.9168011254713813
187978,-0.00036072101047902595,4,0.04617427891873709
374253,0.514955008245166,4,-0.1968648123295559
189706,-0.335315945026648,4,0.46226777730291646
373912,-0.43837909087777693,4,-0.034874595550253074
188268,-0.283784372101084,4,-0.21016696328974097
374359,0.7468470864102059,4,0.36967212934752547
375395,0.592252367633511,4,0.25963878262225776
375933,0.540720794707948,4,0.014971131327329275
187469,-0.644505382580035,4,-1.0893757580064636
188314,-1.9843262786447096,4,-0.9795639492609594
189708,0.411891862394037,4,-0.799306012302864
283808,0.154233997766213,4,-0.004615658326324228
283779,0.43765764885681896,4,0.12781129371781308
190778,-1.46901054938907,4,-0.422927740928956
188202,-0.0261265074732607,4,0.04419757561679913
189008,1.3394601750542,4,-0.14757553201771637
190037,-0.36108173148942896,4,0.3620174690685045
189018,0.17999978422899696,4,0.27762291376857623
2437256,1.64864961260758,4,-0.9190494216914482
375460,1.41675753444254,4,-0.10758989802427384
189070,0.33459450300569,4,-0.33989156436291607
187911,-0.4899106638033421,4,0.3561911756017975
190140,-0.8763974607450742,4,-0.6825147980980437
190784,0.257297143617342,4,0.337715978917511
283722,-0.4899106638033421,4,-0.5690730408660881
188901,-0.7218027419683821,4,0.7898788200979237
188015,-1.08252375244733,4,-0.5161949754246064
189225,0.386126075931255,4,0.27232285337336704
189615,0.0769366383778683,4,0.4039807093057761
188019,0.411891862394037,4,0.7407810450679712
187717,1.7259469719959302,4,1.0988398850864562
187656,0.927207591649682,4,0.03727924696127404
187681,0.0254050654523027,4,0.4394113353260617
283772,-0.3868475179522129,4,0.16022264762300276
187686,-2.62847094021427,4,-2.016010005225933
188672,0.30882871654290805,4,-1.4116362322830671
190167,1.59711803968202,4,-0.4099409137018372
187914,-2.91189459130487,4,-1.2687987036387707
189980,-0.4641448773405579,4,-0.39592256272875903
187996,-0.23225279917551894,4,0.2656015288744614
188974,1.44252332090532,4,0.5403117499956405
187874,0.592252367633511,4,0.8363399839709547
374978,-1.00522639305899,4,-0.7207853699326161
190092,-1.21135268476124,4,-0.7514317883656474
187612,0.6437839405590771,4,-0.28772519820931863
188232,-0.850631674282293,4,-0.1837317651353972
375421,0.257297143617342,4,0.0076643303051997964
188398,0.0769366383778683,4,0.495964883185799
188764,1.10756809688916,4,0.7547362478901917
189842,-0.3868475179522129,4,-0.6093261122026239
374202,-2.62847094021427,4,-2.391454807936572
187604,0.128468211303432,4,0.3014399904845769
190103,-1.05675796598455,4,-0.6615386110511822
374678,0.0511708519150843,4,-0.033118388374357065
373780,-1.4947763358518502,4,-0.937465542434059
188984,0.952973378112464,4,0.14811227132782948
188067,0.8756760187241159,4,0.6077423287466086
375965,1.51982068029367,4,1.8042068244436433
187636,0.43765764885681896,4,-0.16687845217809982
189050,-0.3868475179522129,4,-0.4995824542402896
190757,1.36522596151698,4,0.6588147302057064
188329,-1.00522639305899,4,-0.33310637193730197
375391,-0.5672080231916871,4,0.3093043549947018
284369,-0.23225279917551894,4,0.4905552674825354
188733,-0.2580185856383,4,0.2395554764709241
375565,-0.3868475179522129,4,-0.7818760235964088
376018,-0.670271169042816,4,-0.27775177427694164
187585,1.05603652396359,4,0.4048018770967921
374386,1.51982068029367,4,0.43515234070271336
375524,0.540720794707948,4,0.3190994125218505
188781,-0.30955015856386603,4,0.33370475855305426
189797,0.411891862394037,4,0.251597554974603
375692,0.9787391645752448,4,0.09163845172006965
188246,-1.00522639305899,4,-0.9323713695305761
374013,0.824144445798553,4,0.939531855958116
188122,-0.00036072101047902595,4,-0.850734890564197
190734,-0.6960369555056,4,-0.5786409296815775
283105,-0.154955439787171,4,0.21624062090642832
375519,0.0769366383778683,4,-0.0075270968984336595
375017,0.0769366383778683,4,-1.0230326044305529
375790,1.03027073750081,4,0.3800169102021789
188001,0.33459450300569,4,0.2266246833149324
375627,0.205765570691779,4,-0.17120214030738232
190062,-0.18072122624995496,4,-0.012861221108392367
189049,-0.30955015856386603,4,0.09350437066413814
187776,1.21063124274028,4,0.971579932916766
374367,1.15909966981472,4,0.6121349308726908
374917,-1.46901054938907,4,-0.9988437173700456
374631,1.58423514645063,4,1.0628573169838094
374944,-0.103423866861608,4,0.14857874386115488
374568,-1.1598211118356798,4,-0.6031696717640737
375547,-0.773334314893945,4,-0.1627241444093684
189698,-1.05675796598455,4,-0.7583613987059692
188006,0.669549727021858,4,0.30265671254596155
190056,0.0511708519150843,4,-0.31732747241932896
188407,-0.23225279917551894,4,-0.2823564572052509
187535,1.80324433138428,4,0.8603518300084153
374696,0.7983786593357691,4,0.827759831037702
190164,0.489189221782384,4,-0.09762348382951325
189759,-0.824865887819511,4,-0.607005672137071
376012,0.257297143617342,4,0.1526530184781747
187995,-0.5929738096544711,4,-0.6045111958251945
187960,-0.850631674282293,4,-0.591280060263189
374148,-0.773334314893945,4,-1.0524613459190553
374086,0.0254050654523027,4,-0.2670075456374667
283230,-0.541442236728906,4,0.22800232973029907
375807,0.128468211303432,4,0.23317347599769375
373952,1.13333388335194,4,0.14411185446890093
373756,0.6437839405590771,4,0.17240982829909368
375747,-2.51252490113175,4,-2.107537900818609
373991,0.901441805186898,5,0.5255441583758422
374185,-0.670271169042816,5,-0.5573766020018612
284080,-0.644505382580035,5,-0.19726353461021098
283775,0.30882871654290805,5,-0.9306007000866894
375894,1.08180231042637,5,1.1975438253873443
187599,-1.64937105462854,5,0.19305210539301335
375706,1.22351413597168,5,0.7366028737199004
283121,0.9787391645752448,5,0.37267722793992336
190159,-0.5672080231916871,5,-0.7321581909852939
188822,0.7726128728729871,5,1.0626696959770296
374617,0.2830629300801261,5,0.3811757714775864
190150,0.30882871654290805,5,-0.9004325525303775
283157,0.154233997766213,5,0.7519684589379704
284100,0.154233997766213,5,-0.062313237704587285
189833,0.10270242484065,5,0.15221095375657415
188876,0.669549727021858,5,-0.30875030980190404
373980,-0.3868475179522129,5,0.34450206227241975
284322,0.952973378112464,5,0.4576098392070985
189686,-0.412613304414995,5,-0.45501233863703666
190144,0.0511708519150843,5,0.1766219926771128
373467,-0.902163247207856,5,0.359419598069288
375998,0.502072115013775,5,0.11899690612748293
375719,0.7726128728729871,5,0.7561838508004078
284278,-1.03099217952177,5,-0.9470871998511079
374414,1.21063124274028,5,1.4381816541715864
187972,-2.06162363803306,5,-1.3326710037530203
283819,-0.799100101356727,5,-0.27113148857454433
190203,0.7726128728729871,5,0.6752110643339342
319279,-2.03585785157027,5,-0.9261145078284647
373649,-0.36108173148942896,5,-0.06306418583867368
188445,-1.4174789764635,5,-1.0320823050695744
283110,1.05603652396359,5,1.2467299319988059
374691,1.68729829230176,5,0.7416460532643205
187887,-0.30955015856386603,5,0.11073287149665945
189241,0.0769366383778683,5,-0.4641360250865601
189786,0.205765570691779,5,0.6610845875537349
284002,-1.1340553253729,5,-0.835456580213953
188373,-2.5640564740573097,5,-1.2361442331165289
189862,1.03027073750081,5,0.28689253919952434
374740,0.618018154096295,5,0.6639008858015586
283815,1.44252332090532,5,0.4034345989972485
187834,0.411891862394037,5,0.11270137818613257
187464,-1.05675796598455,5,-0.5624694493160514
373674,0.824144445798553,5,0.5702599919634603
189168,-1.08252375244733,5,-1.109937179038371
189031,-1.34018161707516,5,-1.247339312921879
375704,0.489189221782384,5,0.4002011984678167
375972,0.2830629300801261,5,0.22459089223664652
374536,0.927207591649682,5,0.16777683789184952
188117,0.566486581170729,5,0.03357113467651603
190070,0.33459450300569,5,0.04494208547520435
375923,1.0431536307322,5,-0.6418444704134736
188384,-0.412613304414995,5,0.28545984397955293
190711,-0.799100101356727,5,-0.690917001522724
189081,0.0769366383778683,5,0.06492033584611573
188311,-0.979460606596203,5,-0.6520693446754035
189937,-0.92792903367064,5,-0.5867566734790431
283670,-0.0261265074732607,5,0.23249593959090886
375550,0.321711609774299,5,0.11733253195344283
375409,0.43765764885681896,5,0.1704490496304023
189895,-0.773334314893945,5,-0.7790163511755127
189629,-0.799100101356727,5,-0.5609658995281955
374995,-1.08252375244733,5,-1.2713221019298848
188239,1.5455864667564498,5,-0.0019025741262633671
374476,0.8756760187241159,5,0.9421120240270423
190813,-2.80883144545374,5,-2.352638058464267
374419,-0.541442236728906,5,-0.35419784761820794
189892,-0.3868475179522129,5,-0.5801167486419586
190039,-0.2580185856383,5,0.15691325887046317
373850,-0.515676450266124,5,0.08965398329565101
188448,-1.80396577340524,5,-1.5219516594346112
284334,0.386126075931255,5,0.5002763181170821
188415,-1.77819998694245,5,-1.5141522499049325
283183,-1.34018161707516,5,-0.7788040337108744
375368,0.7726128728729871,5,0.5504251967521067
283968,-0.4641448773405579,5,-0.020611551069252974
189996,0.0511708519150843,5,0.09396248589302682
374688,1.0045049510380302,5,0.9040425060805165
187817,0.553603687939338,5,0.26942766457328476
187546,1.31369438859141,5,0.9701090806192187
190669,-1.44324476292628,5,-1.6690573140941076
308009,-2.24198414327253,5,-2.0032302247784246
188306,1.26216281566585,5,0.8410205307280872
374147,-0.154955439787171,5,0.2342487070043467
188734,-0.6960369555056,5,-0.36812899507371083
189624,0.23153135715456105,5,-0.3513119629874064
374067,1.0045049510380302,5,0.0757254430031109
375551,-0.4641448773405579,5,-0.7451913479175463
284336,0.257297143617342,5,-0.05190097719393581
190132,0.0125221722209118,5,-0.4094969017441876
187675,2.4989205658794,5,0.7279267385805829
284025,-2.2162183568097498,5,-1.0858816150039032
190100,-0.7218027419683821,5,-0.5622882761004292
283751,-0.30955015856386603,5,-0.17059846871517778
318177,-2.2935157161981,5,-1.4608936873963323
187783,0.489189221782384,5,0.09955092139444761
187938,0.411891862394037,5,0.009805853349858687
187878,0.927207591649682,5,0.9532702911489512
187582,-0.283784372101084,5,-0.022391152679242805
190733,-1.64937105462854,5,-0.9187317394936219
308269,0.2830629300801261,5,-0.3908747780423801
375690,0.618018154096295,5,0.22970149205380325
375832,-1.28865004414959,5,-0.9014101903436634
375970,1.0431536307322,5,0.7463706659894547
2437377,0.6437839405590771,5,0.7333793640625172
188897,2.4989205658794,5,0.5977713589591963
189115,0.514955008245166,5,0.18329748837980175
187537,0.128468211303432,5,-0.26602507643744655
188083,1.1848654562774998,5,1.2919116954758763
283616,-0.20648701271273695,5,-0.27310202181772936
284202,0.6437839405590771,5,-0.471534223358055
190018,-0.12918965332439,5,0.07248201340435818
375727,0.205765570691779,5,0.8343567678497872
374108,-2.2162183568097498,5,-1.3627298761251283
374646,1.08180231042637,5,1.3813487768254868
375716,1.36522596151698,5,0.6934770063364766
283830,-0.670271169042816,5,-0.6620879494037036
189247,0.489189221782384,5,0.1455682090408963
190073,0.36036028946847104,5,0.5518458176739878
189913,0.0511708519150843,5,-0.5495515508612779
188121,1.3909917479797598,5,-0.10828459068963969
374103,-0.20648701271273695,5,-0.07351139177861203
375809,-0.0518922939360447,5,0.12356695044188343
187671,-0.18072122624995496,5,0.20712411122322374
189164,-0.30955015856386603,5,-0.396950364997022
189240,1.3394601750542,5,0.5370489574838488
188327,-0.902163247207856,5,-0.03764611987395732
188909,-0.6960369555056,5,-0.0014393016245285927
375993,1.26216281566585,5,1.2803986897189696
187769,0.6437839405590771,5,0.38475230794602283
188209,-0.7475685284311641,5,-0.6512206615739032
187560,0.566486581170729,5,0.3979103956892593
187631,1.98360483662375,5,1.271009337525812
189253,0.43765764885681896,5,-0.06235657984413725
188377,-1.26288425768681,5,0.08506167433904345
373793,-1.9843262786447096,5,-1.742417737758525
374712,-0.412613304414995,5,0.08319434166610319
188786,-0.18072122624995496,5,-0.24257456582099293
375952,1.9063074772354096,5,1.7478774947701525
283938,1.85477590430984,5,0.4264321966025988
283118,0.10270242484065,5,0.12647046372560883
187475,1.21063124274028,5,-0.6283596944897355
190458,-0.92792903367064,5,-0.5190024406086392
374607,0.386126075931255,5,0.6756889034548618
374640,1.59711803968202,5,1.2490034311917946
283312,1.5455864667564498,5,0.8248433821725175
284066,0.901441805186898,5,0.3118528212534872
283224,-1.18558689829846,5,-1.2554176519151896
375018,-0.824865887819511,5,0.1849428209960369
374388,-0.36108173148942896,5,0.36516684429006746
190818,1.80324433138428,5,1.2182635486052604
375679,0.43765764885681896,5,0.7616834655240152
375693,1.22351413597168,5,0.8578982265158085
189320,-0.670271169042816,5,-0.12202839606566991
375707,0.205765570691779,5,0.24055031655392858
189400,-0.0776580803988264,5,0.1480986758237566
187752,-0.18072122624995496,5,-0.09090541361594212
375664,1.21063124274028,5,0.616725979111688
190280,1.70018118553315,5,0.6954477928782823
187485,-0.541442236728906,5,-1.1965456161632813
375748,-2.83459723191652,5,-2.1110877443879845
187863,-0.3868475179522129,5,-0.9959331967525673
188932,0.0769366383778683,5,-0.2115845852162
187838,0.4634234353196,5,-0.03362730337003333
374616,-0.0776580803988264,5,0.9440853086815486
189014,0.154233997766213,5,0.36492272067727904
375394,-0.154955439787171,5,0.3064226070814952
374479,1.2879286021286298,5,0.9795739509444933
189864,-0.6187395961172529,5,-0.8248313854229958
374768,-0.12918965332439,5,0.3466119753310258
188536,0.128468211303432,5,-0.3146133591467368
375437,-0.00036072101047902595,5,0.2812576371818342
375851,-0.92792903367064,5,0.05628876605107192
374382,0.489189221782384,5,0.4442665720478192
284241,1.41675753444254,5,1.1702155801593375
373482,0.4634234353196,5,0.15869185219121118
375810,1.59711803968202,5,0.8647036590366265
283760,1.46828910736811,5,0.7424217160664354
187855,0.849910232261335,5,0.5210776856998303
374407,-1.1082895389101102,5,-0.4404312270336227
283199,-1.08252375244733,5,-1.6593210844858446
375739,-1.31441583061237,5,-0.10592083394041768
189232,-0.3868475179522129,5,-0.13939157644442762
187588,0.540720794707948,5,0.47606790281206085
188543,-0.0518922939360447,5,-0.3634756817200577
189666,-0.6960369555056,5,-1.032224730209715
283107,-0.283784372101084,5,0.9645094374800257
284291,-0.2580185856383,5,0.9447360535191293
283214,-0.799100101356727,5,-1.0203917881198459
374473,-0.7218027419683821,5,-0.8817346131613661
283229,1.03027073750081,5,1.0246224267689272
189063,0.6437839405590771,5,0.3726120176167076
374186,-1.21135268476124,5,-0.5488694728950932
375340,0.257297143617342,5,-0.14008358581382363
375779,1.26216281566585,5,0.422268540810908
190040,0.0254050654523027,5,-0.04474737139465388
375696,0.0254050654523027,5,0.5720661637933243
189670,-0.2580185856383,5,-0.08326687377998344
190808,0.30882871654290805,5,0.3897554484627428
190138,-0.283784372101084,5,-0.2009527203211863
283962,0.30882871654290805,6,0.3574882599327441
283604,-1.18558689829846,6,-0.40326068090301265
375417,-0.30955015856386603,6,0.10588273434644113
188630,-0.0261265074732607,6,-1.1540310052956575
283162,0.0769366383778683,6,0.6087742869894583
284265,-0.773334314893945,6,0.3863369331844648
283143,0.566486581170729,6,0.08546298104722161
189246,-0.103423866861608,6,0.03030551922393174
188355,-0.335315945026648,6,-0.165841815928894
190797,0.9787391645752448,6,0.5043662919187436
283825,0.0769366383778683,6,-0.40811797986498394
188463,-1.5978394817029802,6,-1.4440754799770297
374365,0.8756760187241159,6,0.21405501836843002
187667,-1.34018161707516,6,-0.8490820340413598
376049,-2.4481104349747898,6,-0.3350380487252951
189238,-0.4641448773405579,6,0.1418295619875433
187462,1.4940548938308895,6,0.6795324385413675
375931,0.7468470864102059,6,0.6153210481518725
336686,-3.33703006794078,6,-0.6697095189368715
190213,0.901441805186898,6,0.9049914583703914
188546,-0.0261265074732607,6,-0.40518867431922595
188958,0.23153135715456105,6,-0.6285564426334471
190186,-0.7218027419683821,6,-0.5875906631071927
189229,-0.20648701271273695,6,-0.05237922030947607
375765,-1.18558689829846,6,-2.2417700716626685
188978,1.2363970292030702,6,-0.32234016856766545
188423,-0.0261265074732607,6,-1.6395100387417705
375691,0.824144445798553,6,1.2206203573735708
373759,-0.7218027419683821,6,-0.04300060888807321
188992,-0.3868475179522129,6,-0.3777627253407209
283844,-0.12918965332439,6,-0.23262929024602758
374532,0.592252367633511,6,0.18923332819439118
373578,-0.902163247207856,6,0.16220272854015816
374204,-1.00522639305899,6,-0.4508804259941697
187888,0.205765570691779,6,-0.3807535205140439
283782,0.824144445798553,6,0.48310522752373763
187880,1.13333388335194,6,0.4793028271632484
374686,1.36522596151698,6,0.37223381453290216
187818,-0.979460606596203,6,-0.6446794699063005
189277,1.4940548938308895,6,1.1819553918195262
187975,-1.95856049218193,6,-1.2947387708656932
187710,-0.154955439787171,6,-0.35414801303059384
375875,0.154233997766213,6,-0.5028410136478138
375830,1.31369438859141,6,0.7697307253738396
189079,0.205765570691779,6,0.1980489949736283
187946,0.2830629300801261,6,0.5637693464348891
283600,-0.335315945026648,6,0.40448099679765315
375471,-0.7475685284311641,6,0.7846374242112523
190015,0.0769366383778683,6,0.24019042888682504
187979,1.2879286021286298,6,0.3651784436550882
187824,-0.0261265074732607,6,0.001557789389206744
188160,0.6437839405590771,6,0.1662582947731202
373615,-2.2162183568097498,6,-2.2816859565465113
336782,-0.335315945026648,6,0.22703092026064609
187998,-1.4174789764635,6,-0.6973550374838037
189991,-1.00522639305899,6,-0.4280384868536269
190137,0.566486581170729,6,-0.6277566967525577
284219,0.669549727021858,6,1.201849821476884
374680,0.9787391645752448,6,0.6165908702566493
190731,-0.20648701271273695,6,-0.2537287922557766
283054,-0.799100101356727,6,-0.09166021039021999
188053,-0.00036072101047902595,6,-0.2302392247345827
374658,0.386126075931255,6,0.8638357003227398
187541,-0.799100101356727,6,-0.5088020222842088
189964,0.669549727021858,6,0.27650362820154883
373628,0.927207591649682,6,-0.9015436951035112
189972,0.128468211303432,6,-0.02840022560954228
308008,-3.4529761070233,6,-1.4260815950401355
187945,0.23153135715456105,6,0.2965881457913756
376027,0.901441805186898,6,0.9698568051264901
187712,-0.335315945026648,6,0.20001281289720138
189840,1.26216281566585,6,0.8692741926575382
187749,0.618018154096295,6,0.3875679555171884
374484,0.618018154096295,6,0.24106245630459264
189047,-0.0518922939360447,6,-0.24032296278280463
187983,0.7726128728729871,6,0.7054263913749605
375640,1.68729829230176,6,1.3626364209351456
284371,1.10756809688916,6,0.1770679081478595
375410,0.154233997766213,6,0.35443081551281
187893,0.0769366383778683,6,0.03419525706655313
375736,0.849910232261335,6,0.39269513494261155
187819,-0.92792903367064,6,-0.2572179886541692
188947,0.154233997766213,6,-0.2629396645468858
2436999,1.59711803968202,6,1.2047397995169544
189001,1.41675753444254,6,0.14237151943937573
188443,0.386126075931255,6,-0.7937422737772422
375432,0.7468470864102059,6,0.8488468247196997
375591,-0.5929738096544711,6,-0.42032596498198765
374956,0.7726128728729871,6,1.263680396238142
374436,1.85477590430984,6,0.9022977556138317
188103,-0.6187395961172529,6,-1.6939330835070976
187801,-0.8763974607450742,6,-0.5312723129543163
375062,0.618018154096295,6,0.4054337014784132
188172,0.23153135715456105,6,0.11243810821169814
189887,-0.541442236728906,6,-0.7003483007135265
375446,0.205765570691779,6,0.23468515643324814
374374,0.386126075931255,6,0.11853928166220025
188922,0.566486581170729,6,0.8885613521566242
190035,-0.902163247207856,6,-0.73948752797793
189753,-0.5929738096544711,6,-0.5755296907782276
187473,1.03027073750081,6,0.4453163156282905
375455,0.154233997766213,6,0.017503907152895598
374621,0.411891862394037,6,0.34710580584953415
189024,0.17999978422899696,6,0.03476935356030906
188362,-1.1082895389101102,6,-0.8089843578324979
375641,-1.08252375244733,6,-0.8735655205202519
187985,-0.43837909087777693,6,0.26375454407860877
283311,0.514955008245166,6,-0.3189765597423847
283448,-0.12918965332439,6,0.40402480217732717
189956,-0.4641448773405579,6,0.3360102919018449
188291,0.128468211303432,6,0.18248403190351234
308011,-0.103423866861608,6,0.5038076731435466
188211,0.592252367633511,6,0.4747704488197181
188110,-0.6960369555056,6,-0.013039757527057475
373651,0.257297143617342,6,-0.1520081893214088
283770,0.0511708519150843,6,-0.41047378692417025
375540,-0.773334314893945,6,-0.6676775258578377
187589,1.80324433138428,6,1.1654445255650778
373481,-1.23711847122403,6,-0.8137898595046057
188895,0.7726128728729871,6,0.1941663181579725
187728,-0.0518922939360447,6,-0.1325908629057685
190708,0.540720794707948,6,0.14986989377472065
375749,-0.4641448773405579,6,-1.3039887370608485
188765,-0.773334314893945,6,-0.4175522533786716
373863,-1.46901054938907,6,-1.0233793779777394
373509,0.30882871654290805,6,0.605271802234409
374608,0.10270242484065,6,-0.2952232963948917
187814,0.43765764885681896,6,-0.6219099749564712
187941,0.540720794707948,6,0.22965226236363898
188302,-0.644505382580035,6,0.0004640708008443196
2437266,0.514955008245166,6,0.5292726676853629
190116,-0.2580185856383,6,-0.14070373997150024
374504,-2.91189459130487,6,-2.1166118545833497
189790,0.7726128728729871,6,0.5892795939381772
375458,-3.58180503933721,6,-2.800763571259377
189015,-0.6187395961172529,6,0.2137438026115912
188475,0.17999978422899696,6,0.06949954902779264
375842,1.3394601750542,6,0.5518440491075975
283823,-1.1340553253729,6,-0.361141523076504
190139,-0.18072122624995496,6,-0.17199488995241136
189013,-1.54630790877741,6,-1.046673739506568
190162,0.30882871654290805,6,0.44601804289624425
188382,-0.30955015856386603,6,-0.11212795521354461
283715,-1.03099217952177,6,0.5877627586286402
187556,1.3394601750542,6,0.9012953433909191
188345,-2.1389209974214,6,-1.6069419737100925
374527,1.41675753444254,6,1.3662432769709587
375941,2.03513640954932,6,1.1684862470863868
189223,-1.5205421223146298,6,-0.08801288707809153
188898,0.17999978422899696,6,-0.06412159349381852
188742,-0.43837909087777693,6,-0.7520645721656657
374517,-0.6187395961172529,6,-0.7809686419009779
188061,1.82901011784706,6,1.0064239268944752
283427,1.21063124274028,6,0.6094043497675716
189244,0.4634234353196,6,0.4224436530644046
376022,-0.7475685284311641,6,-0.03435736584215857
187795,-0.43837909087777693,6,0.5403933689740418
187514,0.566486581170729,6,-0.6968866951674246
375564,0.6953155134846399,6,0.3558748202420366
187883,0.8756760187241159,6,0.4491814905721603
283128,0.6953155134846399,6,1.2799415184230503
189230,-0.824865887819511,6,-0.9805733066860512
188094,-1.64937105462854,6,0.738905476954336
283158,1.6744153990703703,6,0.8862170197667391
189287,-0.6960369555056,6,-0.84086471896448
284024,-2.11315521095862,6,-1.918754887034619
189134,-0.541442236728906,6,-0.89037187848595
188092,-0.7475685284311641,6,-0.12694232287539658
189811,-0.43837909087777693,6,0.06651281731871224
283138,0.7468470864102059,6,0.9139314798704241
376000,-0.5929738096544711,6,0.12439162799230775
189883,-0.515676450266124,6,-0.2795303998048635
189384,-0.335315945026648,6,0.10670177777071807
188214,0.0511708519150843,6,0.501232264375142
375579,0.4634234353196,6,0.557681304278815
190732,-0.0261265074732607,6,-0.5604374579365792
188201,-0.4641448773405579,6,-0.0722492091415661
190036,-0.8763974607450742,6,-0.032517563261774594
190191,-0.154955439787171,6,-0.12889065707300001
188825,-1.4174789764635,6,0.2472376515513255
374416,0.8756760187241159,6,0.5994506045742782
374377,-0.644505382580035,6,-0.7291035008190879
187576,0.566486581170729,6,0.4851268000280853
375642,0.669549727021858,6,0.10142072236397431
189250,0.4634234353196,6,0.25144521112463475
375549,-0.6187395961172529,6,0.044976198044949324
2437252,1.10756809688916,6,1.1832622558441355
187539,1.5455864667564498,6,0.9234845980257811
188317,0.36036028946847104,6,-0.4468399086381838
374545,1.64864961260758,6,0.5204046320652158
374213,-0.20648701271273695,6,0.5618110581535293
188056,0.514955008245166,6,0.21186768815808973
189977,0.540720794707948,6,0.6554529007963755
283776,0.618018154096295,6,0.7228883084385264
189871,-0.43837909087777693,6,0.04267751105328979
374599,1.15909966981472,6,1.1252505794116903
375825,0.7983786593357691,6,0.6355360972026035
284279,-0.515676450266124,6,1.0702281828063793
283359,2.0609021960121,6,1.6628599520778777
283447,-0.18072122624995496,6,-0.36131576742965144
283727,0.824144445798553,7,0.454744089108507
283252,0.154233997766213,7,-0.6281176887785318
187856,0.592252367633511,7,0.5381624360107137
188930,-0.103423866861608,7,0.26185871856378606
187731,0.257297143617342,7,-0.17071834642322112
190278,-0.20648701271273695,7,0.351924095993942
374934,0.23153135715456105,7,1.4622938882078829
283989,0.849910232261335,7,0.4067441872557398
189869,-0.4641448773405579,7,0.23784795083635837
187794,0.592252367633511,7,0.03420691854530306
189043,-0.5672080231916871,7,-0.2696858848675821
189689,-0.515676450266124,7,-0.5336580049476144
189084,-0.953694820133422,7,-0.8584739822076806
188386,0.514955008245166,7,0.858267495702995
374541,-0.20648701271273695,7,0.22736251844429517
374742,-0.18072122624995496,7,-0.13278812169794027
189107,-0.902163247207856,7,-1.0925237697626864
189433,-1.18558689829846,7,-0.7800001641351587
189280,-0.2580185856383,7,0.20123408415144028
375694,0.9787391645752448,7,0.5424702184883223
187766,-0.20648701271273695,7,0.045204366307536915
188429,2.7823442169700003,7,0.6515435984450888
188434,-1.93279470571915,7,-1.2347806224796154
283597,-0.850631674282293,7,-0.7591622336737481
189109,-1.34018161707516,7,-1.09206200954991
189723,-0.43837909087777693,7,-0.6009330500091222
189153,-0.8763974607450742,7,-0.8975044021761807
189872,-0.335315945026648,7,-0.37389727813472307
189631,-0.6187395961172529,7,0.08351623144087651
189623,0.0254050654523027,7,0.1755962419905343
188054,1.1204509901205502,7,0.6628137434008694
190143,-0.18072122624995496,7,2.050330924487271
188037,0.901441805186898,7,1.361607080495207
187754,1.05603652396359,7,0.2863529084012032
189957,0.489189221782384,7,0.4758113317571663
187869,0.36036028946847104,7,0.45543743951341403
374961,1.98360483662375,7,0.3508257885648962
284354,-0.644505382580035,7,0.4177019179633323
187968,-0.30955015856386603,7,0.36300074288885104
375577,0.257297143617342,7,0.8448474346520457
188861,-0.7218027419683821,7,-1.152543876035497
375355,-0.541442236728906,7,0.25306544833758765
188820,-0.670271169042816,7,-0.3909903735395069
283160,1.44252332090532,7,0.4244431020997525
283231,-0.644505382580035,7,-1.0232623565582788
336685,0.43765764885681896,7,0.3705282599793248
375553,-0.7218027419683821,7,-0.12259339529487447
188336,-1.36594740353794,7,-0.7773957575126615
189289,-1.18558689829846,7,-0.4324306761927192
187647,-0.515676450266124,7,-0.28704332072652927
188222,0.257297143617342,7,0.4659894872335975
189030,-0.36108173148942896,7,-0.007801428095132871
375845,1.0045049510380302,7,0.9522417782960078
187901,-2.16468678388419,7,-0.7515499796393226
374160,1.05603652396359,7,0.40726549218072045
374665,1.41675753444254,7,1.2406992450055483
374622,-2.0100920651074903,7,-0.9772918030073938
283950,2.39585742002827,7,1.140218936064112
308006,-0.979460606596203,7,-1.3158424391394374
188146,-0.3868475179522129,7,-0.566256604978197
374551,-0.00036072101047902595,7,0.627558051853957
187718,1.31369438859141,7,0.7409825432556745
375393,0.514955008245166,7,0.6684836156293416
375498,0.386126075931255,7,0.7009388618412878
283767,0.824144445798553,7,-0.4317081354034427
375994,1.51982068029367,7,0.35738022096293715
189667,-0.799100101356727,7,-0.41671018286981015
188330,-0.0776580803988264,7,-0.18604431512962047
187562,-0.103423866861608,7,0.5106917268827449
187508,-1.77819998694245,7,-1.0300564193542001
319284,0.2830629300801261,7,0.9475032721411881
187924,1.08180231042637,7,-0.009407473529976973
187479,-1.31441583061237,7,-0.6672511771856027
187725,0.2830629300801261,7,-0.24561878066728252
188816,-0.902163247207856,7,-0.627691151296476
375569,0.257297143617342,7,0.10203881535281083
187930,0.618018154096295,7,0.1685329186038316
188980,0.4634234353196,7,-0.4040226400799856
319282,-0.6187395961172529,7,-0.06114322328476438
188027,0.205765570691779,7,0.18835770318684006
187714,0.2830629300801261,7,0.21804992209881136
187805,1.5455864667564498,7,0.26321160985662767
190129,-0.979460606596203,7,-0.6257303954735619
284312,0.566486581170729,7,0.7935091862236906
283119,0.411891862394037,7,0.04222658736982609
373743,1.05603652396359,7,0.6487742518798558
188840,0.618018154096295,7,-0.06384434248952062
188492,-1.62360526816576,7,-0.29111122374647386
190434,-0.0518922939360447,7,-0.47520349168571213
375755,-0.23225279917551894,7,0.18489057414353416
376013,-0.7218027419683821,7,-0.2152348010375113
187958,0.154233997766213,7,0.5128108106024984
187904,0.17999978422899696,7,0.6300668413509248
375454,-0.18072122624995496,7,0.3330269456515632
375626,-0.43837909087777693,7,-0.6524801078059337
187648,1.41675753444254,7,0.7321598354712521
283777,-0.773334314893945,7,0.22256648803242698
190403,-0.23225279917551894,7,-0.5447976080666982
374145,-1.28865004414959,7,-1.1498688539665116
375453,0.849910232261335,7,0.8566149638351288
283656,-0.399730411183604,7,-0.3724874171195007
187515,-0.541442236728906,7,-1.1536170370517977
374003,0.128468211303432,7,-0.07868411073498573
373730,-0.515676450266124,7,0.3655147168059331
189221,-1.46901054938907,7,-0.6992566606648535
187523,0.30882871654290805,7,-0.7274245174992409
188944,-0.154955439787171,7,0.23586148105209961
375274,0.669549727021858,7,0.6651412194031419
374109,-1.95856049218193,7,-2.384581942205797
188601,-1.03099217952177,7,-1.092911276937419
187606,1.5455864667564498,7,1.2969629003851084
189927,-0.5672080231916871,7,-0.6718885567891871
283127,1.08180231042637,7,0.02785172218428363
187511,0.8756760187241159,7,-0.9597685510523589
188792,0.618018154096295,7,-1.3415685654204468
375594,-0.953694820133422,7,-1.1042581956853927
188698,-0.0261265074732607,7,0.6052447538675219
188530,0.824144445798553,7,0.9893578484620492
190000,-0.103423866861608,7,-0.2170880390304018
374534,0.489189221782384,7,0.4230164442724993
374165,0.669549727021858,7,0.3636128594249399
283969,-0.7475685284311641,7,-0.7393213069178334
188187,-0.20648701271273695,7,0.08290529702802031
189157,0.618018154096295,7,-0.2344712306394354
187703,-0.18072122624995496,7,-0.06076364056030877
189059,0.566486581170729,7,0.3367569604537022
284161,0.592252367633511,7,-0.17716303470017655
188156,-0.2580185856383,7,0.36716846262221
187860,0.386126075931255,7,-0.07491740334317203
2437244,1.9578390501609704,7,1.0603859540074736
188033,0.386126075931255,7,0.37043369946645316
188911,2.67928107111887,7,1.6432081267929362
188236,1.13333388335194,7,0.5510365589396442
283553,-0.0518922939360447,7,0.402011262294865
187716,0.33459450300569,7,-0.17043968322259315
373925,1.03027073750081,7,1.1722433330363888
188972,-0.5929738096544711,7,0.10077120187640132
188189,-0.824865887819511,7,-0.765005502393523
284373,0.10270242484065,7,1.0061820367246608
188031,0.17999978422899696,7,-0.00886389904718735
189854,-0.5929738096544711,7,-0.7444917386932248
336781,-1.5720736952402,7,-0.613138145936653
188154,0.489189221782384,7,-0.7465945645929898
188894,1.03027073750081,7,0.05440747757936197
190703,0.7983786593357691,7,-0.20532330303380686
376023,1.03027073750081,7,0.8419947392235881
188235,0.7468470864102059,7,0.8204772230028562
190007,-0.4899106638033421,7,-0.381962310870951
187895,0.0254050654523027,7,0.8113946792548714
373832,1.05603652396359,7,1.1135948279552754
187736,1.6228838261448002,7,1.5137525919872064
375726,-0.0905409736302172,7,0.4597196264449077
188458,1.46828910736811,7,0.18126591819834215
189858,-0.6960369555056,7,-0.7335965400799719
318174,-2.19045257034697,7,-1.7846427251916324
376010,0.0511708519150843,7,0.3033273906484223
187482,-0.902163247207856,7,-2.131997748578997
374191,0.128468211303432,7,0.2513230754501979
187992,0.0511708519150843,7,-0.11982114211032215
190115,-0.335315945026648,7,-0.002281834424212874
188454,-0.00036072101047902595,7,0.26361070956270344
2437251,-0.0390094007046515,7,0.4530170825356415
375335,-0.7218027419683821,7,0.2500350448350088
188640,-1.28865004414959,7,-0.7248422955200474
283166,-0.36108173148942896,7,0.8069044717281526
375015,0.17999978422899696,7,-0.1861868827023028
187692,-0.799100101356727,7,-0.7345523988828695
190198,-0.154955439787171,7,-0.4053930124639568
188319,-0.2580185856383,7,-0.5483337552455703
284277,0.0769366383778683,7,0.7007848970512439
189819,-1.39171319000072,7,-1.6491062299418922
375791,0.0769366383778683,7,0.25211097688396983
373682,-0.4899106638033421,7,-0.1021570552956854
190059,0.824144445798553,7,0.5186217136249731
188267,-1.5205421223146298,7,-0.9257087044410826
375796,-0.0776580803988264,7,0.4112813263549215
187868,1.82901011784706,7,0.6919151964569911
283194,-3.27261560178382,7,-1.4338523131651304
188029,1.26216281566585,7,1.2661164558117477
187764,-0.541442236728906,7,-0.3816682873044948
188500,0.7468470864102059,7,1.0859988126501707
189637,0.7468470864102059,7,0.14395766873366422
187881,1.26216281566585,7,0.3458263149034662
188174,0.7983786593357691,7,0.33993115809426655
375921,1.26216281566585,7,1.0917092275557776
189885,1.03027073750081,7,1.0892563801230382
189859,1.2879286021286298,7,1.0929991167957518
188009,-1.03099217952177,7,-0.17236946050975943
188256,0.514955008245166,7,0.5800024757865953
373769,1.21063124274028,7,0.4510003000572114
375509,0.7726128728729871,7,0.5132107559057698
375681,1.41675753444254,7,1.414435521056896
187526,1.05603652396359,7,-0.16186561955994705
375521,-0.412613304414995,7,-0.26444617382525465
187550,-0.4641448773405579,7,-0.4234835800010475
284164,1.13333388335194,7,0.1162789012765057
189754,-0.5672080231916871,7,-0.15205473625064994
374641,-0.0776580803988264,7,0.376775492487335
375538,-0.18072122624995496,7,0.3703792565380296
375230,0.17999978422899696,7,0.39921822951751207
189751,1.9063074772354096,8,1.3491783206570116
190190,0.9787391645752448,8,0.19777186655960574
318175,-1.8554973463308,8,-2.027141532332693
283641,0.4634234353196,8,0.10781697250799577
188338,-0.5672080231916871,8,-1.1553161501682854
188987,-0.2580185856383,8,-0.45091583072911057
374531,-0.0518922939360447,8,0.15085368592784676
187977,-0.7475685284311641,8,-0.0023960234236450415
376021,-0.3868475179522129,8,0.03842578749035799
188227,-0.799100101356727,8,0.7806686264084218
374604,-0.0776580803988264,8,0.22900944397046455
190130,-0.23225279917551894,8,-0.4329711564289972
187951,-0.36108173148942896,8,-0.04155770443791766
375499,-0.4899106638033421,8,-0.23087652650256835
373642,0.514955008245166,8,0.6505639573543824
188496,0.0769366383778683,8,-0.013659264266850478
188552,0.0254050654523027,8,-0.4979270645435768
375447,0.43765764885681896,8,0.2558866452173107
187770,1.10756809688916,8,0.9140918712426552
283978,-0.2580185856383,8,0.07907895927704185
2437415,-0.4641448773405579,8,-0.3162872402277242
284189,1.41675753444254,8,1.2210669145408617
188563,-0.283784372101084,8,0.18254419977762854
188907,-1.18558689829846,8,-0.5398924091633871
283817,0.901441805186898,8,0.27381617470645714
187832,-0.7218027419683821,8,0.09182725620326332
3646845,0.514955008245166,8,0.3683139633613898
375905,1.15909966981472,8,1.4157855092218796
187971,1.44252332090532,8,1.4322632805464472
188554,0.489189221782384,8,0.6130218886899956
189137,0.411891862394037,8,-0.011291682023186918
308004,-2.4223446485120097,8,-1.621925379665045
2437249,1.3909917479797598,8,0.711778977759566
336478,-1.88126313279358,8,-1.688803182138481
374693,1.03027073750081,8,0.8880996380692318
283171,1.0045049510380302,8,1.160133484780618
188378,-0.799100101356727,8,-0.7130634941290338
318178,-2.64135383344566,8,-1.7009635295334962
188331,-2.2162183568097498,8,-1.7845818905611333
187691,0.618018154096295,8,0.17742447159103536
189016,1.41675753444254,8,0.35693021312716017
375950,1.44252332090532,8,1.5355225496074656
187685,-2.2162183568097498,8,-1.7545564040230412
373900,-0.0261265074732607,8,0.07268529568492228
374471,0.411891862394037,8,-0.01623687740839888
189868,0.618018154096295,8,0.15429151379611056
188258,-0.154955439787171,8,-0.20503512816341227
188975,-0.335315945026648,8,-0.1438067270163107
375371,-1.31441583061237,8,-0.10718743260352624
375502,-0.103423866861608,8,0.2997919078696323
374669,1.1848654562774998,8,0.8450258806073404
189390,-0.36108173148942896,8,-0.09954624582125707
190787,-1.1598211118356798,8,-1.2102831774928449
189669,-0.824865887819511,8,-1.0155793628274405
374361,0.30882871654290805,8,0.6492461164625638
187973,-2.19045257034697,8,-1.2981456542794614
374588,0.43765764885681896,8,0.16527444318860474
374702,0.2830629300801261,8,0.3155370018681162
374066,-0.18072122624995496,8,1.7322896009967301
188708,0.514955008245166,8,0.28999801774888057
187564,0.4634234353196,8,-0.37007349124868055
187497,-2.4996420079003503,8,-2.4428174519830232
375995,0.205765570691779,8,0.3864568414797391
283967,0.0898195316092591,8,0.18170314879662994
188155,0.9787391645752448,8,0.8010443647472097
375094,0.7726128728729871,8,1.2281522765649815
375949,0.386126075931255,8,0.22681826989530948
189760,-2.83459723191652,8,-2.1955433117183842
373904,1.21063124274028,8,0.7419809591924384
189340,0.10270242484065,8,0.21514494088775873
189152,-1.08252375244733,8,-0.6949209571490392
187952,0.7983786593357691,8,-0.005865980045517889
187555,1.46828910736811,8,0.7384280745193088
373621,-1.31441583061237,8,-0.22169645996347334
283625,0.30882871654290805,8,-0.0958716128277501
375976,1.44252332090532,8,1.0897729812511978
187707,-0.154955439787171,8,0.40160578980315575
283201,0.7210812999474241,8,0.31572554590420365
189236,-0.515676450266124,8,0.08003154207010806
375922,-1.09540664567872,8,0.3490848684673415
187669,-2.03585785157027,8,-2.3022044686958125
374992,-1.03099217952177,8,-1.0546644840507295
187629,0.9787391645752448,8,0.5593755189614266
373734,0.0254050654523027,8,-0.26956627671160843
375973,1.26216281566585,8,0.9890468657198608
283762,-0.283784372101084,8,0.04838315551648506
375451,-3.5560392528744305,8,-2.700418042068292
187563,1.36522596151698,8,1.090209282139852
187918,-0.412613304414995,8,-0.4863678033586797
187655,-0.154955439787171,8,0.18025315544311019
190072,-0.30955015856386603,8,-0.19549364832536134
375505,0.566486581170729,8,0.2942873619108172
374378,-0.5672080231916871,8,-0.31808520175675303
283515,0.2830629300801261,8,0.1833577256832856
374747,1.10756809688916,8,-0.05324970314897677
189853,-0.103423866861608,8,0.2213151053514394
190814,-0.154955439787171,8,0.14574981592888347
376034,0.257297143617342,8,0.43944806223088756
187566,1.44252332090532,8,0.9658230319936526
189732,0.36036028946847104,8,0.6386609249545003
188028,1.21063124274028,8,0.24911586972930544
189035,0.10270242484065,8,0.09000989104554341
337841,-1.67513684109132,8,-0.7869696858241062
189801,0.10270242484065,8,0.5501730073812152
188335,-1.77819998694245,8,-1.3954406194290454
373903,0.618018154096295,8,1.0371810893148965
190769,-0.4641448773405579,8,-0.3595376987061066
375780,1.3909917479797598,8,0.4198925032005096
375598,1.21063124274028,8,0.8507085951346856
188034,1.05603652396359,8,0.003147925602827579
189997,-0.335315945026648,8,-0.8712027285049458
189881,0.901441805186898,8,-0.8366773893188207
319783,0.952973378112464,8,-0.43784640210755543
284335,2.16396534186323,8,1.4872786135424292
187989,0.154233997766213,8,0.07274141019240332
283718,-0.0776580803988264,8,-0.41650648863170237
187696,0.618018154096295,8,0.19661220403544752
375735,0.7983786593357691,8,0.7106703588876342
374429,1.6100009329134095,8,0.4703872660441181
283083,-0.412613304414995,8,0.15371496461196438
283755,0.386126075931255,8,-0.4120337986855967
375576,-0.953694820133422,8,-0.19118733611201993
375731,0.901441805186898,8,0.4726746753327969
189668,-0.335315945026648,8,-0.0008410093816960187
319955,-1.54630790877741,8,-1.014790605415892
283791,-0.412613304414995,8,-0.27682067964210055
190076,1.0431536307322,8,0.432498228024784
375581,0.849910232261335,8,0.43670049122890425
373872,-1.05675796598455,8,0.3888245822992149
336483,-2.55117358082592,8,-1.7068927694378482
283471,0.901441805186898,8,0.6939267225806558
190086,0.7210812999474241,8,0.13582085777624492
374683,-0.30955015856386603,8,0.1465918396462927
373948,-0.20648701271273695,8,0.5574395801717551
284203,2.8338757898955698,8,1.219171081363328
189715,0.927207591649682,8,-0.4968185938850098
283603,0.566486581170729,8,0.8586749073994656
188243,-0.850631674282293,8,-0.5047719936405791
187753,0.17999978422899696,8,-0.1457704008360366
283126,-0.6960369555056,8,-0.41156893664486405
190022,0.0254050654523027,8,1.2204776654449958
284328,0.592252367633511,8,0.6235890243964906
188529,2.5762179252677404,8,0.16270652758992374
375975,0.43765764885681896,8,0.40606450245541725
187741,-3.58180503933721,8,-1.1721548149846455
283202,-0.2580185856383,8,-0.6740142702465521
375582,0.6824326202532489,8,-0.05389229406336593
187751,0.43765764885681896,8,0.16756658412501985
283615,0.36036028946847104,8,0.6480777088357206
375449,0.566486581170729,8,0.14039958218595758
189188,-0.92792903367064,8,-0.26929591992714413
188170,0.540720794707948,8,0.44359798155224356
284162,-0.515676450266124,8,-0.1172995410702041
375974,1.10756809688916,8,0.3009228289155392
284190,0.205765570691779,8,0.12235958388940726
375932,0.411891862394037,8,0.5605642438989507
336485,-1.9070289192563603,8,-1.85588491856435
375846,0.7983786593357691,8,0.6196060251025679
187653,0.205765570691779,8,0.5025230807391836
283741,-0.5929738096544711,8,-0.07815417574280155
375546,-0.335315945026648,8,-0.34019214880714427
283768,-0.36108173148942896,8,-1.0926896678762261
189237,-0.154955439787171,8,-0.363293777619689
373777,-0.412613304414995,8,-0.9745068849329823
187845,-0.2580185856383,8,-0.005828051542871478
188541,0.386126075931255,8,0.5093700986224733
374500,-0.773334314893945,8,-0.05696458001882854
188359,-0.799100101356727,8,-0.5235083043067166
374004,0.0769366383778683,8,0.6476479098116541
190157,-0.541442236728906,8,-0.08556124527900683
189302,0.30882871654290805,8,-0.3342770138718348
187665,-0.12918965332439,8,-0.6119994391664046
375456,0.33459450300569,8,0.1484118221515869
375859,1.5455864667564498,8,1.259888162788809
188419,-0.103423866861608,8,-0.17433043368870627
283449,-0.5672080231916871,8,0.27174457874345687
188981,0.7983786593357691,8,0.33586682370327603
187607,-0.154955439787171,8,-0.12547247796497857
189290,0.30882871654290805,8,-0.8863151538505496
2437395,-0.3868475179522129,8,-0.5202555728717975
190499,1.2879286021286298,8,1.2079899011474682
375341,0.592252367633511,8,0.49464906270498515
375698,2.47315477941661,8,0.9918595015373473
373986,-0.0518922939360447,8,0.7258410704517149
2437409,0.952973378112464,8,0.05475797819253207
189017,0.386126075931255,8,-0.029947754672333356
187583,0.30882871654290805,8,0.7661453500026777
375682,-0.335315945026648,8,-0.03991741819304556
188215,0.618018154096295,8,-0.25285197195846215
188991,0.36036028946847104,8,0.2713244613754482
187735,0.927207591649682,8,1.0351564533666096
188244,-0.3868475179522129,8,0.05815179148194968
187733,-0.23225279917551894,8,0.2614157955143552
190016,-0.799100101356727,8,-0.6178807286708552
188225,0.4634234353196,8,0.5552550452033292
190071,1.41675753444254,8,0.29049401844409894
187662,1.46828910736811,8,1.0910831640515892
188848,0.0511708519150843,8,0.8673876096932529
375004,-0.283784372101084,8,-0.42545160216656275
376015,0.489189221782384,8,0.857877681957667
187816,0.411891862394037,9,0.0861627248848907
188346,-2.2162183568097498,9,-1.5015129482572316
284176,0.192882677460388,9,0.21756280997358596
188517,0.154233997766213,9,0.17971947986125192
188998,-0.8763974607450742,9,0.42844846206051485
373939,-0.824865887819511,9,0.056991940532996874
188096,-1.03099217952177,9,-0.5121094074010946
189309,0.0254050654523027,9,-0.3975545642856687
375795,-0.154955439787171,9,-1.2231413988551616
374177,-1.05675796598455,9,-0.7140227309408529
187628,-0.541442236728906,9,-0.029106691930035275
187846,0.927207591649682,9,0.3442543978284954
189647,-0.4899106638033421,9,-0.35702541256956505
374595,-0.0261265074732607,9,-0.16595177641422515
374945,-0.283784372101084,9,-0.29922605490720794
374537,0.386126075931255,9,0.9779547577756893
2437287,1.0045049510380302,9,0.561433654439712
374630,0.7210812999474241,9,0.9033873261647933
285674,0.514955008245166,9,-0.039297197757020765
283721,-0.824865887819511,9,-0.1430421800109647
375943,1.03027073750081,9,1.1210514935604012
283209,-1.18558689829846,9,0.20723868270672852
190057,-0.515676450266124,9,-0.5048872499575023
284324,1.13333388335194,9,0.460262649227446
374914,-0.0518922939360447,9,-0.2000884270355156
375781,-0.30955015856386603,9,-0.3154248766590151
284120,1.64864961260758,9,0.66767458421872
188494,-0.3868475179522129,9,0.37932757154453683
375504,0.592252367633511,9,0.6327543715914423
374395,-0.5929738096544711,9,-0.6461156808850084
283668,-0.773334314893945,9,0.22345402164362282
284059,-0.5929738096544711,9,-1.1098997392585377
283445,0.9143246984182892,9,0.15578319136657132
374613,-0.00036072101047902595,9,0.7645502394143644
187907,0.489189221782384,9,0.5609465637523272
336783,-0.5672080231916871,9,-0.6831671280836914
188340,-1.46901054938907,9,-0.6745293531715266
336482,-2.75729987252818,9,-1.9456981119189993
283634,-1.8554973463308,9,-0.9079217303580694
374397,-1.08252375244733,9,-0.6449426866475176
188768,-0.0261265074732607,9,-0.46580147743631994
338067,-2.39657886204923,9,0.1654178944220559
189865,-0.20648701271273695,9,-0.7154701373387022
283205,-2.4223446485120097,9,-0.4941735834458813
189222,-1.31441583061237,9,-0.5881956236912435
188436,-0.5929738096544711,9,-0.01226504172777568
3624697,0.17999978422899696,9,0.7141214984601536
187594,1.80324433138428,9,0.22533819680234168
375295,-0.43837909087777693,9,-0.32122518184807813
373758,1.3909917479797598,9,1.4183522514427862
188990,0.128468211303432,9,0.3210410804532702
188906,2.0609021960121,9,1.7559333922208233
283784,1.03027073750081,9,0.19232548574821023
375895,-0.0261265074732607,9,0.32233889880126165
188482,-1.44324476292628,9,-0.4739637880818677
283671,-1.72666841401689,9,-0.9234464500406839
188270,-0.0776580803988264,9,-0.219971681051977
318550,-1.9843262786447096,9,-2.0402227287712185
375310,-0.670271169042816,9,0.11797802299448835
187591,-0.541442236728906,9,-0.7679138194721679
188339,-0.7218027419683821,9,0.14826117865820415
190796,0.592252367633511,9,0.6078744784577272
375767,-1.39171319000072,9,-0.20970536572624449
188988,-1.00522639305899,9,-0.4144304801006335
189822,-2.75729987252818,9,-2.544788466487722
283803,0.386126075931255,9,0.2535279810162996
187771,0.901441805186898,9,0.35244681799108246
187709,0.43765764885681896,9,0.20307915122131392
189231,1.15909966981472,9,1.4303724762774184
187484,-0.773334314893945,9,-0.5536784832892758
283106,-0.979460606596203,9,-0.743153871366889
374590,-0.6187395961172529,9,-0.38721057986099583
374155,-0.6187395961172529,9,-0.23939336922259552
375474,-0.00036072101047902595,9,-0.2633766907932776
189919,-0.902163247207856,9,-0.79744687101572
187470,-0.5672080231916871,9,0.16921725252029213
187456,-0.00036072101047902595,9,-0.237446722809239
188913,0.0769366383778683,9,-0.048213719566281295
374331,1.2879286021286298,9,0.7252414091444075
188051,-0.12918965332439,9,0.3235143981384714
188989,-0.5672080231916871,9,0.4692994465071032
283235,0.36036028946847104,9,-0.2777879600832597
189078,0.9787391645752448,9,0.6238515526013073
187461,0.7983786593357691,9,-0.17461139227115463
284090,0.386126075931255,9,0.3761833050900857
189085,-0.5929738096544711,9,-0.962637036742376
190121,0.128468211303432,9,-0.7936125531998681
189000,0.257297143617342,9,-0.03027424398798159
283117,0.386126075931255,9,0.25472980251085364
188376,-1.1082895389101102,9,-0.16616715044616642
283325,1.75171275845871,9,-0.1435075505293048
187711,-0.4899106638033421,9,-0.3064526628826579
319285,-0.0261265074732607,9,-0.05012704764038946
189201,-1.05675796598455,9,-0.7425904251464062
188396,0.7210812999474241,9,0.9316601581218561
189268,0.4634234353196,9,0.6230477589092001
190791,0.592252367633511,9,0.05481537800749371
375503,0.2830629300801261,9,0.2987761643750608
284248,1.7259469719959302,9,0.4723623793324768
283849,-0.773334314893945,9,-0.49226938181938945
375678,0.9143246984182892,9,0.3756600704404071
318173,-2.80883144545374,9,-0.11600689509171748
374600,1.26216281566585,9,1.2023805996766985
188999,1.13333388335194,9,-0.7948995071266286
187772,1.3394601750542,9,0.2553020854430726
187980,-0.799100101356727,9,0.49527610021281065
189834,-0.6187395961172529,9,-0.6264305297505971
190296,0.7210812999474241,9,0.6650110099340827
188940,-0.43837909087777693,9,-0.8086550065231929
374746,0.4634234353196,9,0.34547042489796553
188101,0.154233997766213,9,0.10399391010501831
190344,-0.902163247207856,9,-0.8748851479100138
374396,-0.7218027419683821,9,-0.434835049971338
188325,-0.7218027419683821,9,-0.5267960625317213
187987,0.2830629300801261,9,0.21661089884988666
373764,-0.7475685284311641,9,-0.5357536704320883
373672,0.7983786593357691,9,0.035834987226537066
283801,0.386126075931255,9,0.46282489268116217
374548,-1.67513684109132,9,-0.8930858926166025
374547,-1.1598211118356798,9,1.1144127964326942
284245,1.55846935998784,9,-0.04441744186571379
374567,-0.5929738096544711,9,-0.6934889726854468
373799,-1.1598211118356798,9,-1.128850805331328
190082,0.23153135715456105,9,0.616865456898192
375778,-0.0518922939360447,9,-0.0469170931145783
374475,0.4634234353196,9,0.3519152194415631
188412,1.31369438859141,9,0.0717320531136245
189274,1.88054169077262,9,0.8009118221949522
187866,-0.3868475179522129,9,-0.1041529318066166
188040,-0.2580185856383,9,0.7832747793590213
375373,-0.3868475179522129,9,-0.22703361088575774
188421,-0.4899106638033421,9,-0.10448203129613692
376002,-1.9843262786447096,9,0.04407584639686559
284224,1.7774785449215,9,1.2220877876033143
190097,-0.515676450266124,9,-0.4778461534396471
187822,1.03027073750081,9,0.5765995265996098
187877,-0.2580185856383,9,-0.15300192464156087
189239,1.21063124274028,9,0.5711330104615211
375817,0.0769366383778683,9,0.05798972712668674
375452,-3.4014445340977297,9,-2.4786802649861497
375711,-0.799100101356727,9,-0.27175212048318126
188052,-0.283784372101084,9,-0.03822294488975306
189808,0.514955008245166,9,-0.30821115967541535
373754,1.44252332090532,9,0.4839849513114509
187858,0.489189221782384,9,0.15977959417281712
188467,-0.92792903367064,9,-0.7622234788100818
284182,0.43765764885681896,9,0.13919949324153635
188375,-1.31441583061237,9,-0.7467347241873598
188000,0.8756760187241159,9,0.16480656218645778
188441,-1.70090262755411,9,-1.4098395102433838
188982,-0.0261265074732607,9,0.03595366937166913
284110,-0.979460606596203,9,0.3756231430817678
283843,-0.23225279917551894,9,-0.2019052466560689
2437308,-0.43837909087777693,9,-0.8812486314729336
188401,-1.23711847122403,9,-0.9288289276909866
156377,0.592252367633511,9,1.2615502716980498
375775,0.6437839405590771,9,0.01632493760088951
308007,-2.6800025131398297,9,-1.8143672939386104
188997,-0.5672080231916871,9,-0.6836784169651052
189002,-0.283784372101084,9,-0.1538227636729752
189392,0.30882871654290805,9,0.4153236196289898
188507,0.489189221782384,9,0.6464713272469828
373782,-1.39171319000072,9,-0.818945527175318
374611,0.17999978422899696,9,0.08548173339850187
189094,0.514955008245166,9,0.012742015277840293
375714,1.2879286021286298,9,1.5192280653213663
187658,0.566486581170729,9,-0.080456637911538
187472,0.36036028946847104,9,0.3277809537866646
188026,0.824144445798553,9,-0.010556004252322452
187780,0.9787391645752448,9,-0.030382630070195697
283144,-0.824865887819511,9,0.00673974631576933
284068,-0.335315945026648,9,-0.12856744406915876
2437250,0.6051352608649039,9,0.6130390906621399
375674,0.7983786593357691,9,0.8491571128384315
188996,-0.3868475179522129,9,-0.27659354023764016
190142,-0.335315945026648,9,-0.8357331339634647
187935,-0.00036072101047902595,9,0.1270113708329922
189734,1.41675753444254,9,0.6853039316400273
375634,1.0045049510380302,9,0.8322133184887706
188468,-0.335315945026648,9,0.3455546669886979
189346,-0.2580185856383,9,-0.658207904882172
188818,0.33459450300569,9,0.41417830188047805
375389,-0.5672080231916871,9,0.3041266966498081
308010,1.88054169077262,9,0.9518175456082064
190111,-0.979460606596203,9,-0.4911851162715541
188715,-0.8763974607450742,9,-0.20484265291169218
374124,-1.00522639305899,9,0.45135396527187016
189697,-1.1082895389101102,9,-0.7577894818366218
188145,0.849910232261335,9,0.5329749729540139
190364,0.7210812999474241,9,0.9566574734709372
189784,-1.23711847122403,9,-2.1290234760553686
283120,1.36522596151698,9,0.6747010414489294
190005,-0.4899106638033421,9,-0.18500801276427548
187807,-0.2580185856383,9,0.15075629093871756
283742,-0.6960369555056,9,-0.054116192647934505
376048,-0.0518922939360447,9,0.2660815559770663
283633,-0.541442236728906,9,-0.9288574147885813
375717,0.927207591649682,9,0.3063953763677187
189970,0.6437839405590771,9,0.13424381400481364
189248,0.7210812999474241,9,-0.1703403986917495
