id,length,kfold,NuSVR_pred
190125,0.7468470864102059,0,-0.10581082171926778
283812,-0.30955015856386603,0,-0.22384201091188313
188476,-0.36108173148942896,0,-0.14360532168598858
373656,1.03027073750081,0,1.0702637675080056
187584,0.952973378112464,0,0.8606024679320692
188035,1.59711803968202,0,1.0041816101982841
188134,0.154233997766213,0,0.3597448762010368
189291,0.36036028946847104,0,-0.042532133112696185
374239,0.6953155134846399,0,-0.0017938923222012848
188249,-0.00036072101047902595,0,0.7216426681513866
375392,0.6437839405590771,0,0.6275090242990783
374655,1.15909966981472,0,1.2182415074361548
190126,-1.08252375244733,0,-0.7102559321483597
375557,0.0254050654523027,0,0.2830838392136198
283109,-1.1340553253729,0,-0.7397305089748867
187536,0.952973378112464,0,-0.3061114555754575
374609,-0.2580185856383,0,0.1076884704442514
375742,0.43765764885681896,0,0.341625382035342
188086,0.154233997766213,0,0.6632575789991295
187645,0.540720794707948,0,-0.17016515534080187
188341,-0.5672080231916871,0,-0.9472930616402284
375773,0.824144445798553,0,0.35184405091057525
189039,0.0769366383778683,0,0.12173431032564894
190068,-0.4641448773405579,0,-0.1425096110576581
283796,0.10270242484065,0,-0.5006388649271507
374703,-1.1340553253729,0,0.04546095181434032
284281,0.36036028946847104,0,-0.478848597848728
319280,0.540720794707948,0,-0.22346472741651616
318548,-0.528559343497515,0,-1.263539430977304
284222,-0.7218027419683821,0,0.023819638053126452
308266,-0.412613304414995,0,0.1316549559307803
2437340,-0.541442236728906,0,0.1215378197573238
374718,0.6953155134846399,0,0.9570567273977252
283773,-0.6960369555056,0,-0.9600387263818229
375957,0.7210812999474241,0,0.6335590492694102
189700,-0.3868475179522129,0,0.05729174176790927
284216,0.23153135715456105,0,0.17996281971229827
374546,1.57135225321924,0,0.5336012555835478
189023,-0.103423866861608,0,-0.06476312881427401
374612,0.7983786593357691,0,1.3613721404896124
375916,1.05603652396359,0,0.7139219617050893
187505,1.21063124274028,0,0.27686058196118074
188226,-0.850631674282293,0,-0.33370426810518394
187867,0.6953155134846399,0,0.11888866399891823
187823,1.10756809688916,0,0.34066493255516517
190069,-0.850631674282293,0,-0.2504545595829446
375740,0.24441425038595105,0,0.10218351366450804
189947,0.0769366383778683,0,0.12063098110797826
190805,-0.3868475179522129,0,-0.2564825894634961
187784,-0.0261265074732607,0,-0.16589925610188103
336484,-2.1389209974214,0,-1.6107648136823827
188408,-0.5929738096544711,0,-0.34332975624243833
283774,0.10270242484065,0,-0.3069626158945833
187545,0.10270242484065,0,0.014105764470322774
188255,0.0511708519150843,0,0.2918615939935899
374918,-0.43837909087777693,0,-0.1585236483934264
187682,0.824144445798553,0,0.45320833924514803
375539,-1.03099217952177,0,-0.4510340387453313
187848,-0.412613304414995,0,1.1677520836710438
375997,0.7983786593357691,0,1.2912440502722655
374598,-0.12918965332439,0,0.15932054983399935
308265,-1.67513684109132,0,-0.7860755350626564
375659,0.927207591649682,0,0.24892699943372396
188943,0.489189221782384,0,-0.23475151504546685
283805,-0.2580185856383,0,-0.6365094531522826
284231,-0.193604119481346,0,-0.05419234965310463
374467,0.154233997766213,0,0.12005341577931014
284305,0.43765764885681896,0,-0.15555456149020438
375724,0.23153135715456105,0,0.32542857979765144
374392,0.23153135715456105,0,0.6860082770278786
187507,-1.08252375244733,0,-0.9800271633906923
375589,-0.5929738096544711,0,-0.32132812958203016
188945,-0.4641448773405579,0,-0.31266159633361057
284370,0.411891862394037,0,-0.09398622232581691
374614,1.15909966981472,0,1.3669945353748283
188969,0.6953155134846399,0,0.1296849443227384
189961,0.901441805186898,0,0.30561662613298624
189625,-1.1340553253729,0,-0.5882830872823408
374635,1.41675753444254,0,0.4753289098687088
375663,0.205765570691779,0,0.3192118166002769
374156,-0.12918965332439,0,0.33237132914575507
187495,-0.6187395961172529,0,-1.0320908363538952
283444,-0.5929738096544711,0,-0.27052726022614815
188669,1.2363970292030702,0,0.4774307353205134
2437214,1.44252332090532,0,0.6986181783257096
189009,1.2363970292030702,0,0.24006277538339413
374591,0.669549727021858,0,0.18850956206421715
187839,0.30882871654290805,0,-0.08117220679043383
283964,1.5069377870622802,0,0.7294821476145842
374505,-0.5929738096544711,0,0.14214874477631823
375687,0.849910232261335,0,0.4254658420155455
190177,0.0254050654523027,0,0.41865007759547845
374197,-0.154955439787171,0,-0.26122712514472113
187502,0.23153135715456105,0,-0.009316562055674854
284280,0.7210812999474241,0,0.4437703205573952
284168,0.0254050654523027,0,0.6277152076647996
374825,-0.850631674282293,0,-0.6232308999475247
374739,0.257297143617342,0,0.2366332763053666
189012,-0.3868475179522129,0,-0.6292784701465519
187493,-0.644505382580035,0,-0.33921137923411926
187611,1.03027073750081,0,-0.3827846026250372
373575,0.901441805186898,0,0.3597579389736777
374401,-0.902163247207856,0,0.0804835434340471
188449,-0.0261265074732607,0,0.22114338578287687
284368,0.566486581170729,0,0.5398080969599968
187984,0.9787391645752448,0,0.4336993108485947
373626,-0.283784372101084,0,-0.21847359620463033
190096,0.128468211303432,0,0.02632255756344362
283892,0.10270242484065,0,-0.03805383258058384
283676,-1.5978394817029802,0,-1.4728404704665874
187742,0.9787391645752448,0,0.40383942072286616
375666,-0.0261265074732607,0,0.22420647662225635
319283,-2.52540779436314,0,-0.6526542387697609
283731,-0.20648701271273695,0,0.009717593247221185
374643,1.4940548938308895,0,1.2988564603879738
375901,-0.799100101356727,0,0.5288126849660373
375583,-0.6960369555056,0,0.06739620205753749
189932,1.41675753444254,0,0.6522224763236255
283677,-0.36108173148942896,0,0.2374403513351987
190806,0.386126075931255,0,0.2372120289250551
375444,0.0511708519150843,0,0.12596910292637245
188259,-1.08252375244733,0,-0.8450525321171546
283664,-0.5672080231916871,0,-0.2986237901542744
283220,0.514955008245166,0,-0.03696711462407257
308211,-1.18558689829846,0,-0.1878258199863849
190085,1.08180231042637,0,1.2604868464657093
284319,0.128468211303432,0,0.4813116194287239
374912,0.23153135715456105,0,-0.12416194325760518
188545,-0.7475685284311641,0,-0.9315509776756337
189979,0.0511708519150843,0,-0.10806983771386158
375661,0.6437839405590771,0,0.42813282069598413
187999,0.8756760187241159,0,0.6445986861643743
187471,-0.4899106638033421,0,-0.28263287131330084
374391,-0.7475685284311641,0,-0.572809219854724
374624,1.4296404276739298,0,0.8903045028116694
187949,-0.2580185856383,0,-0.6716598954704089
284015,-0.0261265074732607,0,-0.38516847807817245
374715,-0.283784372101084,0,0.38253132391655
190064,-0.30955015856386603,0,0.046888149969448484
190819,0.411891862394037,0,0.2535451643794459
187826,-1.08252375244733,0,-0.3100879986679591
283781,-0.670271169042816,0,-0.6258565401981244
319781,0.17999978422899696,0,0.308827931342958
188774,0.257297143617342,0,0.13799461131372986
283145,-1.5720736952402,0,-0.7480872909809507
374814,-0.103423866861608,0,0.20502937151251405
319779,-0.81198299458812,0,-0.48599963549535063
189832,0.2830629300801261,0,-0.36509671019204126
190789,-0.4641448773405579,0,0.030816545837338977
189040,-0.979460606596203,0,-0.8682978447477921
190054,-2.58982226052009,0,-1.7637937104422954
283754,-1.08252375244733,0,-0.17177892639787992
190472,1.63576671937619,0,0.4519925806136017
375376,-0.2580185856383,0,0.15712994448856876
375205,0.411891862394037,0,0.2833633405427348
375890,-0.00036072101047902595,0,0.24310615368528232
190702,0.23153135715456105,0,0.025689280790297225
188549,-0.979460606596203,0,-0.9267881515286138
189045,0.7210812999474241,0,0.17344941808726713
187500,0.128468211303432,0,0.4211298762776142
189857,0.592252367633511,0,0.7269955465513877
187876,0.33459450300569,0,0.40925274437786563
283846,-0.0518922939360447,0,-0.26539086521023103
375697,0.9787391645752448,0,0.42541540607202666
375688,0.566486581170729,0,0.41875567316079443
374037,-0.412613304414995,0,-0.23136621288257633
187812,0.0254050654523027,0,-0.6855444713183718
317951,-2.60270515375148,0,-1.3674809123284033
283740,-0.103423866861608,0,0.6494812304145465
187755,1.41675753444254,0,0.7435067067609932
284067,0.514955008245166,0,0.07839617394169274
189294,-0.43837909087777693,0,-0.11406183324121899
375467,0.7210812999474241,0,0.4407044471983669
187664,-2.83459723191652,0,-1.1134335112549307
188526,0.618018154096295,0,0.2418103507799243
187767,0.7983786593357691,0,0.14796734176712836
373694,1.22351413597168,0,0.24454809417555057
188142,-3.0922550965443505,0,-0.78202202214235
188633,0.128468211303432,0,-0.05111033094509623
190148,-0.515676450266124,0,-0.330237667940636
283179,0.824144445798553,0,0.611813480386159
283639,-0.12918965332439,0,-0.20646571118262183
188849,-0.00036072101047902595,0,-0.42359200243036876
374706,1.44252332090532,0,1.1940442286633663
319957,-1.23711847122403,0,-0.8190917790258319
374385,-0.12918965332439,0,-0.27572234758477554
188418,-0.43837909087777693,0,0.3516598488924805
189210,-0.902163247207856,0,-0.5276299510887816
190029,0.33459450300569,0,-0.016493597631485973
283655,-0.23225279917551894,0,-0.32169476685491494
283735,-0.7475685284311641,0,-0.6682141506653384
375759,0.566486581170729,0,0.2060420948980509
189193,-0.773334314893945,0,-0.8979333010805781
375370,0.205765570691779,0,-0.6395406408399251
373726,-2.11315521095862,0,-0.9866399205052379
187844,0.128468211303432,0,0.14946817126607237
188048,-0.20648701271273695,0,0.07179890042015982
375977,1.03027073750081,0,0.39191320620771086
187804,1.64864961260758,0,0.6621907331248245
188312,-1.00522639305899,0,0.3926592464229819
283736,-1.4174789764635,1,0.32739827758006923
375596,0.489189221782384,1,0.35508997047974283
375607,-0.20648701271273695,1,-0.49777916720738535
283599,-0.103423866861608,1,0.5613064861885307
189288,-2.16468678388419,1,-0.18797583400450074
375695,0.4634234353196,1,0.35360090789116927
373629,0.8756760187241159,1,-0.40284469357310937
188469,-0.12918965332439,1,0.4154207150870054
189958,1.70018118553315,1,0.9175611914166456
283579,0.514955008245166,1,-0.1310013013999053
187944,-0.541442236728906,1,0.10480573595832621
375585,1.75171275845871,1,0.33612096311564627
189034,-0.0776580803988264,1,-0.07031279540843483
2437412,-0.23225279917551894,1,0.4077621344157467
336688,-1.77819998694245,1,-0.8137933502264575
189696,-0.23225279917551894,1,-0.5748764448828741
189776,-2.2162183568097498,1,-1.7606270453508217
189455,-0.979460606596203,1,-0.11779330081879874
188758,-1.08252375244733,1,0.5097540003903493
190098,-0.799100101356727,1,0.11619013505903547
190158,-0.0518922939360447,1,-0.05504625691166326
190187,0.540720794707948,1,0.4385960177313314
375457,-0.8763974607450742,1,0.33763241507458175
189006,1.15909966981472,1,0.22832217130777088
189792,0.489189221782384,1,0.8899839879288213
374171,0.257297143617342,1,0.21641093194061353
376047,0.411891862394037,1,0.32168556543203475
375799,1.08180231042637,1,0.38309738383373965
375567,-0.953694820133422,1,-0.07104378748702148
189010,1.08180231042637,1,0.2415353552133772
187993,-0.12918965332439,1,0.027900979913796392
375954,-1.1340553253729,1,-0.15440246903576094
375288,0.540720794707948,1,0.5246605730642994
190189,-0.541442236728906,1,-0.7320983712061196
283756,0.205765570691779,1,0.5135430932930392
190816,1.10756809688916,1,0.2674414789487659
375939,0.2830629300801261,1,0.6301475521894845
375397,-0.23225279917551894,1,-0.09316090702258706
374363,0.6953155134846399,1,-0.024402663717779327
374183,-1.4174789764635,1,-0.16516794234615795
189703,0.2830629300801261,1,0.005316190383734931
187603,1.0045049510380302,1,0.8727641287141187
283723,0.9787391645752448,1,0.3882147438458943
375752,-0.0261265074732607,1,0.7195563816996164
187649,-0.0776580803988264,1,-0.06653623497716629
375816,0.24441425038595105,1,0.03377472632310691
187857,0.154233997766213,1,-0.2075465106000406
375857,1.44252332090532,1,1.2082581338137866
189242,-0.541442236728906,1,-0.047966285741844916
373744,0.411891862394037,1,0.6847500808561309
374533,-0.7475685284311641,1,0.23239188212866324
283822,-0.8763974607450742,1,-0.37465627506637156
190102,-0.8763974607450742,1,-0.20651415558448383
375623,0.656666833790467,1,0.8386456851889994
187786,0.669549727021858,1,0.3171167575306084
374652,0.952973378112464,1,0.603086893115759
283602,0.154233997766213,1,0.27676848718139735
375813,0.128468211303432,1,0.3825622709560001
375548,-1.18558689829846,1,0.06275759272516312
189293,-1.26288425768681,1,-0.1773864685579829
187854,-0.4641448773405579,1,-0.13657582779363503
374178,-1.64937105462854,1,-0.48340568757962044
375815,1.10756809688916,1,0.36389851987666033
190799,0.6953155134846399,1,0.3888134416271942
188185,-0.00036072101047902595,1,-0.05033734826423664
188204,0.849910232261335,1,0.4768678822387572
375971,1.01738784426942,1,0.6582705446312597
188369,0.30882871654290805,1,-0.13337905709588888
375800,0.192882677460388,1,0.06767986896788483
188237,0.6437839405590771,1,0.4354343993563158
2437410,1.59711803968202,1,1.230741715520331
187796,-0.8763974607450742,1,-0.2493396398322706
189343,0.23153135715456105,1,-0.38182089145680653
189189,-0.23225279917551894,1,-0.18327615177613776
190173,-1.03099217952177,1,-0.6065828679785955
374515,0.154233997766213,1,0.1718030877796541
189068,1.3394601750542,1,0.5528443019384212
375738,0.10270242484065,1,0.7909582839082112
375571,0.30882871654290805,1,0.4725102270978521
284132,0.23153135715456105,1,0.2663788942278813
375404,-0.23225279917551894,1,-0.08981766123647333
190795,0.7210812999474241,1,0.8286617181662882
373835,-0.92792903367064,1,0.16854387002090365
187522,-0.92792903367064,1,0.27764560401854105
283089,-2.60270515375148,1,-1.8199412140622728
187928,0.824144445798553,1,-0.16862499490662541
187590,0.7210812999474241,1,0.8714679340228856
190174,-0.154955439787171,1,-0.06158181341192373
283748,0.0511708519150843,1,-0.17531810801399056
283732,-1.1340553253729,1,-0.6357375007331482
190783,2.03513640954932,1,0.9068406818890532
188521,-0.20648701271273695,1,0.2466472518586231
374632,-0.0776580803988264,1,0.06644510022489153
336476,-1.9843262786447096,1,-1.6808085635276728
188540,0.618018154096295,1,-0.9413193552669793
188231,0.205765570691779,1,0.036625659090720436
188326,-0.773334314893945,1,-0.2791341842155554
373655,-1.5205421223146298,1,-0.1073282275572496
375578,-1.00522639305899,1,0.2605078801920546
336684,0.952973378112464,1,0.287411939943444
190794,0.6437839405590771,1,0.1281630075100168
187920,-1.44324476292628,1,-0.47225464209264933
188163,0.154233997766213,1,-0.011701249398324065
188153,0.43765764885681896,1,0.3490255115873293
188493,-1.62360526816576,1,0.2535907525174691
188320,-1.9843262786447096,1,-1.4303349953774314
188993,1.2363970292030702,1,-0.06665391103693036
374935,-1.67513684109132,1,-0.30841008809613346
187957,1.46828910736811,1,-0.2443622597270606
375020,0.669549727021858,1,0.4053189447941432
188379,-0.2580185856383,1,-0.8706979100335478
190810,0.7210812999474241,1,-0.18154739441060797
374697,1.10756809688916,1,0.4949230205038715
375475,-0.154955439787171,1,-0.19796745915832809
375434,0.0511708519150843,1,0.1315673433153894
189319,0.17999978422899696,1,0.14513983770985045
190707,-0.979460606596203,1,-0.13479530436098347
375494,-0.36108173148942896,1,-0.29351350430970147
373725,-0.953694820133422,1,-0.18567093850141037
376032,2.17684823509462,1,0.6153297560945884
188357,-0.953694820133422,1,-0.6792296448501235
283221,-0.2580185856383,1,-0.39461704046222645
283215,-1.00522639305899,1,-0.7800069990962119
188095,-1.64937105462854,1,0.0283439832383435
373733,-1.36594740353794,1,0.02770807787620555
189139,0.386126075931255,1,0.31310514862445304
284247,0.205765570691779,1,0.1985063939817144
375597,-0.154955439787171,1,-0.22089148158903932
190051,0.33459450300569,1,0.9996776325707751
187905,0.30882871654290805,1,0.051727934364252826
284309,1.0045049510380302,1,0.4295950647279726
189909,-0.5929738096544711,1,-0.5936788804665326
373851,0.618018154096295,1,0.525998974027784
283876,-0.154955439787171,1,0.15744730399021717
187474,-0.979460606596203,1,-1.0532696721256238
190803,0.386126075931255,1,-0.19251326533129248
374763,0.205765570691779,1,-0.057529623830834875
187990,-0.7218027419683821,1,-0.33905989635871403
190006,-0.4641448773405579,1,-0.7148796835537259
374442,-1.00522639305899,1,0.2401836243849223
284251,0.4634234353196,1,0.3036364110578612
283178,-0.43837909087777693,1,-0.20032828053586593
187705,0.43765764885681896,1,0.10533461065448127
189683,0.424774755625428,1,0.25776352994318175
190149,-1.7524342004796698,1,-0.6933739561592404
374592,-1.67513684109132,1,-0.508809080393698
375935,0.4634234353196,1,0.6362581693668747
375518,0.9787391645752448,1,0.22611937283329678
189093,-0.0261265074732607,1,0.021172715139523318
187982,0.36036028946847104,1,0.07649692084271056
317953,-2.91189459130487,1,-1.5155159280758443
375433,-1.7524342004796698,1,-1.0075579754321207
374589,0.618018154096295,1,0.3647047060533428
2437245,1.08180231042637,1,0.5847285801246188
187921,-1.46901054938907,1,-0.09608207937051974
189022,0.514955008245166,1,-0.23156378659840582
375169,0.8756760187241159,1,0.5391184662357131
190046,1.0045049510380302,1,0.25301334972023093
2437408,-0.30955015856386603,1,0.2822599423445321
374744,0.43765764885681896,1,0.28856449287441976
375572,1.7259469719959302,1,-0.4443650381818459
374807,0.566486581170729,1,1.00662956740054
374927,-0.0776580803988264,1,-0.022531190982013893
284304,-1.03099217952177,1,-0.019338619801266888
374024,-0.902163247207856,1,-0.43454907125762987
375702,0.128468211303432,1,0.2793788079529363
188269,-1.00522639305899,1,-0.8300438333273555
189844,1.2879286021286298,1,0.8729108469067953
373716,0.952973378112464,1,0.5113028400342006
2437194,-0.412613304414995,1,-0.14988019217546433
375705,1.46828910736811,1,0.8002501263712428
375545,0.927207591649682,1,0.3464718388989952
187936,-0.12918965332439,1,0.006081626727278744
283752,1.2363970292030702,1,0.44859828814692726
190252,-0.3868475179522129,1,-0.2048507466046141
190790,-0.0261265074732607,1,-0.1302493992030192
375461,0.901441805186898,1,0.4666992196450582
188099,1.5455864667564498,1,0.5310542590991708
374603,-0.154955439787171,1,0.1057542191634028
188043,-0.43837909087777693,1,0.2817362904293779
190561,0.0254050654523027,1,0.13513408493234166
374699,1.44252332090532,1,0.6884624881349227
187820,0.17999978422899696,1,0.10146171708928756
2436958,1.36522596151698,1,0.6944275371777354
187803,1.5455864667564498,1,0.6195433075525218
319956,-1.36594740353794,1,-0.8179244890226766
284372,-1.21135268476124,1,-0.02606556803433796
375513,0.10270242484065,1,0.28540128839547263
188923,-0.412613304414995,1,-0.27515989821598286
188008,-0.5672080231916871,1,-0.20941022376919016
187787,0.566486581170729,1,0.5315336198811949
189029,-0.7475685284311641,1,0.2484994481168817
187778,-1.1082895389101102,1,0.10547975227546935
188218,0.411891862394037,1,0.30586069939080734
374743,0.17999978422899696,1,-0.1302907909306843
187981,0.128468211303432,1,0.08196818768931308
188250,0.849910232261335,1,0.5439981755895276
375689,0.6437839405590771,1,0.15139978356712402
190815,1.70018118553315,1,0.7033684327516031
374694,1.44252332090532,1,1.255960782147973
2437263,-0.0261265074732607,2,0.5749664629210877
2437378,1.57135225321924,2,-0.16052844958296728
2437048,1.70018118553315,2,0.6176223849133777
374516,-0.20648701271273695,2,0.031177464239803915
189245,-0.2580185856383,2,-0.0006319961368979887
189974,0.411891862394037,2,0.48533448401958335
376040,0.0511708519150843,2,0.0729818409866401
188224,0.618018154096295,2,0.36064737899347915
187543,1.0045049510380302,2,0.4473954856080651
374749,0.901441805186898,2,0.20028530363758543
375823,0.824144445798553,2,0.8832224400277326
374941,-0.154955439787171,2,-0.49926007115370763
2437282,1.64864961260758,2,1.1708422206084572
189949,-0.6960369555056,2,-0.1259598586763637
318176,-2.16468678388419,2,-1.6861332256465735
375527,1.03027073750081,2,0.3861747742297116
283598,-0.670271169042816,2,-0.3619334763734301
188976,-0.283784372101084,2,-0.18976679474733596
283638,0.386126075931255,2,0.47178319027901416
374894,-0.154955439787171,2,-0.0926684345599467
187730,0.849910232261335,2,0.21052955475296656
189282,-0.3868475179522129,2,0.05001393550667069
188058,0.205765570691779,2,-0.1020583663158468
189267,0.489189221782384,2,0.48183953380638667
189889,-0.7218027419683821,2,0.2905735317667634
188872,-3.1695524559326897,2,-1.507048747765096
190170,1.15909966981472,2,0.4728840899863801
283778,-0.20648701271273695,2,-0.13786729523610738
373739,-1.34018161707516,2,-0.7821398588689629
375794,-2.03585785157027,2,0.3567749381446995
283914,-0.335315945026648,2,0.27978192842546196
187501,-0.20648701271273695,2,0.06747236766400563
374154,-0.515676450266124,2,-0.7544743464868476
187955,0.17999978422899696,2,0.12147649335446728
190238,0.36036028946847104,2,-0.46960782165397386
374190,-0.6187395961172529,2,-0.61537352145748
188248,-0.103423866861608,2,0.1357333472535229
284236,0.205765570691779,2,0.1341107662523274
375802,1.36522596151698,2,1.22718129001946
187528,0.7210812999474241,2,0.25169363043816895
374638,1.21063124274028,2,1.2168841014811438
187544,0.7468470864102059,2,0.35886022141799245
188934,-0.412613304414995,2,-0.5314320551175685
188497,-0.799100101356727,2,-0.72312469359724
190114,-1.26288425768681,2,-0.6796596249207736
189025,1.10756809688916,2,1.0496786769268553
373627,-0.283784372101084,2,0.04700373947356176
375037,0.386126075931255,2,0.41203560453955745
187687,-0.7218027419683821,2,-0.1389099170883427
373468,0.205765570691779,2,-0.07501514189087669
375744,-2.7315340860653903,2,-1.1114224362707483
188197,1.03027073750081,2,0.3114455389712168
373654,0.618018154096295,2,0.2975903973202577
188532,1.5455864667564498,2,1.1371307467881826
188093,0.0254050654523027,2,0.1935389035880958
188036,1.15909966981472,2,0.021013003613139264
375896,0.489189221782384,2,0.35296979360031444
375710,1.2363970292030702,2,0.7476930299475826
189003,-0.670271169042816,2,-0.21260805654924123
373760,-0.644505382580035,2,-0.7527814175881482
188405,-2.62847094021427,2,-1.1803460681292055
188328,-1.4947763358518502,2,-0.24266850339484
283104,-1.39171319000072,2,-0.10456924487568858
374969,0.205765570691779,2,0.2189040292896972
188427,0.0254050654523027,2,0.29332905263444997
374062,-0.43837909087777693,2,-0.24961803057720863
190807,1.05603652396359,2,0.2541137397308686
190782,-0.0776580803988264,2,0.7335036587401098
188558,-1.93279470571915,2,-1.423099366215541
190163,0.7210812999474241,2,-0.06773071913223985
190081,0.2830629300801261,2,-0.01121094946850737
188075,2.47315477941661,2,-0.05605006389647099
188704,0.2830629300801261,2,0.1226823309126028
188254,1.5455864667564498,2,0.8482256190624233
284272,0.2830629300801261,2,0.4137708735129263
187791,0.9787391645752448,2,0.35269866661148364
284357,1.1848654562774998,2,0.14247395997305348
187763,0.514955008245166,2,0.34475069725402974
189234,-0.20648701271273695,2,0.011969766477583826
187974,0.36036028946847104,2,0.03499795654928925
188780,-0.670271169042816,2,-0.41746500430574573
375016,-3.11802088300713,2,-1.2788901461467108
375372,-0.953694820133422,2,-0.5647112773512536
188970,0.6437839405590771,2,0.2449496500296663
190802,1.26216281566585,2,1.352556109345266
190709,-0.6187395961172529,2,-0.632864177534396
2437267,0.6953155134846399,2,0.3749743302114149
374158,0.927207591649682,2,0.39756644638639993
190195,-0.902163247207856,2,-0.8126784105598254
283163,0.154233997766213,2,0.02958489946321971
283416,-0.43837909087777693,2,0.18924434958089564
375024,1.03027073750081,2,0.5128802689346039
283665,-0.5672080231916871,2,-0.19444252536686515
308253,-0.7218027419683821,2,-0.5859336269929334
187678,-0.2580185856383,2,0.2858002763325967
374681,0.8756760187241159,2,0.9597213589892297
373795,-2.70576829960261,2,-0.9684170640139536
283623,-0.3868475179522129,2,-0.1793193250261109
373485,-1.28865004414959,2,0.2229621684632346
188363,-1.4174789764635,2,-0.716559301913454
189744,-0.515676450266124,2,-0.19124936786086857
374974,0.952973378112464,2,0.48802763572775354
187663,1.59711803968202,2,1.1211062511494254
187704,0.0254050654523027,2,0.08850872519763234
189804,-0.283784372101084,2,-0.05465780709480775
189138,1.7259469719959302,2,0.43523347706645155
188025,1.70018118553315,2,0.6979742989700948
375728,-0.6960369555056,2,0.36898720958629727
375956,1.70018118553315,2,1.3969858942504088
283232,-1.18558689829846,2,-0.4441712877883346
188846,-0.00036072101047902595,2,0.18615250966125502
189856,-0.541442236728906,2,-0.6015141738819594
187986,0.514955008245166,2,0.6420723626656376
189971,0.386126075931255,2,0.027186595026040344
375315,-0.23225279917551894,2,0.1979716166119783
375745,-2.52540779436314,2,-1.0085588612557523
188636,-1.5205421223146298,2,-0.7824726430943264
190058,0.6953155134846399,2,0.18302090679333302
188349,0.7726128728729871,2,0.38229859658402215
187903,1.59711803968202,2,0.4723293652143068
374629,-0.43837909087777693,2,0.2558966336874934
375608,0.128468211303432,2,0.8928221937060665
284165,0.23153135715456105,2,-0.1317733949776194
283431,-0.773334314893945,2,-0.11999755260849307
189955,1.26216281566585,2,0.27440143243306914
187886,1.3394601750542,2,0.14778138744789204
374689,0.618018154096295,2,0.72619706703102
283790,-0.6960369555056,2,-0.4000637439120419
188577,-0.2580185856383,2,0.24448288586299322
188501,-0.0518922939360447,2,-0.6493573727196132
373635,-0.799100101356727,2,-0.4633901179808487
187954,-0.18072122624995496,2,-0.1631316370922947
189077,-0.824865887819511,2,-0.7075394301002329
187765,0.33459450300569,2,0.10698297871514142
283828,0.128468211303432,2,-0.2784814197481881
375850,1.6228838261448002,2,1.1919171713924668
2437286,0.7597299796415959,2,0.6406062968812167
283667,-0.0261265074732607,2,0.233655455842131
190811,-0.799100101356727,2,-0.17795821681883486
188506,0.0511708519150843,2,-0.7767461296972661
188113,-0.12918965332439,2,-0.12792484353331
188370,0.2830629300801261,2,0.08083763416762171
373770,-2.26774992973531,2,-0.9597876110763113
375621,0.824144445798553,2,0.8369128462522586
284327,1.5455864667564498,2,0.8188714085626423
188472,-1.18558689829846,2,-0.707698396667961
189766,-0.953694820133422,2,-1.375583958139492
283177,-3.24684981532104,2,-0.9001025973570629
188102,-0.412613304414995,2,-0.021883884055707153
190817,-0.3868475179522129,2,-0.9021922926589152
190774,0.540720794707948,2,0.2790389776070787
187757,-2.37081307558644,2,-0.79660601540955
188324,0.17999978422899696,2,0.34413242899543683
375560,-0.773334314893945,2,-0.47574812971654445
375628,-0.799100101356727,2,-0.5640354270686394
374513,-0.850631674282293,2,-0.6845471692923011
374445,0.849910232261335,2,0.34110159510657634
187481,-1.82973155986802,2,-1.7142620927914605
187758,-0.8763974607450742,2,-0.37902531151401975
187729,-0.00036072101047902595,2,-0.11158914876619022
2437258,1.51982068029367,2,0.9068419375540377
188777,-0.902163247207856,2,0.9100941627930716
375991,0.386126075931255,2,0.5436603234492616
189630,-0.902163247207856,2,-0.5993142493049639
284303,-0.43837909087777693,2,-0.2918737008813018
375820,-0.2580185856383,2,0.6562443072782325
190124,-1.00522639305899,2,-0.5559473316769719
375743,0.30882871654290805,2,-0.19986297849484372
190063,-0.92792903367064,2,-0.644063582473262
188956,0.8756760187241159,2,0.15236532565012426
187518,-0.644505382580035,2,0.04969027893702571
187833,0.2830629300801261,2,-0.22021247624727489
374759,2.2026140215574,2,1.2340559671308362
188979,-1.23711847122403,2,0.4280996715018742
375620,0.0640537451464775,2,0.28596023817672334
374663,-0.283784372101084,2,0.11702585465558038
188220,-0.20648701271273695,2,0.10224193393516792
189005,-0.103423866861608,2,0.38575452202936206
187756,-0.43837909087777693,2,0.1481765027789731
188383,-0.644505382580035,2,-0.1625711112022765
189894,-1.9070289192563603,2,-1.094193608353218
336477,-2.2162183568097498,2,-1.760996519729085
283833,-0.283784372101084,2,0.22145116676568846
190728,-3.60757082579999,2,-1.5982564973507412
374174,0.7983786593357691,2,0.29892741302755993
374620,0.514955008245166,2,0.22191697804984595
189749,-2.52540779436314,2,-2.2311138438068907
190045,-0.824865887819511,2,-0.6195613403410768
374535,-0.00036072101047902595,2,0.23909402454232748
374659,0.154233997766213,2,0.23477444808414438
187713,-0.4641448773405579,2,-0.6849839572896712
375590,-1.00522639305899,2,-0.9653998006923465
283802,-1.18558689829846,2,-0.22766785649169882
373522,0.785495766104378,2,0.9175285782349154
188104,0.205765570691779,2,0.2523520383069745
189042,-0.670271169042816,2,-0.19435329319257885
374139,-0.2580185856383,2,0.19447099510582655
374474,0.9143246984182892,2,0.19442890549348424
375243,2.08666798247488,2,0.2787514739116431
189090,0.128468211303432,2,0.2074120805033773
374001,0.514955008245166,3,0.055935199878259984
375500,0.669549727021858,3,0.39350526877891645
375839,1.41675753444254,3,0.7358418052052246
190089,0.2830629300801261,3,-0.07072364017759983
189046,0.205765570691779,3,0.08546503480482662
189421,-1.08252375244733,3,0.24767080911458467
189076,-0.644505382580035,3,-0.7087230110606216
187988,0.7726128728729871,3,0.41892241400243624
189829,0.0769366383778683,3,0.12539484035192835
190141,-0.154955439787171,3,-0.33783911675940403
187875,0.386126075931255,3,0.3130893465969408
188425,0.7468470864102059,3,0.4283862923471724
188957,-1.28865004414959,3,-0.08086213687864088
189809,-0.773334314893945,3,-0.5666031535154893
188137,-1.4174789764635,3,-0.47737894654088564
2437280,1.7259469719959302,3,1.2360514241221603
187458,-0.0518922939360447,3,0.44715784303313677
190067,0.7210812999474241,3,0.02841326032344174
283769,0.17999978422899696,3,-0.5358878944115838
188287,-0.979460606596203,3,-0.047644734643318615
190160,-0.6187395961172529,3,-0.3405192049081608
375746,-2.4996420079003503,3,-1.2828556206176858
284215,-0.20648701271273695,3,0.09216126776959405
187676,0.566486581170729,3,-0.41701530366304873
187919,-0.644505382580035,3,-0.6746572414699752
187853,0.257297143617342,3,0.17309890281348025
188105,-0.412613304414995,3,-0.10483658555533693
373675,1.5455864667564498,3,0.4382036792890537
283859,-0.412613304414995,3,-0.1354011616167553
190199,0.17999978422899696,3,0.5124224364789194
187889,-0.5672080231916871,3,-0.7469290787798933
187976,-0.850631674282293,3,0.27154600319402616
188994,-0.6960369555056,3,-0.1499933929641428
374937,-0.2580185856383,3,-0.27684898890147513
187587,1.05603652396359,3,0.42774381891777236
189091,1.36522596151698,3,1.331488775028302
189684,0.154233997766213,3,0.33592276232208584
374610,-0.154955439787171,3,0.14124946051648746
187491,1.3394601750542,3,0.21099318956014027
374623,-0.3868475179522129,3,-0.5925204161820509
190792,1.03027073750081,3,0.15875964140999413
189632,-0.20648701271273695,3,-0.0842765746029299
188452,-0.6960369555056,3,0.11151301001373673
375573,0.10270242484065,3,-0.20315078152977098
190277,-0.799100101356727,3,-0.6533712099381247
188757,0.23153135715456105,3,1.107452683805027
187892,1.9320732636981897,3,1.1240208668172649
374662,0.927207591649682,3,0.48675698385608923
188893,-0.7218027419683821,3,-0.12578085846250806
187702,-0.00036072101047902595,3,-0.3905433303798894
374913,1.03027073750081,3,0.8659176775729048
189004,0.128468211303432,3,0.1024779837796718
188018,0.6437839405590771,3,0.45870677445221375
187700,-0.36108173148942896,3,0.09591374066455197
308212,0.411891862394037,3,0.14165217217161818
188402,0.669549727021858,3,0.28061658180439464
189757,-0.824865887819511,3,0.46669611022572155
284338,-0.43837909087777693,3,-0.6762658153824082
283712,-0.6187395961172529,3,-0.3266673014242446
189233,-0.2580185856383,3,0.04458697733549835
188410,-1.70090262755411,3,0.1613671690298673
187548,0.9787391645752448,3,0.12313466764798078
189194,-0.7218027419683821,3,-0.8296309311236907
373506,1.3394601750542,3,-0.2746611829927924
374092,-0.0776580803988264,3,0.20966983652218277
283753,0.901441805186898,3,0.6059822145820725
187879,1.0045049510380302,3,0.36199268902183124
188064,0.154233997766213,3,-1.0906035418437254
283792,0.9400904848810728,3,0.4170308674780493
375383,-0.670271169042816,3,0.1391930258888601
283813,-0.23225279917551894,3,-0.2011160875686829
189337,-0.824865887819511,3,-0.4520108884986821
188603,-0.6187395961172529,3,0.1358240288844154
188927,0.7468470864102059,3,-0.1524178189847563
190175,0.824144445798553,3,0.2588953228974691
188157,0.2830629300801261,3,0.3640402495434568
375013,0.0511708519150843,3,-0.363265231050102
375934,1.31369438859141,3,0.7567198573945316
374362,0.411891862394037,3,0.537827816213809
188942,0.10270242484065,3,-0.1266636645064579
376001,0.33459450300569,3,0.8696602914076828
374110,0.489189221782384,3,-0.5424040340608115
188413,0.7983786593357691,3,-0.0715236559388017
373773,-1.1340553253729,3,-1.0137662817578372
283838,1.80324433138428,3,1.1245761637741565
2436902,-0.30955015856386603,3,-0.2543438110233862
190184,-0.30955015856386603,3,-0.21503505766115985
374553,1.3394601750542,3,0.48384657572079115
284145,1.31369438859141,3,0.7124290371907078
283165,-0.283784372101084,3,-0.7379498837927813
376050,-2.37081307558644,3,-1.8235692742085767
374371,0.36036028946847104,3,0.7069088007135668
188466,-0.36108173148942896,3,0.007476589140622464
187530,-0.20648701271273695,3,0.2263807762344492
187561,-0.824865887819511,3,-0.15417528839464403
283707,0.7210812999474241,3,0.7449011796381376
189021,-0.43837909087777693,3,0.9106226575713029
190804,-0.36108173148942896,3,-0.11993885760382542
283726,0.618018154096295,3,0.46948483295070775
373690,1.85477590430984,3,0.7111670273712575
375662,1.2363970292030702,3,0.5143141438397494
188286,-0.103423866861608,3,-0.16718162406963086
187850,0.7210812999474241,3,0.26493779595990846
189032,-0.902163247207856,3,-0.45910497549277896
373745,0.489189221782384,3,0.26069148142141596
374451,1.7774785449215,3,0.9902415941876732
189292,0.0254050654523027,3,-0.10459464057158765
336479,-2.1389209974214,3,-1.0100330630894923
284239,-1.36594740353794,3,0.4056111677251828
375835,1.66153250583897,3,0.3625111153519782
187840,1.13333388335194,3,0.30251667614819555
189690,-0.154955439787171,3,0.2493520134653592
188374,1.05603652396359,3,0.6148586433836423
187760,0.2830629300801261,3,-0.009255884859663749
188079,-0.541442236728906,3,0.603091959955751
375465,0.8112615525671619,3,0.09306904541220448
375788,0.566486581170729,3,-0.06349230940231823
187457,0.6953155134846399,3,-0.29928015374324124
374112,0.952973378112464,3,0.2804022822225827
188076,1.05603652396359,3,0.551813685734731
187852,0.10270242484065,3,-0.1383789107287325
283125,-0.00036072101047902595,3,0.12425802674143946
187842,-0.283784372101084,3,-0.2475086275248123
189851,2.16396534186323,3,0.7775754872188415
188055,-3.11802088300713,3,-1.0846545561333742
375940,1.36522596151698,3,0.857587222734985
189278,-0.00036072101047902595,3,0.1264499872100535
188316,0.205765570691779,3,-0.27694433884499137
375784,0.4634234353196,3,0.45138302139015973
187605,0.154233997766213,3,0.08270922673883216
336481,-0.850631674282293,3,-1.1137723785460434
283789,0.4634234353196,3,0.6199177290538807
283763,-0.18072122624995496,3,0.010991149641428694
187956,0.0511708519150843,3,0.0649677486890376
188444,-0.515676450266124,3,-0.32334435329944633
374017,0.23153135715456105,3,0.23255362755715048
189027,0.8756760187241159,3,0.07597306562857034
190127,-1.1082895389101102,3,-0.7137504571301617
187551,0.43765764885681896,3,0.3634877632222995
190274,-1.00522639305899,3,-0.3716973802854394
375917,-1.36594740353794,3,-1.3839004146720042
2437248,-0.5929738096544711,3,-0.805234235416726
283300,-0.644505382580035,3,0.07620114611917816
188114,-0.0518922939360447,3,0.22993344265883783
187579,0.23153135715456105,3,0.30743898019733695
375883,-0.18072122624995496,3,0.05386329953238059
375556,-0.283784372101084,3,-0.4013577784028942
188899,-0.902163247207856,3,-0.5742502731116566
374398,-1.08252375244733,3,-1.4352127783028827
188785,-0.412613304414995,3,0.43750044353733897
375766,-2.6800025131398297,3,-2.1331323622503775
375006,-0.773334314893945,3,-0.512865302482053
283139,0.4634234353196,3,0.25932175907817223
188321,-0.6960369555056,3,-0.09620616738753107
374483,0.128468211303432,3,-0.223170981655721
375625,1.2879286021286298,3,0.5459119194727255
187527,0.154233997766213,3,0.5173309727012171
375962,0.7726128728729871,3,0.3386481533544098
374988,-0.6960369555056,3,-0.9837780796382088
283176,0.514955008245166,3,0.08918985599513204
374064,0.43765764885681896,3,0.39088549511428783
190008,1.21063124274028,3,1.0592155294961625
375847,0.489189221782384,3,0.8721570216377866
188464,0.36036028946847104,3,-0.5874639568608039
374472,-0.7218027419683821,3,-0.532699067530592
374413,2.00937062308654,3,0.9828176867916615
284209,-0.36108173148942896,3,0.3588046281131304
190800,-0.0261265074732607,3,0.1757435625349205
188012,-0.7218027419683821,3,-0.3952407389312057
375552,-0.4641448773405579,3,-0.41552281511355627
190780,0.2830629300801261,3,0.8613330351625271
373571,-0.979460606596203,3,-0.46890954865550194
188702,0.33459450300569,3,0.09233787885503095
189048,0.7726128728729871,3,0.20300544508076832
283313,0.669549727021858,3,-0.2293351296880067
187654,-2.62847094021427,3,-1.6083065997685162
187739,1.46828910736811,3,0.5752453259117646
190134,-0.283784372101084,3,-0.19095726099888274
188038,0.618018154096295,3,0.6701238011051075
283132,-0.30955015856386603,3,0.2942719360024518
283766,0.0254050654523027,3,-0.2973691996638522
283757,0.952973378112464,3,0.5084900628022369
283456,-0.20648701271273695,3,-0.15001696261761696
188282,-0.4641448773405579,3,-0.611290730659292
374151,0.901441805186898,3,0.46330819408751445
375511,-0.283784372101084,3,0.19163151893624347
187573,1.15909966981472,3,0.3905636573465754
375411,-0.515676450266124,3,0.13859587559622116
317891,1.64864961260758,3,1.0452896016857431
189756,-1.28865004414959,3,-1.8555032066835182
318179,-1.05675796598455,3,-1.7316530430596997
188896,-0.00036072101047902595,3,-0.7932352989103562
375838,-0.4899106638033421,3,-0.7188919543789737
374719,1.51982068029367,3,1.4113046225717334
187793,-1.64937105462854,3,-0.24062714307335717
283970,1.2363970292030702,3,0.37404896136112487
283719,-1.9843262786447096,3,-1.077485603391367
374368,1.4940548938308895,3,0.4242353006357159
283759,-0.00036072101047902595,3,-0.003414477342350647
190196,0.154233997766213,3,-0.5528073210501873
284192,0.952973378112464,4,0.4010856195555799
375645,-0.7475685284311641,4,-0.8405682026928261
283279,1.3394601750542,4,0.6822040216597622
189626,-0.92792903367064,4,-0.6807426472488889
188292,0.43765764885681896,4,0.38951722046164505
373623,-0.953694820133422,4,0.1395386678968376
188667,1.36522596151698,4,0.6554578344580217
375772,-0.4641448773405579,4,0.5179258064426889
188365,-1.1082895389101102,4,-0.11426863945713828
189944,1.7774785449215,4,1.0414030109674963
188510,-0.20648701271273695,4,0.286336718119368
374745,0.7468470864102059,4,0.10280045008973077
187677,0.33459450300569,4,-0.0010586560879352336
190101,-0.0261265074732607,4,0.05361931199548048
376004,1.41675753444254,4,0.3646143135238282
283116,0.10270242484065,4,0.04225570194852518
375708,0.10270242484065,4,0.6820688263128303
188229,0.10270242484065,4,-0.22971102592665726
188596,0.386126075931255,4,0.28839417543509605
187489,-1.46901054938907,4,-0.9468316583952041
187781,0.23153135715456105,4,0.42628256818849336
190055,-2.2162183568097498,4,-1.9597024060534127
318552,-1.18558689829846,4,-1.442400302987907
187510,-0.23225279917551894,4,-0.4896469522594497
189116,-0.6960369555056,4,-0.16124806990296536
188111,-0.412613304414995,4,-0.09975048072336773
375665,1.03027073750081,4,0.619964463668544
188759,0.2830629300801261,4,0.3233471336883896
374394,0.7726128728729871,4,0.3789481742569544
189299,-0.7218027419683821,4,-0.25340444806606244
187690,1.46828910736811,4,1.2005487225192282
375254,0.2830629300801261,4,0.48271733547103984
318549,-1.80396577340524,4,-1.6796303601033513
187574,0.10270242484065,4,0.20888795905549062
374530,1.31369438859141,4,0.2447133246026902
308254,-0.7475685284311641,4,-0.535378098021078
375930,0.927207591649682,4,0.6340844836782162
189038,-0.92792903367064,4,-0.800296626179376
189308,0.154233997766213,4,0.03148998973819478
284069,-0.0261265074732607,4,0.11356269771215996
319954,-1.1598211118356798,4,-0.8607418031024063
188912,-1.39171319000072,4,-0.03599464722355633
283114,0.0769366383778683,4,0.4526766490435848
2437268,0.7210812999474241,4,0.2863879257157108
189224,1.3394601750542,4,0.5728290384791026
374339,0.43765764885681896,4,-0.10160273676030687
189712,1.2879286021286298,4,0.8044850060243041
187810,0.849910232261335,4,0.37109932301905363
373861,0.618018154096295,4,-0.1495788056168833
374011,0.205765570691779,4,-0.6335803280083159
189099,5.668112300801611,4,0.45759199243645343
374412,-0.902163247207856,4,-0.600968030161211
187549,0.7210812999474241,4,0.23274922598297254
189928,-0.515676450266124,4,-0.6078036974757077
189133,1.6744153990703703,4,1.2166940970686053
189755,-0.8763974607450742,4,-0.006091255110252131
375441,0.17999978422899696,4,0.2785186401145805
374741,0.592252367633511,4,0.2854347548041315
187609,0.36036028946847104,4,-0.37552983578581234
189041,0.7726128728729871,4,0.37930261607599375
189628,0.257297143617342,4,0.04427648146393326
187610,-0.36108173148942896,4,-0.3182089873657895
189805,-0.953694820133422,4,-1.5560381731142905
190088,0.43765764885681896,4,0.07897328801001516
375871,1.31369438859141,4,0.5419180761530595
374063,0.6437839405590771,4,-0.1365314855879791
188190,-0.0518922939360447,4,-0.3296064901573199
189028,0.205765570691779,4,-0.03535240603294176
283130,-0.18072122624995496,4,-0.23347609546053855
375342,-0.18072122624995496,4,0.3493574046783993
189254,0.10270242484065,4,-0.07028198517451595
189301,-0.36108173148942896,4,-0.6317362750613527
187906,-0.3868475179522129,4,1.2816870649437238
187567,1.7774785449215,4,0.5134802793116695
283182,-2.11315521095862,4,-0.861055527903483
375899,0.7983786593357691,4,0.34501109740458347
187674,-2.9376603777676498,4,-0.004869057424770118
283839,-1.31441583061237,4,-0.06558571407591426
187637,-0.30955015856386603,4,-0.24002916901859478
187699,0.36036028946847104,4,0.18159927853206126
187666,-2.6800025131398297,4,-1.7048135582481987
189020,-0.6187395961172529,4,0.0322709455533734
189803,0.10270242484065,4,-0.2715415861005294
319784,0.0769366383778683,4,0.2824913650184654
317829,-1.7524342004796698,4,-0.6064045754320704
283432,-0.92792903367064,4,-0.6945051364633084
188152,0.33459450300569,4,0.3437934964934642
189243,-0.7475685284311641,4,-0.08123448096757596
376033,0.386126075931255,4,0.17117453199669475
284262,0.824144445798553,4,1.0452601493372273
187978,-0.00036072101047902595,4,0.047090724199998296
374253,0.514955008245166,4,-0.1290141020128242
189706,-0.335315945026648,4,0.38425785693083053
373912,-0.43837909087777693,4,0.03762151059233618
188268,-0.283784372101084,4,9.25361017866666e-05
374359,0.7468470864102059,4,0.14552253896829637
375395,0.592252367633511,4,0.3214389124922763
375933,0.540720794707948,4,0.30593475111036056
187469,-0.644505382580035,4,-0.946621941094282
188314,-1.9843262786447096,4,-0.9130515336717706
189708,0.411891862394037,4,-0.45963460558726926
283808,0.154233997766213,4,-0.00792795771869062
283779,0.43765764885681896,4,0.346433497319714
190778,-1.46901054938907,4,-0.25112302708273426
188202,-0.0261265074732607,4,-0.15812152629518855
189008,1.3394601750542,4,-0.12195769873589749
190037,-0.36108173148942896,4,0.1470716329537968
189018,0.17999978422899696,4,-0.045680610592137405
2437256,1.64864961260758,4,-0.6544626867907728
375460,1.41675753444254,4,0.09090508865402264
189070,0.33459450300569,4,-0.25630893061396764
187911,-0.4899106638033421,4,0.29669731712846775
190140,-0.8763974607450742,4,-0.7916508019622905
190784,0.257297143617342,4,0.14082965001117576
283722,-0.4899106638033421,4,-0.25126121150903263
188901,-0.7218027419683821,4,0.6329661724057394
188015,-1.08252375244733,4,-0.44692853052133213
189225,0.386126075931255,4,0.1245483704692471
189615,0.0769366383778683,4,0.19905183387098196
188019,0.411891862394037,4,0.6431193136291615
187717,1.7259469719959302,4,0.9078220520639597
187656,0.927207591649682,4,0.3073133959532348
187681,0.0254050654523027,4,0.29467836194012353
283772,-0.3868475179522129,4,0.2708054234553503
187686,-2.62847094021427,4,-1.5769493628977536
188672,0.30882871654290805,4,-1.1446731651526072
190167,1.59711803968202,4,-0.2202365146897679
187914,-2.91189459130487,4,-0.5262722187301356
189980,-0.4641448773405579,4,-0.2806591594015471
187996,-0.23225279917551894,4,0.22161912684221746
188974,1.44252332090532,4,0.2345554911998113
187874,0.592252367633511,4,0.5630917510738567
374978,-1.00522639305899,4,-0.3969929184486563
190092,-1.21135268476124,4,-0.8080051715096706
187612,0.6437839405590771,4,-0.12546016284403355
188232,-0.850631674282293,4,-0.24503520728081146
375421,0.257297143617342,4,0.04441156029031787
188398,0.0769366383778683,4,0.31443589113686243
188764,1.10756809688916,4,0.749940710080605
189842,-0.3868475179522129,4,-0.6874147642284014
374202,-2.62847094021427,4,-2.070118187748907
187604,0.128468211303432,4,0.4020435053194444
190103,-1.05675796598455,4,-0.6215383676294586
374678,0.0511708519150843,4,0.09131397942570721
373780,-1.4947763358518502,4,-0.8564977609013835
188984,0.952973378112464,4,0.19550049048535031
188067,0.8756760187241159,4,0.48212353437897665
375965,1.51982068029367,4,1.465541439927858
187636,0.43765764885681896,4,-0.2256213277823994
189050,-0.3868475179522129,4,-0.36375624945084095
190757,1.36522596151698,4,0.4195068682186169
188329,-1.00522639305899,4,-0.2800537991388538
375391,-0.5672080231916871,4,0.3448182554213953
284369,-0.23225279917551894,4,0.42181168171757605
188733,-0.2580185856383,4,0.24485603013314947
375565,-0.3868475179522129,4,-0.3088452582801923
376018,-0.670271169042816,4,0.04822068271037075
187585,1.05603652396359,4,0.4767885632543855
374386,1.51982068029367,4,0.11823394539707607
375524,0.540720794707948,4,0.39547298651999435
188781,-0.30955015856386603,4,0.36583584878210096
189797,0.411891862394037,4,0.40170720343404215
375692,0.9787391645752448,4,0.20651747116092273
188246,-1.00522639305899,4,-0.9690362379681321
374013,0.824144445798553,4,1.0848456075874713
188122,-0.00036072101047902595,4,-0.6333772523896912
190734,-0.6960369555056,4,-0.5655403105983738
283105,-0.154955439787171,4,0.24341288281030804
375519,0.0769366383778683,4,0.14125913382132738
375017,0.0769366383778683,4,-0.6300479636746183
375790,1.03027073750081,4,0.3835183239598077
188001,0.33459450300569,4,-0.09462973383855566
375627,0.205765570691779,4,-0.11241244975665537
190062,-0.18072122624995496,4,0.06701055441795087
189049,-0.30955015856386603,4,-0.08122426643243336
187776,1.21063124274028,4,0.6315266666891444
374367,1.15909966981472,4,0.3728032003856626
374917,-1.46901054938907,4,-0.8523865736683198
374631,1.58423514645063,4,1.1968981264223701
374944,-0.103423866861608,4,0.1034622821175849
374568,-1.1598211118356798,4,-0.23278036990686635
375547,-0.773334314893945,4,-0.3626256443497351
189698,-1.05675796598455,4,-0.6769671390300893
188006,0.669549727021858,4,0.4007422508280563
190056,0.0511708519150843,4,-0.2995634491262774
188407,-0.23225279917551894,4,-0.027426786044284335
187535,1.80324433138428,4,0.7318509703301996
374696,0.7983786593357691,4,0.6595821624106484
190164,0.489189221782384,4,-0.18106371637063812
189759,-0.824865887819511,4,-0.5921799530588245
376012,0.257297143617342,4,0.23596950803013492
187995,-0.5929738096544711,4,-0.4154082589194487
187960,-0.850631674282293,4,-0.5026669742842336
374148,-0.773334314893945,4,-0.8529541467566615
374086,0.0254050654523027,4,-0.0010873780576196868
283230,-0.541442236728906,4,0.18402136786830015
375807,0.128468211303432,4,0.13491461404833444
373952,1.13333388335194,4,0.24595031715169954
373756,0.6437839405590771,4,0.22915239542822155
375747,-2.51252490113175,4,-1.4377618844100537
373991,0.901441805186898,5,0.3655635711102522
374185,-0.670271169042816,5,-0.6234696482791983
284080,-0.644505382580035,5,-0.17071275769481206
283775,0.30882871654290805,5,-0.9245120264206138
375894,1.08180231042637,5,0.6052076054591587
187599,-1.64937105462854,5,-0.05557712998228043
375706,1.22351413597168,5,0.7212830981699581
283121,0.9787391645752448,5,0.29834062786239257
190159,-0.5672080231916871,5,-0.711856420068396
188822,0.7726128728729871,5,0.8628356878806758
374617,0.2830629300801261,5,0.34691003634106055
190150,0.30882871654290805,5,-0.6090808132960528
283157,0.154233997766213,5,0.92367989343908
284100,0.154233997766213,5,0.07793486575189354
189833,0.10270242484065,5,0.04814723149322955
188876,0.669549727021858,5,-0.34381672008666375
373980,-0.3868475179522129,5,0.27142584702036276
284322,0.952973378112464,5,0.4705050601722005
189686,-0.412613304414995,5,-0.38940324535567683
190144,0.0511708519150843,5,0.17405262227495438
373467,-0.902163247207856,5,0.26802458642453664
375998,0.502072115013775,5,0.23502424853685094
375719,0.7726128728729871,5,0.40471684422089704
284278,-1.03099217952177,5,-0.8079279469875289
374414,1.21063124274028,5,1.2519063374041144
187972,-2.06162363803306,5,-0.882541473285512
283819,-0.799100101356727,5,-0.3801982741436515
190203,0.7726128728729871,5,0.6740216301164151
319279,-2.03585785157027,5,-0.49744277293399286
373649,-0.36108173148942896,5,0.19441388686474015
188445,-1.4174789764635,5,-1.0585962862595386
283110,1.05603652396359,5,1.1606799432386652
374691,1.68729829230176,5,0.7157923878986069
187887,-0.30955015856386603,5,0.14723828098396177
189241,0.0769366383778683,5,-0.26649953730414766
189786,0.205765570691779,5,0.4947131124145179
284002,-1.1340553253729,5,-0.5827852337644492
188373,-2.5640564740573097,5,-0.8350703808651235
189862,1.03027073750081,5,0.36197787461068254
374740,0.618018154096295,5,0.4485917335279179
283815,1.44252332090532,5,0.46448690493774614
187834,0.411891862394037,5,0.11950396857458431
187464,-1.05675796598455,5,-0.4263957689205663
373674,0.824144445798553,5,0.3997588716523165
189168,-1.08252375244733,5,-0.9386554115578124
189031,-1.34018161707516,5,-0.965977307347858
375704,0.489189221782384,5,0.34016384544425415
375972,0.2830629300801261,5,0.27549437258832804
374536,0.927207591649682,5,0.08579772067622063
188117,0.566486581170729,5,0.14688768614369854
190070,0.33459450300569,5,0.1251107087533366
375923,1.0431536307322,5,-0.3954798920185779
188384,-0.412613304414995,5,0.2307992363071028
190711,-0.799100101356727,5,-0.6182029946474504
189081,0.0769366383778683,5,0.3360858573892439
188311,-0.979460606596203,5,-0.6171198619174946
189937,-0.92792903367064,5,-0.5955990460050812
283670,-0.0261265074732607,5,0.2743113920314436
375550,0.321711609774299,5,0.31810001758424516
375409,0.43765764885681896,5,-0.01760420937167778
189895,-0.773334314893945,5,-0.6523735288552096
189629,-0.799100101356727,5,-0.29108650100093614
374995,-1.08252375244733,5,-1.0665264806077437
188239,1.5455864667564498,5,-0.17444047411922844
374476,0.8756760187241159,5,0.9149308903065138
190813,-2.80883144545374,5,-1.9057362787413499
374419,-0.541442236728906,5,-0.32403508649882573
189892,-0.3868475179522129,5,-0.6222674288454284
190039,-0.2580185856383,5,0.16336956399906769
373850,-0.515676450266124,5,0.09136306093162916
188448,-1.80396577340524,5,-1.4840945069500004
284334,0.386126075931255,5,0.3925481650711621
188415,-1.77819998694245,5,-1.2086970276220612
283183,-1.34018161707516,5,-0.4794007741418411
375368,0.7726128728729871,5,0.3805627086062303
283968,-0.4641448773405579,5,0.10180923165681627
189996,0.0511708519150843,5,0.03927551410407715
374688,1.0045049510380302,5,1.1295037149903455
187817,0.553603687939338,5,0.32344635127676513
187546,1.31369438859141,5,0.4573728821208014
190669,-1.44324476292628,5,-1.3536128895683246
308009,-2.24198414327253,5,-1.5669118297211109
188306,1.26216281566585,5,0.5017405362848925
374147,-0.154955439787171,5,0.26590798849472486
188734,-0.6960369555056,5,-0.132682772418639
189624,0.23153135715456105,5,-0.1988829140350861
374067,1.0045049510380302,5,0.21988300008958303
375551,-0.4641448773405579,5,-0.4701612937889502
284336,0.257297143617342,5,0.11730148244161498
190132,0.0125221722209118,5,-0.3176596847553659
187675,2.4989205658794,5,0.41046366184133154
284025,-2.2162183568097498,5,-0.6446402285852894
190100,-0.7218027419683821,5,-0.5973892633488835
283751,-0.30955015856386603,5,0.03462665771880166
318177,-2.2935157161981,5,-1.2771653419612448
187783,0.489189221782384,5,0.08837244185131943
187938,0.411891862394037,5,0.08069477986053694
187878,0.927207591649682,5,0.8969554949261789
187582,-0.283784372101084,5,-0.2652840939470348
190733,-1.64937105462854,5,-0.672089234425599
308269,0.2830629300801261,5,-0.1803377760465962
375690,0.618018154096295,5,0.37590957126262947
375832,-1.28865004414959,5,-0.8688517109971633
375970,1.0431536307322,5,0.34243816936078864
2437377,0.6437839405590771,5,0.8316975158726234
188897,2.4989205658794,5,0.47372804979104743
189115,0.514955008245166,5,-0.03876575469050528
187537,0.128468211303432,5,-0.354586739641059
188083,1.1848654562774998,5,1.2598660416383582
283616,-0.20648701271273695,5,-0.2727570249054744
284202,0.6437839405590771,5,-0.24161773789795857
190018,-0.12918965332439,5,-0.08347371206018087
375727,0.205765570691779,5,0.7173129272905069
374108,-2.2162183568097498,5,-1.1300530011076313
374646,1.08180231042637,5,1.2806913598836238
375716,1.36522596151698,5,0.7295090719749723
283830,-0.670271169042816,5,-0.46795315608893395
189247,0.489189221782384,5,0.15536164418712897
190073,0.36036028946847104,5,0.5447959080917673
189913,0.0511708519150843,5,-0.28638661042481806
188121,1.3909917479797598,5,0.10040529987843597
374103,-0.20648701271273695,5,0.09294071610238439
375809,-0.0518922939360447,5,0.11364379352711193
187671,-0.18072122624995496,5,0.1606269066989382
189164,-0.30955015856386603,5,-0.3871777221882433
189240,1.3394601750542,5,0.21560520899669486
188327,-0.902163247207856,5,0.0003649280389504683
188909,-0.6960369555056,5,0.061034091687279995
375993,1.26216281566585,5,1.2511738841645883
187769,0.6437839405590771,5,0.2733873375410114
188209,-0.7475685284311641,5,-0.3010605279911006
187560,0.566486581170729,5,0.25319912754562823
187631,1.98360483662375,5,1.2640356306551757
189253,0.43765764885681896,5,-0.13427257297592052
188377,-1.26288425768681,5,0.19800553919751288
373793,-1.9843262786447096,5,-1.39583302535965
374712,-0.412613304414995,5,0.1474657425039894
188786,-0.18072122624995496,5,-0.2858921297023209
375952,1.9063074772354096,5,1.4679274500891648
283938,1.85477590430984,5,0.5130866375057102
283118,0.10270242484065,5,0.18111950576735877
187475,1.21063124274028,5,-0.40533425171349646
190458,-0.92792903367064,5,-0.34395446838905774
374607,0.386126075931255,5,0.5192868008027376
374640,1.59711803968202,5,1.2587108271510266
283312,1.5455864667564498,5,0.7894912014297352
284066,0.901441805186898,5,0.22874752730874776
283224,-1.18558689829846,5,-0.9191766390747785
375018,-0.824865887819511,5,0.36366398703320024
374388,-0.36108173148942896,5,0.2787675140727198
190818,1.80324433138428,5,0.8477097807675529
375679,0.43765764885681896,5,0.4631285506353797
375693,1.22351413597168,5,0.705254314965225
189320,-0.670271169042816,5,-0.42497914245950674
375707,0.205765570691779,5,0.27341993631084177
189400,-0.0776580803988264,5,-0.03718364755257883
187752,-0.18072122624995496,5,0.04905817170409582
375664,1.21063124274028,5,0.4915683372901648
190280,1.70018118553315,5,0.6741837137141604
187485,-0.541442236728906,5,-1.0449166817548845
375748,-2.83459723191652,5,-1.3676147737647202
187863,-0.3868475179522129,5,-0.5075260278163262
188932,0.0769366383778683,5,-0.21658607603407512
187838,0.4634234353196,5,-0.07418327401292299
374616,-0.0776580803988264,5,0.7439472009332625
189014,0.154233997766213,5,0.08745149597475635
375394,-0.154955439787171,5,0.17404421069221257
374479,1.2879286021286298,5,0.9420068096924551
189864,-0.6187395961172529,5,-0.636885720770772
374768,-0.12918965332439,5,0.190820235156829
188536,0.128468211303432,5,-0.7703486111645037
375437,-0.00036072101047902595,5,0.420191670726045
375851,-0.92792903367064,5,0.1911964005930611
374382,0.489189221782384,5,0.6102411691267474
284241,1.41675753444254,5,1.048699825038627
373482,0.4634234353196,5,-0.024527407905308912
375810,1.59711803968202,5,0.51714214430809
283760,1.46828910736811,5,0.580154275432587
187855,0.849910232261335,5,0.4551663437038421
374407,-1.1082895389101102,5,-0.2979673480536429
283199,-1.08252375244733,5,-0.9709333806561941
375739,-1.31441583061237,5,-0.21137959511261714
189232,-0.3868475179522129,5,-0.06389556418611939
187588,0.540720794707948,5,0.4784774642783388
188543,-0.0518922939360447,5,-0.21689283851562316
189666,-0.6960369555056,5,-0.8226632050980746
283107,-0.283784372101084,5,0.53068144985169
284291,-0.2580185856383,5,0.6069907910858292
283214,-0.799100101356727,5,-0.7277109889609455
374473,-0.7218027419683821,5,-0.6884094103610298
283229,1.03027073750081,5,0.7199138031506334
189063,0.6437839405590771,5,0.5936037135866435
374186,-1.21135268476124,5,-0.5514171522781052
375340,0.257297143617342,5,-0.17721056392441978
375779,1.26216281566585,5,0.3209566078650473
190040,0.0254050654523027,5,0.10032251097755554
375696,0.0254050654523027,5,0.3070200022242642
189670,-0.2580185856383,5,-0.046118816898395615
190808,0.30882871654290805,5,0.26641301649463167
190138,-0.283784372101084,5,-0.258810184768706
283962,0.30882871654290805,6,0.5245437453495193
283604,-1.18558689829846,6,-0.26125064052934355
375417,-0.30955015856386603,6,0.14770073883918458
188630,-0.0261265074732607,6,-1.0578071880024822
283162,0.0769366383778683,6,0.4603280822689444
284265,-0.773334314893945,6,0.11440600237949153
283143,0.566486581170729,6,0.23347947987578857
189246,-0.103423866861608,6,-0.03306854799660622
188355,-0.335315945026648,6,-0.10899538341735249
190797,0.9787391645752448,6,0.30184505628941505
283825,0.0769366383778683,6,-0.42043374384216914
188463,-1.5978394817029802,6,-1.3939423099888966
374365,0.8756760187241159,6,0.08622128385414521
187667,-1.34018161707516,6,-0.8257507443528365
376049,-2.4481104349747898,6,-0.29179813221588935
189238,-0.4641448773405579,6,0.0005844015807414948
187462,1.4940548938308895,6,0.15073657634628887
375931,0.7468470864102059,6,0.6690476919621435
336686,-3.33703006794078,6,-0.5480346874436528
190213,0.901441805186898,6,0.7365777758129076
188546,-0.0261265074732607,6,-0.4110292348438582
188958,0.23153135715456105,6,-0.6582076277040187
190186,-0.7218027419683821,6,-0.7309005474319099
189229,-0.20648701271273695,6,0.03786392060463159
375765,-1.18558689829846,6,-2.0843898575159305
188978,1.2363970292030702,6,-0.1877859428903891
188423,-0.0261265074732607,6,-1.175458592218904
375691,0.824144445798553,6,0.832929391201042
373759,-0.7218027419683821,6,-0.15713030072524461
188992,-0.3868475179522129,6,-0.12652458775882228
283844,-0.12918965332439,6,-0.21019647115182563
374532,0.592252367633511,6,0.09877528063638127
373578,-0.902163247207856,6,0.15860852790529326
374204,-1.00522639305899,6,-0.22788946653686146
187888,0.205765570691779,6,-0.26263585701534475
283782,0.824144445798553,6,0.494877486791621
187880,1.13333388335194,6,0.4152243729273605
374686,1.36522596151698,6,0.44152742340129303
187818,-0.979460606596203,6,-0.49263839127777187
189277,1.4940548938308895,6,0.6766773646425475
187975,-1.95856049218193,6,-0.7868679302076926
187710,-0.154955439787171,6,-0.18625309141994448
375875,0.154233997766213,6,-0.29082380515651307
375830,1.31369438859141,6,0.4289814775957086
189079,0.205765570691779,6,0.18227549387151273
187946,0.2830629300801261,6,0.332695618934568
283600,-0.335315945026648,6,0.2861568418049652
375471,-0.7475685284311641,6,0.3996701818664111
190015,0.0769366383778683,6,0.2473332509855067
187979,1.2879286021286298,6,0.4203655650704029
187824,-0.0261265074732607,6,-0.1390065650858058
188160,0.6437839405590771,6,0.25879267764394664
373615,-2.2162183568097498,6,-1.9700416214462877
336782,-0.335315945026648,6,-0.08689872911800048
187998,-1.4174789764635,6,-0.6376923368807408
189991,-1.00522639305899,6,-0.5491224909833403
190137,0.566486581170729,6,-0.6686962157059663
284219,0.669549727021858,6,1.0697621298563345
374680,0.9787391645752448,6,0.5329851051243573
190731,-0.20648701271273695,6,-0.3340719707000058
283054,-0.799100101356727,6,-0.08254249653553528
188053,-0.00036072101047902595,6,-0.2183829584822002
374658,0.386126075931255,6,0.7222375199647924
187541,-0.799100101356727,6,-0.4086543166684513
189964,0.669549727021858,6,0.45160271141013
373628,0.927207591649682,6,-0.652347975533222
189972,0.128468211303432,6,0.025965843753583823
308008,-3.4529761070233,6,-1.0730982155678996
187945,0.23153135715456105,6,0.16553558203135058
376027,0.901441805186898,6,0.7556901262576663
187712,-0.335315945026648,6,-0.014393581989871451
189840,1.26216281566585,6,0.6112843642103714
187749,0.618018154096295,6,0.26557423562771865
374484,0.618018154096295,6,0.11748349000668692
189047,-0.0518922939360447,6,-0.011955353840795185
187983,0.7726128728729871,6,0.4366057055965539
375640,1.68729829230176,6,0.837063392023161
284371,1.10756809688916,6,0.23676893675696747
375410,0.154233997766213,6,0.3866819525310563
187893,0.0769366383778683,6,0.2138306821005786
375736,0.849910232261335,6,0.23370539107188237
187819,-0.92792903367064,6,-0.20928123176515215
188947,0.154233997766213,6,-0.2434610761204207
2436999,1.59711803968202,6,1.044697739000055
189001,1.41675753444254,6,-0.04823741035266274
188443,0.386126075931255,6,-0.9092716455911862
375432,0.7468470864102059,6,0.691193616551159
375591,-0.5929738096544711,6,-0.5540359903640303
374956,0.7726128728729871,6,1.2881359117602573
374436,1.85477590430984,6,0.6647946076881044
188103,-0.6187395961172529,6,-1.1159193386741972
187801,-0.8763974607450742,6,-0.5880792366214996
375062,0.618018154096295,6,0.33902983769203965
188172,0.23153135715456105,6,0.2723441979740417
189887,-0.541442236728906,6,-0.6435559711000481
375446,0.205765570691779,6,0.21241238093901643
374374,0.386126075931255,6,0.08326649737592881
188922,0.566486581170729,6,0.5854488999645104
190035,-0.902163247207856,6,-0.6112433359709459
189753,-0.5929738096544711,6,-0.6067724416969433
187473,1.03027073750081,6,0.1898319700619156
375455,0.154233997766213,6,0.09118283414145648
374621,0.411891862394037,6,0.3402016079483185
189024,0.17999978422899696,6,-0.021541163511157563
188362,-1.1082895389101102,6,-0.8056282892477414
375641,-1.08252375244733,6,-0.8693772881186265
187985,-0.43837909087777693,6,0.09609933381100827
283311,0.514955008245166,6,-0.1805583496206485
283448,-0.12918965332439,6,0.33337890887482313
189956,-0.4641448773405579,6,-0.07007680568798311
188291,0.128468211303432,6,0.2117759410803446
308011,-0.103423866861608,6,0.4829113933655256
188211,0.592252367633511,6,0.27708340709149193
188110,-0.6960369555056,6,-0.025027727399191818
373651,0.257297143617342,6,-0.16323620825786203
283770,0.0511708519150843,6,-0.30130966452518326
375540,-0.773334314893945,6,-0.16419345804631794
187589,1.80324433138428,6,0.5684298434503718
373481,-1.23711847122403,6,-0.8095954782105224
188895,0.7726128728729871,6,0.13647400843343374
187728,-0.0518922939360447,6,-0.08217286986373032
190708,0.540720794707948,6,-0.02987992108403617
375749,-0.4641448773405579,6,-0.7067265797501373
188765,-0.773334314893945,6,-0.31244117150911754
373863,-1.46901054938907,6,-0.7465929245250894
373509,0.30882871654290805,6,0.3139948298649228
374608,0.10270242484065,6,0.10818401904088507
187814,0.43765764885681896,6,-0.28667491557669245
187941,0.540720794707948,6,0.08506668644796306
188302,-0.644505382580035,6,0.16969557039277253
2437266,0.514955008245166,6,0.4220653707425519
190116,-0.2580185856383,6,-0.015890844166557977
374504,-2.91189459130487,6,-1.9572426767706805
189790,0.7726128728729871,6,0.7562083173275821
375458,-3.58180503933721,6,-1.328200771067259
189015,-0.6187395961172529,6,-0.08576688162926085
188475,0.17999978422899696,6,0.10803032006127958
375842,1.3394601750542,6,0.49889923931798297
283823,-1.1340553253729,6,-0.3139238313131121
190139,-0.18072122624995496,6,-0.2600176019438897
189013,-1.54630790877741,6,-0.9093907359756577
190162,0.30882871654290805,6,0.4186050132487247
188382,-0.30955015856386603,6,-0.009612841530556332
283715,-1.03099217952177,6,0.5224263409192462
187556,1.3394601750542,6,0.6349950175094472
188345,-2.1389209974214,6,-1.3285190722907927
374527,1.41675753444254,6,1.2267171381941857
375941,2.03513640954932,6,1.2010485311786334
189223,-1.5205421223146298,6,-0.15013269972252177
188898,0.17999978422899696,6,-0.011257982868753041
188742,-0.43837909087777693,6,-0.6695105306391186
374517,-0.6187395961172529,6,-0.4298932757164935
188061,1.82901011784706,6,1.1498677163616828
283427,1.21063124274028,6,0.36817313936318985
189244,0.4634234353196,6,0.2146807482376529
376022,-0.7475685284311641,6,0.1513804855027691
187795,-0.43837909087777693,6,0.18346096687243926
187514,0.566486581170729,6,-0.25931733203732354
375564,0.6953155134846399,6,0.2628452018946059
187883,0.8756760187241159,6,0.30438591878660637
283128,0.6953155134846399,6,0.9297791791319907
189230,-0.824865887819511,6,-0.9618904759758335
188094,-1.64937105462854,6,0.5016930158394339
283158,1.6744153990703703,6,0.618512892655465
189287,-0.6960369555056,6,-0.6311135673548554
284024,-2.11315521095862,6,-1.4489565702229252
189134,-0.541442236728906,6,-0.8992415047363245
188092,-0.7475685284311641,6,-0.20934088274562793
189811,-0.43837909087777693,6,-0.026296416965311625
283138,0.7468470864102059,6,0.6044721597500169
376000,-0.5929738096544711,6,0.25071889971678085
189883,-0.515676450266124,6,-0.20373884208528445
189384,-0.335315945026648,6,0.11886827111695783
188214,0.0511708519150843,6,0.4028933510895881
375579,0.4634234353196,6,0.3412564254498767
190732,-0.0261265074732607,6,-0.5898557923509666
188201,-0.4641448773405579,6,0.0045892408912950045
190036,-0.8763974607450742,6,0.03713374350474227
190191,-0.154955439787171,6,-0.00317367013644812
188825,-1.4174789764635,6,0.1024949935676294
374416,0.8756760187241159,6,0.5574176269253355
374377,-0.644505382580035,6,-0.6377756099831048
187576,0.566486581170729,6,0.4195131225032507
375642,0.669549727021858,6,-0.076508336017965
189250,0.4634234353196,6,0.1796330183572086
375549,-0.6187395961172529,6,0.10472613132875155
2437252,1.10756809688916,6,0.8448253769270274
187539,1.5455864667564498,6,0.6891353993869105
188317,0.36036028946847104,6,-0.2730109156198014
374545,1.64864961260758,6,0.5535306390323499
374213,-0.20648701271273695,6,0.4135498144745262
188056,0.514955008245166,6,0.2212426924135201
189977,0.540720794707948,6,0.6621905894245779
283776,0.618018154096295,6,0.6955536253479633
189871,-0.43837909087777693,6,0.19094172352148417
374599,1.15909966981472,6,1.2190445761543596
375825,0.7983786593357691,6,0.5751730599975999
284279,-0.515676450266124,6,0.8189737076123951
283359,2.0609021960121,6,1.1881334411054179
283447,-0.18072122624995496,6,-0.2828783928914318
283727,0.824144445798553,7,0.32910218335489416
283252,0.154233997766213,7,-0.3985303684554577
187856,0.592252367633511,7,0.2534898634380738
188930,-0.103423866861608,7,0.3178042792688377
187731,0.257297143617342,7,0.24386729138737787
190278,-0.20648701271273695,7,0.3105518275157749
374934,0.23153135715456105,7,0.7281029099429648
283989,0.849910232261335,7,0.30661564507713435
189869,-0.4641448773405579,7,0.2719354824522978
187794,0.592252367633511,7,0.0867609592870783
189043,-0.5672080231916871,7,-0.16749048865504607
189689,-0.515676450266124,7,-0.6159444986757401
189084,-0.953694820133422,7,-0.8927813602946093
188386,0.514955008245166,7,0.6673416045628313
374541,-0.20648701271273695,7,0.3565436925833416
374742,-0.18072122624995496,7,-0.0855158277819974
189107,-0.902163247207856,7,-0.9865026333573121
189433,-1.18558689829846,7,-0.39123374877198075
189280,-0.2580185856383,7,0.26405192185327564
375694,0.9787391645752448,7,0.3290748973194628
187766,-0.20648701271273695,7,0.10790295684589812
188429,2.7823442169700003,7,0.3434518796465511
188434,-1.93279470571915,7,-1.0632042637120642
283597,-0.850631674282293,7,-0.56395946386264
189109,-1.34018161707516,7,-0.9332616438527712
189723,-0.43837909087777693,7,-0.6007440174293452
189153,-0.8763974607450742,7,-0.8789672163129347
189872,-0.335315945026648,7,-0.3018492373340477
189631,-0.6187395961172529,7,0.08516845359204955
189623,0.0254050654523027,7,0.09588871716818226
188054,1.1204509901205502,7,0.598799315121642
190143,-0.18072122624995496,7,1.0822413432332663
188037,0.901441805186898,7,0.8134780344895398
187754,1.05603652396359,7,0.25583918219224855
189957,0.489189221782384,7,0.33246250925150883
187869,0.36036028946847104,7,0.5266932764601051
374961,1.98360483662375,7,0.2758339281812013
284354,-0.644505382580035,7,0.05802814936765466
187968,-0.30955015856386603,7,0.3850669475306314
375577,0.257297143617342,7,0.5400774380774869
188861,-0.7218027419683821,7,-0.8963025725859695
375355,-0.541442236728906,7,0.13273612290717632
188820,-0.670271169042816,7,-0.30062046594085806
283160,1.44252332090532,7,0.41598296349582414
283231,-0.644505382580035,7,-0.8409425342372114
336685,0.43765764885681896,7,0.2266238053949565
375553,-0.7218027419683821,7,0.1250189385788987
188336,-1.36594740353794,7,-0.5691271847482875
189289,-1.18558689829846,7,-0.42180841463396596
187647,-0.515676450266124,7,-0.3484439020965348
188222,0.257297143617342,7,0.4093149917062762
189030,-0.36108173148942896,7,-0.04898298349656913
375845,1.0045049510380302,7,0.9175607913305486
187901,-2.16468678388419,7,-0.27358879635436456
374160,1.05603652396359,7,0.14208430314967474
374665,1.41675753444254,7,1.283498994482171
374622,-2.0100920651074903,7,-0.757424892555778
283950,2.39585742002827,7,0.7233754383984397
308006,-0.979460606596203,7,-1.083121888183647
188146,-0.3868475179522129,7,-0.3874292357294988
374551,-0.00036072101047902595,7,0.6901856774084174
187718,1.31369438859141,7,0.6029091870743326
375393,0.514955008245166,7,0.7292266627710047
375498,0.386126075931255,7,0.42843178332833814
283767,0.824144445798553,7,-0.5163342969091003
375994,1.51982068029367,7,0.29423447024306326
189667,-0.799100101356727,7,-0.4093742005158751
188330,-0.0776580803988264,7,-0.17129179802987793
187562,-0.103423866861608,7,0.4652596890958132
187508,-1.77819998694245,7,-1.0972022270039952
319284,0.2830629300801261,7,0.6815856698848122
187924,1.08180231042637,7,0.03795190565080897
187479,-1.31441583061237,7,-0.9328852661551568
187725,0.2830629300801261,7,-0.08765584476333771
188816,-0.902163247207856,7,-0.9557061719101925
375569,0.257297143617342,7,0.08817182861126793
187930,0.618018154096295,7,0.18449734051858893
188980,0.4634234353196,7,-0.2925122077206849
319282,-0.6187395961172529,7,-0.23375093206881276
188027,0.205765570691779,7,-0.07028713788351817
187714,0.2830629300801261,7,0.30944615513271945
187805,1.5455864667564498,7,0.20688337079921834
190129,-0.979460606596203,7,-0.657771759794177
284312,0.566486581170729,7,0.8430234647940937
283119,0.411891862394037,7,0.29416836853223316
373743,1.05603652396359,7,0.5361476048191145
188840,0.618018154096295,7,0.21902533826472292
188492,-1.62360526816576,7,-0.6640048040875506
190434,-0.0518922939360447,7,-0.29257689048998786
375755,-0.23225279917551894,7,0.3089881404683439
376013,-0.7218027419683821,7,0.17107030821607344
187958,0.154233997766213,7,0.3931290970705147
187904,0.17999978422899696,7,0.4351405238931519
375454,-0.18072122624995496,7,0.22414870920810487
375626,-0.43837909087777693,7,-0.6650261952912271
187648,1.41675753444254,7,0.8998836877592742
283777,-0.773334314893945,7,0.03341138535533847
190403,-0.23225279917551894,7,-0.3016345795220369
374145,-1.28865004414959,7,-0.7834811806379427
375453,0.849910232261335,7,0.6203308266113483
283656,-0.399730411183604,7,-0.35964152056182414
187515,-0.541442236728906,7,-0.7769624521058265
374003,0.128468211303432,7,0.20182717577410209
373730,-0.515676450266124,7,0.31971124410810176
189221,-1.46901054938907,7,-0.8497532821682527
187523,0.30882871654290805,7,-0.4389018417530525
188944,-0.154955439787171,7,-0.10925889724380572
375274,0.669549727021858,7,0.31324936433878864
374109,-1.95856049218193,7,-1.8273939148525287
188601,-1.03099217952177,7,-0.8933357157316522
187606,1.5455864667564498,7,0.8515892777590552
189927,-0.5672080231916871,7,-0.6297534564153189
283127,1.08180231042637,7,0.32290656426789777
187511,0.8756760187241159,7,-0.6426178057663283
188792,0.618018154096295,7,-1.1618043836368588
375594,-0.953694820133422,7,-0.7285905933235421
188698,-0.0261265074732607,7,0.5415998085958749
188530,0.824144445798553,7,0.9716692499199528
190000,-0.103423866861608,7,-0.16694957535794708
374534,0.489189221782384,7,0.13710087444390467
374165,0.669549727021858,7,0.4539767023929782
283969,-0.7475685284311641,7,-0.4333270873941361
188187,-0.20648701271273695,7,0.31371782679941823
189157,0.618018154096295,7,-0.14786734251600098
187703,-0.18072122624995496,7,0.05571002150116247
189059,0.566486581170729,7,0.32201052058124513
284161,0.592252367633511,7,-0.08608857642353124
188156,-0.2580185856383,7,0.4401151574535215
187860,0.386126075931255,7,-0.06249814127383527
2437244,1.9578390501609704,7,1.1780204099783536
188033,0.386126075931255,7,0.2773976651129512
188911,2.67928107111887,7,0.9579727006883072
188236,1.13333388335194,7,0.39264313484724345
283553,-0.0518922939360447,7,0.3988857890798009
187716,0.33459450300569,7,-0.021394292228092637
373925,1.03027073750081,7,1.1815354719523903
188972,-0.5929738096544711,7,0.00055597819815556
188189,-0.824865887819511,7,-0.8215740348560605
284373,0.10270242484065,7,0.9504703261828911
188031,0.17999978422899696,7,-0.15169159346965133
189854,-0.5929738096544711,7,-0.6307670897589035
336781,-1.5720736952402,7,-0.380686662304821
188154,0.489189221782384,7,-0.32726748065188555
188894,1.03027073750081,7,-0.007531106494950535
190703,0.7983786593357691,7,-0.06655245904982743
376023,1.03027073750081,7,0.563077941390494
188235,0.7468470864102059,7,0.7067841243444468
190007,-0.4899106638033421,7,-0.4923634283027131
187895,0.0254050654523027,7,0.6096079411461577
373832,1.05603652396359,7,1.1840198642652402
187736,1.6228838261448002,7,1.2794008227460583
375726,-0.0905409736302172,7,0.29329863726736694
188458,1.46828910736811,7,0.20008615839966853
189858,-0.6960369555056,7,-0.6892541792558116
318174,-2.19045257034697,7,-1.2886927286961738
376010,0.0511708519150843,7,0.460513506480035
187482,-0.902163247207856,7,-2.028690669515404
374191,0.128468211303432,7,0.10626431938726039
187992,0.0511708519150843,7,-0.11502370118320765
190115,-0.335315945026648,7,0.07580350900295751
188454,-0.00036072101047902595,7,0.13367036089262213
2437251,-0.0390094007046515,7,0.3486570940685663
375335,-0.7218027419683821,7,0.24258307219709238
188640,-1.28865004414959,7,-0.8377767193740799
283166,-0.36108173148942896,7,0.0600696246923923
375015,0.17999978422899696,7,-0.11241883106952616
187692,-0.799100101356727,7,-0.7440993375807876
190198,-0.154955439787171,7,-0.35735786035974865
188319,-0.2580185856383,7,-0.275649107767402
284277,0.0769366383778683,7,0.767446684576977
189819,-1.39171319000072,7,-1.4764032292251936
375791,0.0769366383778683,7,0.1016553359053787
373682,-0.4899106638033421,7,0.08065148779544959
190059,0.824144445798553,7,0.5327503401452334
188267,-1.5205421223146298,7,-0.7231950576277313
375796,-0.0776580803988264,7,0.514900447963742
187868,1.82901011784706,7,0.44840188070330367
283194,-3.27261560178382,7,-0.7560745008089662
188029,1.26216281566585,7,1.2099611710378
187764,-0.541442236728906,7,-0.39404750197540545
188500,0.7468470864102059,7,1.0231155419980071
189637,0.7468470864102059,7,0.10820304152392185
187881,1.26216281566585,7,0.370164787826468
188174,0.7983786593357691,7,0.5520251009754009
375921,1.26216281566585,7,0.8122176320259993
189885,1.03027073750081,7,0.8013734927294807
189859,1.2879286021286298,7,0.8767446275139483
188009,-1.03099217952177,7,-0.2420980685866903
188256,0.514955008245166,7,0.23129632819732787
373769,1.21063124274028,7,0.4224996668160308
375509,0.7726128728729871,7,0.4115988965427092
375681,1.41675753444254,7,1.2622184552895743
187526,1.05603652396359,7,-0.28782573100759196
375521,-0.412613304414995,7,-0.0986827696668729
187550,-0.4641448773405579,7,-0.3919576184078016
284164,1.13333388335194,7,0.0916064897441119
189754,-0.5672080231916871,7,-0.06255406108386113
374641,-0.0776580803988264,7,0.5115041041833996
375538,-0.18072122624995496,7,0.27659345790707357
375230,0.17999978422899696,7,0.3376766321960265
189751,1.9063074772354096,8,0.8600415593927127
190190,0.9787391645752448,8,0.30791468125364146
318175,-1.8554973463308,8,-1.5877515339833184
283641,0.4634234353196,8,0.1506931679865616
188338,-0.5672080231916871,8,-0.7925299366446411
188987,-0.2580185856383,8,-0.25097536997185643
374531,-0.0518922939360447,8,0.1905890272056071
187977,-0.7475685284311641,8,-0.031497867099330695
376021,-0.3868475179522129,8,0.10121130923352722
188227,-0.799100101356727,8,0.5137117228787385
374604,-0.0776580803988264,8,0.028271173095421237
190130,-0.23225279917551894,8,-0.3776230053685189
187951,-0.36108173148942896,8,-0.2226026170861894
375499,-0.4899106638033421,8,-0.05866658488624135
373642,0.514955008245166,8,0.645861016976121
188496,0.0769366383778683,8,-0.01934315440309517
188552,0.0254050654523027,8,-0.5096290084826088
375447,0.43765764885681896,8,0.3758339365399741
187770,1.10756809688916,8,0.5898646725552037
283978,-0.2580185856383,8,0.2015673003211128
2437415,-0.4641448773405579,8,-0.3374445838972906
284189,1.41675753444254,8,0.9033952859040484
188563,-0.283784372101084,8,-0.03858028751431708
188907,-1.18558689829846,8,-0.6807649995387903
283817,0.901441805186898,8,0.1803405284892561
187832,-0.7218027419683821,8,-0.11739658793955043
3646845,0.514955008245166,8,0.2862845073268643
375905,1.15909966981472,8,1.299160357322183
187971,1.44252332090532,8,1.143868444746741
188554,0.489189221782384,8,0.45116643316588156
189137,0.411891862394037,8,0.16471688297764187
308004,-2.4223446485120097,8,-1.357129833468155
2437249,1.3909917479797598,8,0.7095056621425815
336478,-1.88126313279358,8,-1.5204620331516248
374693,1.03027073750081,8,0.7320865807844903
283171,1.0045049510380302,8,1.220091536863066
188378,-0.799100101356727,8,-0.9071879515782043
318178,-2.64135383344566,8,-1.3610320951865238
188331,-2.2162183568097498,8,-1.5523046951194095
187691,0.618018154096295,8,0.1153707808531435
189016,1.41675753444254,8,0.21801387467532438
375950,1.44252332090532,8,1.4044143159080833
187685,-2.2162183568097498,8,-1.1240563650698348
373900,-0.0261265074732607,8,0.2639623455903841
374471,0.411891862394037,8,0.07617838327237825
189868,0.618018154096295,8,0.0852702021830804
188258,-0.154955439787171,8,-0.11735104043762123
188975,-0.335315945026648,8,-0.10654360476593583
375371,-1.31441583061237,8,0.1706045085585987
375502,-0.103423866861608,8,0.18162804523402432
374669,1.1848654562774998,8,1.1495408168282122
189390,-0.36108173148942896,8,-0.19816930626809715
190787,-1.1598211118356798,8,-1.038191246757878
189669,-0.824865887819511,8,-0.8012920403971798
374361,0.30882871654290805,8,0.5101662606240162
187973,-2.19045257034697,8,-0.732301162711648
374588,0.43765764885681896,8,0.19600110876427837
374702,0.2830629300801261,8,0.15412234758273913
374066,-0.18072122624995496,8,0.7794228233768958
188708,0.514955008245166,8,0.1433627865463713
187564,0.4634234353196,8,-0.24408533461039428
187497,-2.4996420079003503,8,-1.9873691446466064
375995,0.205765570691779,8,0.3566227660841045
283967,0.0898195316092591,8,0.3285807313527158
188155,0.9787391645752448,8,0.7206634183202966
375094,0.7726128728729871,8,1.1828616601545718
375949,0.386126075931255,8,0.32075046495868376
189760,-2.83459723191652,8,-1.9109824511351259
373904,1.21063124274028,8,0.7199321029633147
189340,0.10270242484065,8,0.03736255228354038
189152,-1.08252375244733,8,-0.8284069309725548
187952,0.7983786593357691,8,0.2170268493705256
187555,1.46828910736811,8,0.5538071733021372
373621,-1.31441583061237,8,-0.2637444396591227
283625,0.30882871654290805,8,0.13644320309183297
375976,1.44252332090532,8,0.7844120341508577
187707,-0.154955439787171,8,0.3638863942693622
283201,0.7210812999474241,8,0.13447595005275406
189236,-0.515676450266124,8,0.13342813759534533
375922,-1.09540664567872,8,0.16909908748239882
187669,-2.03585785157027,8,-1.746057767695206
374992,-1.03099217952177,8,-0.8336104089585447
187629,0.9787391645752448,8,0.3624776206118103
373734,0.0254050654523027,8,0.0028815872622927063
375973,1.26216281566585,8,0.6843506726148474
283762,-0.283784372101084,8,0.06764529239017042
375451,-3.5560392528744305,8,-1.2795073486169257
187563,1.36522596151698,8,0.739321955213492
187918,-0.412613304414995,8,-0.3284724576054582
187655,-0.154955439787171,8,0.18413445628780797
190072,-0.30955015856386603,8,-0.09930127466001815
375505,0.566486581170729,8,0.1596080007757085
374378,-0.5672080231916871,8,-0.1741873099097555
283515,0.2830629300801261,8,0.05384311126721064
374747,1.10756809688916,8,0.16368304136290518
189853,-0.103423866861608,8,0.09410856946454821
190814,-0.154955439787171,8,0.2232704268406367
376034,0.257297143617342,8,0.4550930969022583
187566,1.44252332090532,8,0.6076895937588511
189732,0.36036028946847104,8,0.29612197618144
188028,1.21063124274028,8,0.4244772619730771
189035,0.10270242484065,8,0.01443452811359841
337841,-1.67513684109132,8,-0.3900324066897093
189801,0.10270242484065,8,0.6330639141006641
188335,-1.77819998694245,8,-1.2440170384399303
373903,0.618018154096295,8,0.4533296745607901
190769,-0.4641448773405579,8,-0.2917859900341284
375780,1.3909917479797598,8,0.30190116431220115
375598,1.21063124274028,8,0.4627017258784656
188034,1.05603652396359,8,-0.12060752173014777
189997,-0.335315945026648,8,-0.6131313028506039
189881,0.901441805186898,8,-0.41136531915173213
319783,0.952973378112464,8,-0.1693167973966216
284335,2.16396534186323,8,1.173814146898386
187989,0.154233997766213,8,-0.04414357752400436
283718,-0.0776580803988264,8,-0.014826975808421766
187696,0.618018154096295,8,-0.05540824998080687
375735,0.7983786593357691,8,0.6128132727850003
374429,1.6100009329134095,8,0.5614110392546395
283083,-0.412613304414995,8,0.10731928179764225
283755,0.386126075931255,8,-0.2375742854536977
375576,-0.953694820133422,8,-0.39982764495454204
375731,0.901441805186898,8,0.5446507791900868
189668,-0.335315945026648,8,0.01397040970562824
319955,-1.54630790877741,8,-0.6828581196055593
283791,-0.412613304414995,8,-0.3177762694464096
190076,1.0431536307322,8,0.41477836983148236
375581,0.849910232261335,8,0.37006863136796947
373872,-1.05675796598455,8,0.13599917195011574
336483,-2.55117358082592,8,-1.3747053860860081
283471,0.901441805186898,8,0.31150237220865457
190086,0.7210812999474241,8,0.18874910217170557
374683,-0.30955015856386603,8,0.13103934582203916
373948,-0.20648701271273695,8,0.3333973758093418
284203,2.8338757898955698,8,0.748386524734651
189715,0.927207591649682,8,-0.38158492740938377
283603,0.566486581170729,8,0.46616176007348537
188243,-0.850631674282293,8,-0.4279773329565958
187753,0.17999978422899696,8,0.07497780254910452
283126,-0.6960369555056,8,-0.31895279207530064
190022,0.0254050654523027,8,0.7762639131207689
284328,0.592252367633511,8,0.723449391427703
188529,2.5762179252677404,8,0.23935709888650303
375975,0.43765764885681896,8,0.23363996344120766
187741,-3.58180503933721,8,-1.1133964335286932
283202,-0.2580185856383,8,-0.5839195015228159
375582,0.6824326202532489,8,0.17473238346187214
187751,0.43765764885681896,8,0.24987008249134776
283615,0.36036028946847104,8,0.3397064670460245
375449,0.566486581170729,8,0.15862053511622115
189188,-0.92792903367064,8,-0.3603532288819957
188170,0.540720794707948,8,0.4560846901940968
284162,-0.515676450266124,8,0.06725071898121848
375974,1.10756809688916,8,0.38512200304384614
284190,0.205765570691779,8,0.1626148584019389
375932,0.411891862394037,8,0.849211820699063
336485,-1.9070289192563603,8,-1.4574113098888568
375846,0.7983786593357691,8,0.3886636353480024
187653,0.205765570691779,8,0.37633724977833416
283741,-0.5929738096544711,8,0.1205406092862018
375546,-0.335315945026648,8,-0.30497836981780213
283768,-0.36108173148942896,8,-0.673112863169219
189237,-0.154955439787171,8,-0.16580950912385228
373777,-0.412613304414995,8,-0.756455537332477
187845,-0.2580185856383,8,-0.13160408461795914
188541,0.386126075931255,8,0.23357437101261716
374500,-0.773334314893945,8,0.022149195058832782
188359,-0.799100101356727,8,-0.7196019337656635
374004,0.0769366383778683,8,0.4012529391014637
190157,-0.541442236728906,8,-0.1477041386309016
189302,0.30882871654290805,8,-0.22262820288385704
187665,-0.12918965332439,8,-0.2764618633690238
375456,0.33459450300569,8,0.29503989521365825
375859,1.5455864667564498,8,1.2633637319822886
188419,-0.103423866861608,8,0.02955595973169725
283449,-0.5672080231916871,8,-0.08585728997856781
188981,0.7983786593357691,8,0.2867491989956723
187607,-0.154955439787171,8,-0.16291157262622602
189290,0.30882871654290805,8,-0.5120651220718924
2437395,-0.3868475179522129,8,-0.8090936084495891
190499,1.2879286021286298,8,0.8383186107807717
375341,0.592252367633511,8,0.4775809937993012
375698,2.47315477941661,8,0.7562366861976525
373986,-0.0518922939360447,8,0.44301097383223764
2437409,0.952973378112464,8,0.1471830898282634
189017,0.386126075931255,8,-0.07644263048270677
187583,0.30882871654290805,8,0.6333680607367368
375682,-0.335315945026648,8,0.23363859564414566
188215,0.618018154096295,8,0.07431039049746346
188991,0.36036028946847104,8,0.10639327878478144
187735,0.927207591649682,8,1.2139107415608978
188244,-0.3868475179522129,8,-0.11299905628332585
187733,-0.23225279917551894,8,0.34987600211506314
190016,-0.799100101356727,8,-0.6017404778904445
188225,0.4634234353196,8,0.345990521425772
190071,1.41675753444254,8,0.18606008903918875
187662,1.46828910736811,8,1.2148216434616539
188848,0.0511708519150843,8,0.6620889238279075
375004,-0.283784372101084,8,-0.25837285769019147
376015,0.489189221782384,8,0.5608143544826477
187816,0.411891862394037,9,0.14730892110142157
188346,-2.2162183568097498,9,-1.4238872928383608
284176,0.192882677460388,9,0.15247639341822192
188517,0.154233997766213,9,0.2565996227916618
188998,-0.8763974607450742,9,0.4217975781895066
373939,-0.824865887819511,9,0.18597879765101613
188096,-1.03099217952177,9,-0.43384056213766686
189309,0.0254050654523027,9,-0.09732259962893372
375795,-0.154955439787171,9,-1.0460236326169239
374177,-1.05675796598455,9,-0.6019898920913136
187628,-0.541442236728906,9,-0.2662114395545784
187846,0.927207591649682,9,0.4076290577565663
189647,-0.4899106638033421,9,-0.26661393806091516
374595,-0.0261265074732607,9,0.0943280891737691
374945,-0.283784372101084,9,-0.03796130439283121
374537,0.386126075931255,9,0.8096635195414393
2437287,1.0045049510380302,9,0.6011538413903066
374630,0.7210812999474241,9,1.1833815220008137
285674,0.514955008245166,9,0.24629082103715316
283721,-0.824865887819511,9,-0.34311236036797965
375943,1.03027073750081,9,0.8173802816813678
283209,-1.18558689829846,9,0.1234350608133612
190057,-0.515676450266124,9,-0.6112904523743875
284324,1.13333388335194,9,0.2730724577604483
374914,-0.0518922939360447,9,0.13235533225237836
375781,-0.30955015856386603,9,-0.08460624294610664
284120,1.64864961260758,9,0.45049838780737805
188494,-0.3868475179522129,9,0.39378283336575093
375504,0.592252367633511,9,0.4024224758485522
374395,-0.5929738096544711,9,-0.6327575528080158
283668,-0.773334314893945,9,0.2625030683032952
284059,-0.5929738096544711,9,-0.8481425724706785
283445,0.9143246984182892,9,0.058853820874447016
374613,-0.00036072101047902595,9,0.5290234937179749
187907,0.489189221782384,9,0.526700342244786
336783,-0.5672080231916871,9,-0.29453252442632905
188340,-1.46901054938907,9,-0.7200476541863551
336482,-2.75729987252818,9,-1.6366954499140354
283634,-1.8554973463308,9,-0.4690688613127906
374397,-1.08252375244733,9,-0.5687090233420798
188768,-0.0261265074732607,9,-0.22450757886148856
338067,-2.39657886204923,9,-0.12491749974132632
189865,-0.20648701271273695,9,-0.6646263772195398
283205,-2.4223446485120097,9,-0.31091692389481607
189222,-1.31441583061237,9,-0.7834879199240108
188436,-0.5929738096544711,9,0.053617336096420665
3624697,0.17999978422899696,9,0.55817543496439
187594,1.80324433138428,9,0.29033120424017056
375295,-0.43837909087777693,9,0.04043064810734974
373758,1.3909917479797598,9,1.2827828031115356
188990,0.128468211303432,9,0.2010580061626264
188906,2.0609021960121,9,0.9074659003918052
283784,1.03027073750081,9,0.3486435187916451
375895,-0.0261265074732607,9,0.29463761709916614
188482,-1.44324476292628,9,-0.4182002404509262
283671,-1.72666841401689,9,-0.8290430570583354
188270,-0.0776580803988264,9,-0.01166977306973091
318550,-1.9843262786447096,9,-1.732984914542201
375310,-0.670271169042816,9,0.182397679547037
187591,-0.541442236728906,9,-0.2094768468768197
188339,-0.7218027419683821,9,0.17816871419132435
190796,0.592252367633511,9,0.4733732356087862
375767,-1.39171319000072,9,-0.1448724654308464
188988,-1.00522639305899,9,-0.16344360447696296
189822,-2.75729987252818,9,-2.156348163098741
283803,0.386126075931255,9,0.217824718808034
187771,0.901441805186898,9,0.11257078872012904
187709,0.43765764885681896,9,0.11474923178039352
189231,1.15909966981472,9,1.234374355358046
187484,-0.773334314893945,9,-0.6075027995563352
283106,-0.979460606596203,9,-0.800070070100202
374590,-0.6187395961172529,9,-0.2543490545634989
374155,-0.6187395961172529,9,-0.17833945221517397
375474,-0.00036072101047902595,9,0.23283955489126468
189919,-0.902163247207856,9,-0.6599220074251211
187470,-0.5672080231916871,9,-0.06811990662351933
187456,-0.00036072101047902595,9,-0.049248387524851334
188913,0.0769366383778683,9,0.1294741533123392
374331,1.2879286021286298,9,0.3879183855705364
188051,-0.12918965332439,9,0.14019355581863782
188989,-0.5672080231916871,9,0.4850985599728752
283235,0.36036028946847104,9,-0.6210932133249983
189078,0.9787391645752448,9,0.41643102072985994
187461,0.7983786593357691,9,0.1141093906762326
284090,0.386126075931255,9,0.23484077020032987
189085,-0.5929738096544711,9,-0.9071028267044756
190121,0.128468211303432,9,-0.658915326986863
189000,0.257297143617342,9,0.031982189282411186
283117,0.386126075931255,9,0.3860158516092578
188376,-1.1082895389101102,9,-0.11501126544136228
283325,1.75171275845871,9,-0.06177694019622518
187711,-0.4899106638033421,9,-0.09028599316618663
319285,-0.0261265074732607,9,0.07635292871946384
189201,-1.05675796598455,9,-0.8109701722585345
188396,0.7210812999474241,9,0.6589699780264424
189268,0.4634234353196,9,0.5956713573008233
190791,0.592252367633511,9,-0.12784525300469649
375503,0.2830629300801261,9,0.2353720086060314
284248,1.7259469719959302,9,0.4083234132051905
283849,-0.773334314893945,9,-0.29662687438812896
375678,0.9143246984182892,9,0.38639587833311917
318173,-2.80883144545374,9,-0.16140264941687996
374600,1.26216281566585,9,1.2685621754872904
188999,1.13333388335194,9,-0.3032781851565509
187772,1.3394601750542,9,0.09704898092959481
187980,-0.799100101356727,9,0.5542752580928427
189834,-0.6187395961172529,9,-0.6550014775638707
190296,0.7210812999474241,9,0.35291312871730773
188940,-0.43837909087777693,9,-0.6804376192897327
374746,0.4634234353196,9,0.2372809537302718
188101,0.154233997766213,9,0.37560277264902764
190344,-0.902163247207856,9,-0.45412092742332666
374396,-0.7218027419683821,9,-0.6008219463592065
188325,-0.7218027419683821,9,-0.2816634972179346
187987,0.2830629300801261,9,0.2879543627782255
373764,-0.7475685284311641,9,-0.23573263742125913
373672,0.7983786593357691,9,0.19264122917341925
283801,0.386126075931255,9,0.42385631908278
374548,-1.67513684109132,9,-0.8139742808551571
374547,-1.1598211118356798,9,1.2200634417385507
284245,1.55846935998784,9,0.14726880906496675
374567,-0.5929738096544711,9,-0.22878842104474825
373799,-1.1598211118356798,9,-0.958544134819256
190082,0.23153135715456105,9,0.534388361093174
375778,-0.0518922939360447,9,0.09640469326261072
374475,0.4634234353196,9,0.1581182381388972
188412,1.31369438859141,9,-0.06661688191076964
189274,1.88054169077262,9,0.7214852996152652
187866,-0.3868475179522129,9,-0.17971582571012326
188040,-0.2580185856383,9,0.6591921689299134
375373,-0.3868475179522129,9,-0.15117633110877107
188421,-0.4899106638033421,9,0.13520359493201303
376002,-1.9843262786447096,9,-0.1347091500536168
284224,1.7774785449215,9,1.0051193021710172
190097,-0.515676450266124,9,-0.5815573808877206
187822,1.03027073750081,9,0.3968791635252641
187877,-0.2580185856383,9,-0.09974649064505364
189239,1.21063124274028,9,0.29835530859500725
375817,0.0769366383778683,9,0.07691817804782719
375452,-3.4014445340977297,9,-1.2488237636302568
375711,-0.799100101356727,9,0.014478392950473623
188052,-0.283784372101084,9,0.08696930909115835
189808,0.514955008245166,9,-0.3119453075368568
373754,1.44252332090532,9,0.5959091076586818
187858,0.489189221782384,9,0.11636581954512085
188467,-0.92792903367064,9,-0.441267126385236
284182,0.43765764885681896,9,0.1076661587379747
188375,-1.31441583061237,9,-0.9158486105252395
188000,0.8756760187241159,9,0.23075433803459475
188441,-1.70090262755411,9,-1.055320420254242
188982,-0.0261265074732607,9,0.034115580494735676
284110,-0.979460606596203,9,0.1494373296018009
283843,-0.23225279917551894,9,-0.26275084563131224
2437308,-0.43837909087777693,9,-0.6537468082720906
188401,-1.23711847122403,9,-0.8949215723379613
156377,0.592252367633511,9,0.6153019987700704
375775,0.6437839405590771,9,0.16857673847105636
308007,-2.6800025131398297,9,-1.4542221774003765
188997,-0.5672080231916871,9,-0.3756012206059671
189002,-0.283784372101084,9,-0.03705384692327893
189392,0.30882871654290805,9,0.16792134038952636
188507,0.489189221782384,9,0.5943948182763028
373782,-1.39171319000072,9,-0.35923067591953306
374611,0.17999978422899696,9,0.06199581883316587
189094,0.514955008245166,9,0.12905533838515193
375714,1.2879286021286298,9,0.879784078600947
187658,0.566486581170729,9,0.1673525361785065
187472,0.36036028946847104,9,0.13577773924277747
188026,0.824144445798553,9,-0.14613359277366914
187780,0.9787391645752448,9,0.04848529456567656
283144,-0.824865887819511,9,-0.055361216261241436
284068,-0.335315945026648,9,-0.007540998987756509
2437250,0.6051352608649039,9,0.6828941510810902
375674,0.7983786593357691,9,0.6551756432655039
188996,-0.3868475179522129,9,-0.08214239656539174
190142,-0.335315945026648,9,-0.5609374989057547
187935,-0.00036072101047902595,9,-0.06489414447381278
189734,1.41675753444254,9,0.4145520033473734
375634,1.0045049510380302,9,0.8403219469848435
188468,-0.335315945026648,9,0.22786491382519802
189346,-0.2580185856383,9,-0.5191198729978822
188818,0.33459450300569,9,0.43057371772901054
375389,-0.5672080231916871,9,0.24792612375883522
308010,1.88054169077262,9,0.9880814298007083
190111,-0.979460606596203,9,-0.5789408558116768
188715,-0.8763974607450742,9,-0.2354751165949178
374124,-1.00522639305899,9,0.04162691173982119
189697,-1.1082895389101102,9,-0.6049173687833496
188145,0.849910232261335,9,0.41306629974144515
190364,0.7210812999474241,9,0.49975725323935205
189784,-1.23711847122403,9,-1.77109608314976
283120,1.36522596151698,9,0.42293306160740807
190005,-0.4899106638033421,9,-0.13397762667255905
187807,-0.2580185856383,9,0.011325558051178852
283742,-0.6960369555056,9,0.05063280670308201
376048,-0.0518922939360447,9,0.32252352147723107
283633,-0.541442236728906,9,-0.8035142491850712
375717,0.927207591649682,9,0.2638061888635911
189970,0.6437839405590771,9,0.18997656797929469
189248,0.7210812999474241,9,0.04497910703178089
