id,length,kfold,SVR_pred
190125,0.7468470864102059,0,-0.10746478431849199
283812,-0.30955015856386603,0,-0.22052166494110664
188476,-0.36108173148942896,0,-0.14696500764771342
373656,1.03027073750081,0,1.0721333314266692
187584,0.952973378112464,0,0.8630875713365527
188035,1.59711803968202,0,1.0043396380229708
188134,0.154233997766213,0,0.37084613915915604
189291,0.36036028946847104,0,-0.041045166950038514
374239,0.6953155134846399,0,3.2474894677142485e-05
188249,-0.00036072101047902595,0,0.7335278213788894
375392,0.6437839405590771,0,0.628026894332778
374655,1.15909966981472,0,1.2148880072246189
190126,-1.08252375244733,0,-0.7153892147435708
375557,0.0254050654523027,0,0.281828456587661
283109,-1.1340553253729,0,-0.7532432278182271
187536,0.952973378112464,0,-0.3060068459184002
374609,-0.2580185856383,0,0.10385700696931044
375742,0.43765764885681896,0,0.3434857586570219
188086,0.154233997766213,0,0.6665007090195245
187645,0.540720794707948,0,-0.16597774067679066
188341,-0.5672080231916871,0,-0.9524688564953827
375773,0.824144445798553,0,0.3619901007364696
189039,0.0769366383778683,0,0.12840460665270664
190068,-0.4641448773405579,0,-0.14359523314323397
283796,0.10270242484065,0,-0.5132815121033201
374703,-1.1340553253729,0,0.0429611074654771
284281,0.36036028946847104,0,-0.4771481050941923
319280,0.540720794707948,0,-0.22366162937429807
318548,-0.528559343497515,0,-1.270337319925203
284222,-0.7218027419683821,0,0.027557010262552056
308266,-0.412613304414995,0,0.1366630893864632
2437340,-0.541442236728906,0,0.12063185693433165
374718,0.6953155134846399,0,0.9529442939221366
283773,-0.6960369555056,0,-0.9638297716926332
375957,0.7210812999474241,0,0.6333296975382277
189700,-0.3868475179522129,0,0.055378714464344725
284216,0.23153135715456105,0,0.17811008439774298
374546,1.57135225321924,0,0.5391124020959123
189023,-0.103423866861608,0,-0.06567152387723163
374612,0.7983786593357691,0,1.3631944490476882
375916,1.05603652396359,0,0.7202486753849588
187505,1.21063124274028,0,0.28118190990987
188226,-0.850631674282293,0,-0.3409078837231769
187867,0.6953155134846399,0,0.11873679304663776
187823,1.10756809688916,0,0.35255827271919543
190069,-0.850631674282293,0,-0.2542388292644722
375740,0.24441425038595105,0,0.1041718253780971
189947,0.0769366383778683,0,0.108412259638421
190805,-0.3868475179522129,0,-0.25537339512515944
187784,-0.0261265074732607,0,-0.16368716293577118
336484,-2.1389209974214,0,-1.6234529896566952
188408,-0.5929738096544711,0,-0.34954542892940915
283774,0.10270242484065,0,-0.29584807025831844
187545,0.10270242484065,0,0.020183268223457507
188255,0.0511708519150843,0,0.2884280275369562
374918,-0.43837909087777693,0,-0.16063716541511025
187682,0.824144445798553,0,0.453987970628338
375539,-1.03099217952177,0,-0.4643995940061291
187848,-0.412613304414995,0,1.1671184932021819
375997,0.7983786593357691,0,1.2904008192302288
374598,-0.12918965332439,0,0.15409964195815082
308265,-1.67513684109132,0,-0.788361014575651
375659,0.927207591649682,0,0.25518997705362784
188943,0.489189221782384,0,-0.23059156652368662
283805,-0.2580185856383,0,-0.6368124441424454
284231,-0.193604119481346,0,-0.049858047945773754
374467,0.154233997766213,0,0.12930872357896328
284305,0.43765764885681896,0,-0.156581461088718
375724,0.23153135715456105,0,0.32680219452400927
374392,0.23153135715456105,0,0.677729386034706
187507,-1.08252375244733,0,-0.9862300265872372
375589,-0.5929738096544711,0,-0.32885998540537936
188945,-0.4641448773405579,0,-0.3106969521405115
284370,0.411891862394037,0,-0.09400411091293204
374614,1.15909966981472,0,1.3676732736378847
188969,0.6953155134846399,0,0.13647000819782118
189961,0.901441805186898,0,0.30510541285686155
189625,-1.1340553253729,0,-0.5971881521730917
374635,1.41675753444254,0,0.4785995945755596
375663,0.205765570691779,0,0.3197631525503193
374156,-0.12918965332439,0,0.33519505612482936
187495,-0.6187395961172529,0,-1.0382565914565827
283444,-0.5929738096544711,0,-0.2770198098277326
188669,1.2363970292030702,0,0.4832004841060481
2437214,1.44252332090532,0,0.7022824955797686
189009,1.2363970292030702,0,0.23921005440378384
374591,0.669549727021858,0,0.18315145064444058
187839,0.30882871654290805,0,-0.08347594557662441
283964,1.5069377870622802,0,0.728184607389293
374505,-0.5929738096544711,0,0.140012328841935
375687,0.849910232261335,0,0.42996760295300646
190177,0.0254050654523027,0,0.42437720197968115
374197,-0.154955439787171,0,-0.26140175556707945
187502,0.23153135715456105,0,-0.009638610619994714
284280,0.7210812999474241,0,0.4441379747354565
284168,0.0254050654523027,0,0.6248734705614902
374825,-0.850631674282293,0,-0.6141042843808382
374739,0.257297143617342,0,0.23417660907663476
189012,-0.3868475179522129,0,-0.6273379717692515
187493,-0.644505382580035,0,-0.3391698402539218
187611,1.03027073750081,0,-0.3901355103913228
373575,0.901441805186898,0,0.35972843317442904
374401,-0.902163247207856,0,0.07165200537855515
188449,-0.0261265074732607,0,0.2218158964680598
284368,0.566486581170729,0,0.5396584633585209
187984,0.9787391645752448,0,0.43920857403687624
373626,-0.283784372101084,0,-0.22600988096419333
190096,0.128468211303432,0,0.026557471442606673
283892,0.10270242484065,0,-0.03939366023323976
283676,-1.5978394817029802,0,-1.487020279576882
187742,0.9787391645752448,0,0.4038098622629854
375666,-0.0261265074732607,0,0.23262524256268632
319283,-2.52540779436314,0,-0.6521439613265039
283731,-0.20648701271273695,0,0.00873523381253849
374643,1.4940548938308895,0,1.2985916137455595
375901,-0.799100101356727,0,0.5345832505034314
375583,-0.6960369555056,0,0.06502226532757915
189932,1.41675753444254,0,0.6506997918588344
283677,-0.36108173148942896,0,0.23851230690210007
190806,0.386126075931255,0,0.24040135741174168
375444,0.0511708519150843,0,0.12768407654273742
188259,-1.08252375244733,0,-0.8488841221242645
283664,-0.5672080231916871,0,-0.30521628003471446
283220,0.514955008245166,0,-0.03953701395732684
308211,-1.18558689829846,0,-0.19333567486801234
190085,1.08180231042637,0,1.2693444844229174
284319,0.128468211303432,0,0.47742347908463895
374912,0.23153135715456105,0,-0.12314551670171658
188545,-0.7475685284311641,0,-0.9353145270780465
189979,0.0511708519150843,0,-0.11413771198753098
375661,0.6437839405590771,0,0.436970148470431
187999,0.8756760187241159,0,0.6455002230378761
187471,-0.4899106638033421,0,-0.2765846656956143
374391,-0.7475685284311641,0,-0.579439506773789
374624,1.4296404276739298,0,0.8874898090241863
187949,-0.2580185856383,0,-0.6738167949730698
284015,-0.0261265074732607,0,-0.3852196546606819
374715,-0.283784372101084,0,0.38326975217874265
190064,-0.30955015856386603,0,0.037272445516563224
190819,0.411891862394037,0,0.2584886488191669
187826,-1.08252375244733,0,-0.3144484049335313
283781,-0.670271169042816,0,-0.6342599527095605
319781,0.17999978422899696,0,0.3082512645588641
188774,0.257297143617342,0,0.13630437060082098
283145,-1.5720736952402,0,-0.760580538294811
374814,-0.103423866861608,0,0.2107001909778311
319779,-0.81198299458812,0,-0.486755652691841
189832,0.2830629300801261,0,-0.3665824258359825
190789,-0.4641448773405579,0,0.03167423501903199
189040,-0.979460606596203,0,-0.8724117375986045
190054,-2.58982226052009,0,-1.7759035376184906
283754,-1.08252375244733,0,-0.17861746146523533
190472,1.63576671937619,0,0.45492872666292056
375376,-0.2580185856383,0,0.16059472445340153
375205,0.411891862394037,0,0.2837100319678774
375890,-0.00036072101047902595,0,0.24351788096196308
190702,0.23153135715456105,0,0.023686722520551318
188549,-0.979460606596203,0,-0.9303210552267565
189045,0.7210812999474241,0,0.17739750566302792
187500,0.128468211303432,0,0.4125719670130175
189857,0.592252367633511,0,0.7203850409087778
187876,0.33459450300569,0,0.41112416045916883
283846,-0.0518922939360447,0,-0.26823419390009895
375697,0.9787391645752448,0,0.4325872833786838
375688,0.566486581170729,0,0.4210126475472142
374037,-0.412613304414995,0,-0.24505245332218661
187812,0.0254050654523027,0,-0.6864603397519811
317951,-2.60270515375148,0,-1.3747574881444988
283740,-0.103423866861608,0,0.6465094362780803
187755,1.41675753444254,0,0.7526426871895184
284067,0.514955008245166,0,0.0714554973601989
189294,-0.43837909087777693,0,-0.12167209989983671
375467,0.7210812999474241,0,0.4428196937996829
187664,-2.83459723191652,0,-1.1192557632823892
188526,0.618018154096295,0,0.2361664553906723
187767,0.7983786593357691,0,0.14700163024552565
373694,1.22351413597168,0,0.2530448799473094
188142,-3.0922550965443505,0,-0.7749780979345995
188633,0.128468211303432,0,-0.05414229076424243
190148,-0.515676450266124,0,-0.3326312964651961
283179,0.824144445798553,0,0.6150378447203464
283639,-0.12918965332439,0,-0.2086913224741837
188849,-0.00036072101047902595,0,-0.42669337768521837
374706,1.44252332090532,0,1.2021551843979412
319957,-1.23711847122403,0,-0.8210471968616253
374385,-0.12918965332439,0,-0.274428309224572
188418,-0.43837909087777693,0,0.3512044740739818
189210,-0.902163247207856,0,-0.5355790096149069
190029,0.33459450300569,0,-0.02719014621226662
283655,-0.23225279917551894,0,-0.3263773067912282
283735,-0.7475685284311641,0,-0.6770265718098907
375759,0.566486581170729,0,0.20999248824911504
189193,-0.773334314893945,0,-0.897807251285119
375370,0.205765570691779,0,-0.6538886011574514
373726,-2.11315521095862,0,-0.9943226530663107
187844,0.128468211303432,0,0.14933211976318558
188048,-0.20648701271273695,0,0.06599349232171708
375977,1.03027073750081,0,0.39672634965864767
187804,1.64864961260758,0,0.6615480431705247
188312,-1.00522639305899,0,0.3986964532533108
283736,-1.4174789764635,1,0.33139424721344923
375596,0.489189221782384,1,0.3512198186699834
375607,-0.20648701271273695,1,-0.510860714267791
283599,-0.103423866861608,1,0.5631440040096635
189288,-2.16468678388419,1,-0.18581621096726214
375695,0.4634234353196,1,0.34780342825613386
373629,0.8756760187241159,1,-0.40398783010500533
188469,-0.12918965332439,1,0.416305806808909
189958,1.70018118553315,1,0.9171963385725945
283579,0.514955008245166,1,-0.13685901837217262
187944,-0.541442236728906,1,0.10491797201565647
375585,1.75171275845871,1,0.34185641465057126
189034,-0.0776580803988264,1,-0.07420557563806413
2437412,-0.23225279917551894,1,0.4116655559848507
336688,-1.77819998694245,1,-0.8151598089827108
189696,-0.23225279917551894,1,-0.5799897900668438
189776,-2.2162183568097498,1,-1.7593804902079357
189455,-0.979460606596203,1,-0.11807667509389547
188758,-1.08252375244733,1,0.5059152762668989
190098,-0.799100101356727,1,0.11506463920990062
190158,-0.0518922939360447,1,-0.05905122623107556
190187,0.540720794707948,1,0.43644617374418454
375457,-0.8763974607450742,1,0.33549264908531795
189006,1.15909966981472,1,0.22526207757171163
189792,0.489189221782384,1,0.8926320552013114
374171,0.257297143617342,1,0.2174470381814024
376047,0.411891862394037,1,0.3197767230465367
375799,1.08180231042637,1,0.381390424817629
375567,-0.953694820133422,1,-0.07578813495537445
189010,1.08180231042637,1,0.23765787048866327
187993,-0.12918965332439,1,0.020431575433794757
375954,-1.1340553253729,1,-0.15541354345369235
375288,0.540720794707948,1,0.5274860449389616
190189,-0.541442236728906,1,-0.7411070546190057
283756,0.205765570691779,1,0.5111790149714517
190816,1.10756809688916,1,0.26534880032205965
375939,0.2830629300801261,1,0.6373665029731949
375397,-0.23225279917551894,1,-0.09304112624461922
374363,0.6953155134846399,1,-0.025283335068171348
374183,-1.4174789764635,1,-0.16418117944282445
189703,0.2830629300801261,1,-0.0006045959031104053
187603,1.0045049510380302,1,0.8760401229077088
283723,0.9787391645752448,1,0.3900831223611644
375752,-0.0261265074732607,1,0.7282808435647627
187649,-0.0776580803988264,1,-0.06439379337086551
375816,0.24441425038595105,1,0.029776533579762066
187857,0.154233997766213,1,-0.19902256702765347
375857,1.44252332090532,1,1.2106848766939537
189242,-0.541442236728906,1,-0.04885550939658445
373744,0.411891862394037,1,0.6891032365456413
374533,-0.7475685284311641,1,0.22970012444503013
283822,-0.8763974607450742,1,-0.3799779646664306
190102,-0.8763974607450742,1,-0.21274186051792127
375623,0.656666833790467,1,0.8453794707540006
187786,0.669549727021858,1,0.326756952990481
374652,0.952973378112464,1,0.609408396797188
283602,0.154233997766213,1,0.26926261783083283
375813,0.128468211303432,1,0.38282629848674177
375548,-1.18558689829846,1,0.06365027591880504
189293,-1.26288425768681,1,-0.18007004306878305
187854,-0.4641448773405579,1,-0.13246524561521428
374178,-1.64937105462854,1,-0.48856371944734095
375815,1.10756809688916,1,0.36393413297619304
190799,0.6953155134846399,1,0.3908029816106599
188185,-0.00036072101047902595,1,-0.051484937561228905
188204,0.849910232261335,1,0.4792254746738284
375971,1.01738784426942,1,0.6654351986942961
188369,0.30882871654290805,1,-0.1339160255060649
375800,0.192882677460388,1,0.06420322147355942
188237,0.6437839405590771,1,0.43737314126753696
2437410,1.59711803968202,1,1.2295034645050953
187796,-0.8763974607450742,1,-0.25099461466355205
189343,0.23153135715456105,1,-0.3790064303809713
189189,-0.23225279917551894,1,-0.186919504293026
190173,-1.03099217952177,1,-0.6123041245050063
374515,0.154233997766213,1,0.17034204032988645
189068,1.3394601750542,1,0.5600825136395822
375738,0.10270242484065,1,0.7992182027048598
375571,0.30882871654290805,1,0.4777160174378739
284132,0.23153135715456105,1,0.26650254180435795
375404,-0.23225279917551894,1,-0.09692481844214468
190795,0.7210812999474241,1,0.8256476099655663
373835,-0.92792903367064,1,0.16969479646400865
187522,-0.92792903367064,1,0.2794567544199496
283089,-2.60270515375148,1,-1.8262964459626683
187928,0.824144445798553,1,-0.1723029156823203
187590,0.7210812999474241,1,0.8668529582644424
190174,-0.154955439787171,1,-0.060247734382908535
283748,0.0511708519150843,1,-0.17669032167870985
283732,-1.1340553253729,1,-0.642255987902101
190783,2.03513640954932,1,0.9177848788031135
188521,-0.20648701271273695,1,0.24182019577276687
374632,-0.0776580803988264,1,0.06427264149122108
336476,-1.9843262786447096,1,-1.6892494246121936
188540,0.618018154096295,1,-0.9498938167498987
188231,0.205765570691779,1,0.03424891036616862
188326,-0.773334314893945,1,-0.28047046077246346
373655,-1.5205421223146298,1,-0.11027302713201614
375578,-1.00522639305899,1,0.2585500934459356
336684,0.952973378112464,1,0.28975583436855257
190794,0.6437839405590771,1,0.12214489180582738
187920,-1.44324476292628,1,-0.4808009753708767
188163,0.154233997766213,1,-0.010115897210967895
188153,0.43765764885681896,1,0.3567500679861688
188493,-1.62360526816576,1,0.2501156460571109
188320,-1.9843262786447096,1,-1.4453978635487843
188993,1.2363970292030702,1,-0.06750596894051386
374935,-1.67513684109132,1,-0.3075985265609433
187957,1.46828910736811,1,-0.24606104818399205
375020,0.669549727021858,1,0.40534653855969455
188379,-0.2580185856383,1,-0.8776055675348973
190810,0.7210812999474241,1,-0.1807361408636287
374697,1.10756809688916,1,0.5001562609105505
375475,-0.154955439787171,1,-0.20287723194985663
375434,0.0511708519150843,1,0.1288172092390895
189319,0.17999978422899696,1,0.14590248949173745
190707,-0.979460606596203,1,-0.1409500127739844
375494,-0.36108173148942896,1,-0.29622118603663533
373725,-0.953694820133422,1,-0.18564964327717515
376032,2.17684823509462,1,0.622777098282406
188357,-0.953694820133422,1,-0.6808457043612153
283221,-0.2580185856383,1,-0.39708272263267924
283215,-1.00522639305899,1,-0.7755352803025692
188095,-1.64937105462854,1,0.026683589371053057
373733,-1.36594740353794,1,0.024839774783357
189139,0.386126075931255,1,0.3159530252089975
284247,0.205765570691779,1,0.19431026787449246
375597,-0.154955439787171,1,-0.22290133061727097
190051,0.33459450300569,1,0.9968067407968058
187905,0.30882871654290805,1,0.05113903973297154
284309,1.0045049510380302,1,0.4303774781301652
189909,-0.5929738096544711,1,-0.6001440041750474
373851,0.618018154096295,1,0.528093777508926
283876,-0.154955439787171,1,0.1539557804309513
187474,-0.979460606596203,1,-1.0618975951790108
190803,0.386126075931255,1,-0.1974974760082387
374763,0.205765570691779,1,-0.06652799044085755
187990,-0.7218027419683821,1,-0.33851296587267177
190006,-0.4641448773405579,1,-0.722460307974149
374442,-1.00522639305899,1,0.23888888399916655
284251,0.4634234353196,1,0.29898386030325147
283178,-0.43837909087777693,1,-0.2058656033687667
187705,0.43765764885681896,1,0.10327024762100567
189683,0.424774755625428,1,0.2559212907567985
190149,-1.7524342004796698,1,-0.7003836928736082
374592,-1.67513684109132,1,-0.5076601621757952
375935,0.4634234353196,1,0.6410983342697576
375518,0.9787391645752448,1,0.2335016385143952
189093,-0.0261265074732607,1,0.021257373084632103
187982,0.36036028946847104,1,0.0740961258372348
317953,-2.91189459130487,1,-1.5182353336278753
375433,-1.7524342004796698,1,-1.0143403727364166
374589,0.618018154096295,1,0.3651655792995941
2437245,1.08180231042637,1,0.5904242263881347
187921,-1.46901054938907,1,-0.09661294435583348
189022,0.514955008245166,1,-0.23538974919349998
375169,0.8756760187241159,1,0.541770187872209
190046,1.0045049510380302,1,0.2485216516531471
2437408,-0.30955015856386603,1,0.2756450986365398
374744,0.43765764885681896,1,0.29462066732959996
375572,1.7259469719959302,1,-0.45357171338690533
374807,0.566486581170729,1,1.0070262622020805
374927,-0.0776580803988264,1,-0.028761767670072602
284304,-1.03099217952177,1,-0.022547864880428065
374024,-0.902163247207856,1,-0.4471841169704805
375702,0.128468211303432,1,0.2813260253560509
188269,-1.00522639305899,1,-0.8371412415068382
189844,1.2879286021286298,1,0.8739999842368162
373716,0.952973378112464,1,0.5159588199831957
2437194,-0.412613304414995,1,-0.14852979760589236
375705,1.46828910736811,1,0.8075332744588837
375545,0.927207591649682,1,0.35370691913963226
187936,-0.12918965332439,1,0.009828734199059053
283752,1.2363970292030702,1,0.4467702035954287
190252,-0.3868475179522129,1,-0.20063627979182624
190790,-0.0261265074732607,1,-0.13076272649653758
375461,0.901441805186898,1,0.4689230846643944
188099,1.5455864667564498,1,0.5331093550866657
374603,-0.154955439787171,1,0.09929898179208668
188043,-0.43837909087777693,1,0.2831239424782378
190561,0.0254050654523027,1,0.13879745728203527
374699,1.44252332090532,1,0.6903895685964379
187820,0.17999978422899696,1,0.0994310385396951
2436958,1.36522596151698,1,0.6971774495766336
187803,1.5455864667564498,1,0.6174927621707518
319956,-1.36594740353794,1,-0.8193713067822246
284372,-1.21135268476124,1,-0.022408565228666605
375513,0.10270242484065,1,0.29425775328999865
188923,-0.412613304414995,1,-0.2733896540556245
188008,-0.5672080231916871,1,-0.21026605368645573
187787,0.566486581170729,1,0.5358278646823136
189029,-0.7475685284311641,1,0.24913978302507295
187778,-1.1082895389101102,1,0.103443342504179
188218,0.411891862394037,1,0.3060619334768174
374743,0.17999978422899696,1,-0.13494000067488765
187981,0.128468211303432,1,0.07599197728765597
188250,0.849910232261335,1,0.5496445394344038
375689,0.6437839405590771,1,0.15211656280446942
190815,1.70018118553315,1,0.7081539031449275
374694,1.44252332090532,1,1.2548130545271154
2437263,-0.0261265074732607,2,0.5849948195811431
2437378,1.57135225321924,2,-0.16104173601090524
2437048,1.70018118553315,2,0.6217647185354986
374516,-0.20648701271273695,2,0.027492364550259413
189245,-0.2580185856383,2,-0.005069507544402191
189974,0.411891862394037,2,0.4853349424641683
376040,0.0511708519150843,2,0.06905586272178574
188224,0.618018154096295,2,0.3692493777955712
187543,1.0045049510380302,2,0.46097268055904195
374749,0.901441805186898,2,0.21247564399207078
375823,0.824144445798553,2,0.8894672635851391
374941,-0.154955439787171,2,-0.5031499028469828
2437282,1.64864961260758,2,1.1709435023386436
189949,-0.6960369555056,2,-0.12541721439861833
318176,-2.16468678388419,2,-1.6935572597119777
375527,1.03027073750081,2,0.382885147738058
283598,-0.670271169042816,2,-0.3709612483005049
188976,-0.283784372101084,2,-0.19393811539195663
283638,0.386126075931255,2,0.47235567395040845
374894,-0.154955439787171,2,-0.09572825339879648
187730,0.849910232261335,2,0.2096178613924036
189282,-0.3868475179522129,2,0.050196645983992066
188058,0.205765570691779,2,-0.11255542223008239
189267,0.489189221782384,2,0.47230025302319245
189889,-0.7218027419683821,2,0.295408949775206
188872,-3.1695524559326897,2,-1.5109926270742318
190170,1.15909966981472,2,0.4717558212775359
283778,-0.20648701271273695,2,-0.14629383262095677
373739,-1.34018161707516,2,-0.7853990551303167
375794,-2.03585785157027,2,0.3562253356629924
283914,-0.335315945026648,2,0.2797944229873615
187501,-0.20648701271273695,2,0.06084688785343839
374154,-0.515676450266124,2,-0.761284189072018
187955,0.17999978422899696,2,0.12143885779479324
190238,0.36036028946847104,2,-0.4708569578444819
374190,-0.6187395961172529,2,-0.6218886980026648
188248,-0.103423866861608,2,0.13676175553131306
284236,0.205765570691779,2,0.13118926469934025
375802,1.36522596151698,2,1.2280553845227316
187528,0.7210812999474241,2,0.25611944905998973
374638,1.21063124274028,2,1.217198958584096
187544,0.7468470864102059,2,0.3698209544394494
188934,-0.412613304414995,2,-0.5260406514948865
188497,-0.799100101356727,2,-0.7287027808590089
190114,-1.26288425768681,2,-0.6861915163837184
189025,1.10756809688916,2,1.0501310243228361
373627,-0.283784372101084,2,0.04997288364231883
375037,0.386126075931255,2,0.41488889639204773
187687,-0.7218027419683821,2,-0.1326189038905559
373468,0.205765570691779,2,-0.08138264511271454
375744,-2.7315340860653903,2,-1.1152593842052532
188197,1.03027073750081,2,0.31755256043715996
373654,0.618018154096295,2,0.307622009429407
188532,1.5455864667564498,2,1.1458626667316905
188093,0.0254050654523027,2,0.19231053720374866
188036,1.15909966981472,2,0.0158168213619429
375896,0.489189221782384,2,0.3556165699202764
375710,1.2363970292030702,2,0.7623449138491298
189003,-0.670271169042816,2,-0.21602098019729968
373760,-0.644505382580035,2,-0.7659426670370744
188405,-2.62847094021427,2,-1.1833112787228581
188328,-1.4947763358518502,2,-0.2489104526452716
283104,-1.39171319000072,2,-0.10943275345686268
374969,0.205765570691779,2,0.21858510787145258
188427,0.0254050654523027,2,0.29471894854044334
374062,-0.43837909087777693,2,-0.2544339118857726
190807,1.05603652396359,2,0.26210371211508876
190782,-0.0776580803988264,2,0.7333397809838494
188558,-1.93279470571915,2,-1.440554289420966
190163,0.7210812999474241,2,-0.06646215339618292
190081,0.2830629300801261,2,-0.0031066605393991475
188075,2.47315477941661,2,-0.05574808769769471
188704,0.2830629300801261,2,0.12072556674111742
188254,1.5455864667564498,2,0.8589166947965874
284272,0.2830629300801261,2,0.4146072687291791
187791,0.9787391645752448,2,0.34770516248164207
284357,1.1848654562774998,2,0.14394334282544502
187763,0.514955008245166,2,0.3518001200907048
189234,-0.20648701271273695,2,0.004704106480091702
187974,0.36036028946847104,2,0.03656586747811966
188780,-0.670271169042816,2,-0.4217328845276318
375016,-3.11802088300713,2,-1.2825752318300006
375372,-0.953694820133422,2,-0.5747947785411263
188970,0.6437839405590771,2,0.2479409045030006
190802,1.26216281566585,2,1.366679789286196
190709,-0.6187395961172529,2,-0.6417147284574661
2437267,0.6953155134846399,2,0.376792088004131
374158,0.927207591649682,2,0.39964038992715645
190195,-0.902163247207856,2,-0.8278539403779485
283163,0.154233997766213,2,0.02594263778230113
283416,-0.43837909087777693,2,0.1975404826728405
375024,1.03027073750081,2,0.5196448429349215
283665,-0.5672080231916871,2,-0.19576773842607562
308253,-0.7218027419683821,2,-0.5895575637464944
187678,-0.2580185856383,2,0.29033052187320285
374681,0.8756760187241159,2,0.9627612457089003
373795,-2.70576829960261,2,-0.97209066437948
283623,-0.3868475179522129,2,-0.17499358443126575
373485,-1.28865004414959,2,0.22883844352845686
188363,-1.4174789764635,2,-0.7272504699297286
189744,-0.515676450266124,2,-0.18772067669335016
374974,0.952973378112464,2,0.49183582036235296
187663,1.59711803968202,2,1.1216655767491492
187704,0.0254050654523027,2,0.08532165336797318
189804,-0.283784372101084,2,-0.05716660858157466
189138,1.7259469719959302,2,0.4419165477380941
188025,1.70018118553315,2,0.7090093455379171
375728,-0.6960369555056,2,0.36678739221080014
375956,1.70018118553315,2,1.415300293830786
283232,-1.18558689829846,2,-0.4496923761355893
188846,-0.00036072101047902595,2,0.18080948805166394
189856,-0.541442236728906,2,-0.6059021804526046
187986,0.514955008245166,2,0.6491204367375143
189971,0.386126075931255,2,0.02061560677563476
375315,-0.23225279917551894,2,0.19571402021699372
375745,-2.52540779436314,2,-1.0142754929358797
188636,-1.5205421223146298,2,-0.7881374313674178
190058,0.6953155134846399,2,0.1857517953198944
188349,0.7726128728729871,2,0.3802399557819147
187903,1.59711803968202,2,0.4670905297299647
374629,-0.43837909087777693,2,0.2523515116725799
375608,0.128468211303432,2,0.9038285764741067
284165,0.23153135715456105,2,-0.13131158336718898
283431,-0.773334314893945,2,-0.12945146428127882
189955,1.26216281566585,2,0.26542605406559866
187886,1.3394601750542,2,0.14325459013473774
374689,0.618018154096295,2,0.722780521468682
283790,-0.6960369555056,2,-0.4022864530702779
188577,-0.2580185856383,2,0.24706847233558943
188501,-0.0518922939360447,2,-0.6545690243344536
373635,-0.799100101356727,2,-0.4727703833948016
187954,-0.18072122624995496,2,-0.16399948914030907
189077,-0.824865887819511,2,-0.7101524783806107
187765,0.33459450300569,2,0.10502055158499782
283828,0.128468211303432,2,-0.26530453142229904
375850,1.6228838261448002,2,1.204668809135223
2437286,0.7597299796415959,2,0.6523572102640165
283667,-0.0261265074732607,2,0.22385270493133283
190811,-0.799100101356727,2,-0.1859367034356826
188506,0.0511708519150843,2,-0.7774580638998689
188113,-0.12918965332439,2,-0.12717501719216354
188370,0.2830629300801261,2,0.08024869351056826
373770,-2.26774992973531,2,-0.9610165160656388
375621,0.824144445798553,2,0.8425681924203896
284327,1.5455864667564498,2,0.82099408382796
188472,-1.18558689829846,2,-0.7080163156327143
189766,-0.953694820133422,2,-1.3726002618240813
283177,-3.24684981532104,2,-0.903710886702503
188102,-0.412613304414995,2,-0.02545492648142436
190817,-0.3868475179522129,2,-0.9020791348422581
190774,0.540720794707948,2,0.28536168383437666
187757,-2.37081307558644,2,-0.7907701046292457
188324,0.17999978422899696,2,0.3463164039341319
375560,-0.773334314893945,2,-0.49245729965769036
375628,-0.799100101356727,2,-0.5714142107557625
374513,-0.850631674282293,2,-0.6942090521749736
374445,0.849910232261335,2,0.3415114933376877
187481,-1.82973155986802,2,-1.7361421035113025
187758,-0.8763974607450742,2,-0.38240203967734077
187729,-0.00036072101047902595,2,-0.11234123137258703
2437258,1.51982068029367,2,0.9030276649197929
188777,-0.902163247207856,2,0.9130373508034731
375991,0.386126075931255,2,0.5523500970444785
189630,-0.902163247207856,2,-0.6095604119999679
284303,-0.43837909087777693,2,-0.28956944140247187
375820,-0.2580185856383,2,0.6594423537040262
190124,-1.00522639305899,2,-0.5586831479665966
375743,0.30882871654290805,2,-0.196281810734701
190063,-0.92792903367064,2,-0.6524856187331403
188956,0.8756760187241159,2,0.15066405831189442
187518,-0.644505382580035,2,0.04736331883970679
187833,0.2830629300801261,2,-0.22317830645740802
374759,2.2026140215574,2,1.2449827761944963
188979,-1.23711847122403,2,0.4262775539491711
375620,0.0640537451464775,2,0.28837553445567854
374663,-0.283784372101084,2,0.1068084119890419
188220,-0.20648701271273695,2,0.1035025748154533
189005,-0.103423866861608,2,0.3845493405283601
187756,-0.43837909087777693,2,0.14764331743068598
188383,-0.644505382580035,2,-0.17031235384802293
189894,-1.9070289192563603,2,-1.0955603773996059
336477,-2.2162183568097498,2,-1.776148959326286
283833,-0.283784372101084,2,0.2168936304570143
190728,-3.60757082579999,2,-1.6030357780281548
374174,0.7983786593357691,2,0.2931979506301351
374620,0.514955008245166,2,0.22074399297451555
189749,-2.52540779436314,2,-2.2374225716264675
190045,-0.824865887819511,2,-0.6275715265035835
374535,-0.00036072101047902595,2,0.24157229247432324
374659,0.154233997766213,2,0.23933607990076003
187713,-0.4641448773405579,2,-0.6861143105697445
375590,-1.00522639305899,2,-0.9664759460867305
283802,-1.18558689829846,2,-0.2299456580104087
373522,0.785495766104378,2,0.9199158519612094
188104,0.205765570691779,2,0.2554780595616646
189042,-0.670271169042816,2,-0.19651093764133284
374139,-0.2580185856383,2,0.19395322316031335
374474,0.9143246984182892,2,0.1941643459140511
375243,2.08666798247488,2,0.2812975537129196
189090,0.128468211303432,2,0.20991989560065633
374001,0.514955008245166,3,0.0551858182822344
375500,0.669549727021858,3,0.3962448872394286
375839,1.41675753444254,3,0.7392208330622367
190089,0.2830629300801261,3,-0.06689239925505996
189046,0.205765570691779,3,0.08755137041039229
189421,-1.08252375244733,3,0.2516880516028982
189076,-0.644505382580035,3,-0.7073232827862954
187988,0.7726128728729871,3,0.42278892032376886
189829,0.0769366383778683,3,0.12558089122769656
190141,-0.154955439787171,3,-0.3360218719994187
187875,0.386126075931255,3,0.31428628106144224
188425,0.7468470864102059,3,0.4325586657405757
188957,-1.28865004414959,3,-0.07745529978739002
189809,-0.773334314893945,3,-0.5740895404364876
188137,-1.4174789764635,3,-0.48276395197647287
2437280,1.7259469719959302,3,1.2396109825261434
187458,-0.0518922939360447,3,0.44559834413249594
190067,0.7210812999474241,3,0.029853347763336313
283769,0.17999978422899696,3,-0.5333660861311456
188287,-0.979460606596203,3,-0.05306103615171065
190160,-0.6187395961172529,3,-0.34349905367666295
375746,-2.4996420079003503,3,-1.2836356295305549
284215,-0.20648701271273695,3,0.08928373501788697
187676,0.566486581170729,3,-0.4182589382015774
187919,-0.644505382580035,3,-0.6792690399184087
187853,0.257297143617342,3,0.1723450111623627
188105,-0.412613304414995,3,-0.10656235750683715
373675,1.5455864667564498,3,0.446986522270371
283859,-0.412613304414995,3,-0.13670563069347436
190199,0.17999978422899696,3,0.5101649914399173
187889,-0.5672080231916871,3,-0.7498162441861478
187976,-0.850631674282293,3,0.27029453305797674
188994,-0.6960369555056,3,-0.15344351344114426
374937,-0.2580185856383,3,-0.2789442022340644
187587,1.05603652396359,3,0.428937376421163
189091,1.36522596151698,3,1.3329973071053864
189684,0.154233997766213,3,0.3346225726258739
374610,-0.154955439787171,3,0.1327304738645108
187491,1.3394601750542,3,0.20730637361504534
374623,-0.3868475179522129,3,-0.5927113699986339
190792,1.03027073750081,3,0.15615787537289227
189632,-0.20648701271273695,3,-0.08443104506961213
188452,-0.6960369555056,3,0.11060711648572291
375573,0.10270242484065,3,-0.20301947370688117
190277,-0.799100101356727,3,-0.6577646139660001
188757,0.23153135715456105,3,1.106744970267569
187892,1.9320732636981897,3,1.130944046062093
374662,0.927207591649682,3,0.48903271759195127
188893,-0.7218027419683821,3,-0.12449569820000445
187702,-0.00036072101047902595,3,-0.39017036650260045
374913,1.03027073750081,3,0.8677753400433479
189004,0.128468211303432,3,0.09846953809618017
188018,0.6437839405590771,3,0.45937641772679777
187700,-0.36108173148942896,3,0.09389237833983893
308212,0.411891862394037,3,0.1401788013550438
188402,0.669549727021858,3,0.28481447991043174
189757,-0.824865887819511,3,0.46994198630925677
284338,-0.43837909087777693,3,-0.6794597997850433
283712,-0.6187395961172529,3,-0.33101753020968644
189233,-0.2580185856383,3,0.03542961397223332
188410,-1.70090262755411,3,0.16354937195797464
187548,0.9787391645752448,3,0.13325712508269694
189194,-0.7218027419683821,3,-0.8309563642102882
373506,1.3394601750542,3,-0.2770507323736155
374092,-0.0776580803988264,3,0.2047985341533885
283753,0.901441805186898,3,0.6100294067927965
187879,1.0045049510380302,3,0.35983832229601365
188064,0.154233997766213,3,-1.0883286883423566
283792,0.9400904848810728,3,0.421918220291076
375383,-0.670271169042816,3,0.13423139755002012
283813,-0.23225279917551894,3,-0.20075889076002335
189337,-0.824865887819511,3,-0.4541250851264909
188603,-0.6187395961172529,3,0.13987664121165094
188927,0.7468470864102059,3,-0.15807480597055995
190175,0.824144445798553,3,0.2631489552186723
188157,0.2830629300801261,3,0.3749459073369744
375013,0.0511708519150843,3,-0.36224099374490243
375934,1.31369438859141,3,0.7536281378989149
374362,0.411891862394037,3,0.5394046562584449
188942,0.10270242484065,3,-0.12545301281319593
376001,0.33459450300569,3,0.8750502893489593
374110,0.489189221782384,3,-0.5429030383759064
188413,0.7983786593357691,3,-0.07131988467168088
373773,-1.1340553253729,3,-1.0204233593136032
283838,1.80324433138428,3,1.1225211329546263
2436902,-0.30955015856386603,3,-0.26193623112475306
190184,-0.30955015856386603,3,-0.21553087361856332
374553,1.3394601750542,3,0.48420317871619384
284145,1.31369438859141,3,0.717195953430507
283165,-0.283784372101084,3,-0.7444270546312355
376050,-2.37081307558644,3,-1.8319278210339653
374371,0.36036028946847104,3,0.6969426983756843
188466,-0.36108173148942896,3,0.0027294783372451004
187530,-0.20648701271273695,3,0.22577391537039224
187561,-0.824865887819511,3,-0.15375831106052618
283707,0.7210812999474241,3,0.7475680874156232
189021,-0.43837909087777693,3,0.9128549762562819
190804,-0.36108173148942896,3,-0.12455089939359842
283726,0.618018154096295,3,0.46276389822907865
373690,1.85477590430984,3,0.7104446534862168
375662,1.2363970292030702,3,0.5223233570965449
188286,-0.103423866861608,3,-0.1710898320763547
187850,0.7210812999474241,3,0.2693326748752374
189032,-0.902163247207856,3,-0.46310204531669935
373745,0.489189221782384,3,0.2599953824314883
374451,1.7774785449215,3,1.0010538793239778
189292,0.0254050654523027,3,-0.11119377798370061
336479,-2.1389209974214,3,-1.0158469690354657
284239,-1.36594740353794,3,0.4065564173958302
375835,1.66153250583897,3,0.3667932639376005
187840,1.13333388335194,3,0.3048856978631492
189690,-0.154955439787171,3,0.2543969607671046
188374,1.05603652396359,3,0.6129167753072395
187760,0.2830629300801261,3,-0.008930524460521005
188079,-0.541442236728906,3,0.6084224089069192
375465,0.8112615525671619,3,0.09169019430638606
375788,0.566486581170729,3,-0.06760275606863597
187457,0.6953155134846399,3,-0.2982649773125792
374112,0.952973378112464,3,0.27670022925634097
188076,1.05603652396359,3,0.5625252372135886
187852,0.10270242484065,3,-0.14243494670408052
283125,-0.00036072101047902595,3,0.12315023711717882
187842,-0.283784372101084,3,-0.24798259841403764
189851,2.16396534186323,3,0.7831243828773238
188055,-3.11802088300713,3,-1.0820892384445835
375940,1.36522596151698,3,0.8622086712730137
189278,-0.00036072101047902595,3,0.12284972279915352
188316,0.205765570691779,3,-0.27949142749206296
375784,0.4634234353196,3,0.4492283372607038
187605,0.154233997766213,3,0.07972020489812376
336481,-0.850631674282293,3,-1.1198627915879862
283789,0.4634234353196,3,0.6304017138038822
283763,-0.18072122624995496,3,0.0027583783681860152
187956,0.0511708519150843,3,0.06298776966789066
188444,-0.515676450266124,3,-0.3288156792861599
374017,0.23153135715456105,3,0.22674081994259848
189027,0.8756760187241159,3,0.078434662722323
190127,-1.1082895389101102,3,-0.7176474893300429
187551,0.43765764885681896,3,0.36351012798706017
190274,-1.00522639305899,3,-0.3694681356953053
375917,-1.36594740353794,3,-1.3948055977062377
2437248,-0.5929738096544711,3,-0.8080211185824222
283300,-0.644505382580035,3,0.07379531584790455
188114,-0.0518922939360447,3,0.2313709854487056
187579,0.23153135715456105,3,0.3082261246527188
375883,-0.18072122624995496,3,0.049794629901682125
375556,-0.283784372101084,3,-0.41228526434865925
188899,-0.902163247207856,3,-0.5804387546846941
374398,-1.08252375244733,3,-1.436045524212853
188785,-0.412613304414995,3,0.4390852966064717
375766,-2.6800025131398297,3,-2.1428385533218193
375006,-0.773334314893945,3,-0.5214292422790205
283139,0.4634234353196,3,0.26914044649496005
188321,-0.6960369555056,3,-0.09615618996509068
374483,0.128468211303432,3,-0.22577633962612337
375625,1.2879286021286298,3,0.5507624272434128
187527,0.154233997766213,3,0.524975800550713
375962,0.7726128728729871,3,0.34098359813928847
374988,-0.6960369555056,3,-0.9828517881198358
283176,0.514955008245166,3,0.09176170510686321
374064,0.43765764885681896,3,0.3949053149689427
190008,1.21063124274028,3,1.0710968110580528
375847,0.489189221782384,3,0.8683424795445329
188464,0.36036028946847104,3,-0.5926607478264552
374472,-0.7218027419683821,3,-0.5365121137522706
374413,2.00937062308654,3,0.9959123175623659
284209,-0.36108173148942896,3,0.35433747074889577
190800,-0.0261265074732607,3,0.17918979296417306
188012,-0.7218027419683821,3,-0.4013847736442903
375552,-0.4641448773405579,3,-0.42632196046127274
190780,0.2830629300801261,3,0.8692159894316016
373571,-0.979460606596203,3,-0.4738032917874642
188702,0.33459450300569,3,0.09033062520853344
189048,0.7726128728729871,3,0.2011507839006406
283313,0.669549727021858,3,-0.2323471112069324
187654,-2.62847094021427,3,-1.6132884003869263
187739,1.46828910736811,3,0.5805660196500488
190134,-0.283784372101084,3,-0.18950639254064766
188038,0.618018154096295,3,0.6716044777192045
283132,-0.30955015856386603,3,0.2948021973411321
283766,0.0254050654523027,3,-0.2977906195605235
283757,0.952973378112464,3,0.5059532991962925
283456,-0.20648701271273695,3,-0.1526953153788823
188282,-0.4641448773405579,3,-0.6137076049400769
374151,0.901441805186898,3,0.46480461924014704
375511,-0.283784372101084,3,0.18784627255205288
187573,1.15909966981472,3,0.38922709186522225
375411,-0.515676450266124,3,0.13674334373691865
317891,1.64864961260758,3,1.0492340126543185
189756,-1.28865004414959,3,-1.8633791968385243
318179,-1.05675796598455,3,-1.7444718922763636
188896,-0.00036072101047902595,3,-0.7900905015284674
375838,-0.4899106638033421,3,-0.7156453693140381
374719,1.51982068029367,3,1.4178886378126228
187793,-1.64937105462854,3,-0.24436458493387508
283970,1.2363970292030702,3,0.3743400038837333
283719,-1.9843262786447096,3,-1.0864104741500906
374368,1.4940548938308895,3,0.4211993438325992
283759,-0.00036072101047902595,3,-0.012237106755263905
190196,0.154233997766213,3,-0.5570988624807611
284192,0.952973378112464,4,0.40098574095947037
375645,-0.7475685284311641,4,-0.8382987594757636
283279,1.3394601750542,4,0.684491495870334
189626,-0.92792903367064,4,-0.6870959715512073
188292,0.43765764885681896,4,0.39215350626522466
373623,-0.953694820133422,4,0.1357737960484806
188667,1.36522596151698,4,0.6576725631616467
375772,-0.4641448773405579,4,0.5243053463519759
188365,-1.1082895389101102,4,-0.1186987406454806
189944,1.7774785449215,4,1.0468240295682325
188510,-0.20648701271273695,4,0.28903724808309406
374745,0.7468470864102059,4,0.10263021848539162
187677,0.33459450300569,4,-0.005982247993324516
190101,-0.0261265074732607,4,0.04909940588900537
376004,1.41675753444254,4,0.36689603570540436
283116,0.10270242484065,4,0.041105568989349375
375708,0.10270242484065,4,0.6799494472300613
188229,0.10270242484065,4,-0.23560817160255304
188596,0.386126075931255,4,0.2901239035648494
187489,-1.46901054938907,4,-0.9526216313224318
187781,0.23153135715456105,4,0.42548144715240177
190055,-2.2162183568097498,4,-1.966946355212968
318552,-1.18558689829846,4,-1.445680554227597
187510,-0.23225279917551894,4,-0.4951380754960666
189116,-0.6960369555056,4,-0.16386539845712728
188111,-0.412613304414995,4,-0.09961100308844943
375665,1.03027073750081,4,0.626547102230107
188759,0.2830629300801261,4,0.32093229565257114
374394,0.7726128728729871,4,0.3812114468218727
189299,-0.7218027419683821,4,-0.25726108398599484
187690,1.46828910736811,4,1.1997285558201596
375254,0.2830629300801261,4,0.4837689979245602
318549,-1.80396577340524,4,-1.6876690547798205
187574,0.10270242484065,4,0.21139847876754736
374530,1.31369438859141,4,0.24142485437563482
308254,-0.7475685284311641,4,-0.5355226543713403
375930,0.927207591649682,4,0.6342350629954107
189038,-0.92792903367064,4,-0.8020603941440612
189308,0.154233997766213,4,0.029455525413295117
284069,-0.0261265074732607,4,0.11507483810588458
319954,-1.1598211118356798,4,-0.8602020970447466
188912,-1.39171319000072,4,-0.03624167773230812
283114,0.0769366383778683,4,0.45523140951534735
2437268,0.7210812999474241,4,0.2833187114902564
189224,1.3394601750542,4,0.5718964594593878
374339,0.43765764885681896,4,-0.10327891638745522
189712,1.2879286021286298,4,0.806528810498707
187810,0.849910232261335,4,0.37195149353741336
373861,0.618018154096295,4,-0.15140099772704685
374011,0.205765570691779,4,-0.6377006515386959
189099,5.668112300801611,4,0.45830134794782934
374412,-0.902163247207856,4,-0.6076133158477732
187549,0.7210812999474241,4,0.23714875800986523
189928,-0.515676450266124,4,-0.6146252589822641
189133,1.6744153990703703,4,1.2179087235124002
189755,-0.8763974607450742,4,-0.010691138035708689
375441,0.17999978422899696,4,0.27729173409616725
374741,0.592252367633511,4,0.2912348336739527
187609,0.36036028946847104,4,-0.38154052714550585
189041,0.7726128728729871,4,0.3817414354059486
189628,0.257297143617342,4,0.04091154842690421
187610,-0.36108173148942896,4,-0.3210963674448695
189805,-0.953694820133422,4,-1.5511379355895591
190088,0.43765764885681896,4,0.07817610387738029
375871,1.31369438859141,4,0.5467970146210293
374063,0.6437839405590771,4,-0.1340789698382851
188190,-0.0518922939360447,4,-0.3329980898286037
189028,0.205765570691779,4,-0.03352362716260264
283130,-0.18072122624995496,4,-0.24024867897492908
375342,-0.18072122624995496,4,0.3550301763071318
189254,0.10270242484065,4,-0.06799051782365427
189301,-0.36108173148942896,4,-0.6382608569406258
187906,-0.3868475179522129,4,1.286736393186273
187567,1.7774785449215,4,0.5181871507779341
283182,-2.11315521095862,4,-0.862452771439344
375899,0.7983786593357691,4,0.3452913008832815
187674,-2.9376603777676498,4,-0.004748075155469669
283839,-1.31441583061237,4,-0.06298685161835359
187637,-0.30955015856386603,4,-0.23896089500421624
187699,0.36036028946847104,4,0.18459685773117107
187666,-2.6800025131398297,4,-1.7104226545188173
189020,-0.6187395961172529,4,0.02852547594467271
189803,0.10270242484065,4,-0.27056918657561546
319784,0.0769366383778683,4,0.2839761903264666
317829,-1.7524342004796698,4,-0.605059556138206
283432,-0.92792903367064,4,-0.6986300189359131
188152,0.33459450300569,4,0.3502661771380532
189243,-0.7475685284311641,4,-0.082658059704723
376033,0.386126075931255,4,0.17142433774984478
284262,0.824144445798553,4,1.0436636547214946
187978,-0.00036072101047902595,4,0.04176467979695335
374253,0.514955008245166,4,-0.127806418745325
189706,-0.335315945026648,4,0.38481798676547424
373912,-0.43837909087777693,4,0.04065608350464696
188268,-0.283784372101084,4,-0.0021200532789462517
374359,0.7468470864102059,4,0.14341938279348315
375395,0.592252367633511,4,0.3221329441284091
375933,0.540720794707948,4,0.30356379848883497
187469,-0.644505382580035,4,-0.9516978149939905
188314,-1.9843262786447096,4,-0.9213479562013442
189708,0.411891862394037,4,-0.46850290891081237
283808,0.154233997766213,4,-0.009771870402095054
283779,0.43765764885681896,4,0.34276291997170616
190778,-1.46901054938907,4,-0.25305278398585485
188202,-0.0261265074732607,4,-0.15717910181188538
189008,1.3394601750542,4,-0.12204241069160791
190037,-0.36108173148942896,4,0.14906454525725998
189018,0.17999978422899696,4,-0.04219673595341959
2437256,1.64864961260758,4,-0.6565460614389214
375460,1.41675753444254,4,0.08981627714714725
189070,0.33459450300569,4,-0.2545497894253823
187911,-0.4899106638033421,4,0.29810448387206595
190140,-0.8763974607450742,4,-0.7915060030633356
190784,0.257297143617342,4,0.14521897818443025
283722,-0.4899106638033421,4,-0.2551034309449155
188901,-0.7218027419683821,4,0.6433258478059038
188015,-1.08252375244733,4,-0.45639540981690474
189225,0.386126075931255,4,0.12285160740948388
189615,0.0769366383778683,4,0.19973202881068752
188019,0.411891862394037,4,0.6412638836915235
187717,1.7259469719959302,4,0.9082655684952324
187656,0.927207591649682,4,0.30528474563298313
187681,0.0254050654523027,4,0.2944457208565276
283772,-0.3868475179522129,4,0.27263043414041693
187686,-2.62847094021427,4,-1.58254773945619
188672,0.30882871654290805,4,-1.1496694573500248
190167,1.59711803968202,4,-0.2225065461867246
187914,-2.91189459130487,4,-0.5296226006992764
189980,-0.4641448773405579,4,-0.2804568489239867
187996,-0.23225279917551894,4,0.21696172715540252
188974,1.44252332090532,4,0.23796337574469317
187874,0.592252367633511,4,0.5583895567978756
374978,-1.00522639305899,4,-0.4039204154754576
190092,-1.21135268476124,4,-0.8147399463558914
187612,0.6437839405590771,4,-0.12856995185151798
188232,-0.850631674282293,4,-0.24753707376508494
375421,0.257297143617342,4,0.04982639950191263
188398,0.0769366383778683,4,0.31466644260812293
188764,1.10756809688916,4,0.7508421823212428
189842,-0.3868475179522129,4,-0.695002099363836
374202,-2.62847094021427,4,-2.0762005393342378
187604,0.128468211303432,4,0.3982725993681028
190103,-1.05675796598455,4,-0.6264535670556487
374678,0.0511708519150843,4,0.08550067714976302
373780,-1.4947763358518502,4,-0.859950857369076
188984,0.952973378112464,4,0.1915217291907793
188067,0.8756760187241159,4,0.4832057580808152
375965,1.51982068029367,4,1.4718536073735908
187636,0.43765764885681896,4,-0.2254475446940335
189050,-0.3868475179522129,4,-0.36265188917075447
190757,1.36522596151698,4,0.42141802036877074
188329,-1.00522639305899,4,-0.28469862406239144
375391,-0.5672080231916871,4,0.34204988714039286
284369,-0.23225279917551894,4,0.42378206827677367
188733,-0.2580185856383,4,0.24700011510634523
375565,-0.3868475179522129,4,-0.3165744894487034
376018,-0.670271169042816,4,0.053364520230574405
187585,1.05603652396359,4,0.48025887697397174
374386,1.51982068029367,4,0.11981649601983423
375524,0.540720794707948,4,0.40225272399353695
188781,-0.30955015856386603,4,0.36802994053082877
189797,0.411891862394037,4,0.3974602817745041
375692,0.9787391645752448,4,0.2057323813906542
188246,-1.00522639305899,4,-0.9739163468710599
374013,0.824144445798553,4,1.0813719222352558
188122,-0.00036072101047902595,4,-0.639100232729007
190734,-0.6960369555056,4,-0.5736840231785058
283105,-0.154955439787171,4,0.2504053847472371
375519,0.0769366383778683,4,0.13587386847337962
375017,0.0769366383778683,4,-0.6363493193359606
375790,1.03027073750081,4,0.3834531737048005
188001,0.33459450300569,4,-0.09315939666630045
375627,0.205765570691779,4,-0.11612939367621926
190062,-0.18072122624995496,4,0.06825188402803982
189049,-0.30955015856386603,4,-0.07970721223339398
187776,1.21063124274028,4,0.6357987438700433
374367,1.15909966981472,4,0.37833152715271834
374917,-1.46901054938907,4,-0.8529023942283983
374631,1.58423514645063,4,1.1982257505087088
374944,-0.103423866861608,4,0.1038472588572157
374568,-1.1598211118356798,4,-0.23412291867655344
375547,-0.773334314893945,4,-0.36968284099006204
189698,-1.05675796598455,4,-0.6837121743227431
188006,0.669549727021858,4,0.3990739396896634
190056,0.0511708519150843,4,-0.299263634005209
188407,-0.23225279917551894,4,-0.030610059525590635
187535,1.80324433138428,4,0.7340203658573923
374696,0.7983786593357691,4,0.6687650279696211
190164,0.489189221782384,4,-0.1835147199992233
189759,-0.824865887819511,4,-0.5982171994066706
376012,0.257297143617342,4,0.23494701918232097
187995,-0.5929738096544711,4,-0.41997381108841747
187960,-0.850631674282293,4,-0.5092049597981033
374148,-0.773334314893945,4,-0.8491712842934529
374086,0.0254050654523027,4,-0.004146549441515782
283230,-0.541442236728906,4,0.17806089589849894
375807,0.128468211303432,4,0.13343117607719207
373952,1.13333388335194,4,0.24368903023614846
373756,0.6437839405590771,4,0.23668117575675685
375747,-2.51252490113175,4,-1.4417039761153652
373991,0.901441805186898,5,0.3619633030168745
374185,-0.670271169042816,5,-0.6329314255820435
284080,-0.644505382580035,5,-0.16981383222056295
283775,0.30882871654290805,5,-0.922428339055946
375894,1.08180231042637,5,0.6139638994443632
187599,-1.64937105462854,5,-0.05503018545611624
375706,1.22351413597168,5,0.7245466490336365
283121,0.9787391645752448,5,0.2947496422040408
190159,-0.5672080231916871,5,-0.7195271795245317
188822,0.7726128728729871,5,0.8638390119811623
374617,0.2830629300801261,5,0.3430308563075465
190150,0.30882871654290805,5,-0.6151790037627636
283157,0.154233997766213,5,0.928374309026873
284100,0.154233997766213,5,0.08160491120219254
189833,0.10270242484065,5,0.04935129735794708
188876,0.669549727021858,5,-0.345952071759104
373980,-0.3868475179522129,5,0.2709860810002861
284322,0.952973378112464,5,0.4722910087517653
189686,-0.412613304414995,5,-0.4008799751730134
190144,0.0511708519150843,5,0.17420123006466004
373467,-0.902163247207856,5,0.27330421959966106
375998,0.502072115013775,5,0.23122984367031105
375719,0.7726128728729871,5,0.4082431989433058
284278,-1.03099217952177,5,-0.8059653616014237
374414,1.21063124274028,5,1.2577460063862906
187972,-2.06162363803306,5,-0.8892797989652703
283819,-0.799100101356727,5,-0.38564469528196765
190203,0.7726128728729871,5,0.6653939431071221
319279,-2.03585785157027,5,-0.4969841883401616
373649,-0.36108173148942896,5,0.19103003635929763
188445,-1.4174789764635,5,-1.0614375204240878
283110,1.05603652396359,5,1.1652516254073446
374691,1.68729829230176,5,0.7188092064343188
187887,-0.30955015856386603,5,0.14661900983945167
189241,0.0769366383778683,5,-0.2728455282830969
189786,0.205765570691779,5,0.4922995466759647
284002,-1.1340553253729,5,-0.5791347400052005
188373,-2.5640564740573097,5,-0.8349847514589255
189862,1.03027073750081,5,0.3589025706994701
374740,0.618018154096295,5,0.4548486699959649
283815,1.44252332090532,5,0.4705179929841314
187834,0.411891862394037,5,0.11933056838278977
187464,-1.05675796598455,5,-0.4329369779320445
373674,0.824144445798553,5,0.40506824072524916
189168,-1.08252375244733,5,-0.9416551622609832
189031,-1.34018161707516,5,-0.9703420538525502
375704,0.489189221782384,5,0.3398146836954311
375972,0.2830629300801261,5,0.27489251444059326
374536,0.927207591649682,5,0.08655311887203254
188117,0.566486581170729,5,0.14560879019179926
190070,0.33459450300569,5,0.12300055287083828
375923,1.0431536307322,5,-0.39531840324761996
188384,-0.412613304414995,5,0.23184309768263364
190711,-0.799100101356727,5,-0.6265322065522194
189081,0.0769366383778683,5,0.33525834986698944
188311,-0.979460606596203,5,-0.6173657758299778
189937,-0.92792903367064,5,-0.6004765316619316
283670,-0.0261265074732607,5,0.26811423308126625
375550,0.321711609774299,5,0.3222605121077575
375409,0.43765764885681896,5,-0.021721826410821155
189895,-0.773334314893945,5,-0.6587788375136738
189629,-0.799100101356727,5,-0.2974902607373455
374995,-1.08252375244733,5,-1.0653522307809256
188239,1.5455864667564498,5,-0.1733900042896348
374476,0.8756760187241159,5,0.9184575832108255
190813,-2.80883144545374,5,-1.917826040871589
374419,-0.541442236728906,5,-0.32409886720623815
189892,-0.3868475179522129,5,-0.626716025034082
190039,-0.2580185856383,5,0.15548783313725728
373850,-0.515676450266124,5,0.08428815643453344
188448,-1.80396577340524,5,-1.4989261383622894
284334,0.386126075931255,5,0.39068554568420527
188415,-1.77819998694245,5,-1.2217970189489977
283183,-1.34018161707516,5,-0.4843177926360435
375368,0.7726128728729871,5,0.38735904021973866
283968,-0.4641448773405579,5,0.09439234660378296
189996,0.0511708519150843,5,0.04100292868811237
374688,1.0045049510380302,5,1.1305019730021062
187817,0.553603687939338,5,0.3248957253477164
187546,1.31369438859141,5,0.4682698702696132
190669,-1.44324476292628,5,-1.3536363603099182
308009,-2.24198414327253,5,-1.5771050001985405
188306,1.26216281566585,5,0.5073163393407158
374147,-0.154955439787171,5,0.2707837631347615
188734,-0.6960369555056,5,-0.13695244058322714
189624,0.23153135715456105,5,-0.20738383570905106
374067,1.0045049510380302,5,0.21192183388114474
375551,-0.4641448773405579,5,-0.4855223192249471
284336,0.257297143617342,5,0.11629775936242603
190132,0.0125221722209118,5,-0.31620451267783534
187675,2.4989205658794,5,0.4133075278793345
284025,-2.2162183568097498,5,-0.643067216723294
190100,-0.7218027419683821,5,-0.6021779372615166
283751,-0.30955015856386603,5,0.03138677229748907
318177,-2.2935157161981,5,-1.281092782351176
187783,0.489189221782384,5,0.08777208302037975
187938,0.411891862394037,5,0.07912027583868289
187878,0.927207591649682,5,0.9012668765279466
187582,-0.283784372101084,5,-0.26965884441680377
190733,-1.64937105462854,5,-0.6781680599130333
308269,0.2830629300801261,5,-0.1764317669264293
375690,0.618018154096295,5,0.3775617928971355
375832,-1.28865004414959,5,-0.8767574159163203
375970,1.0431536307322,5,0.3433546332174361
2437377,0.6437839405590771,5,0.8321232261741978
188897,2.4989205658794,5,0.47323179666512655
189115,0.514955008245166,5,-0.03954205282330764
187537,0.128468211303432,5,-0.35687607140671823
188083,1.1848654562774998,5,1.2690795524760432
283616,-0.20648701271273695,5,-0.2737851391449115
284202,0.6437839405590771,5,-0.24506005553299726
190018,-0.12918965332439,5,-0.08519869250555673
375727,0.205765570691779,5,0.7187921282627432
374108,-2.2162183568097498,5,-1.1350329271119637
374646,1.08180231042637,5,1.2826701294384388
375716,1.36522596151698,5,0.7322954535126891
283830,-0.670271169042816,5,-0.47332145124821173
189247,0.489189221782384,5,0.1575897933927497
190073,0.36036028946847104,5,0.541826029977249
189913,0.0511708519150843,5,-0.2938212942464718
188121,1.3909917479797598,5,0.09392673241668315
374103,-0.20648701271273695,5,0.09054002502137623
375809,-0.0518922939360447,5,0.1109747746327053
187671,-0.18072122624995496,5,0.16243317378448913
189164,-0.30955015856386603,5,-0.38833739564982855
189240,1.3394601750542,5,0.21118303017502635
188327,-0.902163247207856,5,0.0019853667481017356
188909,-0.6960369555056,5,0.060312722516184636
375993,1.26216281566585,5,1.2569097049853672
187769,0.6437839405590771,5,0.2738296456742926
188209,-0.7475685284311641,5,-0.30983694743671303
187560,0.566486581170729,5,0.26070027492025233
187631,1.98360483662375,5,1.2659698550901703
189253,0.43765764885681896,5,-0.13831934691466025
188377,-1.26288425768681,5,0.19511841759106527
373793,-1.9843262786447096,5,-1.4106310130978337
374712,-0.412613304414995,5,0.1480408415615376
188786,-0.18072122624995496,5,-0.28039267030923204
375952,1.9063074772354096,5,1.4775378215949233
283938,1.85477590430984,5,0.515085065122949
283118,0.10270242484065,5,0.18413973392781147
187475,1.21063124274028,5,-0.40664290920303353
190458,-0.92792903367064,5,-0.34682461158163064
374607,0.386126075931255,5,0.5278225878255988
374640,1.59711803968202,5,1.2619100103830223
283312,1.5455864667564498,5,0.789867768992669
284066,0.901441805186898,5,0.23053594341837932
283224,-1.18558689829846,5,-0.9192322354303422
375018,-0.824865887819511,5,0.3677074242496507
374388,-0.36108173148942896,5,0.28466724614057803
190818,1.80324433138428,5,0.8537617185737274
375679,0.43765764885681896,5,0.47163861232596455
375693,1.22351413597168,5,0.7067411347180264
189320,-0.670271169042816,5,-0.4285906710531055
375707,0.205765570691779,5,0.2791200782505311
189400,-0.0776580803988264,5,-0.03396734794919248
187752,-0.18072122624995496,5,0.0473273313601541
375664,1.21063124274028,5,0.4967275345490387
190280,1.70018118553315,5,0.67988815295396
187485,-0.541442236728906,5,-1.0507172298883474
375748,-2.83459723191652,5,-1.3678384465360747
187863,-0.3868475179522129,5,-0.5172895988408279
188932,0.0769366383778683,5,-0.222595893191318
187838,0.4634234353196,5,-0.07639950773455767
374616,-0.0776580803988264,5,0.7476914553899001
189014,0.154233997766213,5,0.0887474398203012
375394,-0.154955439787171,5,0.16522423438551237
374479,1.2879286021286298,5,0.9462861178898034
189864,-0.6187395961172529,5,-0.6430192254025824
374768,-0.12918965332439,5,0.19497322479204215
188536,0.128468211303432,5,-0.7710198829512069
375437,-0.00036072101047902595,5,0.42092083384598505
375851,-0.92792903367064,5,0.19749811051487445
374382,0.489189221782384,5,0.600511733725974
284241,1.41675753444254,5,1.0498481146803493
373482,0.4634234353196,5,-0.02602949858000958
375810,1.59711803968202,5,0.5177706141491274
283760,1.46828910736811,5,0.5836976033585899
187855,0.849910232261335,5,0.4551460539187181
374407,-1.1082895389101102,5,-0.30586331104598713
283199,-1.08252375244733,5,-0.968740302393915
375739,-1.31441583061237,5,-0.20687996466001407
189232,-0.3868475179522129,5,-0.06857184900151397
187588,0.540720794707948,5,0.4858470103771914
188543,-0.0518922939360447,5,-0.22678080243541343
189666,-0.6960369555056,5,-0.8320271044151382
283107,-0.283784372101084,5,0.5316688955851983
284291,-0.2580185856383,5,0.6141099401861021
283214,-0.799100101356727,5,-0.7257683749127835
374473,-0.7218027419683821,5,-0.6973135593763424
283229,1.03027073750081,5,0.7316789705556797
189063,0.6437839405590771,5,0.5907305561858491
374186,-1.21135268476124,5,-0.5597537557653891
375340,0.257297143617342,5,-0.17957772683648293
375779,1.26216281566585,5,0.32432214974869744
190040,0.0254050654523027,5,0.09427027775698849
375696,0.0254050654523027,5,0.3026185616979471
189670,-0.2580185856383,5,-0.0500859186084745
190808,0.30882871654290805,5,0.2769227244266558
190138,-0.283784372101084,5,-0.25585625318552113
283962,0.30882871654290805,6,0.5223546666184411
283604,-1.18558689829846,6,-0.2680061676716301
375417,-0.30955015856386603,6,0.1464305028279755
188630,-0.0261265074732607,6,-1.0624085437886972
283162,0.0769366383778683,6,0.46273657875343627
284265,-0.773334314893945,6,0.11923640359684465
283143,0.566486581170729,6,0.23983044455307512
189246,-0.103423866861608,6,-0.03395348544866539
188355,-0.335315945026648,6,-0.10807178152149075
190797,0.9787391645752448,6,0.30362504758789544
283825,0.0769366383778683,6,-0.42709335838982854
188463,-1.5978394817029802,6,-1.4050342219152567
374365,0.8756760187241159,6,0.08740881861089028
187667,-1.34018161707516,6,-0.8246142582796183
376049,-2.4481104349747898,6,-0.2967975237077113
189238,-0.4641448773405579,6,-0.0044837037696353055
187462,1.4940548938308895,6,0.14876940233956026
375931,0.7468470864102059,6,0.6729063030696597
336686,-3.33703006794078,6,-0.5501893326935265
190213,0.901441805186898,6,0.7398119549444755
188546,-0.0261265074732607,6,-0.4111328861642911
188958,0.23153135715456105,6,-0.6668769309589284
190186,-0.7218027419683821,6,-0.7362247640946586
189229,-0.20648701271273695,6,0.03513764374571959
375765,-1.18558689829846,6,-2.0892621046646442
188978,1.2363970292030702,6,-0.18886046323349115
188423,-0.0261265074732607,6,-1.1816840457861448
375691,0.824144445798553,6,0.8422429463449491
373759,-0.7218027419683821,6,-0.1614118476243902
188992,-0.3868475179522129,6,-0.12704760796255876
283844,-0.12918965332439,6,-0.19932937584889443
374532,0.592252367633511,6,0.10436972272781952
373578,-0.902163247207856,6,0.15831660140180062
374204,-1.00522639305899,6,-0.23413646354213385
187888,0.205765570691779,6,-0.2684370782960989
283782,0.824144445798553,6,0.49704042523671865
187880,1.13333388335194,6,0.416295224387083
374686,1.36522596151698,6,0.4443073870553131
187818,-0.979460606596203,6,-0.49375662251370844
189277,1.4940548938308895,6,0.6778604735605311
187975,-1.95856049218193,6,-0.7876102743077198
187710,-0.154955439787171,6,-0.1937718675485684
375875,0.154233997766213,6,-0.29183467248844774
375830,1.31369438859141,6,0.43707890681100664
189079,0.205765570691779,6,0.18262928404277615
187946,0.2830629300801261,6,0.3354370693695718
283600,-0.335315945026648,6,0.2807574534475209
375471,-0.7475685284311641,6,0.4041491298995283
190015,0.0769366383778683,6,0.2517275082911372
187979,1.2879286021286298,6,0.41956815450173446
187824,-0.0261265074732607,6,-0.13870905590247784
188160,0.6437839405590771,6,0.26702419738703254
373615,-2.2162183568097498,6,-1.9732255507507643
336782,-0.335315945026648,6,-0.08623298040289873
187998,-1.4174789764635,6,-0.6404052253716719
189991,-1.00522639305899,6,-0.5528653339747551
190137,0.566486581170729,6,-0.6740468430996914
284219,0.669549727021858,6,1.0728913222908365
374680,0.9787391645752448,6,0.5418307018700791
190731,-0.20648701271273695,6,-0.33312793987313105
283054,-0.799100101356727,6,-0.0827495685048068
188053,-0.00036072101047902595,6,-0.2179435005683799
374658,0.386126075931255,6,0.7339594971621799
187541,-0.799100101356727,6,-0.4089571350647896
189964,0.669549727021858,6,0.44732244787175457
373628,0.927207591649682,6,-0.6527918984183212
189972,0.128468211303432,6,0.02504023796123217
308008,-3.4529761070233,6,-1.0743339832998458
187945,0.23153135715456105,6,0.16560865391998583
376027,0.901441805186898,6,0.7603531106384733
187712,-0.335315945026648,6,-0.0126793072065495
189840,1.26216281566585,6,0.6154994334602958
187749,0.618018154096295,6,0.26478442277467984
374484,0.618018154096295,6,0.11852743030472473
189047,-0.0518922939360447,6,-0.008185273788601788
187983,0.7726128728729871,6,0.4388197049857622
375640,1.68729829230176,6,0.846776322617625
284371,1.10756809688916,6,0.23693325338058896
375410,0.154233997766213,6,0.3884924079316142
187893,0.0769366383778683,6,0.21285095807539242
375736,0.849910232261335,6,0.23122049363530697
187819,-0.92792903367064,6,-0.2104960097937767
188947,0.154233997766213,6,-0.24575263901082778
2436999,1.59711803968202,6,1.0478837475884157
189001,1.41675753444254,6,-0.04536260650223772
188443,0.386126075931255,6,-0.9118195192164247
375432,0.7468470864102059,6,0.6946226726982887
375591,-0.5929738096544711,6,-0.5582075744999266
374956,0.7726128728729871,6,1.2888448960323162
374436,1.85477590430984,6,0.6610564876631688
188103,-0.6187395961172529,6,-1.117605473142918
187801,-0.8763974607450742,6,-0.5843483462535022
375062,0.618018154096295,6,0.340023450246507
188172,0.23153135715456105,6,0.2743048275468347
189887,-0.541442236728906,6,-0.6478665039701345
375446,0.205765570691779,6,0.21264789604885223
374374,0.386126075931255,6,0.0774043107437446
188922,0.566486581170729,6,0.587677654055788
190035,-0.902163247207856,6,-0.6171023303442178
189753,-0.5929738096544711,6,-0.6099579891471352
187473,1.03027073750081,6,0.18948664893838738
375455,0.154233997766213,6,0.087856075382582
374621,0.411891862394037,6,0.33989595738533823
189024,0.17999978422899696,6,-0.018987677127778047
188362,-1.1082895389101102,6,-0.8077392410046641
375641,-1.08252375244733,6,-0.8683557648466863
187985,-0.43837909087777693,6,0.09389380080521212
283311,0.514955008245166,6,-0.18609820088300383
283448,-0.12918965332439,6,0.33169131701829185
189956,-0.4641448773405579,6,-0.07263238764151159
188291,0.128468211303432,6,0.21253337724818583
308011,-0.103423866861608,6,0.483537784727165
188211,0.592252367633511,6,0.2787868428961364
188110,-0.6960369555056,6,-0.03272812901791966
373651,0.257297143617342,6,-0.16432662592985314
283770,0.0511708519150843,6,-0.3017907964755083
375540,-0.773334314893945,6,-0.1674430377423981
187589,1.80324433138428,6,0.57386966037972
373481,-1.23711847122403,6,-0.8122193788528855
188895,0.7726128728729871,6,0.13368725202840598
187728,-0.0518922939360447,6,-0.0828764188083731
190708,0.540720794707948,6,-0.03183425372562704
375749,-0.4641448773405579,6,-0.709350868367049
188765,-0.773334314893945,6,-0.3179647436410312
373863,-1.46901054938907,6,-0.746709340851824
373509,0.30882871654290805,6,0.31346379625968335
374608,0.10270242484065,6,0.1062857368893883
187814,0.43765764885681896,6,-0.29028966315322347
187941,0.540720794707948,6,0.08319062233509392
188302,-0.644505382580035,6,0.1669775488936745
2437266,0.514955008245166,6,0.425991167630948
190116,-0.2580185856383,6,-0.020298983712728702
374504,-2.91189459130487,6,-1.964890528522107
189790,0.7726128728729871,6,0.7538018221953643
375458,-3.58180503933721,6,-1.331138071162848
189015,-0.6187395961172529,6,-0.08454441236038612
188475,0.17999978422899696,6,0.10662824398611398
375842,1.3394601750542,6,0.5013401838476146
283823,-1.1340553253729,6,-0.3194981416015119
190139,-0.18072122624995496,6,-0.2613356223546258
189013,-1.54630790877741,6,-0.9143471215713661
190162,0.30882871654290805,6,0.414394052204754
188382,-0.30955015856386603,6,-0.007445286504680071
283715,-1.03099217952177,6,0.5242442642574818
187556,1.3394601750542,6,0.6409375977332761
188345,-2.1389209974214,6,-1.3321215812172125
374527,1.41675753444254,6,1.2313785328303177
375941,2.03513640954932,6,1.2084738715115337
189223,-1.5205421223146298,6,-0.1505386205126925
188898,0.17999978422899696,6,-0.016499303603591864
188742,-0.43837909087777693,6,-0.6659506860924688
374517,-0.6187395961172529,6,-0.4331511403724192
188061,1.82901011784706,6,1.1519994469931996
283427,1.21063124274028,6,0.37057058411391897
189244,0.4634234353196,6,0.2130527306116607
376022,-0.7475685284311641,6,0.15700858362520143
187795,-0.43837909087777693,6,0.18277025908688757
187514,0.566486581170729,6,-0.2670729698137899
375564,0.6953155134846399,6,0.2633395132287657
187883,0.8756760187241159,6,0.30941244715221267
283128,0.6953155134846399,6,0.9335057036820489
189230,-0.824865887819511,6,-0.9621940345381423
188094,-1.64937105462854,6,0.5050605784799522
283158,1.6744153990703703,6,0.6219644177857578
189287,-0.6960369555056,6,-0.6359040536785678
284024,-2.11315521095862,6,-1.4551400879570118
189134,-0.541442236728906,6,-0.9010477427693337
188092,-0.7475685284311641,6,-0.20694753454838888
189811,-0.43837909087777693,6,-0.02562633073706383
283138,0.7468470864102059,6,0.6078729486385724
376000,-0.5929738096544711,6,0.2529889942166821
189883,-0.515676450266124,6,-0.20921183896858325
189384,-0.335315945026648,6,0.12169176192121534
188214,0.0511708519150843,6,0.4031491822977845
375579,0.4634234353196,6,0.34111036314843335
190732,-0.0261265074732607,6,-0.5937060705725802
188201,-0.4641448773405579,6,-0.00030488200939521315
190036,-0.8763974607450742,6,0.03598790709892974
190191,-0.154955439787171,6,-0.0030441923299624474
188825,-1.4174789764635,6,0.09891232951208867
374416,0.8756760187241159,6,0.559281854480734
374377,-0.644505382580035,6,-0.6430130054991839
187576,0.566486581170729,6,0.41481239365925876
375642,0.669549727021858,6,-0.07664823034124296
189250,0.4634234353196,6,0.18116382264074343
375549,-0.6187395961172529,6,0.10305560681281956
2437252,1.10756809688916,6,0.8583100589197075
187539,1.5455864667564498,6,0.6933598399257812
188317,0.36036028946847104,6,-0.2761262628067154
374545,1.64864961260758,6,0.5518976135436892
374213,-0.20648701271273695,6,0.41907321260693275
188056,0.514955008245166,6,0.22089032807904238
189977,0.540720794707948,6,0.6553989921738063
283776,0.618018154096295,6,0.6976533809370152
189871,-0.43837909087777693,6,0.1918798757988356
374599,1.15909966981472,6,1.2208064111138024
375825,0.7983786593357691,6,0.576445066777225
284279,-0.515676450266124,6,0.8152580684911104
283359,2.0609021960121,6,1.1922414492967435
283447,-0.18072122624995496,6,-0.2858093471285219
283727,0.824144445798553,7,0.3308056119807191
283252,0.154233997766213,7,-0.40060310389452247
187856,0.592252367633511,7,0.25793116025000673
188930,-0.103423866861608,7,0.314888490657318
187731,0.257297143617342,7,0.24922543166656244
190278,-0.20648701271273695,7,0.31638417829390086
374934,0.23153135715456105,7,0.7313706747517273
283989,0.849910232261335,7,0.3040464773877561
189869,-0.4641448773405579,7,0.2810751184442269
187794,0.592252367633511,7,0.08655454057857043
189043,-0.5672080231916871,7,-0.16874226952189406
189689,-0.515676450266124,7,-0.6248270401305723
189084,-0.953694820133422,7,-0.8976527428365606
188386,0.514955008245166,7,0.6768094488578777
374541,-0.20648701271273695,7,0.35369335711185756
374742,-0.18072122624995496,7,-0.08418967947193076
189107,-0.902163247207856,7,-0.9921463212759185
189433,-1.18558689829846,7,-0.3978942347558694
189280,-0.2580185856383,7,0.27334916171647894
375694,0.9787391645752448,7,0.3309787721426319
187766,-0.20648701271273695,7,0.10783957614695508
188429,2.7823442169700003,7,0.3466714759211069
188434,-1.93279470571915,7,-1.0743382500113223
283597,-0.850631674282293,7,-0.5717988419835911
189109,-1.34018161707516,7,-0.9398052690915704
189723,-0.43837909087777693,7,-0.6079268260659154
189153,-0.8763974607450742,7,-0.8874365230949801
189872,-0.335315945026648,7,-0.30687504737646676
189631,-0.6187395961172529,7,0.08108154919583863
189623,0.0254050654523027,7,0.09359584160152398
188054,1.1204509901205502,7,0.6068677562890545
190143,-0.18072122624995496,7,1.0894100896726273
188037,0.901441805186898,7,0.8227403360270722
187754,1.05603652396359,7,0.2527217720048093
189957,0.489189221782384,7,0.32812674667705644
187869,0.36036028946847104,7,0.5315045533817792
374961,1.98360483662375,7,0.2756113706775576
284354,-0.644505382580035,7,0.05536762452501606
187968,-0.30955015856386603,7,0.39048754291323384
375577,0.257297143617342,7,0.5415532675167735
188861,-0.7218027419683821,7,-0.9025884757979998
375355,-0.541442236728906,7,0.12782167115753032
188820,-0.670271169042816,7,-0.3031006012540144
283160,1.44252332090532,7,0.4202161111540612
283231,-0.644505382580035,7,-0.8500212008293921
336685,0.43765764885681896,7,0.2284718567302899
375553,-0.7218027419683821,7,0.12409220585268357
188336,-1.36594740353794,7,-0.5744114837976997
189289,-1.18558689829846,7,-0.4227417742616387
187647,-0.515676450266124,7,-0.35551994786539065
188222,0.257297143617342,7,0.41741620435934884
189030,-0.36108173148942896,7,-0.05182008059343815
375845,1.0045049510380302,7,0.9071204499375711
187901,-2.16468678388419,7,-0.27280766425210334
374160,1.05603652396359,7,0.14576095534644543
374665,1.41675753444254,7,1.2843836711532888
374622,-2.0100920651074903,7,-0.7576252423839239
283950,2.39585742002827,7,0.7282158414948706
308006,-0.979460606596203,7,-1.0857174878775449
188146,-0.3868475179522129,7,-0.39358962602968217
374551,-0.00036072101047902595,7,0.6853228308716619
187718,1.31369438859141,7,0.6053287080847458
375393,0.514955008245166,7,0.7303010187242912
375498,0.386126075931255,7,0.4282507253749368
283767,0.824144445798553,7,-0.522938409809331
375994,1.51982068029367,7,0.2891680178581816
189667,-0.799100101356727,7,-0.41196598030808684
188330,-0.0776580803988264,7,-0.1752938955410173
187562,-0.103423866861608,7,0.4672809348434924
187508,-1.77819998694245,7,-1.1024912864562981
319284,0.2830629300801261,7,0.6851733360363028
187924,1.08180231042637,7,0.03565812012559599
187479,-1.31441583061237,7,-0.9362674305676968
187725,0.2830629300801261,7,-0.08817490285524734
188816,-0.902163247207856,7,-0.9541070296025274
375569,0.257297143617342,7,0.0857467929600341
187930,0.618018154096295,7,0.18673732241230495
188980,0.4634234353196,7,-0.2920382193251001
319282,-0.6187395961172529,7,-0.23194688913225517
188027,0.205765570691779,7,-0.06790803646651367
187714,0.2830629300801261,7,0.3077656961108296
187805,1.5455864667564498,7,0.2052203335477428
190129,-0.979460606596203,7,-0.6606788391616198
284312,0.566486581170729,7,0.8385219275810485
283119,0.411891862394037,7,0.304667200147336
373743,1.05603652396359,7,0.5399259042163914
188840,0.618018154096295,7,0.2242911071173153
188492,-1.62360526816576,7,-0.6667167795670641
190434,-0.0518922939360447,7,-0.2986313619604013
375755,-0.23225279917551894,7,0.31035304011568543
376013,-0.7218027419683821,7,0.16809575516653177
187958,0.154233997766213,7,0.3944791963956493
187904,0.17999978422899696,7,0.4359419054420405
375454,-0.18072122624995496,7,0.2235666188133457
375626,-0.43837909087777693,7,-0.6755498573533881
187648,1.41675753444254,7,0.8940298458580109
283777,-0.773334314893945,7,0.033727831129054586
190403,-0.23225279917551894,7,-0.30594669495866844
374145,-1.28865004414959,7,-0.7957291653885427
375453,0.849910232261335,7,0.6253543591344168
283656,-0.399730411183604,7,-0.36158473723540896
187515,-0.541442236728906,7,-0.7849716237640045
374003,0.128468211303432,7,0.19391320752929045
373730,-0.515676450266124,7,0.3195954966226695
189221,-1.46901054938907,7,-0.853680894221762
187523,0.30882871654290805,7,-0.43932140188285373
188944,-0.154955439787171,7,-0.10882800390475503
375274,0.669549727021858,7,0.31402380855636913
374109,-1.95856049218193,7,-1.8325699083787883
188601,-1.03099217952177,7,-0.8986037569494056
187606,1.5455864667564498,7,0.8561125768238909
189927,-0.5672080231916871,7,-0.6343553067360238
283127,1.08180231042637,7,0.3217797752000028
187511,0.8756760187241159,7,-0.6375551929200738
188792,0.618018154096295,7,-1.162184734295982
375594,-0.953694820133422,7,-0.7371725441235196
188698,-0.0261265074732607,7,0.5532519834789423
188530,0.824144445798553,7,0.9649312863555904
190000,-0.103423866861608,7,-0.17065622729274163
374534,0.489189221782384,7,0.14402114123886775
374165,0.669549727021858,7,0.459745304660346
283969,-0.7475685284311641,7,-0.4410378704253475
188187,-0.20648701271273695,7,0.31195512331819447
189157,0.618018154096295,7,-0.1520191661842842
187703,-0.18072122624995496,7,0.05623047022846003
189059,0.566486581170729,7,0.3246890745521407
284161,0.592252367633511,7,-0.09117175069869046
188156,-0.2580185856383,7,0.44869861572930303
187860,0.386126075931255,7,-0.05909060214102213
2437244,1.9578390501609704,7,1.1793836923513408
188033,0.386126075931255,7,0.28607757288034696
188911,2.67928107111887,7,0.965166699952295
188236,1.13333388335194,7,0.3971427908292454
283553,-0.0518922939360447,7,0.4036200748864515
187716,0.33459450300569,7,-0.02049625090809723
373925,1.03027073750081,7,1.1831187187549148
188972,-0.5929738096544711,7,-0.0015639612372226053
188189,-0.824865887819511,7,-0.8266960173938875
284373,0.10270242484065,7,0.9439730594125172
188031,0.17999978422899696,7,-0.15630175382020836
189854,-0.5929738096544711,7,-0.6350298074075778
336781,-1.5720736952402,7,-0.3849195199267086
188154,0.489189221782384,7,-0.3295642513304402
188894,1.03027073750081,7,-0.0032242759605457805
190703,0.7983786593357691,7,-0.06310393387287691
376023,1.03027073750081,7,0.5676515510240137
188235,0.7468470864102059,7,0.7117131817286483
190007,-0.4899106638033421,7,-0.49916764048048234
187895,0.0254050654523027,7,0.6141440847424042
373832,1.05603652396359,7,1.1847396888526933
187736,1.6228838261448002,7,1.2834468738487275
375726,-0.0905409736302172,7,0.29382811255776026
188458,1.46828910736811,7,0.2010888518980093
189858,-0.6960369555056,7,-0.6976380082172842
318174,-2.19045257034697,7,-1.2918948221694089
376010,0.0511708519150843,7,0.46456110652520655
187482,-0.902163247207856,7,-2.0359126692242713
374191,0.128468211303432,7,0.10600841872614433
187992,0.0511708519150843,7,-0.11412581062856272
190115,-0.335315945026648,7,0.07329297049512215
188454,-0.00036072101047902595,7,0.13447253238581738
2437251,-0.0390094007046515,7,0.3523859516657796
375335,-0.7218027419683821,7,0.24038675917747154
188640,-1.28865004414959,7,-0.8392605314566195
283166,-0.36108173148942896,7,0.06194084375050071
375015,0.17999978422899696,7,-0.11638942060412485
187692,-0.799100101356727,7,-0.7523872472867847
190198,-0.154955439787171,7,-0.3619474270818398
188319,-0.2580185856383,7,-0.2770818732665504
284277,0.0769366383778683,7,0.7625213061545689
189819,-1.39171319000072,7,-1.4716839176367942
375791,0.0769366383778683,7,0.10212014196706962
373682,-0.4899106638033421,7,0.07908439496524575
190059,0.824144445798553,7,0.537414062312987
188267,-1.5205421223146298,7,-0.7327416911089687
375796,-0.0776580803988264,7,0.5098994788533489
187868,1.82901011784706,7,0.4494838048736849
283194,-3.27261560178382,7,-0.754344439701755
188029,1.26216281566585,7,1.210844559736428
187764,-0.541442236728906,7,-0.3920467333394022
188500,0.7468470864102059,7,1.0252247849591982
189637,0.7468470864102059,7,0.10900980556148201
187881,1.26216281566585,7,0.37075193360687186
188174,0.7983786593357691,7,0.5626381106983059
375921,1.26216281566585,7,0.8171977934006156
189885,1.03027073750081,7,0.8008628311711454
189859,1.2879286021286298,7,0.8753335611823523
188009,-1.03099217952177,7,-0.24505844897423154
188256,0.514955008245166,7,0.2365255315644863
373769,1.21063124274028,7,0.42413874917548045
375509,0.7726128728729871,7,0.41180495800485983
375681,1.41675753444254,7,1.2689963208025659
187526,1.05603652396359,7,-0.28424246043762946
375521,-0.412613304414995,7,-0.10177235769935364
187550,-0.4641448773405579,7,-0.39895748473182724
284164,1.13333388335194,7,0.0939734626022602
189754,-0.5672080231916871,7,-0.06373509412205333
374641,-0.0776580803988264,7,0.5033058204519013
375538,-0.18072122624995496,7,0.2756801130864912
375230,0.17999978422899696,7,0.3394118672330043
189751,1.9063074772354096,8,0.8668172643868258
190190,0.9787391645752448,8,0.3087637519946812
318175,-1.8554973463308,8,-1.599001462843156
283641,0.4634234353196,8,0.1531761650268254
188338,-0.5672080231916871,8,-0.7973689615852215
188987,-0.2580185856383,8,-0.2588398887297464
374531,-0.0518922939360447,8,0.19094734772382838
187977,-0.7475685284311641,8,-0.02669463945472378
376021,-0.3868475179522129,8,0.09991190495215482
188227,-0.799100101356727,8,0.5248535276958065
374604,-0.0776580803988264,8,0.026861554753053712
190130,-0.23225279917551894,8,-0.3790020659422001
187951,-0.36108173148942896,8,-0.21588812200728205
375499,-0.4899106638033421,8,-0.063194447254622
373642,0.514955008245166,8,0.6485382075547566
188496,0.0769366383778683,8,-0.021203955429466265
188552,0.0254050654523027,8,-0.5122875898776073
375447,0.43765764885681896,8,0.3766386666065521
187770,1.10756809688916,8,0.5932875688983057
283978,-0.2580185856383,8,0.2027908803912148
2437415,-0.4641448773405579,8,-0.3450437662266138
284189,1.41675753444254,8,0.916151362152185
188563,-0.283784372101084,8,-0.032074954810335315
188907,-1.18558689829846,8,-0.6815018494201986
283817,0.901441805186898,8,0.1803622113883598
187832,-0.7218027419683821,8,-0.11148940035672586
3646845,0.514955008245166,8,0.29450541503790995
375905,1.15909966981472,8,1.3005686215358954
187971,1.44252332090532,8,1.1462394685429866
188554,0.489189221782384,8,0.44850614632339825
189137,0.411891862394037,8,0.1609690321669592
308004,-2.4223446485120097,8,-1.3605574545382344
2437249,1.3909917479797598,8,0.7183863714478913
336478,-1.88126313279358,8,-1.5289185267281415
374693,1.03027073750081,8,0.7430214967458227
283171,1.0045049510380302,8,1.2202478332107562
188378,-0.799100101356727,8,-0.9186195632433519
318178,-2.64135383344566,8,-1.3648964341387613
188331,-2.2162183568097498,8,-1.5723410048045425
187691,0.618018154096295,8,0.11019223536410475
189016,1.41675753444254,8,0.2084534843277785
375950,1.44252332090532,8,1.4177944857710219
187685,-2.2162183568097498,8,-1.1262613485904682
373900,-0.0261265074732607,8,0.2561938967388181
374471,0.411891862394037,8,0.08632942041909034
189868,0.618018154096295,8,0.07904325993766573
188258,-0.154955439787171,8,-0.11814241279867058
188975,-0.335315945026648,8,-0.10823903323130216
375371,-1.31441583061237,8,0.1767082480733555
375502,-0.103423866861608,8,0.18246507654366792
374669,1.1848654562774998,8,1.1503569818019383
189390,-0.36108173148942896,8,-0.19976411169057903
190787,-1.1598211118356798,8,-1.0481543602360386
189669,-0.824865887819511,8,-0.8049750201483209
374361,0.30882871654290805,8,0.5127598792812467
187973,-2.19045257034697,8,-0.7354546199248998
374588,0.43765764885681896,8,0.1962482334005429
374702,0.2830629300801261,8,0.15379329704116027
374066,-0.18072122624995496,8,0.7834447237676732
188708,0.514955008245166,8,0.14034461083068545
187564,0.4634234353196,8,-0.2487333491730446
187497,-2.4996420079003503,8,-1.9940871155557711
375995,0.205765570691779,8,0.3646910815660609
283967,0.0898195316092591,8,0.32296518992525447
188155,0.9787391645752448,8,0.7261652845664467
375094,0.7726128728729871,8,1.1903633939879494
375949,0.386126075931255,8,0.3196702993580563
189760,-2.83459723191652,8,-1.9146171511424708
373904,1.21063124274028,8,0.7298166999406649
189340,0.10270242484065,8,0.03627344120436818
189152,-1.08252375244733,8,-0.8316853068090525
187952,0.7983786593357691,8,0.21900355943127514
187555,1.46828910736811,8,0.5600980813779015
373621,-1.31441583061237,8,-0.26221862266274265
283625,0.30882871654290805,8,0.1358730856997106
375976,1.44252332090532,8,0.790211064393576
187707,-0.154955439787171,8,0.3613904972418377
283201,0.7210812999474241,8,0.1320752408203309
189236,-0.515676450266124,8,0.1275284549376611
375922,-1.09540664567872,8,0.16349922237772507
187669,-2.03585785157027,8,-1.7527338460614912
374992,-1.03099217952177,8,-0.8311369465630063
187629,0.9787391645752448,8,0.3723442343090274
373734,0.0254050654523027,8,0.008263149056296049
375973,1.26216281566585,8,0.701137891741122
283762,-0.283784372101084,8,0.05422381414626598
375451,-3.5560392528744305,8,-1.2826298634476339
187563,1.36522596151698,8,0.7513684555287085
187918,-0.412613304414995,8,-0.33814142498639
187655,-0.154955439787171,8,0.1826767666669387
190072,-0.30955015856386603,8,-0.0987287704939476
375505,0.566486581170729,8,0.155949975079427
374378,-0.5672080231916871,8,-0.18176070370444067
283515,0.2830629300801261,8,0.051057087911480364
374747,1.10756809688916,8,0.16495002344827106
189853,-0.103423866861608,8,0.09883395347500262
190814,-0.154955439787171,8,0.2374413640355462
376034,0.257297143617342,8,0.46214612340710537
187566,1.44252332090532,8,0.6178165731181484
189732,0.36036028946847104,8,0.3021722945216876
188028,1.21063124274028,8,0.429681420960901
189035,0.10270242484065,8,0.0073499558740977855
337841,-1.67513684109132,8,-0.3910882464022041
189801,0.10270242484065,8,0.6214216908307172
188335,-1.77819998694245,8,-1.2598757294711191
373903,0.618018154096295,8,0.4497890802727339
190769,-0.4641448773405579,8,-0.2950461832735003
375780,1.3909917479797598,8,0.3055759474897786
375598,1.21063124274028,8,0.4636541756475716
188034,1.05603652396359,8,-0.12028286144193825
189997,-0.335315945026648,8,-0.6223714861066735
189881,0.901441805186898,8,-0.41330035947390653
319783,0.952973378112464,8,-0.16671418001539665
284335,2.16396534186323,8,1.1838091288598576
187989,0.154233997766213,8,-0.03844222059643285
283718,-0.0776580803988264,8,-0.021362877211115266
187696,0.618018154096295,8,-0.05235944969213227
375735,0.7983786593357691,8,0.6215280707145396
374429,1.6100009329134095,8,0.5647642810495146
283083,-0.412613304414995,8,0.11219166983562975
283755,0.386126075931255,8,-0.24503791210694195
375576,-0.953694820133422,8,-0.41371370009238195
375731,0.901441805186898,8,0.5458885726747155
189668,-0.335315945026648,8,0.015927653310697593
319955,-1.54630790877741,8,-0.6836599710836219
283791,-0.412613304414995,8,-0.3240372502630282
190076,1.0431536307322,8,0.41504929495238385
375581,0.849910232261335,8,0.38199701099842653
373872,-1.05675796598455,8,0.12726850822994004
336483,-2.55117358082592,8,-1.3841604145234465
283471,0.901441805186898,8,0.31351762984406983
190086,0.7210812999474241,8,0.1911789037307502
374683,-0.30955015856386603,8,0.12821110457473994
373948,-0.20648701271273695,8,0.33774914622332836
284203,2.8338757898955698,8,0.7556728420895796
189715,0.927207591649682,8,-0.3884564772012682
283603,0.566486581170729,8,0.4682552064430814
188243,-0.850631674282293,8,-0.4312848551429379
187753,0.17999978422899696,8,0.06853811781303512
283126,-0.6960369555056,8,-0.327211954775698
190022,0.0254050654523027,8,0.7824006577045114
284328,0.592252367633511,8,0.7201423404319772
188529,2.5762179252677404,8,0.24226960324515406
375975,0.43765764885681896,8,0.23574047382533456
187741,-3.58180503933721,8,-1.1112340333947364
283202,-0.2580185856383,8,-0.5829790444326035
375582,0.6824326202532489,8,0.18064258569615121
187751,0.43765764885681896,8,0.2500651024465879
283615,0.36036028946847104,8,0.342404380341355
375449,0.566486581170729,8,0.1737368399500691
189188,-0.92792903367064,8,-0.3681548428054455
188170,0.540720794707948,8,0.4610177841920209
284162,-0.515676450266124,8,0.06479828258901646
375974,1.10756809688916,8,0.39068597735996524
284190,0.205765570691779,8,0.16361688165181779
375932,0.411891862394037,8,0.8450081638422507
336485,-1.9070289192563603,8,-1.4664544076965678
375846,0.7983786593357691,8,0.3988876612815484
187653,0.205765570691779,8,0.3821393908979426
283741,-0.5929738096544711,8,0.11999201775288812
375546,-0.335315945026648,8,-0.30566260056966443
283768,-0.36108173148942896,8,-0.6721732120988484
189237,-0.154955439787171,8,-0.17901792543634318
373777,-0.412613304414995,8,-0.7629124790741291
187845,-0.2580185856383,8,-0.12032157369502164
188541,0.386126075931255,8,0.23848678065806136
374500,-0.773334314893945,8,0.018526500185096467
188359,-0.799100101356727,8,-0.723132410348809
374004,0.0769366383778683,8,0.4021304554043367
190157,-0.541442236728906,8,-0.1460697345274816
189302,0.30882871654290805,8,-0.22573094381608308
187665,-0.12918965332439,8,-0.28187873570120914
375456,0.33459450300569,8,0.2917187945602448
375859,1.5455864667564498,8,1.267096402924275
188419,-0.103423866861608,8,0.022454569353847126
283449,-0.5672080231916871,8,-0.08621293470455652
188981,0.7983786593357691,8,0.27692105692916025
187607,-0.154955439787171,8,-0.15822126043095205
189290,0.30882871654290805,8,-0.5141436293020143
2437395,-0.3868475179522129,8,-0.8126735385136943
190499,1.2879286021286298,8,0.842414930503563
375341,0.592252367633511,8,0.47922708158100247
375698,2.47315477941661,8,0.775801600732121
373986,-0.0518922939360447,8,0.44807535947191524
2437409,0.952973378112464,8,0.15248451002325975
189017,0.386126075931255,8,-0.07130156601551557
187583,0.30882871654290805,8,0.6402816922503899
375682,-0.335315945026648,8,0.23954550388718776
188215,0.618018154096295,8,0.07310199612557036
188991,0.36036028946847104,8,0.09832927023715587
187735,0.927207591649682,8,1.2163253585795524
188244,-0.3868475179522129,8,-0.10480949809978754
187733,-0.23225279917551894,8,0.3569744111373576
190016,-0.799100101356727,8,-0.609168208366348
188225,0.4634234353196,8,0.3500885886081463
190071,1.41675753444254,8,0.18632674391028095
187662,1.46828910736811,8,1.219503372643036
188848,0.0511708519150843,8,0.6725653589618774
375004,-0.283784372101084,8,-0.2588381084080005
376015,0.489189221782384,8,0.572388584084085
187816,0.411891862394037,9,0.14693682411836786
188346,-2.2162183568097498,9,-1.4293350974885002
284176,0.192882677460388,9,0.1508960863118351
188517,0.154233997766213,9,0.25312824035236486
188998,-0.8763974607450742,9,0.42067624416958427
373939,-0.824865887819511,9,0.18446445485590346
188096,-1.03099217952177,9,-0.43270180178796247
189309,0.0254050654523027,9,-0.09728821845482348
375795,-0.154955439787171,9,-1.0549600427722525
374177,-1.05675796598455,9,-0.6075099017531345
187628,-0.541442236728906,9,-0.26945407712904884
187846,0.927207591649682,9,0.40880649394110785
189647,-0.4899106638033421,9,-0.2660745713370425
374595,-0.0261265074732607,9,0.0861536287599731
374945,-0.283784372101084,9,-0.046244455483436045
374537,0.386126075931255,9,0.8142187689205963
2437287,1.0045049510380302,9,0.6083606288155814
374630,0.7210812999474241,9,1.1832837979882302
285674,0.514955008245166,9,0.25050010044447213
283721,-0.824865887819511,9,-0.34456033506786776
375943,1.03027073750081,9,0.8142734374737979
283209,-1.18558689829846,9,0.12365925359783285
190057,-0.515676450266124,9,-0.6200989120449687
284324,1.13333388335194,9,0.2778083279302537
374914,-0.0518922939360447,9,0.12948597261183276
375781,-0.30955015856386603,9,-0.08611410445059291
284120,1.64864961260758,9,0.4562461116933699
188494,-0.3868475179522129,9,0.39378228606528565
375504,0.592252367633511,9,0.4010336579449699
374395,-0.5929738096544711,9,-0.6430981173293201
283668,-0.773334314893945,9,0.26906874387008994
284059,-0.5929738096544711,9,-0.8522350136273695
283445,0.9143246984182892,9,0.058864791940661645
374613,-0.00036072101047902595,9,0.5333966412860366
187907,0.489189221782384,9,0.5299880494591549
336783,-0.5672080231916871,9,-0.29569694092362847
188340,-1.46901054938907,9,-0.7231864750095691
336482,-2.75729987252818,9,-1.6455499136522436
283634,-1.8554973463308,9,-0.47693614920894556
374397,-1.08252375244733,9,-0.5784821532886226
188768,-0.0261265074732607,9,-0.2215828620230882
338067,-2.39657886204923,9,-0.1226285759835717
189865,-0.20648701271273695,9,-0.6727099075067529
283205,-2.4223446485120097,9,-0.3145211762094183
189222,-1.31441583061237,9,-0.7876350801006358
188436,-0.5929738096544711,9,0.049782444508655446
3624697,0.17999978422899696,9,0.557262368846624
187594,1.80324433138428,9,0.2910896751433763
375295,-0.43837909087777693,9,0.03542620843660396
373758,1.3909917479797598,9,1.2901157521237463
188990,0.128468211303432,9,0.2002025018894048
188906,2.0609021960121,9,0.9178492819568534
283784,1.03027073750081,9,0.3461271338686119
375895,-0.0261265074732607,9,0.29584834584125425
188482,-1.44324476292628,9,-0.41768534364256615
283671,-1.72666841401689,9,-0.8305706164914796
188270,-0.0776580803988264,9,-0.021137082454123615
318550,-1.9843262786447096,9,-1.7423778222651956
375310,-0.670271169042816,9,0.1791537370768704
187591,-0.541442236728906,9,-0.20859254576510033
188339,-0.7218027419683821,9,0.1788882378042635
190796,0.592252367633511,9,0.47622126319929764
375767,-1.39171319000072,9,-0.1438949369121979
188988,-1.00522639305899,9,-0.17228431056548166
189822,-2.75729987252818,9,-2.1667303225829473
283803,0.386126075931255,9,0.23024649365228175
187771,0.901441805186898,9,0.11181832110780915
187709,0.43765764885681896,9,0.11093920610798712
189231,1.15909966981472,9,1.2419989902971094
187484,-0.773334314893945,9,-0.6053318056197066
283106,-0.979460606596203,9,-0.8090533129610585
374590,-0.6187395961172529,9,-0.2634488041248689
374155,-0.6187395961172529,9,-0.184730700006992
375474,-0.00036072101047902595,9,0.2261680920217346
189919,-0.902163247207856,9,-0.6693263331374788
187470,-0.5672080231916871,9,-0.06411137416193512
187456,-0.00036072101047902595,9,-0.05434479375133787
188913,0.0769366383778683,9,0.13444405402867837
374331,1.2879286021286298,9,0.3903604476889926
188051,-0.12918965332439,9,0.1399709119753093
188989,-0.5672080231916871,9,0.4837783102030042
283235,0.36036028946847104,9,-0.616843276602458
189078,0.9787391645752448,9,0.4168785707996957
187461,0.7983786593357691,9,0.1122936675282336
284090,0.386126075931255,9,0.23424302867189628
189085,-0.5929738096544711,9,-0.9120285802525444
190121,0.128468211303432,9,-0.6624742229533607
189000,0.257297143617342,9,0.029301282290997807
283117,0.386126075931255,9,0.3898877862114403
188376,-1.1082895389101102,9,-0.11845223521970259
283325,1.75171275845871,9,-0.059231906539611176
187711,-0.4899106638033421,9,-0.09707138056343444
319285,-0.0261265074732607,9,0.07623828296340544
189201,-1.05675796598455,9,-0.8114894401123227
188396,0.7210812999474241,9,0.665370369612767
189268,0.4634234353196,9,0.5881073695800296
190791,0.592252367633511,9,-0.12561753112705148
375503,0.2830629300801261,9,0.23577209411889394
284248,1.7259469719959302,9,0.4098138620286254
283849,-0.773334314893945,9,-0.30428482483122654
375678,0.9143246984182892,9,0.38850547468516716
318173,-2.80883144545374,9,-0.16437475494329645
374600,1.26216281566585,9,1.266438131976549
188999,1.13333388335194,9,-0.3000896498779261
187772,1.3394601750542,9,0.09672935433386062
187980,-0.799100101356727,9,0.5543456005516764
189834,-0.6187395961172529,9,-0.662660179401961
190296,0.7210812999474241,9,0.35952478163794593
188940,-0.43837909087777693,9,-0.689677855861809
374746,0.4634234353196,9,0.24472145807535728
188101,0.154233997766213,9,0.3720235788288625
190344,-0.902163247207856,9,-0.4601152578211062
374396,-0.7218027419683821,9,-0.606949529165078
188325,-0.7218027419683821,9,-0.2806102409290243
187987,0.2830629300801261,9,0.29002640925126066
373764,-0.7475685284311641,9,-0.24061501998132073
373672,0.7983786593357691,9,0.20192848795354787
283801,0.386126075931255,9,0.4228673045258726
374548,-1.67513684109132,9,-0.821258237742196
374547,-1.1598211118356798,9,1.218338353588699
284245,1.55846935998784,9,0.14853961285657505
374567,-0.5929738096544711,9,-0.23040162275003795
373799,-1.1598211118356798,9,-0.9664544962821567
190082,0.23153135715456105,9,0.5370048131803864
375778,-0.0518922939360447,9,0.09768704498990846
374475,0.4634234353196,9,0.1628568621995652
188412,1.31369438859141,9,-0.06346614497384932
189274,1.88054169077262,9,0.7190068529919819
187866,-0.3868475179522129,9,-0.18396398866938612
188040,-0.2580185856383,9,0.6604297271423066
375373,-0.3868475179522129,9,-0.15669629576138244
188421,-0.4899106638033421,9,0.13849692218915985
376002,-1.9843262786447096,9,-0.12420645641572405
284224,1.7774785449215,9,1.0096908969602634
190097,-0.515676450266124,9,-0.587735783050818
187822,1.03027073750081,9,0.4063059593417787
187877,-0.2580185856383,9,-0.09578204468624953
189239,1.21063124274028,9,0.29642298010774826
375817,0.0769366383778683,9,0.07569786525470956
375452,-3.4014445340977297,9,-1.2490837855940646
375711,-0.799100101356727,9,0.013682017574579167
188052,-0.283784372101084,9,0.08756142826137064
189808,0.514955008245166,9,-0.3166904563291131
373754,1.44252332090532,9,0.5959437483746223
187858,0.489189221782384,9,0.11371111652943064
188467,-0.92792903367064,9,-0.44713743461641353
284182,0.43765764885681896,9,0.10881286643840792
188375,-1.31441583061237,9,-0.924308701572483
188000,0.8756760187241159,9,0.23305104241929614
188441,-1.70090262755411,9,-1.0621826043189635
188982,-0.0261265074732607,9,0.033505065924700164
284110,-0.979460606596203,9,0.15047926476085124
283843,-0.23225279917551894,9,-0.2510293671481217
2437308,-0.43837909087777693,9,-0.6494231595713457
188401,-1.23711847122403,9,-0.8974988844865875
156377,0.592252367633511,9,0.6210095337539757
375775,0.6437839405590771,9,0.1720109075207352
308007,-2.6800025131398297,9,-1.4618217325571365
188997,-0.5672080231916871,9,-0.3790329910142961
189002,-0.283784372101084,9,-0.03683426725002835
189392,0.30882871654290805,9,0.16697915418188142
188507,0.489189221782384,9,0.6007907542807732
373782,-1.39171319000072,9,-0.3613352367511621
374611,0.17999978422899696,9,0.04845683436559654
189094,0.514955008245166,9,0.13578876880650972
375714,1.2879286021286298,9,0.8929592633585157
187658,0.566486581170729,9,0.1676743257507946
187472,0.36036028946847104,9,0.14404164912632747
188026,0.824144445798553,9,-0.14171725697574755
187780,0.9787391645752448,9,0.053137232526679554
283144,-0.824865887819511,9,-0.05284023618074489
284068,-0.335315945026648,9,-0.013348708777281934
2437250,0.6051352608649039,9,0.6936745908450643
375674,0.7983786593357691,9,0.6640211596556371
188996,-0.3868475179522129,9,-0.08624884581667384
190142,-0.335315945026648,9,-0.568067927538748
187935,-0.00036072101047902595,9,-0.06731236310910628
189734,1.41675753444254,9,0.4195100923241423
375634,1.0045049510380302,9,0.8469023896013519
188468,-0.335315945026648,9,0.23078920496914107
189346,-0.2580185856383,9,-0.5225559279177662
188818,0.33459450300569,9,0.4293404850804898
375389,-0.5672080231916871,9,0.2453157314860378
308010,1.88054169077262,9,0.9916119837354476
190111,-0.979460606596203,9,-0.5812458336443643
188715,-0.8763974607450742,9,-0.23795229318281735
374124,-1.00522639305899,9,0.041204885658452026
189697,-1.1082895389101102,9,-0.602511323044567
188145,0.849910232261335,9,0.4242486935165235
190364,0.7210812999474241,9,0.5101993469740175
189784,-1.23711847122403,9,-1.7731641614821132
283120,1.36522596151698,9,0.42532449528905925
190005,-0.4899106638033421,9,-0.14089395407738298
187807,-0.2580185856383,9,0.01041227079958422
283742,-0.6960369555056,9,0.04550781661648648
376048,-0.0518922939360447,9,0.32423874322229923
283633,-0.541442236728906,9,-0.8017937280032399
375717,0.927207591649682,9,0.26487932591862734
189970,0.6437839405590771,9,0.19187785241401822
189248,0.7210812999474241,9,0.04976926866893504
