id,PHT,kfold,LARS_pred
373851,-0.707849063452063,0,0.133957653070278
188064,0.117459026352549,0,-0.11490977064679554
188374,-1.19910387881195,0,0.04226527917350023
187863,-0.550647522536899,0,0.5861147913341129
187989,2.04317790256331,0,-0.3058259719162219
190707,2.1021284804065,0,0.3698037088581849
284161,-0.020092321948219,0,-0.2524937506716151
190164,-0.020092321948219,0,0.21592239070037966
190160,-0.020092321948219,0,-0.4771032202740267
187537,-0.707849063452063,0,-0.18425205384503218
188633,1.78772539857617,0,0.2778851200471088
374686,1.5126227019746297,0,-0.035934727758495356
190817,0.451512300797274,0,-0.7504223808844345
189958,-1.37595561234151,0,-0.2312421119581139
283777,-1.71000888678624,0,-0.1756287569656529
3624697,-0.020092321948219,0,-0.18623062234731083
283776,0.176409604195736,0,0.5196886155710889
373764,0.706964804784415,0,0.1834908489219012
375759,-0.3541455963929439,0,0.19379077906304176
188932,-1.1598034935831598,0,-0.29139421663620185
308007,-0.314845211164152,0,0.3981454221151567
190789,-0.609598100380085,0,0.4442361458698018
188146,-0.530997329922503,0,-0.04851258468871377
188157,-0.000442129333824614,0,0.35081356465560504
189027,0.648014226941229,0,0.23049747677511287
190783,-0.020092321948219,0,-0.3731150364134881
375500,-0.6488984856088771,0,-0.12110680271281524
187493,1.78772539857617,0,-0.06461580020225739
375745,-0.4523965594649211,0,0.06175688559399516
374533,0.589063649098042,0,0.09953029999961431
189229,-1.1205031083543702,0,0.20034342357564774
188899,-1.1205031083543702,0,0.5001102021982202
283815,-1.25805445665514,0,-0.08484330697210603
190808,1.25717019798749,0,0.7223108311135209
188909,-0.020092321948219,0,-0.2398528661728672
189301,-0.982951760053602,0,-0.3707054077960502
188792,-1.94581119815898,0,0.08440888802463634
2437378,-2.18161350953173,0,-0.07975946841064198
374740,-0.020092321948219,0,0.001737162093788257
283625,0.392561722954086,0,0.1736839311802929
283199,0.608713841712437,0,0.150980333109064
189107,-0.275544825935362,0,-0.20502052017998573
375674,0.215709989424527,0,0.11708662153858114
187852,2.14142886563529,0,0.3123736885572
374567,0.274660567267714,0,0.5717373219381429
188429,1.45367212413145,0,0.3730374499391437
373773,-0.17729386286338394,0,-1.0407210129932838
189287,0.235360182038922,0,-0.24940733115156755
189225,0.392561722954086,0,0.21986316289114494
188156,-0.8847007969816241,0,0.29256971757172356
188316,-0.33449540377854803,0,0.24629516445220903
283515,-0.23624444070657,0,-0.02322234520977249
188526,0.451512300797274,0,-0.30554418804971545
374504,-0.0397425145626149,0,0.5594428993732691
283892,-0.020092321948219,0,-0.5086654761100935
374699,0.117459026352549,0,-0.165590346139006
374391,-1.06155253051118,0,0.49633264443011804
188818,-0.6292482929944809,0,-0.009198901889551773
188340,-0.020092321948219,0,-0.009805941243922823
375518,-0.020092321948219,0,0.4222569319997397
187820,0.4908126860260639,0,-0.09379501405910266
188401,-0.609598100380085,0,0.021480762825776455
375895,0.196059796810131,0,-0.19773530345476947
376000,-0.7274992560664592,0,0.09056185509699774
190129,-1.04190233789679,0,-0.45588148245883875
2437287,-0.000442129333824614,0,-0.17334195225296378
375546,0.3336111451109,0,-0.16441288887448485
187574,-2.14231312430294,0,-0.3017852962333671
188546,0.471162493411669,0,0.05298098605796341
189081,-2.39776562829008,0,-0.526595606602583
283677,1.37507135367386,0,0.478495877644664
188328,1.5519230872034198,0,0.7185975485197775
373623,2.0628280951777103,0,0.05337251131253313
187791,0.353261337725296,0,-0.2925194098163396
190711,0.549763263869251,0,0.5245805071094952
188545,-0.020092321948219,0,-0.012313604688885035
189077,-0.020092321948219,0,-0.18906095129707617
189455,-0.020092321948219,0,-0.11326142323053273
188320,-2.39776562829008,0,-1.113187815505581
375640,-0.6292482929944809,0,0.006029454297963194
375576,-0.491696944693713,0,-0.039566235983696706
284334,-1.1205031083543702,0,-0.25536683699528995
373734,0.6283640343268331,0,0.22069247222923347
374472,0.451512300797274,0,0.6962316593002731
188254,-0.118343285020197,0,-0.12348078208429142
375504,0.3336111451109,0,0.09086519112602046
190071,0.038858255894967,0,0.19293267282246673
190157,-1.29735484188393,0,0.24589638837714164
373770,-0.865050604367228,0,-0.0694420538974891
188825,1.7484250133473798,0,0.29650915648333903
188405,0.8445161530851841,0,0.0907330290555225
187475,1.6501740502754,0,-0.5186433735578292
189059,-0.020092321948219,0,0.026943406145702106
283721,-0.118343285020197,0,-0.3589224794090493
187971,-0.432746366850526,0,-0.38913977017026213
189116,-0.19694405547778,0,-0.3858682769629158
283774,-0.8061000265240409,0,-0.20371308053461326
283755,-0.0790428997914065,0,0.5518817943068066
373725,-0.19694405547778,0,-0.5390249270485908
375682,0.3336111451109,0,0.24744141165073386
189851,2.1217786730208896,0,-0.043650990552625675
374697,0.982067501385952,0,-0.08363460211421507
189932,-1.74930927201503,0,-0.46568414429672195
188506,-0.3541455963929439,0,-0.15990791849749644
188028,1.3947215462882598,0,0.33810955945873256
187958,1.37507135367386,0,0.508226132446076
187911,1.17856942752991,0,0.08905085313525993
374759,-0.020092321948219,0,-0.5140510431143279
374640,-0.33449540377854803,0,-0.3901849881111462
189078,-0.570297715151295,0,-0.5901865463318229
283138,-0.7274992560664592,0,0.1666146932198445
187462,-0.0397425145626149,0,0.2006515570322765
283579,-0.0986930924058023,0,0.49518495458963285
284231,0.353261337725296,0,-0.25598379241432007
190472,-0.020092321948219,0,0.11277533058927329
189099,-0.020092321948219,0,-0.017037673396303035
188163,-0.76679964129525,0,-0.05717055694195786
284291,0.4908126860260639,0,-0.3170281337043882
374978,1.17856942752991,0,-0.11198624045757141
187526,0.137109218966945,0,-0.08202477052438881
187464,0.726614997398811,0,0.10584390322840614
187564,-0.3541455963929439,0,-0.2837140112173467
374436,-0.020092321948219,0,-0.37789954467350745
373656,0.648014226941229,0,-0.36504648060617406
375995,0.431862108182878,0,0.22917433454908664
189698,1.11961884968672,0,0.5689859743125572
375962,-0.020092321948219,0,-0.3297234632013656
189040,-0.020092321948219,0,-0.051096764972608476
187556,0.982067501385952,0,0.2363355200513758
284241,-0.511347137308108,0,-0.18907703717234509
375169,-1.37595561234151,0,0.14897141889887316
283655,2.2593300213216603,0,0.021970199379408438
374165,0.038858255894967,0,-0.37333649946194647
189811,0.982067501385952,0,-0.1301921474155218
374531,-1.47420657541349,0,0.1284124308501799
187544,0.667664419555625,0,-0.3606085799314355
2437410,2.5737331031519903,0,-0.5550072789179072
375666,-0.8257502191384358,0,-0.34713516757875384
375815,-0.020092321948219,0,0.07863559348518187
190190,-0.157643670248988,0,-0.1122980423811549
188102,0.942767116157162,0,-0.09863297041780604
187541,0.706964804784415,0,-0.22556338948537563
189637,0.372911530339692,0,0.272323647680773
283849,1.35542116105947,0,-0.17242350311330706
375939,0.687314612170019,0,0.011545016489761183
283600,-0.020092321948219,0,-0.15178390503469216
375661,0.549763263869251,0,-0.03199195797415358
189070,-0.020092321948219,0,0.11605862293143741
373642,1.1982196201443,0,-0.033126224276029896
375957,0.0978088337381531,0,-0.10632804008238653
375838,-3.1444729476371096,0,-1.6226602704570252
188956,0.038858255894967,0,0.39571495954993374
188187,-0.472046752079317,0,-0.3753447844985331
190036,0.15675941158134102,0,0.00555470648918366
375696,0.0192080632805712,0,-0.5561690082743116
319284,-1.39560580495591,0,-0.25046320324880134
188145,0.313960952496504,0,0.22928777594361638
188232,1.3947215462882598,0,-0.19407091581193958
187996,0.274660567267714,0,0.20522010712619923
374678,0.805215767856393,0,0.3260923099394016
375006,0.4122119155684821,0,0.10564539955533199
190130,-1.14015330096877,0,-0.6863478998736712
375845,-0.020092321948219,0,-0.4679342820496727
283727,-1.08120272312558,0,0.53943679335918
188086,0.923116923542766,0,0.46007184475997553
374743,-1.80825984985821,0,0.27517336612269905
373675,0.746265190013207,0,0.07183399101472111
373690,0.687314612170019,0,-0.08916281520517831
376002,-0.33449540377854803,0,-0.23242752253309643
188000,0.0192080632805712,0,0.13158652546974534
283817,0.0585084485093628,0,0.39839276077944996
283109,0.805215767856393,0,0.7103335959905828
283844,-1.25805445665514,0,-0.4034966553679654
189046,0.6283640343268331,0,0.2676300838600217
189115,0.4122119155684821,0,-0.13296042314194334
318175,1.94492693949133,0,1.022949415320814
283177,-1.4152559975703,0,-0.14572895707661462
188101,-0.393445981621735,0,-0.5814268481231436
188250,1.1392690423011202,0,-0.17907019954004885
188549,-0.33449540377854803,0,-0.07844982434447956
190132,-0.020092321948219,0,0.16020983412315815
284015,1.63052385766101,0,0.22401909333883063
190818,-0.020092321948219,0,-0.4740395369882281
189892,0.608713841712437,0,0.5976017402121827
375018,0.4908126860260639,0,0.026798350335342835
375935,0.117459026352549,0,-0.31214919098052607
188876,-0.7471494486808551,0,0.23421369217125382
189804,-1.25805445665514,0,-0.0840381955174591
373694,-2.06371235384536,0,0.36810305158140466
375274,-0.0593927071770107,0,-0.0028831528121586025
188040,-0.9240011822104142,0,-0.24067718157265452
374632,-0.020092321948219,0,0.6244722591432725
188398,-0.157643670248988,0,0.44035119938275213
187973,0.942767116157162,0,0.5225467848273744
190803,1.6698242428898,0,-0.22650496173473142
189008,1.7484250133473798,0,-0.0392064154853669
188974,-1.6314081163286498,0,-0.3686404805956365
308254,0.392561722954086,0,-0.44521833547299394
374374,-0.216594248092174,0,0.7184473066153219
374914,-0.13799347763459302,0,0.18910912036240657
374385,1.57157327981782,1,0.10844115162687493
375335,0.15675941158134102,1,0.11445440746668081
188339,0.765915382627603,1,0.15420038507569264
190191,2.5737331031519903,1,0.13616878735767488
189759,1.06066827184354,1,0.5910736197910216
190000,-0.491696944693713,1,-0.5534848140738364
374694,-1.59210773109986,1,-0.37948306322914155
187736,-1.67070850155745,1,-0.07036500916134864
375810,-0.94365137482481,1,-0.07558976018323851
187671,-1.1598034935831598,1,-0.2621114238255729
189245,-0.17729386286338394,1,0.31326560919519447
375521,0.667664419555625,1,0.06022259230029741
190238,-0.020092321948219,1,0.05336185874843045
190137,1.94492693949133,1,0.4481165203925516
187834,-0.157643670248988,1,0.13881435330395558
2437248,-2.71216871012041,1,0.16594976495014457
187654,-1.39560580495591,1,0.03383029768784596
187665,-0.275544825935362,1,0.0071144386854537205
188764,-0.314845211164152,1,-0.2974963038062083
188742,-3.02657179195074,1,-1.7392311447186268
190158,1.72877482073298,1,0.08126603903421378
189282,2.84883579975353,1,0.3829178270053236
374553,1.08031846445793,1,-0.18084900777022306
374912,0.431862108182878,1,0.35238945273727534
188913,0.0781586411237587,1,0.10396686528674332
187699,-0.000442129333824614,1,-0.04813441501034584
308006,0.51046287864046,1,0.39933901675491545
283230,-0.020092321948219,1,-0.14003732678780004
283110,-0.020092321948219,1,-0.46531638828364047
373654,0.313960952496504,1,0.31231101525894794
187766,0.196059796810131,1,0.16841507241450646
187523,-0.4523965594649211,1,0.05414245732167027
375896,0.117459026352549,1,-0.02687741933469778
283773,0.746265190013207,1,-0.4076794721516078
375645,-0.157643670248988,1,-0.4039145130464672
188034,1.84667597641936,1,0.30833016058836527
374617,1.86632616903375,1,0.21474302099662454
190780,-0.020092321948219,1,-0.19102504155647673
318177,0.7855655752419971,1,0.2474599602385967
188901,0.353261337725296,1,0.24241973224445482
187656,1.2375200053731,1,0.018957980948520955
188464,-2.45671620613327,1,-0.38677310171231033
188425,1.86632616903375,1,0.46493766468641157
284239,0.3336111451109,1,-0.22369973975195862
188105,-2.2209138947605203,1,-0.01502266670075375
375738,0.353261337725296,1,0.36308781436827675
283194,-0.020092321948219,1,-0.05196867810947312
375830,0.962417308771558,1,0.17253560384977262
374629,-0.020092321948219,1,0.10106023306791356
188996,-0.0986930924058023,1,-0.06831439513911733
188239,0.137109218966945,1,-0.19575152947178467
283715,0.648014226941229,1,0.1505114571887283
187691,-0.6488984856088771,1,0.25309648684016434
284309,-0.020092321948219,1,-0.1069490118418023
190733,-1.47420657541349,1,-0.32929471941674526
189822,-1.53315715325668,1,0.11934862906276086
188319,0.805215767856393,1,0.16246585299419364
374551,-1.3170050344983202,1,-0.23468894954445582
319282,-0.6685486782232729,1,-0.25540100252323605
187984,-1.80825984985821,1,0.2415166557389634
190344,-0.020092321948219,1,-0.04343975323680667
187924,-3.75362891868337,1,-0.15234327852691007
187787,0.549763263869251,1,0.3603774481667187
188246,-1.1598034935831598,1,-1.038623350626228
189871,-0.33449540377854803,1,-0.23149739722771964
189894,0.4122119155684821,1,-0.03342513036888941
188076,1.68947443550419,1,0.3277452945368638
283819,0.0781586411237587,1,0.08545116299936806
283828,-1.59210773109986,1,-0.6032960485521288
189766,-0.23624444070657,1,-0.0028060520990952284
375590,0.176409604195736,1,-0.45713931254712864
187822,-0.157643670248988,1,0.1609779721874151
187711,1.02136788661474,1,-0.12571087510205323
187662,-0.8847007969816241,1,-0.15483534408023106
188777,-0.020092321948219,1,-0.38561287452219106
187717,-0.511347137308108,1,-0.03450122369420636
375467,-1.35630541972712,1,0.04677949966037047
374646,-0.6488984856088771,1,-0.1402015005934284
187765,0.0781586411237587,1,0.3057152207365598
375905,-0.688198870837669,1,-0.21900731864497774
188413,0.255010374653318,1,0.04588709680952655
283712,1.31612077583068,1,-0.10317078559683682
188292,0.0585084485093628,1,0.2808472337847961
188998,-1.71000888678624,1,-0.5937524080527514
375503,0.667664419555625,1,-0.37632631307075215
284132,0.569413456483647,1,0.10935754238751844
375456,1.2375200053731,1,0.1508846648831051
284222,0.451512300797274,1,-0.2733216622716118
283471,0.274660567267714,1,0.46117288350400726
375581,-0.0397425145626149,1,0.1011148173036121
190199,-0.020092321948219,1,-0.14210066939896554
374662,-0.609598100380085,1,0.25463674323013086
190734,-0.6488984856088771,1,0.4209147261447675
318552,0.746265190013207,1,0.4226647642264749
188117,0.90346673092837,1,-0.10181113441714232
190148,-0.020092321948219,1,0.15127126514724168
187582,0.313960952496504,1,0.16575588955529877
187905,0.608713841712437,1,0.02338715007080313
187470,-0.33449540377854803,1,0.06747515675756416
336484,2.2986304065504504,1,0.9610765527494189
2437249,0.883816538313975,1,-0.028829651562171415
375695,0.530113071254856,1,0.062475257755398285
187518,-0.4523965594649211,1,0.39066595619767114
188222,-0.23624444070657,1,0.22609663966609428
283668,-0.19694405547778,1,0.3631421647900375
375471,0.431862108182878,1,-0.06946473534834452
188846,-0.020092321948219,1,0.22447171966600066
373780,-2.04406216123096,1,-1.0027333316112994
189872,-1.29735484188393,1,-0.7446098402090818
373629,0.215709989424527,1,-0.27431674739049283
187805,-0.491696944693713,1,-0.5862730507032193
284025,-1.37595561234151,1,-0.24509755984436687
188311,-0.020092321948219,1,0.19965303181496324
187876,-1.08120272312558,1,0.21994077633208833
188153,0.313960952496504,1,-0.0338122830073698
188386,1.4143717389026498,1,0.3778854423013275
187690,-0.216594248092174,1,-0.3259037163056193
283448,-0.432746366850526,1,0.011884887173406352
284216,1.3947215462882598,1,0.2536964803968648
374156,0.549763263869251,1,0.2076296098004564
2437256,-0.020092321948219,1,-0.32105026819809535
188235,0.431862108182878,1,-0.2542837220665537
375553,-0.8061000265240409,1,-0.3494615189445629
375952,-0.37379578900734,1,-0.4570411096612514
189030,-0.432746366850526,1,-0.40104965502037304
283736,1.63052385766101,1,0.35529754613597253
190805,-2.06371235384536,1,-0.10608647782282743
187888,1.11961884968672,1,-0.03401166311159938
188376,1.08031846445793,1,-0.26916907803219337
373986,0.805215767856393,1,0.30736356046129903
375708,-1.4938567680278798,1,-0.3840380987909952
187485,0.313960952496504,1,-1.0893860778104076
375397,-0.157643670248988,1,0.24257710163011625
190170,-0.020092321948219,1,-0.2153137631006729
374154,1.2178698127587,1,-0.12446741565004363
189164,-0.020092321948219,1,0.10599589169559098
187587,-0.020092321948219,1,0.06888570590216547
374147,-1.6314081163286498,1,0.310860630105853
375411,0.8445161530851841,1,0.2426094032001273
187566,-0.6488984856088771,1,0.11052176513523526
188448,-0.8257502191384358,1,-1.1310727298764633
283444,-0.020092321948219,1,-0.3182315348808278
188204,-0.020092321948219,1,0.19592241317886208
189063,-0.020092321948219,1,-0.5139829683533436
375835,1.25717019798749,1,0.2758029668537399
375687,-0.118343285020197,1,0.08791827181038925
188577,1.15891923491551,1,0.3390672713647552
374613,-0.020092321948219,1,-0.3516101399863448
374451,1.98422732472012,1,-0.5024642826005555
187502,1.4143717389026498,1,0.14087571143663125
283176,2.2986304065504504,1,0.368997787440015
190296,0.15675941158134102,1,-0.12107723234054879
374530,0.648014226941229,1,-0.003707389873129713
374988,-3.3409748737810703,1,-0.4694473583025737
187904,-0.6685486782232729,1,-0.11170633830796234
189049,0.215709989424527,1,0.1582754402227141
188227,1.2178698127587,1,-0.045479799063218765
317953,1.84667597641936,1,0.08608407706429846
190403,1.37507135367386,1,0.3069957567276903
374590,0.235360182038922,1,0.2239663813368579
188362,-0.020092321948219,1,0.012585675156309248
188536,-0.5899479077656911,1,-0.2209061686289823
187824,0.255010374653318,1,0.2116969434511605
188058,-0.275544825935362,1,-0.012584897895273645
283117,-0.8257502191384358,1,0.233527827324478
188894,-0.8847007969816241,1,0.34444287606893226
374062,1.53227289458903,1,0.5962160824630884
188061,-0.000442129333824614,1,-0.3019229179577371
283938,1.4143717389026498,1,0.5048472849380429
187725,1.90562655426254,1,0.08784198904273055
283107,-0.688198870837669,1,-0.12123541218561537
374171,0.235360182038922,1,-0.163083977849006
189247,-1.29735484188393,1,0.4849181440325943
373730,-1.002601952668,1,0.2918700747385506
189703,0.942767116157162,1,0.048299856893356564
317891,0.117459026352549,1,-0.0766902834645132
188558,-1.8672104277014,1,-1.2205361856720434
189421,-0.76679964129525,1,0.1738660726170794
374547,-0.0790428997914065,1,-0.03343565379910298
375589,-0.982951760053602,1,-0.21711389845597448
375711,1.78772539857617,1,0.1125384821613632
374396,0.51046287864046,1,0.5106800803491223
283432,-0.5899479077656911,1,0.9243942053006007
373850,-0.0790428997914065,1,0.0660442027509687
283967,-0.020092321948219,1,-0.25582070759051745
187678,0.942767116157162,1,-0.1575829137045554
189859,-0.8257502191384358,1,-0.45300377822505333
187770,-0.76679964129525,1,-0.08992672956380388
375794,-0.020092321948219,1,0.06171801001851648
188969,-1.04190233789679,1,0.05298977522389877
375449,1.92527674687694,1,0.38083022899450886
375802,0.51046287864046,1,-0.35333465481093695
374527,-0.13799347763459302,1,-0.5968893835264412
189290,-0.904350989596018,1,0.0029757073706427814
189221,-0.020092321948219,1,0.00094989251524219
375663,-1.37595561234151,1,-0.43661100434192374
375922,-0.020092321948219,1,-0.2391079491138217
375933,-0.020092321948219,1,-0.3759552751235866
189790,-0.6292482929944809,1,-0.18604102603633008
187794,0.8248659604707891,1,0.18521256568285258
187666,0.0978088337381531,2,0.1600735169742945
189254,1.2178698127587,2,0.6431148163423865
336482,2.69163425883836,2,0.8939028683168495
283639,-2.2602142799893103,2,-0.022593137577282395
188449,0.15675941158134102,2,0.2761468683497839
283220,0.4122119155684821,2,0.1693530696618548
189961,1.2178698127587,2,0.3558298926430264
375976,-0.020092321948219,2,-0.32399470453251505
284215,0.15675941158134102,2,0.29264585169572954
374956,-0.216594248092174,2,-0.2294040826378836
189700,-0.94365137482481,2,0.29780196779224194
187763,-0.020092321948219,2,-0.08048510142408621
189997,0.8248659604707891,2,0.39247615221837595
308266,0.313960952496504,2,0.2804553756282586
374253,-0.020092321948219,2,-0.361991862304982
375455,0.117459026352549,2,0.022533307497847044
187855,-0.295195018549758,2,0.20128808912154791
283723,0.215709989424527,2,0.4920137564001388
375295,-0.020092321948219,2,0.19670214005571646
187655,0.569413456483647,2,0.17329428601022373
189809,0.4908126860260639,2,0.3719202815779351
374638,-0.472046752079317,2,-0.17072983072368303
189039,-0.020092321948219,2,0.15656383256827283
375943,-1.72965907940063,2,-0.45770073577046577
283209,-0.020092321948219,2,0.2212977050593244
188434,-3.04622198456513,2,-0.8666238988056799
190121,-1.02225214528239,2,-0.5001180338182979
187730,0.117459026352549,2,0.15739566474215874
190669,-0.8847007969816241,2,0.028358105036742673
374414,-0.491696944693713,2,-0.18691370043999847
319279,0.4908126860260639,2,-0.18544490210348835
336781,1.63052385766101,2,0.21072715353586682
188152,0.392561722954086,2,-0.01589351004505829
374066,2.00387751733452,2,-0.09334115312725237
189757,-0.3541455963929439,2,0.09602510365076194
373744,-0.23624444070657,2,-0.16082466052567257
189944,-0.570297715151295,2,0.004116745135798235
188672,-1.19910387881195,2,-0.11454438853571752
375447,1.29647058321628,2,0.2032520683080062
189236,0.706964804784415,2,-0.019527406212322705
189964,-2.8890204436499705,2,-0.1725957633572888
187607,0.353261337725296,2,-0.17274046465359383
375441,-0.020092321948219,2,-0.04546473574081357
188231,0.942767116157162,2,0.00016124162463739683
188008,0.0585084485093628,2,0.0018364706631035085
283732,-0.020092321948219,2,0.4397196982104976
187471,0.392561722954086,2,-0.11612745162806164
374155,-0.8061000265240409,2,0.12807430746645926
188015,0.15675941158134102,2,0.11519574641473973
188922,0.235360182038922,2,-0.20300022491895148
189949,1.4143717389026498,2,-0.13050332562326436
2437282,0.137109218966945,2,-0.36717372643170126
2437245,-0.020092321948219,2,-0.09874548251695907
375736,-0.020092321948219,2,-0.058124424614757274
187658,0.0781586411237587,2,-0.008539695985729767
374681,-0.216594248092174,2,-0.4874605145326037
284368,-1.06155253051118,2,-0.1322495991210784
375728,-2.45671620613327,2,-0.23776049627854282
375747,-0.5899479077656911,2,-0.06641222564366689
187560,-0.0593927071770107,2,-0.17049251669012605
189084,0.392561722954086,2,-0.15358061952811855
187647,1.80737559119057,2,-0.2524036744796879
190213,-0.020092321948219,2,-0.36406238365157423
187573,0.313960952496504,2,-0.2243528953396745
188872,0.0781586411237587,2,-0.17658716404865984
187956,-0.020092321948219,2,0.24358279271953065
189853,-1.35630541972712,2,-0.2671996106607234
2437340,0.923116923542766,2,0.3007825401925847
374719,0.3336111451109,2,-0.264075447874423
374641,0.687314612170019,2,-0.20457585530073089
190732,1.37507135367386,2,0.49942998045783876
187669,-1.7886096572438202,2,0.16580005348121954
187550,0.0781586411237587,2,0.09917001220671016
189085,-0.020092321948219,2,-0.12482928208108701
187816,-0.904350989596018,2,0.3026958357469373
188190,-0.020092321948219,2,-0.2298711730280249
375556,1.0999686570723302,2,-0.02503412381790817
283119,-0.020092321948219,2,0.4349770511672267
189248,-0.17729386286338394,2,0.09439229794088058
375998,0.235360182038922,2,-0.49943152348479997
375956,-0.8454004117528321,2,-0.33617528102995936
374331,0.0585084485093628,2,-0.014634882943391847
188907,-0.4523965594649211,2,0.1159579330825059
189689,0.7855655752419971,2,0.5814690170232877
187663,-0.6685486782232729,2,-0.3720014912101121
188202,0.0781586411237587,2,0.05737570481401673
190810,-0.020092321948219,2,-0.17224765045565343
190035,0.196059796810131,2,0.5188962586494745
375340,-0.020092321948219,2,0.10856662788279689
189400,-0.0397425145626149,2,0.1028147608389728
284280,-0.020092321948219,2,0.22891950913371706
374003,0.923116923542766,2,0.4281484074632057
187522,0.392561722954086,2,0.2589348746595182
189024,-0.7471494486808551,2,0.0977724802673824
188415,-0.432746366850526,2,-0.8825495238052405
375371,-0.688198870837669,2,0.02173372342516256
374744,1.06066827184354,2,0.6891844523304986
189189,-1.04190233789679,2,0.15710281327245276
373509,-0.904350989596018,2,0.5033424333818493
189842,0.962417308771558,2,0.4595877873872059
188111,1.06066827184354,2,0.8110793773561938
375376,0.15675941158134102,2,0.1286383814794508
375800,0.530113071254856,2,0.06887000614381487
375894,-2.49601659136206,2,-0.3426626730986227
189246,-1.80825984985821,2,0.4322185108683097
375923,-0.41309617423613,2,-0.5852143276375681
375817,-0.491696944693713,2,0.07461928987195934
188029,-1.1205031083543702,2,-0.286683844952334
187576,-1.02225214528239,2,-0.2250737373597723
187944,1.72877482073298,2,0.1628897068706458
188463,-2.20126370214612,2,-0.7727872287441854
187687,-0.020092321948219,2,-0.29685918701789227
374592,-0.020092321948219,2,0.18892013561783885
190162,-0.020092321948219,2,-0.18994310539441653
187714,0.4122119155684821,2,-0.11265899403819227
190195,-2.1619633169173302,2,1.023301308235396
375457,-0.020092321948219,2,-0.17047870152399353
190085,-1.80825984985821,2,-0.28529931051365476
188137,0.648014226941229,2,0.12288289831849754
283224,-0.688198870837669,2,0.07291420230442991
319779,1.00171769400035,2,0.0026798153653550807
187803,-0.295195018549758,2,-0.29623791547094097
190140,-0.17729386286338394,2,-0.6752597488664022
188052,-1.39560580495591,2,0.25705726188899214
188134,1.0999686570723302,2,0.14604297450346124
283163,-0.13799347763459302,2,-0.07999915444173154
189009,-0.688198870837669,2,-0.3426652629471689
375409,0.137109218966945,2,0.3075693706892724
283762,1.17856942752991,2,-0.5134797740796031
189268,-0.020092321948219,2,-0.3094648722873774
188849,-0.6685486782232729,2,0.03545574787101606
187704,0.471162493411669,2,0.34400314063576154
375545,0.942767116157162,2,0.37928249759942134
188383,1.2178698127587,2,0.0894603898558449
187530,-0.41309617423613,2,0.03131136813963694
188321,-1.55280734587107,2,0.07285352295676237
188923,0.569413456483647,2,0.29412029747134505
188780,-0.020092321948219,2,0.07772361266527408
283838,-0.393445981621735,2,-0.36739498910022905
374204,-0.020092321948219,2,-0.5281918165418762
190792,1.2178698127587,2,0.06418764006074894
374145,0.4908126860260639,2,0.882343655622532
283656,-0.530997329922503,2,-0.0735770535707674
187796,0.392561722954086,2,0.14757187042106734
373793,-0.865050604367228,2,-1.0477146672814857
188530,-0.6685486782232729,2,-0.5725310122425197
188517,-1.5724575384854702,2,0.1244760437783333
190802,-2.5156667839764504,2,-0.5669285001981172
284090,0.648014226941229,2,0.21339819986249675
283125,-0.020092321948219,2,0.09444880638627019
187677,0.137109218966945,2,0.0023565493673422724
374363,1.11961884968672,2,0.08518934278989852
188541,-0.41309617423613,2,0.14603753233028338
189628,-0.94365137482481,2,0.12154796656323534
374746,0.255010374653318,2,0.5729788778508765
374368,0.451512300797274,2,0.03544966247495457
373655,-0.020092321948219,2,0.5184239283031031
187850,0.530113071254856,2,-0.01183807908514597
375551,-0.216594248092174,2,0.13283129074366531
188906,-0.020092321948219,2,0.1907527217569775
336483,2.6326836809951804,2,0.7527900042378919
188172,-0.6292482929944809,2,0.34474374699023674
2437280,-0.0986930924058023,2,-0.29665541518368543
375795,-1.4349061901847,2,-1.0794358026646806
374177,-0.314845211164152,2,-0.5672427920256798
373571,0.706964804784415,2,0.520617125261482
188051,1.29647058321628,2,0.15318422768653187
190159,-1.08120272312558,2,-0.573605912067074
187848,0.0781586411237587,2,-0.1353082738855621
190804,1.4143717389026498,2,-0.11081868962477925
283144,-0.020092321948219,2,0.16682439950167957
376021,-0.511347137308108,2,0.18533805829682168
188170,1.08031846445793,2,0.06279465258977816
375921,-1.27770464926953,2,-0.34984245483695714
375678,0.6283640343268331,2,-0.10628123170003498
189684,-1.19910387881195,2,0.07816525400161142
2437048,1.08031846445793,2,0.11356390120847243
375724,1.04101807922914,2,0.1312054290658893
375389,0.589063649098042,2,0.23701868996899728
190139,-0.020092321948219,2,0.4354631251888559
283843,-1.67070850155745,2,-0.588502168059978
374398,-0.8061000265240409,2,0.1791814436403462
374609,-1.1205031083543702,2,0.38050472402465874
374412,0.8248659604707891,2,0.33918925600100824
375731,-0.41309617423613,2,-0.03513062847798756
188759,1.02136788661474,2,-0.04527507697543824
190111,-0.020092321948219,2,-0.4954280022209831
188993,0.0585084485093628,2,0.13108495647679624
284068,-0.511347137308108,2,0.51063731108249
375373,0.0781586411237587,2,0.8080624102480117
188496,0.117459026352549,2,-0.01602955075317266
188543,0.353261337725296,2,0.4546199358376053
189829,-0.0593927071770107,2,0.48503737392719287
189889,0.353261337725296,2,-0.34725813631886804
189109,-0.020092321948219,2,0.053627011105928636
187819,1.63052385766101,2,0.1588135042197536
284120,-0.17729386286338394,2,-0.10354914646458958
188458,-2.00476177600217,2,-0.009363375281142805
374624,0.137109218966945,2,-0.25714400429652234
374620,0.255010374653318,2,-0.0014458993534603292
187752,0.176409604195736,3,0.19585024528799805
284322,-0.020092321948219,3,-0.14054665704811625
284069,0.255010374653318,3,0.2754239433643612
190134,-0.3541455963929439,3,-0.5076310240640913
189629,0.667664419555625,3,0.17294475124935166
375391,1.27682039060189,3,-0.07201036687936925
284236,0.196059796810131,3,0.1289897708016412
189626,-0.13799347763459302,3,-0.6542880955979898
373759,-0.7471494486808551,3,-0.22393737317296997
188930,-0.19694405547778,3,-0.5574355088988326
283779,1.33577096844507,3,-0.0908855677594792
375004,0.431862108182878,3,-0.1889011965695142
188357,-1.96546139077338,3,-0.21376272278225245
189732,0.0978088337381531,3,0.0823386014763635
187990,0.765915382627603,3,0.324229259676205
189832,1.33577096844507,3,0.07576362350431494
375524,1.43402193151705,3,0.030819776886120444
374969,-0.020092321948219,3,0.029914705486164178
189712,-0.020092321948219,3,0.30121778310032243
375549,0.569413456483647,3,0.11531734247184798
188636,-1.25805445665514,3,-0.39777371107235565
189754,-1.8672104277014,3,-0.1774288074266599
284324,-0.13799347763459302,3,-0.243426723159223
375538,-0.33449540377854803,3,-0.5556168844538054
375607,-0.393445981621735,3,0.10251866296653843
336476,2.43618175485122,3,1.08119775144816
375755,0.29431075988210803,3,0.1779191293378349
190143,-1.8672104277014,3,0.3438992687765799
188258,-0.118343285020197,3,0.4702197267079241
375591,0.15675941158134102,3,0.5006980899165527
187977,-1.21875407142635,3,-0.0971389887479974
374239,1.5126227019746297,3,-0.01343741058869406
284067,0.137109218966945,3,0.20813448319731354
373952,-0.6685486782232729,3,-0.23158459963160039
374545,-0.020092321948219,3,-0.41128962056592727
336782,-0.6292482929944809,3,0.09698746264513462
187543,1.17856942752991,3,0.13901773380927268
189751,-0.020092321948219,3,0.2579198804844882
187629,-0.393445981621735,3,-0.2187341517281289
374185,-1.55280734587107,3,-0.6449031386533828
190058,0.765915382627603,3,-0.268866885326222
375453,2.9667369554399,3,0.16704854089567633
375571,1.7484250133473798,3,-0.11254693809332784
189320,-0.982951760053602,3,-0.0710953225671688
188035,-0.275544825935362,3,0.035244749523711795
375851,-1.51350696064228,3,-0.05635465792515596
375642,0.0978088337381531,3,0.028803961868076357
374160,0.8445161530851841,3,-0.25033484046060867
188326,0.4122119155684821,3,-0.06243310320527342
374534,-0.393445981621735,3,-0.3451920959002914
319955,0.667664419555625,3,0.021300135377654142
374004,1.27682039060189,3,0.7525866036005547
187985,-0.020092321948219,3,-0.06996500408864878
375410,-0.020092321948219,3,0.3047060858450542
375062,0.0192080632805712,3,0.342142769861003
188704,0.51046287864046,3,0.3116930812516868
2437415,0.0192080632805712,3,0.03703264026750499
187866,1.29647058321628,3,0.2714698240937355
374631,1.31612077583068,3,-0.31043555246751386
283735,0.372911530339692,3,0.3839587371201755
373506,0.392561722954086,3,0.20030743456047753
188306,1.25717019798749,3,0.18156972920766729
2437266,-0.020092321948219,3,0.07092576367201886
189299,0.431862108182878,3,-0.5538982872570974
188494,-0.472046752079317,3,-0.6073894878881706
190015,0.4122119155684821,3,-0.09165547519418928
189865,-1.37595561234151,3,0.6393892035872913
373726,1.6108736650466102,3,0.6857880204109779
375585,-0.020092321948219,3,0.1100048318038663
318548,-0.9240011822104142,3,0.907983549102637
189041,-0.157643670248988,3,-0.19920258587184034
283130,0.667664419555625,3,0.6372757490173317
374665,-2.02441196861656,3,-0.227061511987439
283770,0.176409604195736,3,0.15786520289849715
187868,-0.020092321948219,3,0.00470774804194741
187561,-0.216594248092174,3,-0.035493036870386935
190774,0.942767116157162,3,0.27584323023484886
188468,0.29431075988210803,3,0.0888985187214801
187675,0.883816538313975,3,0.09142413333867598
2437408,-0.0790428997914065,3,0.1928989899057055
2437258,-0.76679964129525,3,-0.3329536917002847
283166,-1.84756023508701,3,-0.35364343868928655
190102,-1.4349061901847,3,-0.37060590906818935
190054,-2.04406216123096,3,0.6888513279151977
375779,-0.530997329922503,3,0.2689724947636268
188943,-0.5899479077656911,3,0.10412956432345503
190175,0.667664419555625,3,0.13507259688262513
375790,0.4908126860260639,3,-0.05205655120213737
373939,-0.432746366850526,3,0.08624406359101765
188554,0.431862108182878,3,-0.13542853001684865
374537,-1.8279100424726105,3,-0.32795605939768724
376049,-0.609598100380085,3,0.0767814105228442
187508,0.942767116157162,3,-0.26471786321950763
375243,-1.25805445665514,3,0.07324003021305335
189239,-0.94365137482481,3,-0.15819466011669012
375930,1.27682039060189,3,0.2249170992412903
375781,0.4908126860260639,3,-0.06271471495587869
2437263,-0.786449833909646,3,-0.15868336442678724
375577,-0.118343285020197,3,0.0201597037853061
190097,1.06066827184354,3,0.6314720413440535
374063,-0.314845211164152,3,-0.374941965757349
187501,-0.0790428997914065,3,0.33617338733465363
188026,-0.020092321948219,3,-0.10135042869408191
188940,1.63052385766101,3,0.5148252082132497
283132,0.137109218966945,3,0.06268007971270474
374535,-0.3541455963929439,3,0.1107754078011066
374124,-0.530997329922503,3,-0.47028301680398626
374386,-0.491696944693713,3,0.15419663197345607
190051,-0.020092321948219,3,-0.35034679529079804
375717,0.215709989424527,3,0.13542838294789883
188363,0.648014226941229,3,-0.13105754820186644
188702,-0.94365137482481,3,0.2713326917354694
375974,0.8445161530851841,3,0.29448245072828694
375742,-0.865050604367228,3,0.029654146191892328
189237,-0.19694405547778,3,-0.004947765796650553
375368,-0.963301567439206,3,0.007215924439239628
375560,0.962417308771558,3,0.32584285239384464
189784,-0.550647522536899,3,0.01147337058993623
373835,-0.393445981621735,3,0.5767194464935506
374612,-1.002601952668,3,-0.2942215747113562
190125,1.27682039060189,3,0.13399442200931486
283741,-0.530997329922503,3,-0.2492855381428046
284319,-1.002601952668,3,-0.33397370395606724
188346,0.706964804784415,3,0.1378031353667609
374814,0.471162493411669,3,0.38343171139664667
308265,-0.472046752079317,3,-0.1297976120208444
190278,0.451512300797274,3,-0.1552576220882167
336684,0.451512300797274,3,0.3493241847770244
188243,-0.511347137308108,3,-0.09802830243216575
373628,-0.216594248092174,3,-0.30977135912037523
190142,-0.216594248092174,3,-0.46190154788597987
374407,-0.020092321948219,3,-0.3543211886473819
189919,0.0978088337381531,3,0.7167359805461013
373769,-0.118343285020197,3,0.3787184666941514
375993,-1.1205031083543702,3,-0.3198637808318017
187869,-0.020092321948219,3,0.06753093301645832
283105,-1.08120272312558,3,0.002417697311354572
187955,1.57157327981782,3,0.3771862750773418
373674,-0.020092321948219,3,-0.009255216361691554
374011,0.608713841712437,3,-0.271172758083608
187975,2.1021284804065,3,0.5917536411372302
374108,0.0585084485093628,3,0.04413651073236106
375899,1.08031846445793,3,0.13096915172687626
189230,-0.020092321948219,3,0.01987786625958816
190769,0.589063649098042,3,0.7292566873554065
375540,-0.37379578900734,3,-0.09280214892594045
188048,0.0978088337381531,3,0.13837568922449042
187801,-1.69035869417184,3,-0.14628613662078657
283638,-0.570297715151295,3,0.26269443855930913
189288,-1.35630541972712,3,-0.04688105772270171
283757,-0.020092321948219,3,0.08933614977563294
375597,0.4122119155684821,3,0.01694425466854963
283822,0.176409604195736,3,0.2423814377973761
373756,1.1982196201443,3,0.2064504037540566
189013,-0.41309617423613,3,-0.5625266601477292
283214,1.11961884968672,3,0.041187801699102015
189856,1.15891923491551,3,0.7471619031719465
187946,0.392561722954086,3,0.2127761140204698
283232,0.765915382627603,3,-0.2862220762189511
285674,-0.393445981621735,3,0.03734394429809032
375623,-1.04190233789679,3,-0.1463296469994755
284164,-0.020092321948219,3,0.0019305053534045091
374917,-0.020092321948219,3,0.020926024244239318
373991,-0.295195018549758,3,0.3484182467459197
373925,-0.23624444070657,3,-0.24914142426323985
188452,2.47548214008002,3,0.10020996885326813
187878,0.038858255894967,3,-0.33681247821040217
308212,-0.157643670248988,3,0.2513222554707356
189980,-1.6314081163286498,3,-0.22718823970569588
375598,0.038858255894967,3,0.5305251880767884
189138,1.2178698127587,3,-0.4421952286707389
375572,-1.71000888678624,3,-0.07532318236680452
187535,-0.000442129333824614,3,-0.3856143761129313
187545,-2.37811543567568,3,-0.08303992203871056
188092,-2.18161350953173,3,-0.36003670311822056
374607,0.038858255894967,3,-0.1708695815132314
375994,0.137109218966945,3,0.17022685750446864
373782,2.9077863775967097,3,0.34589245037782024
188379,0.313960952496504,3,0.03983567304090297
189042,-0.41309617423613,3,-0.03490819293905499
374024,-2.02441196861656,3,0.05147630513261065
188997,-0.020092321948219,3,-0.1296244100354397
373832,-0.0986930924058023,3,-0.46265740701658603
187772,0.726614997398811,3,0.2949785606651809
375832,-2.04406216123096,3,-1.1812731470845856
187682,-1.61175792371426,3,-0.11354337378062816
190811,0.7855655752419971,3,-0.06865359030882066
187988,-0.295195018549758,3,0.1281957776065066
190073,-0.020092321948219,3,-0.17373030146464366
190174,-0.8061000265240409,3,-0.16390761294979445
188912,1.59122347243221,3,0.4522280645261806
284327,-0.020092321948219,3,-0.3382885841115829
188975,-1.47420657541349,3,-0.016572286168216557
283634,3.59554311910056,3,0.06094876885201178
190063,-0.76679964129525,3,0.6535644676024073
284100,1.00171769400035,3,0.2745485474986884
187952,0.8641663456995801,3,0.1682363737255898
187527,-0.020092321948219,3,-0.023505476980197233
188669,2.1217786730208896,3,0.4166054583820345
189244,1.17856942752991,3,0.08418967419819925
284190,-2.45671620613327,4,0.11320400368668641
283300,-0.020092321948219,4,-0.018617590749947673
374658,-0.8847007969816241,4,0.04387915151930398
187482,0.372911530339692,4,-0.13923156756383237
187754,0.706964804784415,4,-0.05885144386197824
188596,-0.904350989596018,4,-0.000885890146493833
190778,-1.1205031083543702,4,0.05062044307173692
375628,-0.275544825935362,4,0.5152202318661819
187979,0.687314612170019,4,0.11145968566798783
373795,-0.688198870837669,4,-0.1656460129681156
189840,-1.6314081163286498,4,-0.3296218364732588
188970,-0.707849063452063,4,-0.058856992768177824
188476,-0.020092321948219,4,0.19839135724518475
187857,0.648014226941229,4,-0.47307472888689067
188229,-0.94365137482481,4,-0.06771335679964778
187583,-1.14015330096877,4,0.4035693091490385
283801,0.51046287864046,4,0.02120814762457368
187648,-0.982951760053602,4,-0.6658403199998334
188375,-0.020092321948219,4,-1.1774081769321734
189337,-0.020092321948219,4,-0.09865033082648195
308009,-0.0593927071770107,4,1.3521680557683637
188898,2.47548214008002,4,0.24707882566166867
189222,-0.020092321948219,4,-0.040201670852684834
188893,1.25717019798749,4,0.3099520131961674
188454,1.11961884968672,4,0.2416941368381627
189090,-1.25805445665514,4,-0.4820657358019407
189668,0.746265190013207,4,0.22644090627813135
189927,0.530113071254856,4,0.5639501705920112
190046,-0.020092321948219,4,-0.2995623762747921
187729,-0.0986930924058023,4,0.2332463874581297
188209,0.3336111451109,4,0.6486131533328525
187631,-1.4349061901847,4,-0.4483586664755931
374017,-0.6292482929944809,4,-0.364808957210095
283602,-0.020092321948219,4,-0.07532297792419063
188155,-0.275544825935362,4,-0.42454997564857366
375850,-0.609598100380085,4,-0.49174150776571435
190018,-0.216594248092174,4,-0.2362321497209826
376040,1.63052385766101,4,0.11456483049469601
189631,0.274660567267714,4,0.46747566602378265
189996,-2.77111928796359,4,-0.535139014346336
374747,-0.393445981621735,4,0.49032156571889796
187751,-0.33449540377854803,4,0.2563962124693695
187473,1.43402193151705,4,0.27346889546518255
188816,1.1392690423011202,4,-0.004129852351236377
187562,0.0585084485093628,4,0.23198295717403072
189666,0.274660567267714,4,-0.4295237321215454
188942,-0.020092321948219,4,0.10624695177152915
375569,-0.020092321948219,4,0.07634005550953017
188552,-0.020092321948219,4,-0.248692458212652
375583,0.274660567267714,4,-0.14394232427745884
190458,-0.020092321948219,4,-0.12560826487410143
188467,1.68947443550419,4,0.7007584931489158
284192,0.0978088337381531,4,-0.290278808730907
284162,-0.020092321948219,4,-0.053614021413566054
187728,-0.0593927071770107,4,0.4130359613967658
375704,0.6283640343268331,4,0.22924796178940754
374927,0.372911530339692,4,0.502471569896206
3646845,0.0978088337381531,4,0.4936071465959574
188421,-0.786449833909646,4,-0.10606602838377942
188510,0.8445161530851841,4,-0.23015497232295262
283162,-0.688198870837669,4,-0.021833282380482308
188469,0.608713841712437,4,0.17695931343477106
283670,-2.20126370214612,4,0.19491745230897933
374139,0.765915382627603,4,0.5523552294273134
283968,-0.020092321948219,4,-0.159376316436531
2437194,1.78772539857617,4,0.20703799883461876
283808,-1.06155253051118,4,0.09946868737405994
190799,-0.020092321948219,4,-0.054604234534306094
187840,-1.33665522711272,4,0.3650270329108477
318178,1.0999686570723302,4,1.1052770338973532
188055,0.038858255894967,4,-0.0784454158423161
283876,0.667664419555625,4,0.07400810686802824
284066,0.706964804784415,4,0.15065759258251948
284219,-0.118343285020197,4,-0.23281025414905976
283719,1.92527674687694,4,0.8831102249009853
375970,0.530113071254856,4,0.21122723225161688
375511,-0.8454004117528321,4,-0.39276750535444105
375594,1.37507135367386,4,0.9195868280992031
187784,0.137109218966945,4,0.12738085967188506
188009,-0.19694405547778,4,0.025241725744967178
284110,-0.8257502191384358,4,0.11199912237990774
190499,-0.020092321948219,4,-0.2813610901634518
188601,-0.020092321948219,4,0.06912548070033978
375726,-1.21875407142635,4,0.3150503463685434
375743,-0.6685486782232729,4,-0.1955883201292813
375451,-2.39776562829008,4,-1.2337728258620073
188563,1.6698242428898,4,0.31895451862555285
374197,-0.020092321948219,4,0.21351584083375602
190150,-0.020092321948219,4,-0.08210101855189221
190561,-0.9240011822104142,4,-0.031104297975452284
374151,-0.020092321948219,4,-0.4819942289773944
187776,0.706964804784415,4,0.18666561749981259
188757,0.648014226941229,4,-0.28902205322565444
374655,0.0781586411237587,4,-0.3259095258305395
187995,1.00171769400035,4,0.515061146184365
283769,-1.06155253051118,4,-0.26158026427091013
283962,-0.020092321948219,4,0.08595852240124591
374588,-0.255894633320966,4,0.07833112942169097
283158,0.274660567267714,4,-0.07060059146994731
189289,-1.35630541972712,4,-0.014947788485195065
190064,-0.020092321948219,4,-0.3797754506228589
190070,-2.18161350953173,4,0.31323230959239484
189384,-0.707849063452063,4,0.25817685887377306
375230,-0.0397425145626149,4,0.06181645835768916
283803,-0.41309617423613,4,0.48007516977442666
374103,-0.157643670248988,4,0.40094438519213343
189280,-0.13799347763459302,4,-0.10808029527493816
283756,-0.707849063452063,4,0.3624022383472155
187555,1.0999686570723302,4,0.23755121581837718
375437,-0.020092321948219,4,-0.2077579957086761
375460,-0.020092321948219,4,-0.050383092587663325
190116,-0.0986930924058023,4,0.8225726593029502
283183,-1.61175792371426,4,0.056418802121346104
376033,-0.33449540377854803,4,-0.3082936988504082
189955,-0.020092321948219,4,0.4643817948410762
308004,-0.76679964129525,4,0.5276696645536019
189723,1.0999686570723302,4,0.648558167801343
375820,-0.020092321948219,4,-0.003685152908406635
188934,-1.4545563827990902,4,-0.032100533436192694
283121,2.04317790256331,4,0.23416349885672505
187489,-0.8061000265240409,4,-0.5230481128211112
283766,-1.1205031083543702,4,-0.06892834552015298
283778,-0.511347137308108,4,0.12445051560043331
187839,0.706964804784415,4,0.39392688960999095
376001,0.530113071254856,4,-0.26484777373477963
375020,0.176409604195736,4,0.0763345538211845
375842,-0.530997329922503,4,-0.23130083516592176
2437251,-0.020092321948219,4,0.12575073284544827
375567,0.962417308771558,4,0.11495867548691288
283790,-0.020092321948219,4,0.03763031882076881
373912,0.15675941158134102,4,-0.009389055530633881
188324,2.16107905824968,4,0.3123106331520709
375404,1.35542116105947,4,-0.007605601286512338
283221,0.215709989424527,4,0.47150056245760286
188236,-0.432746366850526,4,0.2237960899877413
374475,-0.8847007969816241,4,0.160072806844421
188436,0.648014226941229,4,-0.029799294869940395
187938,-1.61175792371426,4,0.022667762537183046
188444,2.02352770994892,4,0.17470921927917932
373716,-0.570297715151295,4,0.2026653733373034
187987,0.15675941158134102,4,0.3619796354541961
187972,1.31612077583068,4,0.7387552105256977
2437308,1.1982196201443,4,0.012417682512866443
190059,-1.25805445665514,4,-0.28398194390562137
283597,0.962417308771558,4,0.03010591582851628
188114,1.43402193151705,4,0.36990959195848994
374608,0.648014226941229,4,0.050705750406211315
189971,2.20037944347848,4,0.20093636764859035
375664,-0.8257502191384358,4,0.023139479599308295
188053,-0.688198870837669,4,-0.397888953488466
188500,-2.10301273907415,4,-0.2324323221037401
374484,-0.393445981621735,4,0.12379546029407827
375342,0.176409604195736,4,-0.006951120400096426
187914,-0.020092321948219,4,-0.2642451146246999
190127,-0.511347137308108,4,-0.4355144319812283
283772,0.51046287864046,4,0.26002940885978615
283763,-1.94581119815898,4,-0.13391339773237526
375807,0.0585084485093628,4,0.007772249336401938
375813,-0.020092321948219,4,-0.22891917085627617
374663,0.8641663456995801,4,0.25943872278279206
188113,0.765915382627603,4,0.5186495994719933
283229,-0.41309617423613,4,0.23767632691099616
189223,0.313960952496504,4,-0.0035884196595151914
318174,1.33577096844507,4,0.5408319745748272
374763,-1.4152559975703,4,0.42729421202787327
375519,-0.432746366850526,4,-0.0721802696300633
375766,1.45367212413145,4,0.13544208114451728
187500,-0.275544825935362,4,-0.5038443508903104
336685,-0.23624444070657,4,0.4818505535739003
189887,1.2375200053731,4,0.56129135055539
374568,0.883816538313975,4,0.08302237244987863
373872,-0.314845211164152,4,-0.15615469866622306
190081,0.274660567267714,4,0.1159345811749133
374445,-2.41741582090448,4,-0.16531685749281633
187795,0.313960952496504,4,0.4282308116471126
373777,0.3336111451109,4,-0.7021168407305848
374377,0.765915382627603,4,0.5201957815457946
283054,1.92527674687694,4,0.09095053154583084
187585,-0.000442129333824614,4,-0.18290730424846213
188758,-0.216594248092174,4,0.1847952018289178
374213,0.038858255894967,4,0.0977489044036971
188540,-0.5899479077656911,4,-0.12494056332288571
188224,-0.8847007969816241,4,0.20984566307305513
188094,2.35758098439364,4,-0.029799605497099604
190055,1.68947443550419,4,-0.09681017971647585
374174,-0.020092321948219,4,-0.26028091230453854
189647,-0.9240011822104142,4,0.02525598043536399
190086,-1.10085291573997,4,0.029716226213515752
374401,1.33577096844507,4,0.5212256564420835
283311,-0.020092321948219,4,-0.017534647598139587
190806,-0.8257502191384358,4,0.7588815448007467
374500,0.726614997398811,4,0.27864728090518204
283989,-1.76895946462942,4,0.15555090015040757
190813,-1.23840426404074,4,-0.4385303324766128
187539,-0.8257502191384358,4,0.42674122993176844
187983,0.962417308771558,4,0.12320881754588113
187935,0.883816538313975,4,0.06976060538300609
308010,1.47332231674584,4,0.01061825404154708
188501,0.038858255894967,4,0.05818887141559338
374589,1.3947215462882598,4,0.16204932118469834
374479,-0.020092321948219,5,-0.32111713869632963
188984,0.4122119155684821,5,-0.5773768130977883
189881,-0.157643670248988,5,-0.31720497544467285
336783,-0.314845211164152,5,-0.01756047019134809
284248,-0.020092321948219,5,0.006584380644311315
375746,-0.295195018549758,5,-0.17702818831846048
187710,0.608713841712437,5,0.13657055338166788
187474,-0.020092321948219,5,-0.5188938369215507
376027,1.29647058321628,5,0.08690123763490247
374623,1.08031846445793,5,-0.19387589104866135
188355,0.706964804784415,5,0.017258595836177785
375778,-0.020092321948219,5,0.3811557564871718
373467,-0.0397425145626149,5,0.26392766890113883
188978,-2.8497200584211804,5,0.009857138812901418
283792,-0.6488984856088771,5,0.0754073990644577
189022,-0.7274992560664592,5,-0.09828455121727467
374768,0.7855655752419971,5,0.8386641956516263
283813,-0.020092321948219,5,-0.3066467178983695
188603,0.196059796810131,5,0.46059931513373553
189193,-0.020092321948219,5,-0.08754120879807223
375573,-0.94365137482481,5,-0.18818180809061277
188781,-0.491696944693713,5,0.500159447322923
375809,0.4908126860260639,5,0.3034256244889367
283969,0.3336111451109,5,0.17802847846611922
190364,-0.020092321948219,5,-0.32833899406767686
189776,-1.55280734587107,5,-0.07047891680550382
375254,0.471162493411669,5,0.2476386069926774
189001,-0.0397425145626149,5,0.11820451805767698
189786,-0.020092321948219,5,-0.2313308708811558
336485,1.90562655426254,5,1.0108647407673785
375875,-0.5899479077656911,5,-0.25386842882243726
187511,0.746265190013207,5,0.0400423447562752
283235,-0.982951760053602,5,-0.37386891738515693
187590,-1.19910387881195,5,-0.6360333271634981
188987,0.451512300797274,5,-0.4616517000711287
375454,-0.255894633320966,5,0.16443384348845513
188734,-0.5899479077656911,5,0.3058224045645221
284304,1.35542116105947,5,-0.20522602870534265
375775,0.431862108182878,5,-0.14526689686109623
189188,-0.020092321948219,5,0.23047549774394707
375596,-0.570297715151295,5,0.0856321608657253
373615,-1.39560580495591,5,-0.23152764350430197
190062,-0.609598100380085,5,0.5133097127774368
283759,-1.35630541972712,5,-0.2566547685188614
189755,-0.982951760053602,5,-0.4645625582472973
373485,1.1982196201443,5,0.3275252953938525
187712,-0.020092321948219,5,-0.073584714524091
375015,-1.4938567680278798,5,0.15490032228344275
187610,-1.4938567680278798,5,-0.2508310813245814
283312,-0.020092321948219,5,-0.14355049317278257
283760,0.431862108182878,5,0.29321664613953413
374610,-0.020092321948219,5,0.2742208933630298
319957,-0.020092321948219,5,-0.031084574424736413
190434,1.31612077583068,5,0.46068397694137675
190252,0.883816538313975,5,0.23585874870040985
187749,-0.865050604367228,5,0.019557118245405073
283215,-0.432746366850526,5,0.2501467679581488
284312,-0.020092321948219,5,-0.59489991942443
187877,1.31612077583068,5,0.2630604527993104
283252,-2.2995146652181,5,-0.15599714577907012
187458,0.196059796810131,5,-0.19842336637106484
308269,0.117459026352549,5,-0.16479515121923904
283325,-0.020092321948219,5,0.19200628033647804
190016,0.8248659604707891,5,0.6375036741044302
190274,-1.61175792371426,5,-0.30756436385791713
187604,1.80737559119057,5,0.02428659153469909
283676,-2.10301273907415,5,-1.2777819818705454
375799,-0.0986930924058023,5,-0.12076964215330004
187771,-0.393445981621735,5,0.3746638750150953
283825,-1.002601952668,5,-0.6220621547247928
187716,-0.020092321948219,5,0.029615990493716115
189153,-0.020092321948219,5,-0.003137747285445365
187986,0.471162493411669,5,0.13571876101371944
188259,-1.61175792371426,5,-0.9169072478842433
190794,0.255010374653318,5,0.13827287580008735
190787,1.0999686570723302,5,0.8206640158345783
374092,-1.04190233789679,5,0.11273679732752577
188708,-0.982951760053602,5,-0.14908364146002404
375383,-0.530997329922503,5,-0.17654098890877365
375458,-1.59210773109986,5,-1.0901129462697647
188201,-0.020092321948219,5,-0.2123977980323643
375934,-0.020092321948219,5,-0.18929301585731964
190791,-0.275544825935362,5,-0.17044758619095543
187549,-0.020092321948219,5,0.02473043366966856
374148,0.274660567267714,5,0.059974867930612824
188336,-0.020092321948219,5,-0.05539160013917632
187992,-1.25805445665514,5,0.11286841995408115
190757,0.706964804784415,5,0.32645848840135944
188174,-0.275544825935362,5,-0.0004416502792752852
374825,-3.22307371809469,5,-1.6781979357946635
189043,-0.707849063452063,5,0.20118202422374212
308008,1.00171769400035,5,0.3875609744729136
187703,0.805215767856393,5,0.09744661572014189
188911,-0.020092321948219,5,0.10527720584608587
188025,1.37507135367386,5,0.43632018342227247
190008,-0.275544825935362,5,-0.48924849087917227
373861,-0.570297715151295,5,-0.04734355653862639
189346,-0.020092321948219,5,-0.05129720908415611
373578,-0.3541455963929439,5,0.0005953348697160521
374191,-0.020092321948219,5,0.41493327694302595
375498,-0.904350989596018,5,0.04064843705186266
189808,-1.6314081163286498,5,-0.5344371164325685
317829,-0.216594248092174,5,0.2860834359730535
374001,-2.9676212141075498,5,0.03313695320282062
374037,-1.002601952668,5,0.22263840894568218
375372,1.35542116105947,5,0.7440560985568407
283427,-0.8257502191384358,5,0.16474081556663414
188365,-1.47420657541349,5,0.16666621326321154
189690,0.8641663456995801,5,-0.4888846262480328
375954,0.8248659604707891,5,0.020207823626087442
373900,-0.8257502191384358,5,0.047497611350930044
188027,-0.786449833909646,5,-0.025978582664753887
374961,0.667664419555625,5,0.39002201345231896
190790,-0.020092321948219,5,-0.12999395136722486
187685,1.33577096844507,5,0.36623830822544556
375901,1.72877482073298,5,0.1472395163923486
187707,-0.19694405547778,5,-0.06271748075322896
187457,-0.23624444070657,5,0.02597241398767237
188947,2.0824782877921,5,-0.0003874146695759459
284182,1.82702578380496,5,0.10958656745049372
375527,-1.27770464926953,5,0.13026749448003608
189623,0.6283640343268331,5,0.2874020247459597
375548,0.431862108182878,5,0.04687610968651372
190067,-0.295195018549758,5,0.3759573453260932
373651,0.274660567267714,5,-0.017610478972568816
374894,-0.020092321948219,5,0.3630825931987937
374622,1.35542116105947,5,-0.6534111850760457
374505,0.6283640343268331,5,0.2215654369120312
189274,-0.020092321948219,5,-0.4074995711192974
375205,0.589063649098042,5,0.2164026461190597
283726,-0.157643670248988,5,0.2793474765835906
284202,0.549763263869251,5,-0.20710574444194893
283812,-0.020092321948219,5,-0.2041298935156252
284080,-0.688198870837669,5,0.3423684484753922
375691,-0.3541455963929439,5,0.1367848851981817
374745,0.0781586411237587,5,0.5406309990840901
189292,0.7855655752419971,5,0.5667933552684908
188079,0.451512300797274,5,0.1386167781672251
283182,-0.0790428997914065,5,-0.21649967734178893
188018,1.1982196201443,5,0.29501628557683346
188493,0.117459026352549,5,-0.7826534729420473
187921,1.06066827184354,5,0.1443650235251465
283205,2.6719840662239704,5,0.4127534828724259
190184,-0.295195018549758,5,0.46804777169721923
375949,-0.8847007969816241,5,-0.14919570754769637
187807,1.08031846445793,5,0.6963000324224418
375784,-0.530997329922503,5,-0.04897238461407638
189319,1.37507135367386,5,0.47418640117605076
283707,0.0192080632805712,5,0.09117680439201158
187812,-0.020092321948219,5,0.00047169347163627043
374416,0.549763263869251,5,0.017563528688539738
375310,0.7855655752419971,5,0.08068740044448315
283553,-0.020092321948219,5,0.2853455263260429
189744,-1.27770464926953,5,0.3149838743225787
187741,0.942767116157162,5,-0.023947717822584803
375539,0.215709989424527,5,-0.2160312605536642
190082,-1.37595561234151,5,0.2238592475894395
308211,-0.13799347763459302,5,0.7128900022101078
187755,0.8445161530851841,5,0.10868752686652262
189201,-0.020092321948219,5,0.038696446391195516
373626,-0.020092321948219,5,0.8382739839990825
283143,1.1392690423011202,5,0.35343887813253516
284168,0.6283640343268331,5,-0.03981023691635514
189038,-0.020092321948219,5,0.0017931604912123748
189749,0.530113071254856,5,-0.061172027504962354
283664,0.4908126860260639,5,0.07850620688655473
187893,0.648014226941229,5,0.06151522514975098
190040,0.6283640343268331,5,0.24081421283268856
2437286,-0.020092321948219,5,-0.22059876956565116
375847,-0.472046752079317,5,-0.6768493543632182
189068,-0.707849063452063,5,0.08285860941143132
374693,-0.570297715151295,5,-0.006885025202129174
189005,0.137109218966945,5,-0.6332612575881515
284357,0.215709989424527,5,-0.06547275182115024
373682,-1.4349061901847,5,0.017641292678010928
283359,-1.25805445665514,5,-0.05279555936685677
375355,-0.020092321948219,5,-0.1401898827186688
188989,-0.6292482929944809,5,-0.7579454864408995
374591,-1.76895946462942,5,0.29534860620517756
187756,-0.314845211164152,5,0.10842413591302488
373745,0.29431075988210803,5,-0.17712712035351894
187999,-0.020092321948219,5,0.14183548969435533
189669,-0.275544825935362,5,-0.37450084615253604
375315,-1.27770464926953,5,0.24909468165928517
189014,0.667664419555625,5,-0.03237204235588832
375871,-0.020092321948219,5,-0.18868611711477368
375582,-0.0397425145626149,5,0.2927250316632473
374937,-0.6488984856088771,5,-0.002471846889500102
189242,-1.8672104277014,5,0.4511972479818887
283742,-0.020092321948219,5,-0.22694776368507114
188122,-0.9240011822104142,5,-0.534468714999597
190149,1.3947215462882598,5,-0.06662136157486104
189630,0.15675941158134102,5,-0.49606861486396464
189012,0.451512300797274,5,-0.08556927237324315
375816,-1.33665522711272,5,0.2891349742393729
375037,-0.295195018549758,5,-0.25166472825635766
375634,-1.1598034935831598,5,-0.2021072010872307
190114,-1.29735484188393,5,-0.3973864049775942
190022,-0.020092321948219,5,-0.4968159625961694
187901,0.15675941158134102,5,-0.1834123049549771
187536,0.353261337725296,6,0.178777424665897
283106,0.471162493411669,6,0.9778742608860784
189433,2.20037944347848,6,0.00491019607871615
187780,0.549763263869251,6,0.028606349430156983
189018,-0.3541455963929439,6,-0.21770039546009776
188377,-2.08336254645975,6,-0.07008070457995005
190115,1.15891923491551,6,-0.08764524967751727
189834,-1.27770464926953,6,0.5891089512138858
188408,2.37723117700804,6,0.3382031090064185
374190,-0.020092321948219,6,0.6191072740523459
188330,-0.41309617423613,6,0.56952772318511
374397,0.608713841712437,6,0.5699745420050735
319956,0.255010374653318,6,-0.0027603354360659395
187735,-0.76679964129525,6,-0.31787776341465823
337841,0.6283640343268331,6,0.2873438384335308
2437395,0.215709989424527,6,-0.09967782999024835
188019,-0.511347137308108,6,0.051175048216568965
374680,-0.020092321948219,6,-0.15147040129993608
188861,2.0628280951777103,6,-0.052730237132139514
374158,-1.21875407142635,6,-0.6004389417091252
188402,-0.000442129333824614,6,0.3777818642896085
188341,-0.020092321948219,6,-0.08816206409120894
187879,0.235360182038922,6,-0.22990138345397532
190796,1.27682039060189,6,0.07958463491288559
284335,-0.5899479077656911,6,-0.6174875996563363
373733,-0.020092321948219,6,0.023225606128952213
283751,-2.18161350953173,6,0.30914580777968637
187981,0.0978088337381531,6,0.06445447715468897
189021,-0.530997329922503,6,-0.346486832381784
374339,-0.020092321948219,6,-0.26312297366337756
188096,0.038858255894967,6,-0.45991195359472586
374371,-1.7886096572438202,6,-0.6434894977986612
283978,0.3336111451109,6,0.4485411736179223
188012,-0.118343285020197,6,-0.3532716139556801
188189,-0.020092321948219,6,-0.023680979331722623
375452,-3.5964273777682103,6,-0.7923873388548855
187764,0.313960952496504,6,-0.3072224551908887
189293,-1.53315715325668,6,-0.45480870391788386
374513,0.0585084485093628,6,0.5431102111717229
189340,-0.020092321948219,6,-0.022905732593032017
283120,-0.570297715151295,6,0.03463239388779154
187842,0.942767116157162,6,0.3063897913625697
187588,-1.1205031083543702,6,-0.1040061628546872
187919,-1.002601952668,6,-0.41523221058549364
374365,-0.19694405547778,6,0.4490912415576823
374616,-0.020092321948219,6,-0.06549575325669953
188980,0.392561722954086,6,-0.3305657021022092
283416,-0.982951760053602,6,0.31097922355057867
375446,-0.13799347763459302,6,-0.26623473581927004
283313,-1.35630541972712,6,0.18514459952736742
189803,0.6283640343268331,6,0.33044545366067785
188104,0.982067501385952,6,-0.2500140467926402
375679,1.37507135367386,6,0.06069234933827052
187858,-0.491696944693713,6,0.3958422987544109
283179,1.53227289458903,6,0.1876443214307976
189970,-0.314845211164152,6,0.246986626911984
375796,-0.020092321948219,6,-0.11282451086746018
319285,-0.491696944693713,6,-0.22432728596477214
375839,-0.020092321948219,6,-0.4331307080073528
188410,-2.94797102149316,6,-0.20978646346897312
190126,-1.06155253051118,6,-0.5785201567537921
188287,0.530113071254856,6,-0.12359615866888929
375739,-0.216594248092174,6,-0.1044101222284374
374696,0.8641663456995801,6,-0.041041285284089714
189015,-0.020092321948219,6,-0.1264233314018846
374067,0.608713841712437,6,0.07677439060060892
189020,-0.5899479077656911,6,-0.0386076740458743
187491,-1.29735484188393,6,-0.6545917957229601
188270,0.235360182038922,6,0.2803725439532715
374604,0.4908126860260639,6,0.24601604117982537
189079,0.274660567267714,6,-0.5122327993514639
190189,-0.0397425145626149,6,-0.5583700338160726
373522,0.667664419555625,6,-0.2149235972335253
374013,-0.982951760053602,6,-0.27752569115397585
190814,2.49513233269441,6,0.49755167053536903
374918,-0.020092321948219,6,-0.4558478780474541
190784,-0.904350989596018,6,0.5096140341687202
283279,-1.33665522711272,6,0.2094532521573268
283445,-1.39560580495591,6,0.10264827279119726
187664,1.1982196201443,6,-0.07796920966219151
189864,1.06066827184354,6,0.4432811615137902
188369,1.08031846445793,6,0.10487144513279606
283768,-0.020092321948219,6,0.20411252385791342
187881,1.5126227019746297,6,0.15892615840602517
187481,-0.8061000265240409,6,-1.2184609110719304
374429,-0.020092321948219,6,-0.4186714560373494
187982,1.45367212413145,6,0.3952173744161871
283633,-2.27986447260371,6,-1.7821294698549641
187739,0.15675941158134102,6,0.16306388763033905
187637,-1.39560580495591,6,-0.0983158165536007
189928,1.4929725093602402,6,0.5285764075474996
187611,-0.0986930924058023,6,-0.2170694339338728
374718,-0.020092321948219,6,-0.873268030201001
188994,-0.118343285020197,6,-0.5861655387036476
374473,-0.0397425145626149,6,0.44469770547914383
189957,-0.020092321948219,6,0.8528509354300353
187676,-0.19694405547778,6,-0.1205508125691234
189869,1.5519230872034198,6,-0.14500078327492114
374715,-0.020092321948219,6,-0.3819855909652009
375505,0.569413456483647,6,0.1673265693553247
187733,-0.41309617423613,6,0.2354988005017778
187874,0.137109218966945,6,-0.12787986499450726
189683,-0.0397425145626149,6,-0.5292469554486704
375689,-0.530997329922503,6,-0.3526115325931552
375744,1.04101807922914,6,-0.1821863019548191
376018,-0.020092321948219,6,-0.3705135819840293
188373,-0.020092321948219,6,0.22071491610228244
187606,-1.37595561234151,6,-0.036663913958043304
187875,0.313960952496504,6,-0.11841004191675458
336688,1.06066827184354,6,-0.019671792878347145
284265,0.589063649098042,6,0.27495690658171973
375341,0.0585084485093628,6,0.20029851719462274
188043,0.15675941158134102,6,0.12641180773120853
189241,-1.06155253051118,6,-0.4584920140297489
187844,-0.9240011822104142,6,0.18321555385152288
190141,-0.020092321948219,6,0.3404627524238088
375626,-0.255894633320966,6,0.529645080801177
373904,3.37939100034221,6,0.44668071759629563
188095,-0.688198870837669,6,0.22586966707094747
189028,1.08031846445793,6,0.0014874192939036829
187880,-2.59426755443404,6,0.1303744511383769
188976,1.5519230872034198,6,-0.27224306025156547
189625,-0.0593927071770107,6,0.1894022271211285
375846,0.137109218966945,6,-0.1269084013815541
189947,-0.020092321948219,6,0.22123748139003344
188225,0.215709989424527,6,0.2008349599773932
375417,1.25717019798749,6,-0.05634806901301021
375941,0.431862108182878,6,-0.4901263866069946
374611,1.29647058321628,6,0.18832185142678431
284373,-0.020092321948219,6,-0.7294390793405505
283753,0.15675941158134102,6,0.2703802785195506
373627,1.02136788661474,6,-0.14212341455113084
374683,-0.020092321948219,6,-0.2515519096593026
188214,-0.472046752079317,6,-0.15451067307720467
190029,-0.17729386286338394,6,-0.4023636179673456
189048,-0.904350989596018,6,-0.49574756811078496
190100,0.8248659604707891,6,0.4424699594973207
189002,-0.255894633320966,6,-0.40601083316935976
283431,-0.255894633320966,6,0.10587980565456628
375681,0.0781586411237587,6,-0.4231882991775504
374739,0.353261337725296,6,-0.17444699582186088
187930,0.530113071254856,6,0.2293618765030048
190103,1.53227289458903,6,0.7536035053068404
187832,1.68947443550419,6,-0.18702773385767393
375748,0.451512300797274,6,-0.23578521950542738
189032,1.53227289458903,6,-0.24926208323879612
283914,-0.020092321948219,6,0.28488444898386145
189706,0.8445161530851841,6,0.2514836028418902
187918,1.2375200053731,6,-0.10708489625958956
283782,1.17856942752991,6,0.19333453105921633
284369,-0.275544825935362,6,-0.1552990780554089
187810,0.4122119155684821,6,0.2381033659431064
187456,0.8248659604707891,6,0.5149937461830186
375991,1.2178698127587,6,-0.08222410974920699
375890,0.530113071254856,6,0.08612545315699804
284251,0.569413456483647,6,0.23821537541824803
375765,1.15891923491551,6,0.12543576309544593
190795,-0.8061000265240409,6,-0.11073017721703257
188944,-0.020092321948219,6,0.2686445912198897
187599,-1.7886096572438202,6,0.11249591768611328
375749,-0.020092321948219,6,-0.01433527805334446
375013,-0.8847007969816241,6,-0.06100130635292555
283784,1.11961884968672,6,0.45519814966887645
283805,0.608713841712437,6,0.33802517178844366
308011,-0.8847007969816241,6,0.0476896393736335
283859,-0.865050604367228,6,0.017280545787577425
189302,-1.29735484188393,6,0.3107059572298328
189277,-0.020092321948219,6,-0.30510118008150566
375975,0.549763263869251,6,0.19508965660965055
188958,0.923116923542766,6,-0.40411087657988554
283616,-0.7471494486808551,6,-0.0006246944342085982
188154,0.608713841712437,6,-0.22016998500549864
375513,0.942767116157162,6,0.24355179300581806
188384,-0.3541455963929439,6,0.20442973962269878
374442,-0.020092321948219,6,-0.22442743515174704
374621,-0.020092321948219,6,-0.12258453567990155
374688,-0.786449833909646,6,-0.3045327877922322
187887,0.313960952496504,6,0.19013663976433828
187928,0.8445161530851841,6,0.2847164214314018
375693,-0.707849063452063,6,-0.3893808992212583
374935,-0.000442129333824614,6,0.11966453813905667
375509,-0.37379578900734,6,-0.1738374916102888
284372,-0.020092321948219,6,-0.1621828263859314
375694,0.313960952496504,6,-0.22769454076396584
375859,0.313960952496504,6,-0.2821839463425535
188054,1.1392690423011202,6,0.08263800877809219
190096,0.471162493411669,6,0.1068683610878721
188335,-1.08120272312558,6,-0.9964554474405173
283160,-0.491696944693713,6,-0.019043793796635716
188443,-0.550647522536899,6,-0.06684699004723166
375288,1.06066827184354,6,0.372124071388982
190144,2.88813618498232,6,0.07969836363325408
283731,-0.7274992560664592,6,0.101922009414157
187546,-0.982951760053602,6,0.11317013660072697
189045,-0.0593927071770107,6,0.5644579974277368
188475,0.90346673092837,6,0.16045717733249018
187700,2.7505848366815497,6,0.2127659081809293
188185,0.648014226941229,6,0.13113829651101852
187742,-0.4523965594649211,6,0.045361686988580334
189016,-1.21875407142635,6,-0.583844692812541
189231,-0.255894633320966,7,-0.4834181719553504
188991,-2.24056408737492,7,-0.49262542627058725
188248,-1.02225214528239,7,-0.2874164991270384
188036,0.431862108182878,7,0.3398098372408674
189031,-0.314845211164152,7,0.09800912526353142
374359,-0.000442129333824614,7,0.2762875198790681
190056,-0.314845211164152,7,-0.29721681958706825
283456,-0.020092321948219,7,-0.08523026026528333
375883,-0.020092321948219,7,0.2202162692064531
188532,0.569413456483647,7,-0.4589671487238038
189991,1.6108736650466102,7,0.6386566118464576
187883,0.137109218966945,7,-0.13567530225338723
283604,-0.393445981621735,7,0.37514476907788663
283127,0.883816538313975,7,-0.7861926763691791
188331,-1.9851115833877704,7,-1.3055878387538198
187628,-1.002601952668,7,-0.08461767118084204
187907,-0.8061000265240409,7,-0.014713984730719713
373635,0.6283640343268331,7,0.6510615821353586
375432,1.27682039060189,7,-0.07724732439565929
189168,-0.020092321948219,7,-0.14946314190078594
190069,0.038858255894967,7,0.030296454566362145
188067,1.15891923491551,7,-0.03736808233924179
188033,-0.786449833909646,7,0.5228569136011165
283846,0.137109218966945,7,0.08473440834580562
375017,2.04317790256331,7,-0.8286892421025519
189844,-0.020092321948219,7,0.06723625797061386
188482,-0.963301567439206,7,-0.32304500335814423
189792,0.0781586411237587,7,-0.42522663299184077
283447,-0.13799347763459302,7,-0.14176723851320272
374945,0.29431075988210803,7,0.4581322124460133
375578,0.0585084485093628,7,0.08555983555931437
283089,-0.0593927071770107,7,-0.4965342038038539
187567,0.196059796810131,7,-0.13260550162530105
375698,0.4122119155684821,7,-0.06002225804192521
188037,0.8445161530851841,7,0.11259084804973052
374362,-0.255894633320966,7,-0.4893551921396959
187993,1.02136788661474,7,-0.022549532363020704
188329,0.117459026352549,7,0.41422768899822715
189139,-0.275544825935362,7,-0.07179210481542578
190709,-0.393445981621735,7,0.5440830507128255
189291,0.765915382627603,7,-0.16911283851178663
376034,0.90346673092837,7,0.10220637488834852
283157,-0.020092321948219,7,-0.13088800536536108
187594,0.8641663456995801,7,-0.022656642160350106
188981,-3.08552236979392,7,-0.8237125285160248
189895,1.00171769400035,7,0.4389488265492766
187906,-1.23840426404074,7,-0.5288821212353002
187579,-0.020092321948219,7,-0.2442525492405644
375494,1.47332231674584,7,0.06790414158747055
190138,-0.020092321948219,7,0.1456281230113356
376013,-0.570297715151295,7,0.07459821191184252
376015,0.589063649098042,7,0.044490792470961354
374471,-0.13799347763459302,7,-0.30045541720906543
374635,0.0978088337381531,7,0.20990812332245634
187514,-0.020092321948219,7,-0.08397462487277002
187497,-0.275544825935362,7,0.06499574392942395
374703,-0.020092321948219,7,-0.03539809143571684
284371,-0.020092321948219,7,-0.48966565742584844
188099,-0.511347137308108,7,0.14854397982610856
189974,-1.02225214528239,7,0.0973663258233742
374202,-0.37379578900734,7,-0.2364320871701561
189003,0.372911530339692,7,-0.3859141606346907
319283,1.6108736650466102,7,-0.17247135989702145
336686,0.372911530339692,7,-0.20537601901414027
189885,-0.94365137482481,7,-0.4275956722610339
375394,-1.6314081163286498,7,-0.28172215503776304
283171,-0.33449540377854803,7,-0.29607615662946885
375916,-0.020092321948219,7,-0.33775581280391037
283116,-0.23624444070657,7,0.25013168990942297
188093,-0.000442129333824614,7,-0.227045622752261
188990,-1.5724575384854702,7,-0.4979168137131761
284189,0.8445161530851841,7,-0.10568665399032232
187591,0.883816538313975,7,-0.2961504315111615
375475,0.0192080632805712,7,0.1635165702112191
284176,0.962417308771558,7,-0.026327121887758917
187957,0.392561722954086,7,-0.08680548090310158
189243,0.765915382627603,7,0.08783478573903908
374603,1.6698242428898,7,0.3263255668330364
375465,-1.90651081293019,7,0.122501022543125
283671,-0.6488984856088771,7,-0.662317660856197
373649,-1.61175792371426,7,0.27684991491756417
374515,0.0978088337381531,7,-0.007204335232730633
318176,-0.550647522536899,7,1.0744628856669094
2437214,-0.020092321948219,7,-0.42106776453330735
319280,1.06066827184354,7,0.01976045709021291
187515,2.73093464406716,7,0.7811141517050867
373575,-0.020092321948219,7,0.16783892110598667
2436902,1.11961884968672,7,0.6775157048398813
188822,-1.74930927201503,7,-0.4952632799999051
187889,0.235360182038922,7,-0.20560270878709722
188412,0.530113071254856,7,0.05130107022349758
189137,0.883816538313975,7,0.17415078266972703
284203,-2.59426755443404,7,-0.4053945525281415
284059,0.51046287864046,7,-0.06253426349713229
2437412,1.5519230872034198,7,-0.1434714871987721
2436999,0.0978088337381531,7,-0.3056567642958574
188327,0.726614997398811,7,0.4233011226405252
283830,-0.020092321948219,7,-0.6925316507387749
375714,-0.530997329922503,7,0.055918368301770265
2436958,1.02136788661474,7,0.13543206051893972
374419,-0.3541455963929439,7,-0.35014153616275406
187781,-0.37379578900734,7,-0.15297509062746986
187705,-0.609598100380085,7,0.009295397438720241
283623,0.667664419555625,7,-0.0954188519401463
376047,0.196059796810131,7,0.318387132390472
188056,-0.570297715151295,7,-0.5433488345949302
190187,-0.020092321948219,7,-0.39930430268047507
374178,-0.7471494486808551,7,-0.7033348267123843
374974,-0.020092321948219,7,-0.03833269287962754
188840,-0.19694405547778,7,-0.00010670653883307346
188521,-3.164123140251509,7,-0.14263849886749902
374378,0.196059796810131,7,-0.2819283540923134
189977,0.6283640343268331,7,-0.47580311437019274
187903,-0.020092321948219,7,-0.4055377109020688
187817,1.04101807922914,7,0.23659284069945277
374546,-0.020092321948219,7,-0.022253980962216625
375950,-0.491696944693713,7,-0.42249524041327136
190092,0.883816538313975,7,0.7882075202357364
187758,0.372911530339692,7,-0.03554662721698688
187860,0.51046287864046,7,-0.009190386701077281
375977,-0.491696944693713,7,0.03245317459867674
283789,1.27682039060189,7,0.3310354127670699
336477,1.35542116105947,7,1.23467264679226
283752,-0.020092321948219,7,0.07759685659255106
376022,-0.020092321948219,7,-0.3109619284424131
190186,-0.530997329922503,7,-0.6992460734008488
188255,0.117459026352549,7,-0.04915231237019869
283231,-0.020092321948219,7,0.2755771201899198
2437267,-0.020092321948219,7,-0.32057834174048017
374807,0.353261337725296,7,-0.2807259484444104
319954,-2.06371235384536,7,0.18276508805048786
188979,2.00387751733452,7,-0.8427805104202947
336481,2.20037944347848,7,0.43655767654204813
190708,0.90346673092837,7,0.22908383563540247
373863,1.76807520596177,7,-0.12419440231001241
187461,-0.609598100380085,7,0.367333012364617
188244,-0.020092321948219,7,0.41641714332629537
375625,-1.21875407142635,7,-0.28325654731427397
284370,-0.275544825935362,7,0.06043738902459637
374548,-0.8257502191384358,7,-0.5879554441104183
374598,0.883816538313975,7,0.2652394956666728
375735,0.549763263869251,7,-0.03081088549609732
188427,0.942767116157162,7,0.2259451555813866
283775,0.923116923542766,7,-0.1488587804817044
373903,-1.21875407142635,7,0.344741234943925
187892,-1.02225214528239,7,-0.3980550979209198
188291,-0.020092321948219,7,0.022900283226742223
188768,1.06066827184354,7,0.3288504836342153
283165,-0.020092321948219,7,0.864672813751323
188774,1.29647058321628,7,0.0028519813041051993
375627,0.530113071254856,7,-0.11898178011194652
374689,0.706964804784415,7,-0.4246757877729182
189240,-0.157643670248988,7,-0.3759645902462354
189278,1.04101807922914,7,0.23293551248516056
374995,-1.14015330096877,7,-0.5190138252924739
318549,2.22002963609287,7,1.2460998264546481
374516,-0.0986930924058023,7,-0.09058857999947695
283833,0.353261337725296,7,0.13132258129081592
188715,-1.4938567680278798,7,-0.5063544056473451
375719,0.313960952496504,7,0.14393651384604583
338067,1.04101807922914,7,-0.1954394368089643
190124,-1.39560580495591,7,0.3320840704822285
187605,1.2375200053731,7,0.1295482059826335
375706,-0.393445981621735,7,-0.10479934863172638
189093,-1.27770464926953,7,-0.1587664886351765
189833,-2.2995146652181,7,-0.5784792143437728
188378,-0.41309617423613,7,-0.882352037005484
189308,1.96457713210573,7,0.3299225062859606
373482,1.8859763616481493,7,-0.11944162275115786
188441,-0.41309617423613,7,-0.1781760333961022
189094,0.608713841712437,7,-0.11888491671832518
374367,0.274660567267714,7,0.1869996485220486
376032,0.726614997398811,7,0.10137333520275654
284224,0.0781586411237587,7,-0.26328225147548356
187609,1.86632616903375,7,-0.13647923110674284
188269,-2.20126370214612,7,-0.796131502271611
188312,1.08031846445793,7,0.3359210544622971
189157,0.746265190013207,7,0.2110043889677832
188529,-0.0593927071770107,7,0.13204748475803238
189734,-0.020092321948219,7,-0.29422818611182183
188302,-0.020092321948219,7,-0.0900577586510311
284245,-0.020092321948219,7,-0.07766756650289672
283718,0.648014226941229,7,0.27195747365057105
318173,0.0781586411237587,7,0.4413886998489033
187974,0.589063649098042,7,0.37668289747035644
375727,-0.020092321948219,7,-0.23344801606912685
188765,-1.94581119815898,7,0.00671317652833673
188249,0.4122119155684821,7,-0.35313112061503293
317951,1.29647058321628,7,0.44309569050868053
189267,-0.020092321948219,7,-0.4182881393930011
373799,-2.41741582090448,7,-0.9156016160061277
374064,0.392561722954086,7,0.22341496981621628
190068,1.2178698127587,7,0.02761960806175459
188370,0.667664419555625,7,-0.23133346967654134
189253,1.72877482073298,7,0.29453371582221705
189632,-0.020092321948219,7,0.24063102735511038
190007,-0.13799347763459302,7,0.5135940408967051
375972,-0.0593927071770107,7,-0.697288497824904
190089,0.0978088337381531,7,-0.2518125907754742
373621,-1.1794536861975602,7,-0.23941466300926337
187653,-0.020092321948219,8,-0.17871949228380687
283950,3.3597408077278104,8,-0.04488995322173453
375641,-0.7274992560664592,8,-0.8445544447666591
188338,0.883816538313975,8,-0.6005077702810604
374913,-0.020092321948219,8,-0.41354368012585213
284328,-0.020092321948219,8,-0.5810493358484179
189819,-0.688198870837669,8,-0.22255475353446094
376050,0.235360182038922,8,0.04117962493272663
374595,0.726614997398811,8,0.46631497252769705
373760,1.43402193151705,8,0.8598764183560488
188256,0.648014226941229,8,-0.21857182052908414
374413,-1.65105830894305,8,-0.19747776759015365
375931,0.6283640343268331,8,0.3672028561504167
189883,-1.08120272312558,8,-0.8162676605145839
188314,-1.51350696064228,8,-0.7537856224650699
187856,-0.020092321948219,8,0.25303143578199216
374712,0.883816538313975,8,0.09302337825574443
375702,-1.9851115833877704,8,-0.35618180429221785
374691,-0.000442129333824614,8,0.371188728371482
284281,-1.27770464926953,8,-0.3117973544405848
284272,-1.33665522711272,8,-0.31373461268803227
374541,-0.020092321948219,8,-0.09310173963287592
374934,-0.020092321948219,8,0.08728568638423216
374109,1.33577096844507,8,-0.11529720392599557
375662,1.11961884968672,8,0.09796576851037316
375665,-0.5899479077656911,8,-0.08712453888073295
187968,0.569413456483647,8,0.348535196822028
375392,-0.7274992560664592,8,0.27039546697229233
374388,1.1982196201443,8,0.5142945324873761
188897,-0.020092321948219,8,-0.018885773967462344
188001,0.0585084485093628,8,0.01720919209479157
189025,-0.472046752079317,8,-0.2507351534792694
188215,0.4122119155684821,8,-0.29466162573180704
187793,-1.25805445665514,8,-0.04261162287341936
375971,0.648014226941229,8,0.34845392784278195
283641,-0.4523965594649211,8,0.18267516089690952
188820,1.00171769400035,8,0.25943288568887585
189210,-0.020092321948219,8,0.1979027541480615
374483,-0.020092321948219,8,-0.3809731234657279
189004,-0.6292482929944809,8,-0.4799742220593524
187528,-1.84756023508701,8,-0.2062345968625913
374112,-0.020092321948219,8,0.39729804930192425
189854,0.687314612170019,8,0.7076948379091803
284165,1.04101807922914,8,-0.33679812126897085
374476,-0.020092321948219,8,-0.4873617806427229
189805,1.37507135367386,8,-0.030596953371572262
189686,0.392561722954086,8,-0.8555873780109284
187472,-1.61175792371426,8,-0.15480068991262516
187753,-0.393445981621735,8,-0.05502005162682021
375621,-0.786449833909646,8,-0.29875858203819944
190280,-0.41309617423613,8,-0.4132173588720976
188507,0.15675941158134102,8,0.417561244199319
188103,0.471162493411669,8,-0.05168925096584359
375690,0.549763263869251,8,-0.181840904221271
187960,0.765915382627603,8,0.278741851202138
284354,0.8641663456995801,8,-0.12343157103811957
190277,0.962417308771558,8,0.6719658687454872
374630,-0.8454004117528321,8,-0.25273233486808866
284303,-0.020092321948219,8,0.22282973436996797
283791,-0.020092321948219,8,0.18289394564887668
375552,-0.020092321948219,8,-0.19117360272584616
190005,0.431862108182878,8,-0.3693854518090932
187976,-0.8454004117528321,8,0.036093199933138836
187804,-1.4152559975703,8,-0.14375551889482308
318179,0.982067501385952,8,1.0634925740305237
187612,-1.1205031083543702,8,0.06279944395943503
284145,-0.511347137308108,8,0.12202132877261669
373468,0.726614997398811,8,-0.12606278618133618
190088,-0.275544825935362,8,0.6237587112743262
375433,-1.8868606203158,8,-0.5099886242920545
283599,-0.020092321948219,8,0.00011758364104681599
283740,-0.7274992560664592,8,0.25058184319310617
189696,0.90346673092837,8,0.6543160925014593
374600,-1.76895946462942,8,-0.31311647991285185
283754,-0.020092321948219,8,0.14278931592309987
156377,1.35542116105947,8,0.30487912023249175
187479,-0.157643670248988,8,-1.0826270493391008
375772,0.746265190013207,8,0.3942295095363589
189708,-0.020092321948219,8,-0.6018521836939767
336479,2.0824782877921,8,-0.09993813168864948
373948,1.2178698127587,8,0.4710566911300653
188142,0.942767116157162,8,-0.37180595140837125
376004,-0.33449540377854803,8,0.07535630128662095
187895,-0.707849063452063,8,0.0010724415932606654
283970,-0.020092321948219,8,0.02284384625174364
188667,-0.020092321948219,8,0.09209201137271457
284305,-0.020092321948219,8,-0.1349411070377357
374749,1.11961884968672,8,0.4872041191639345
188896,-1.74930927201503,8,-0.12212682162640091
188972,1.25717019798749,8,-0.09317185027656576
375393,-1.3170050344983202,8,0.12349542375449926
189857,-1.23840426404074,8,-0.464957908848136
189194,-0.020092321948219,8,0.16144116238838288
374702,1.43402193151705,8,0.3940129662164643
283104,2.16107905824968,8,-0.4224605109899419
187692,1.6698242428898,8,0.625606545818492
189134,-0.020092321948219,8,0.032382353513264746
190072,0.274660567267714,8,0.49557071077852777
375395,0.117459026352549,8,0.17585384986821959
188282,-2.14231312430294,8,-0.5567198701440171
188083,-0.9240011822104142,8,-0.5694542484229886
188396,-0.020092321948219,8,-0.1061036243351512
374706,-0.8257502191384358,8,-0.2813368845511608
189753,1.43402193151705,8,0.6070845725363624
283839,1.68947443550419,8,0.24402539776981053
375791,0.0585084485093628,8,0.3884136915310258
188786,-0.020092321948219,8,0.19346753821117302
373743,-0.314845211164152,8,-0.3034566074485587
375444,-1.80825984985821,8,0.004467870561130091
188927,-2.2209138947605203,8,-0.10219253278455963
188419,1.70912462811859,8,0.1689819945270953
187495,-0.37379578900734,8,-1.0430334395547936
188445,-2.12266293168854,8,-0.183909257677683
188218,0.667664419555625,8,0.30417716911521
187949,-0.020092321948219,8,0.1704106797305263
190037,-0.865050604367228,8,-0.060500215219360325
375557,-0.432746366850526,8,-0.0886804805445988
188698,-0.020092321948219,8,0.1191918897210681
373481,-3.5964273777682103,8,-1.0090553425480462
308253,0.196059796810131,8,-0.22213511487190468
189232,0.137109218966945,8,0.6544117041027172
190045,0.569413456483647,8,0.5561739123221312
189000,0.706964804784415,8,0.3513564555521955
188999,0.15675941158134102,8,0.5274841722215051
190703,0.471162493411669,8,0.0073460071971730555
188497,0.431862108182878,8,-0.25840651591438923
375707,0.313960952496504,8,0.2539301531398727
189801,-1.10085291573997,8,-0.4434880368787302
190797,0.451512300797274,8,0.1614776693446517
375752,1.6108736650466102,8,0.12593447376039174
188492,-0.0986930924058023,8,-0.6910846277747881
188121,-1.33665522711272,8,-0.019647448687448794
189390,-2.8890204436499705,8,0.3438626675316012
374532,-1.29735484188393,8,-0.20315616501923373
190198,-0.7471494486808551,8,-0.4331837252669363
189294,-0.393445981621735,8,0.03986401321738806
283178,-2.14231312430294,8,0.11233916305195558
2437377,-1.14015330096877,8,-0.6114057863865792
189624,0.549763263869251,8,0.3459930420543052
188957,1.4929725093602402,8,0.36571023623819476
188110,-0.13799347763459302,8,0.24889086328902707
188895,-0.0986930924058023,8,0.16598462610944226
374652,-0.020092321948219,8,-0.07934371620220364
374992,1.2178698127587,8,-0.5679183019090744
188325,-1.4545563827990902,8,-0.24468644374746829
376012,0.0781586411237587,8,0.2814284156415884
375502,-0.41309617423613,8,-0.07285613891920172
187886,-0.432746366850526,8,0.12250224183682157
190163,-1.1205031083543702,8,0.5766690532922847
284277,-0.020092321948219,8,-0.4763941602111606
375608,1.33577096844507,8,-0.30812613176092724
187941,1.70912462811859,8,0.4346704386227475
187563,0.255010374653318,8,0.07464046236600516
283802,-1.29735484188393,8,0.020622312856110284
189029,-0.41309617423613,8,-0.2168589317392979
283449,1.27682039060189,8,-0.2315933322138041
188785,-0.511347137308108,8,-0.17799824378836804
187510,-0.020092321948219,8,-0.06679189518328418
375857,-0.157643670248988,8,-0.3369956076459468
189956,-0.688198870837669,8,-0.23844648128928628
374467,0.255010374653318,8,-0.11860648315856173
187589,0.90346673092837,8,-0.11036626470279826
187505,-0.020092321948219,8,0.012546929284182209
188992,1.68947443550419,8,-0.3036349006953043
189756,0.392561722954086,8,-0.3380281819385814
187980,0.353261337725296,8,0.19594760390340354
375579,-0.020092321948219,8,-0.27031619767280185
283139,-0.295195018549758,8,0.4395920029512156
283202,-0.020092321948219,8,0.40886419467620405
189715,-2.02441196861656,8,0.015284506296624147
374643,-0.530997329922503,8,-0.36859181109708966
283615,-0.0986930924058023,8,0.010290290980242008
188197,-1.002601952668,8,-0.028841073781978137
375773,-1.27770464926953,8,0.4714632439964762
190816,-0.118343285020197,8,0.09778424896591469
374110,0.274660567267714,8,-0.20474185168525358
374599,-0.8847007969816241,8,-0.35492695541362407
375461,-0.020092321948219,8,-0.3000598365961945
190819,-0.33449540377854803,8,0.6147513124239417
190167,-0.020092321948219,8,-0.20482109713911612
374517,2.39688136962243,8,0.35453477208544915
187783,-0.118343285020197,8,0.08129066118556673
189667,-2.1619633169173302,8,-0.5007218274912288
374395,-0.020092321948219,8,0.584922521248181
375705,-0.157643670248988,8,-0.278142960349078
283603,0.29431075988210803,8,0.02170109583062669
190815,-0.570297715151295,8,-0.4372468690675732
375499,-0.0593927071770107,8,-0.25412265342013063
187838,0.942767116157162,8,0.25948987266776197
190173,-0.982951760053602,8,-0.32337922692841714
187846,0.883816538313975,8,-0.153667797370704
283781,1.33577096844507,8,0.31707195561225815
374183,-0.37379578900734,8,0.07012008221990865
187853,1.59122347243221,8,0.4396155943080204
375688,-1.72965907940063,8,-0.1434782196918373
375823,-0.020092321948219,8,-0.2659608666786343
283667,1.4143717389026498,8,-0.16261533332305314
188945,-0.255894633320966,8,0.17399271230921734
189076,-0.963301567439206,8,-0.015278539613521555
283598,0.4122119155684821,8,0.3631198968428576
375692,-2.02441196861656,9,0.17286414992117302
187833,-0.865050604367228,9,0.20401208079907918
188038,-0.255894633320966,9,0.34369343432108124
189979,-0.17729386286338394,9,-0.29100840196051075
187681,0.4122119155684821,9,0.1162069417859007
376010,-2.37811543567568,9,0.1521769273453497
190728,0.0192080632805712,9,0.07916040096494158
189797,-0.472046752079317,9,-0.3939950270853715
283118,-0.020092321948219,9,0.4246128374763892
190057,0.392561722954086,9,0.4904944330556131
2437268,-0.491696944693713,9,-0.2562747912270203
375697,-0.17729386286338394,9,0.1352069185313489
187551,-0.76679964129525,9,-0.02527544699557737
187845,-0.255894633320966,9,0.19139324584818396
375825,-0.6685486782232729,9,0.042442039207336
187507,-1.29735484188393,9,-0.8591422579590553
284262,-0.216594248092174,9,-0.32567860452807834
187767,0.8248659604707891,9,0.22098355129982855
375965,-0.609598100380085,9,-0.4815321596524751
188345,-0.3541455963929439,9,-0.12700759718971713
189697,-1.39560580495591,9,-0.498612551145961
190098,-0.255894633320966,9,0.12350552598841834
187649,1.35542116105947,9,0.18136134617358385
190807,1.00171769400035,9,0.3142618647143915
374186,1.80737559119057,9,0.5090749108608269
283796,0.451512300797274,9,0.08542752845814534
187814,-0.0986930924058023,9,0.102534706396423
188031,-0.8847007969816241,9,0.15273126674310522
375973,-0.020092321948219,9,0.3912456353477505
189862,-0.865050604367228,9,-0.5348686373613301
375620,-1.23840426404074,9,-0.31644293041146726
376048,0.29431075988210803,9,0.006200131919060545
375997,1.0999686570723302,9,-0.4265801620050769
188630,-0.020092321948219,9,-0.4122376081377986
375474,-0.020092321948219,9,-0.10625799870255448
283114,-0.020092321948219,9,0.05069735583463892
375659,-0.255894633320966,9,-0.08961447108607574
188407,1.76807520596177,9,0.22928666390918673
188988,0.51046287864046,9,-0.1842095775443801
189343,-0.020092321948219,9,-0.18794548591772872
189760,0.726614997398811,9,-0.007756168544458273
375780,1.27682039060189,9,0.036543375996108955
283201,-0.19694405547778,9,0.029636900604090848
187696,-1.29735484188393,9,0.05295540215786461
187786,0.608713841712437,9,0.19036949015582974
284209,0.3336111451109,9,-0.1076299934287456
319781,2.14142886563529,9,0.1702674410942269
187826,0.805215767856393,9,0.37025739088489645
190196,-0.432746366850526,9,-0.4098673922118616
188472,1.31612077583068,9,-0.5162789211434425
187674,-0.41309617423613,9,-0.08958700194810569
187645,-0.020092321948219,9,-0.34988750549927256
374361,-0.0397425145626149,9,0.14277357891100909
188466,2.3182805991648503,9,0.19270268117484451
284002,-1.04190233789679,9,-0.041410093438047836
188286,-0.295195018549758,9,-0.4629416608710847
187548,1.1392690423011202,9,-0.06186011017680749
187778,0.392561722954086,9,0.2112303661578427
189858,0.8248659604707891,9,0.5428989571301488
188848,-1.1598034935831598,9,-0.013729203443020402
188075,-2.7514690953492003,9,-0.07451390362090048
374394,-0.020092321948219,9,-0.08092093297450147
189035,-1.80825984985821,9,-0.6695165435792573
189972,-0.76679964129525,9,0.43181957611695326
375550,-0.020092321948219,9,-0.03606257866140729
375370,0.962417308771558,9,0.6424753095225726
374474,0.29431075988210803,9,0.3644836905713795
190800,1.27682039060189,9,-0.02073534138719991
283128,-0.76679964129525,9,-0.061796851374540655
375940,-1.33665522711272,9,-0.36769751517537275
190203,-0.020092321948219,9,-0.5311160702715659
189238,0.274660567267714,9,-0.01810249178523124
375024,0.313960952496504,9,0.2063095764168293
375421,-0.020092321948219,9,-0.41806453180777364
188226,-1.4545563827990902,9,-0.506482268325317
284338,-0.609598100380085,9,-0.1214833572513856
187686,-0.41309617423613,9,-0.08839399777206437
189224,-0.020092321948219,9,-0.38490199168423217
188349,0.8445161530851841,9,0.3927570208370088
373739,-0.8257502191384358,9,-0.47023475838388135
374392,-0.020092321948219,9,-0.24140039278907713
189937,1.00171769400035,9,0.5826366687498903
375094,-1.19910387881195,9,-0.26667570566112647
374941,0.667664419555625,9,-0.23965450288185888
2437250,-0.0397425145626149,9,-0.004806890083264905
283823,0.372911530339692,9,0.14183500427091295
283145,0.471162493411669,9,0.7207907888231218
189006,-0.530997329922503,9,-0.6190218270080463
189234,0.726614997398811,9,0.4975385159635977
187978,0.6283640343268331,9,0.28349523156542716
189050,-0.020092321948219,9,0.19193311316422654
318550,1.78772539857617,9,0.9394763472821933
189913,-1.25805445665514,9,-0.3999604300891058
374669,0.4122119155684821,9,-0.24696856442948228
374086,-0.432746366850526,9,-0.002217675167148516
374659,-0.3541455963929439,9,0.0525473769422295
188733,0.648014226941229,9,0.13565177062028744
188211,0.215709989424527,9,0.05752288315679489
188237,-0.982951760053602,9,0.2976514185241936
189047,1.3947215462882598,9,0.10273724944874449
187769,-0.33449540377854803,9,0.0128301620092838
190782,-0.118343285020197,9,-0.010310107134110414
284279,-1.92616100554459,9,-0.3692748691158317
319783,0.589063649098042,9,-0.16074627289372312
188359,0.4908126860260639,9,-0.2083076876199545
283665,-2.43706601351887,9,0.19860136718758545
187636,0.0192080632805712,9,0.0041083686667617424
189392,2.1021284804065,9,0.22059396834396314
375788,-0.020092321948219,9,0.09410913295968894
187951,0.431862108182878,9,0.48049256988903294
283767,-0.020092321948219,9,-0.1964457277919424
189670,0.353261337725296,9,-0.38192945395062045
190731,1.53227289458903,9,-0.12590803332381575
283964,1.02136788661474,9,0.23296392960649576
189309,-0.33449540377854803,9,0.028757093742063415
187954,-1.08120272312558,9,0.1130969563043069
189010,-1.53315715325668,9,-0.645613044135566
319784,-0.865050604367228,9,0.1547639899520539
187731,-0.0397425145626149,9,-0.007679379027838539
375016,-1.5724575384854702,9,-1.4814276490152873
190006,0.29431075988210803,9,0.593502911235315
374536,0.942767116157162,9,0.46183679403009087
283083,-1.1598034935831598,9,-0.07623668327033896
374382,-0.020092321948219,9,-0.7008757861591864
373754,-0.020092321948219,9,0.19061450497027144
190076,0.29431075988210803,9,-0.11542533262873254
375547,-0.020092321948219,9,-0.06184056450100237
375716,-0.786449833909646,9,-0.2892966625772228
374741,1.59122347243221,9,0.4001947907454944
374944,0.0585084485093628,9,0.5468096737694553
188160,0.3336111451109,9,0.13520750099313728
188640,-0.688198870837669,9,-0.043742879454348564
188267,2.7898852219103394,9,0.8510714903045632
188006,0.176409604195736,9,0.42172556676707
189615,0.117459026352549,9,-0.043262750812300174
187718,0.29431075988210803,9,-0.10788109182617561
190702,-0.393445981621735,9,0.5456424607877863
187584,-1.7886096572438202,9,-0.10903926920076625
187760,-0.5899479077656911,9,-0.24943925769956
284247,-0.17729386286338394,9,0.2570624384434168
187823,0.038858255894967,9,-0.08101772066121936
375710,-0.000442129333824614,9,0.07825115293043296
187667,-0.688198870837669,9,0.22801557264353253
187709,-0.8257502191384358,9,-0.2681530503657631
189152,-0.020092321948219,9,-0.023924298367052566
373980,0.746265190013207,9,0.10873223229991141
373672,0.0781586411237587,9,0.3056183224124376
284024,0.726614997398811,9,-0.3009038728950913
374742,0.0978088337381531,9,0.1630271138749883
187854,1.08031846445793,9,-0.1982579231306988
375564,-0.020092321948219,9,-0.24266691886221659
187603,-1.23840426404074,9,-0.36052271998643326
187469,-0.76679964129525,9,-1.0177732333275242
187757,-0.94365137482481,9,0.20980735342767112
188382,0.313960952496504,9,0.11133792380186071
188423,1.0999686570723302,9,-0.9725704143536726
283126,0.8641663456995801,9,-0.12295469320132109
189017,0.883816538313975,9,0.12546757625114974
187484,-1.23840426404074,9,0.14488584996979442
189250,1.25717019798749,9,0.3035472628800568
375565,0.0978088337381531,9,0.18900217930341956
375767,-1.69035869417184,9,0.36006949776559455
189034,-1.1794536861975602,9,-0.1963899758189186
189909,0.0585084485093628,9,0.6042154225466644
375932,-1.08120272312558,9,-0.5732705117037107
375917,-1.65105830894305,9,-1.4967996698386394
188982,0.235360182038922,9,0.455795531407153
188418,-0.020092321948219,9,0.4730048802003087
2437244,0.137109218966945,9,-0.2964495623646136
187945,-0.609598100380085,9,0.08276694550547808
189023,2.0628280951777103,9,0.07708426313876984
187702,-0.8454004117528321,9,-0.7092370805594123
187920,0.038858255894967,9,0.4945753211380685
190039,-0.000442129333824614,9,0.5334296011099745
284278,-0.020092321948219,9,-0.030754816500645155
190177,-1.74930927201503,9,0.31413008144594723
187867,-2.71216871012041,9,-0.09539559608009059
188317,2.04317790256331,9,0.11436083406486051
189091,0.313960952496504,9,-0.20722985998814805
187818,-2.59426755443404,9,-0.26330549901287426
375740,0.235360182038922,9,0.1386324862982139
376023,-0.0986930924058023,9,0.1660414694379513
188220,0.255010374653318,9,0.1939172883786491
189133,-0.295195018549758,9,-0.32992473783887505
189868,0.4908126860260639,9,-0.18737930103588973
188268,-0.314845211164152,9,0.017506966295349292
2437252,-0.020092321948219,9,0.007529242756384976
190101,-0.472046752079317,9,0.34726496845896404
374614,-0.216594248092174,9,-0.44922001414316415
2437409,0.4908126860260639,9,0.2670829998858642
375434,2.5540829105376,9,0.21674032703998666
187998,-2.33881505044689,9,-0.5551745207411879
187936,-0.3541455963929439,9,0.3352994244305531
284336,0.765915382627603,9,0.2524284200956012
187713,-0.020092321948219,9,0.09496766841665691
189233,0.176409604195736,9,0.2210998767048277
336478,2.1217786730208896,9,0.9880340926372894
283748,-0.020092321948219,9,0.1285747794949168
283722,-0.550647522536899,9,0.10229546256087248
373758,-1.4152559975703,9,-0.3204203896512258
