id,testw,kfold,LARS_pred
189697,0.07223157468849101,0,0.7163598427981236
375815,-1.4917375642479802,0,-0.7557964512990932
283178,-0.6417543365651159,0,-0.08462959158981218
375779,0.0382322455811736,0,0.13477067182570546
190252,0.174229562010433,0,0.743375044615722
283209,1.09221144790793,0,0.16851931139932078
284231,0.4972231885299221,0,-0.08451658626634598
189045,0.208228891117746,0,0.1934589735931861
375970,-2.05272649451866,0,-0.6551831742067562
188945,-0.131764399955399,0,0.32849699021729745
376034,-0.6417543365651159,0,-0.8422654610436083
188211,-0.5737556783504859,0,-0.2718916518915774
373626,-0.811750982101688,0,-0.6305065484473534
375623,-0.879749640316318,0,-1.4619752101166426
187944,-0.0977650708480814,0,-0.2820350878063378
376023,-0.947748298530943,0,-1.1673858217424087
187501,0.446224194868948,0,-0.0059711074759598096
374154,0.650220169512833,0,0.7279274789105712
283774,0.548222182190891,0,-0.15378635486767148
375230,0.344226207547006,0,-0.9161300285626677
374620,0.412224865761636,0,-0.28913834780459935
189254,-2.13772481728695,0,-1.1756223801256696
283447,1.12621077701524,0,0.26591428352133195
283110,-0.165763729062711,0,-0.3516976215944149
189932,0.106230903795803,0,0.40508475125124627
375641,-0.0977650708480814,0,0.7169164385341865
188103,0.446224194868948,0,0.011558274375037862
188993,0.00423291647386105,0,0.47104385479617045
187742,-0.947748298530943,0,-0.1444396390699773
187505,0.8882154732640349,0,0.5213236378005548
187631,-0.233762387277341,0,-0.15162849897415448
283967,-1.98472783630404,0,-0.4891219595425388
190170,0.616220840405521,0,0.5793307918467142
188027,-1.52573689335529,0,-0.15024992686568606
283221,1.39820540987375,0,0.2528903387615682
187733,0.378225536654318,0,-0.3719068380897835
187968,0.990213460585978,0,-0.9161941628792347
189133,0.27622754933237603,0,-0.036104947114442336
375796,-4.415679867477019,0,-1.3360255776859762
188152,-0.267761716384654,0,-0.429584635738585
189895,1.29620742255181,0,1.042569938782284
187637,0.106230903795803,0,-0.12791669507047213
190805,-0.301761045491971,0,-0.1047828514226043
375254,0.106230903795803,0,-0.6816010876905587
374513,1.50020339719569,0,1.0644687282072405
190707,1.39820540987375,0,0.29838920469389363
188994,0.9222148023713532,0,0.3335508240102417
189005,0.854216144156723,0,0.17610009959745498
375901,0.8202168150494051,0,-0.7677904304734613
375607,0.07223157468849101,0,0.06788162404115755
375974,-3.37870032970393,0,-1.1503527373614226
375394,-0.811750982101688,0,0.017816615314561086
374013,1.05821211880061,0,-0.15362005048255403
374516,0.8882154732640349,0,0.7575348364111992
188316,-1.59373555156992,0,-0.25799243253809273
283231,0.27622754933237603,0,0.6525875319881228
187955,0.548222182190891,0,-0.3794978774383572
189233,-0.131764399955399,0,0.10809889330805841
189753,1.46620406808838,0,0.9258280798629267
375521,0.650220169512833,0,-0.007520891316058424
2437252,-1.01574695674557,0,-1.2090553417530856
188197,-0.267761716384654,0,0.13022412335999473
373793,1.19420943522987,0,0.9139806123784747
190177,0.344226207547006,0,0.17716283251868564
375447,0.378225536654318,0,-0.15449356765000768
188991,0.00423291647386105,0,0.2981452189204039
189784,1.36420608076644,0,1.098973723873892
373467,1.39820540987375,0,0.36951840993770696
187562,-0.403759032813914,0,-0.481824630797842
187515,-1.4237389060333503,0,-0.3843004133354741
374504,1.50020339719569,0,1.3606325208425991
189759,1.12621077701524,0,0.9532231953051944
283089,0.786217485942093,0,1.2301468465501604
187952,-1.38973957692604,0,-0.3623596202728115
190129,0.650220169512833,0,0.7200009420451629
375467,-0.607755007457798,0,-0.7638590772884344
188258,0.446224194868948,0,0.08133404465774588
188493,0.514222853083578,0,0.2491883629100678
283205,0.310226878439688,0,0.20464934924859868
283735,1.16021010612255,0,0.3180305992250097
190148,-0.0977650708480814,0,-0.7867680457343377
283721,1.05821211880061,0,0.17570018551897798
187560,0.106230903795803,0,-0.2278270792601911
375549,-0.709752994779746,0,-0.4913822876474869
187868,-0.743752323887058,0,-0.5549531436366577
283655,0.854216144156723,0,0.406130502684152
188386,0.208228891117746,0,-0.45807850224328756
189320,-0.879749640316318,0,-0.8493313518926692
317829,1.5682020554103202,0,0.11601393530693685
284328,0.75221815683478,0,0.2620237697940796
189744,1.12621077701524,0,0.7110015598088488
188407,1.36420608076644,0,-0.16237809772622705
187713,-1.83173085532112,0,-0.6643121088729292
188540,0.14023023290311598,0,0.6422006372271334
283773,1.90819534648347,0,1.2234968435470077
189001,0.242228220225063,0,0.27649472377761136
308009,1.3302067516591205,0,0.9684665955838015
190160,1.60220138451764,0,1.3960695553739142
187735,-0.301761045491971,0,0.02106713355259144
187860,-1.01574695674557,0,0.05319648942991657
374534,1.09221144790793,0,0.733207506739409
189632,1.12621077701524,0,0.5200387015169057
375094,-0.301761045491971,0,-0.4866760354407607
284247,0.106230903795803,0,-0.08051058794764421
374067,0.684219498620151,0,0.3110662302848107
187718,-1.0837456149601998,0,-0.556493521957437
187666,1.63620071362495,0,1.1415799545311656
190058,0.378225536654318,0,0.8493745849185315
375572,-1.04974628585289,0,-0.00029857612840455267
187739,-1.18574360228215,0,-0.5036600562586969
374533,0.27622754933237603,0,-0.22094531810057239
374374,-0.0297664126334563,0,0.2879898103461916
284372,-0.947748298530943,0,0.05431284488208137
187907,0.854216144156723,0,0.730894294306809
188114,0.548222182190891,0,0.3859073872322167
375738,1.12621077701524,0,0.2597296073960263
284303,0.9562141314786652,0,-0.13502184313088078
189031,-0.36975970370660105,0,-0.70462561276583
188001,-0.675753665672428,0,0.3036624083137389
188546,-0.403759032813914,0,-1.166636086599952
375736,-0.505757020135856,0,-0.10937430077650906
373642,-2.30772146282352,0,-0.6203916014694163
283579,-1.55973622246261,0,-0.4271713143714497
374715,-1.04974628585289,0,-1.2863383359869702
374683,-1.62773488067723,0,-1.196255222546828
188134,0.00423291647386105,0,-0.27607031681061245
373952,-1.32174091871141,0,-0.5759468379569314
375895,-0.301761045491971,0,-0.7663157850802859
190472,-3.29370200693564,0,-0.9810033162492157
188311,-4.07568657640388,0,-0.5064133073099003
373764,0.9222148023713532,0,0.952331658826849
187854,0.310226878439688,0,-0.26153342908962873
188423,0.412224865761636,0,0.7988343002569781
374474,1.17720977067621,0,-0.32515013344072446
188840,-0.8457503112090009,0,-0.22957232395229865
283802,0.582221511298208,0,0.19778313971593167
375665,1.04121245424695,0,-0.018117647851921242
283790,0.480223523976261,0,0.4431208609342105
374003,0.174229562010433,0,-0.1006298836842595
190069,0.582221511298208,0,0.45041194123447764
187475,-0.267761716384654,0,0.01738148486275607
188076,-1.11774494406752,0,-0.7355533954969647
283849,-0.267761716384654,0,0.40481243056245597
188256,-0.675753665672428,0,-0.8191811224204127
190134,0.7182188277274629,0,0.29375106931017614
283054,0.616220840405521,0,-0.05740199583269394
283432,-0.403759032813914,0,-0.5110698292564265
284370,0.9562141314786652,0,0.1466523996784648
375625,-0.7777516529943709,0,-1.1219126337248937
373482,-1.11774494406752,0,-0.06571623552027975
189040,-1.4577382351406598,0,-0.604312055337667
189947,0.174229562010433,0,-0.03901481373768052
187978,-1.2877415896040902,0,-0.45526231469082035
284309,-0.675753665672428,0,0.5722708281093026
374394,-1.4237389060333503,0,0.15282269543691795
189751,0.19122922656409,0,0.2298591969146589
188172,-0.403759032813914,0,-0.6443526523418331
187605,-0.471757691028543,0,-0.4610198837832186
190199,1.70419937183958,0,0.8596605563269374
189937,1.05821211880061,0,1.0184194869545438
188043,-2.57971609568204,0,-0.25973523876982063
283741,-0.165763729062711,0,-0.7363085871660917
187546,-1.2877415896040902,0,-0.6330522565119127
189956,0.684219498620151,0,-0.21163504847549885
375749,0.00423291647386105,0,0.4182580954868967
190728,1.46620406808838,0,0.9324439849174259
189857,0.8882154732640349,0,0.3241373741587152
375847,-1.55973622246261,0,0.20569340351709958
375581,0.344226207547006,0,0.35887187425653627
190162,1.46620406808838,0,0.7870818014952427
189030,-0.267761716384654,0,0.25427976804761204
374741,-1.35574024781872,0,0.06292908235091982
187604,0.378225536654318,0,-1.148942002393361
375678,0.106230903795803,0,0.11424584130580054
283201,-1.11774494406752,0,-0.34223914442965453
374678,0.310226878439688,0,-0.025273356024754542
188893,1.29620742255181,0,0.350612915255835
283116,-0.233762387277341,0,0.3470869478280512
284080,0.27622754933237603,0,0.34624794655749386
374934,0.990213460585978,0,0.22017649556385693
373759,1.3302067516591205,0,0.7666047936701104
187875,1.16021010612255,0,0.6276068720396065
188742,-2.00172750085769,0,-0.6326017287621616
284015,-0.131764399955399,0,0.16293862708121154
284305,0.786217485942093,0,-0.008803634214312656
375455,-1.0837456149601998,0,-0.6347589417023652
187930,-0.233762387277341,0,-0.2539852477651959
319954,1.05821211880061,0,0.42272660825465896
374386,0.14023023290311598,0,-0.12434487973009256
375839,0.446224194868948,0,0.16567175976159154
375659,1.04121245424695,0,0.6740901058342643
284279,0.7182188277274629,0,0.19672436536127208
2437249,-1.89972951353575,0,-0.9930068321770605
375020,-0.0637657417407688,0,-0.42189759231063917
188058,-1.0837456149601998,0,-1.2999940833046684
283143,0.548222182190891,0,0.6490834868790635
283665,0.650220169512833,0,0.4202735376002971
188202,0.07223157468849101,0,-0.13433289024724857
336686,0.225228555671402,0,0.43069108304557363
375340,0.8202168150494051,0,0.13884599632790443
189829,0.00423291647386105,1,0.08481284279326178
188972,0.0382322455811736,1,0.9435555678784315
189048,0.106230903795803,1,0.23667461921720767
190787,-0.233762387277341,1,-0.32736223273167675
188373,1.89119568192981,1,0.8035714588472624
190196,-0.0637657417407688,1,-0.022121810732130473
190791,-0.301761045491971,1,0.04844403964019181
375664,0.412224865761636,1,0.12184839803143989
190238,-0.743752323887058,1,0.567286890312594
283792,-1.95072850719672,1,0.42021501485109136
189280,-0.437758361921226,1,0.39739859906837055
374178,1.36420608076644,1,0.5293106863221437
375794,1.0242127896933,1,-0.8984136239078739
283224,1.12621077701524,1,0.533354037441661
284215,-1.18574360228215,1,-0.1950199491480033
375397,-0.36975970370660105,1,-0.23770438074492384
374624,0.12323056834946006,1,-0.6659538173395272
375395,-1.18574360228215,1,-0.8820667226095555
189803,-0.0977650708480814,1,0.8332967259368882
189070,-2.40971945014547,1,-0.4269699322181073
187769,0.412224865761636,1,-0.5122864714856645
189698,1.60220138451764,1,1.1480223896877533
188099,-1.96772817175038,1,0.3204912470883935
187458,1.05821211880061,1,1.0498278379469186
373904,0.480223523976261,1,-0.48293088648768334
189050,-0.743752323887058,1,-0.6516477609159934
375471,-1.72973286799918,1,-0.30110684396770215
187996,-0.165763729062711,1,-0.6860696613758512
374414,-1.0837456149601998,1,-0.24801557480321368
374413,-0.743752323887058,1,-0.20933912359802548
374662,-0.743752323887058,1,-0.4666991772244592
2437410,0.616220840405521,1,-0.26743398230867904
375766,1.36420608076644,1,1.3151056163077817
188339,0.854216144156723,1,-0.31846504739934206
374407,1.50020339719569,1,1.1220668890688636
188246,0.990213460585978,1,0.2684977491848991
374945,-0.335760374599284,1,-0.12657674050721482
375004,1.22820876433718,1,0.1535381871418175
189964,-0.199763058170029,1,0.28254468023660956
336782,-0.9137489694236308,1,-0.6359086361371356
375759,-0.165763729062711,1,-0.004504958224184459
189079,0.310226878439688,1,0.07507147118242771
190046,0.514222853083578,1,0.7588275203767029
188669,-0.709752994779746,1,-0.4222295718933732
374536,0.378225536654318,1,0.6090952978424427
374086,-0.165763729062711,1,-0.2683225474934112
283763,0.616220840405521,1,-0.2657799348103935
189337,0.854216144156723,1,-0.9614407615517702
283768,0.582221511298208,1,0.35739738803365306
187606,-1.62773488067723,1,-1.3608621117939503
189647,1.0242127896933,1,0.4272555108680913
319957,1.0242127896933,1,0.7131947040990627
375991,-0.947748298530943,1,0.3815244303795984
283805,-0.131764399955399,1,0.3851152561270622
187491,0.412224865761636,1,0.18911766850742812
373835,-0.233762387277341,1,-0.6245735533331944
188170,0.07223157468849101,1,-0.4418437421959389
190794,-0.301761045491971,1,-0.8757123122540469
190774,0.9562141314786652,1,0.5915855830858954
283892,-0.233762387277341,1,0.26303189430416807
308212,-1.4577382351406598,1,-0.010010383304119509
187485,0.990213460585978,1,0.40601397558517904
283083,-1.0837456149601998,1,-1.3175149564599868
187539,-0.165763729062711,1,-0.35391373824981
373629,-0.9817476276382612,1,0.3443705614412188
188033,-0.0977650708480814,1,-0.500786865026983
375454,-0.0977650708480814,1,-0.3486604570083554
375949,0.0382322455811736,1,-0.20685702135619066
188501,0.446224194868948,1,0.7933975922933036
375916,-0.335760374599284,1,0.501787909661795
2437287,-1.25374226049678,1,-1.2038366386734987
283712,0.8202168150494051,1,0.21790766214440427
187888,0.480223523976261,1,-0.06224176769250073
187814,0.514222853083578,1,-0.3092633791910462
189961,-0.675753665672428,1,-0.5053536442919591
187918,-0.233762387277341,1,-0.19547565505587455
374515,0.07223157468849101,1,-0.04916140105357621
190085,-0.437758361921226,1,-0.21983635796757373
374745,-0.879749640316318,1,-0.05624237111478293
283766,0.8882154732640349,1,0.49490526361794007
189856,1.16021010612255,1,0.9335719545822676
283105,1.29620742255181,1,0.27568200296181977
188340,-0.539756349243173,1,-0.8818700926914704
375368,1.22820876433718,1,0.4566081362510924
375373,-1.4917375642479802,1,-0.6258910099826491
190098,-0.131764399955399,1,0.2636522206183074
375504,-0.743752323887058,1,-0.6598339977543166
190097,0.990213460585978,1,1.0479485404320588
189153,-1.18574360228215,1,-1.0513571729365274
284245,-0.335760374599284,1,-0.6843356268443169
189892,1.36420608076644,1,1.1184108920104503
283166,-0.8457503112090009,1,0.3459131309465463
187833,0.854216144156723,1,0.327662057999943
190103,0.990213460585978,1,1.0893897210337549
188410,2.14619065023467,1,-0.27464522531345403
375923,0.00423291647386105,1,0.4227960810784689
284024,0.9222148023713532,1,1.187100062072799
374202,1.46620406808838,1,1.2875475750208178
375930,-1.4577382351406598,1,-0.7517643794202198
374476,1.36420608076644,1,0.6607838766020985
374530,0.446224194868948,1,-0.17267058466218865
319285,-0.233762387277341,1,-0.17905326524542936
318177,1.29620742255181,1,0.9997908657466223
188231,0.07223157468849101,1,-0.13557388197363263
318548,0.9562141314786652,1,1.1603920757325
283731,-0.0297664126334563,1,-0.17527982225347521
375550,-2.08672582362598,1,-0.8556146835059366
375642,0.75221815683478,1,0.7894653062505653
375576,-0.0297664126334563,1,-0.07915569928504937
188204,-0.335760374599284,1,-1.0190666026202313
374595,-1.04974628585289,1,-0.47851670677668606
190114,1.16021010612255,1,0.7523679219291096
374632,0.242228220225063,1,-0.700557448781701
375845,-0.199763058170029,1,0.1220209776624407
375691,0.0382322455811736,1,0.13695312367370677
283723,0.07223157468849101,1,-0.11629552919714456
374535,0.548222182190891,1,-0.16589554775016885
188346,1.5682020554103202,1,0.7434912618953005
187696,-1.86573018442843,1,-1.200380260725508
374473,1.0242127896933,1,0.9718929511904582
284262,-0.675753665672428,1,-0.1458499253163073
375474,0.14023023290311598,1,-0.41512675751876893
187647,0.174229562010433,1,-0.3001422348392223
374941,0.27622754933237603,1,0.16410454322384888
187787,0.14023023290311598,1,-0.383884580806105
188940,0.378225536654318,1,1.0592185200768096
374699,0.514222853083578,1,-0.5824189680792304
283128,-0.437758361921226,1,-0.42455710080926146
190140,0.8882154732640349,1,0.7021265315307166
189016,-0.6417543365651159,1,0.3125063116340877
190731,0.9562141314786652,1,0.6844162877569873
375015,0.75221815683478,1,0.05227697060648638
283950,-2.20572347550158,1,-0.7816879918216572
190203,0.0382322455811736,1,0.4219499025159047
374623,-0.6417543365651159,1,0.41342134644715295
374635,-0.301761045491971,1,-0.4487882812829175
188153,-0.199763058170029,1,-0.10843880690076863
189274,0.616220840405521,1,0.22081527007789004
188034,-0.7777516529943709,1,-0.25158708532667995
373725,0.548222182190891,1,0.046962887703669465
189683,1.00721312513964,1,0.8356288688755233
188927,0.582221511298208,1,0.685853773253192
283139,0.378225536654318,1,0.715644187384226
187778,0.9562141314786652,1,-0.338487658390382
187645,0.8882154732640349,1,-0.08126655036172166
187564,-0.301761045491971,1,0.19749210979247267
188715,1.60220138451764,1,1.1866758835023818
374484,0.208228891117746,1,0.4266327344861078
374546,0.8882154732640349,1,0.27970413700565533
283311,-1.0837456149601998,1,-0.080159181589813
190184,0.548222182190891,1,0.17149072747728916
188958,0.446224194868948,1,0.5022150971342045
188319,0.75221815683478,1,0.11885216563474534
283114,1.36420608076644,1,0.3683136580630769
188996,-0.165763729062711,1,0.5316477108285216
188956,0.14023023290311598,1,0.23749067283159664
189024,0.990213460585978,1,0.23871177770968016
188008,0.75221815683478,1,0.38282175803096935
375704,-0.165763729062711,1,0.11118749881307922
187530,0.174229562010433,1,-0.8017200138994687
188218,-0.0977650708480814,1,-0.27907224446656137
373726,-0.233762387277341,1,0.2042692068460356
284067,0.7182188277274629,1,0.6697993978575778
189250,-0.131764399955399,1,0.29876348581367135
187936,0.00423291647386105,1,-0.058876489790044645
374160,-0.539756349243173,1,-0.05382675790861374
188306,-0.607755007457798,1,-0.7041099757908811
373468,-0.301761045491971,1,0.205977736569335
189881,0.27622754933237603,1,-0.001038607709304279
188025,-0.131764399955399,1,-0.6422882835477015
188894,0.412224865761636,1,0.31181366813392886
189832,0.854216144156723,1,0.1737603291134865
373777,-0.505757020135856,1,0.35503782696226616
283623,0.650220169512833,1,0.3938237603401238
188990,0.582221511298208,1,0.34925317498887987
375393,-0.675753665672428,1,-0.7761304868261616
188227,-0.811750982101688,1,-0.46036892738781515
375962,-1.25374226049678,1,-1.0892681455219648
187609,-0.5737556783504859,1,0.39829013567395843
318179,0.786217485942093,1,1.2051801909670086
374145,0.684219498620151,1,-0.4684355354014275
284216,0.07223157468849101,1,-0.466172671765853
373744,-0.5737556783504859,1,-1.0340038647952858
374744,0.0382322455811736,1,-0.3278330377672295
187983,-0.0637657417407688,1,-0.5643457521565702
188825,0.616220840405521,1,-0.28006980868083126
190819,0.344226207547006,1,-0.4086938371176875
375502,-1.4237389060333503,1,-0.32609677709358087
189854,1.12621077701524,1,1.107567411599956
375995,-0.8457503112090009,1,-1.0808237057897119
375772,1.39820540987375,1,0.6151319073986108
189038,-0.0637657417407688,1,-0.9117194831832015
190815,1.09221144790793,1,0.3724896274797256
375547,-0.36975970370660105,1,-0.27146464367687145
187883,-0.709752994779746,1,-0.38462027628616524
375626,1.3302067516591205,1,1.1131869397931407
189210,-0.301761045491971,1,0.46582324834727584
375062,-0.607755007457798,1,-0.536653617842176
373730,0.242228220225063,1,-0.2075712755556704
283252,0.27622754933237603,1,0.42407695798890754
188452,0.174229562010433,2,-0.5645149068814141
189894,1.19420943522987,2,0.9282637782748916
189979,1.46620406808838,2,0.7148130749791638
187906,0.310226878439688,2,0.557291110059499
188268,-0.199763058170029,2,-1.2117778644370019
187599,1.3302067516591205,2,-0.06458460703590685
188898,0.344226207547006,2,0.3776445541028978
284190,0.412224865761636,2,-0.1565261248165053
188174,-0.7777516529943709,2,-0.3233842148482778
188517,-1.6957335388918602,2,-1.205474000815137
190806,-0.199763058170029,2,-0.19153317328805602
283416,-0.403759032813914,2,-0.15203079345949538
375921,0.0382322455811736,2,0.026165437613973296
189115,0.684219498620151,2,0.22646647639360357
373754,-1.18574360228215,2,-0.9116209472945531
187585,0.378225536654318,2,0.949361457796418
308011,-1.15174427317483,2,-0.7437510733813661
188441,0.8202168150494051,2,0.9525460500706391
187771,-2.10372548817964,2,-0.6194250431640581
336684,-1.6957335388918602,2,-0.08310295523807104
284241,0.27622754933237603,2,-0.3293777708699021
373627,0.75221815683478,2,-0.47400315009955296
283796,0.242228220225063,2,0.3213712840000631
375943,-0.165763729062711,2,0.18716289656571292
188510,-0.131764399955399,2,-0.21053635356485464
284354,1.2622080934445,2,-0.6297471718826172
187984,-0.471757691028543,2,-0.5795394822659433
190296,0.616220840405521,2,0.5518773849793447
283989,-0.437758361921226,2,-0.668914287763339
318550,1.09221144790793,2,1.174089017816487
375899,-0.675753665672428,2,-0.9138587797619547
374517,0.106230903795803,2,0.576077964642361
189009,-0.131764399955399,2,0.4106649512121053
188163,-0.131764399955399,2,-0.07807283877400029
283767,0.344226207547006,2,0.6048531889117542
187956,0.310226878439688,2,-0.3462005507271818
374629,-1.2877415896040902,2,-1.2670583841825618
189193,-0.0977650708480814,2,-1.0684413481648496
188185,-1.25374226049678,2,0.034391811653669994
187856,-0.539756349243173,2,-0.42641656241287557
375551,-0.743752323887058,2,0.42693229273637
187992,-2.27372213371621,2,0.34415917346615993
189790,0.208228891117746,2,0.838906612843202
187842,-0.675753665672428,2,-1.4087515401758015
188930,0.8882154732640349,2,0.2873584886697841
187892,0.548222182190891,2,0.5448757675686312
189025,-1.2877415896040902,2,-0.22199634639257293
374391,1.60220138451764,2,1.021018344154728
187783,0.0382322455811736,2,-0.11542190265216148
373509,0.582221511298208,2,-0.231933426184798
188466,0.378225536654318,2,-0.46446707672001913
188292,-1.4917375642479802,2,-0.5550890601028876
187770,-2.30772146282352,2,-1.1759844337625551
375594,-0.743752323887058,2,-0.35846923826673954
308004,1.7381987009469,2,1.0416825571828798
375705,-2.9197093867551898,2,-1.03448837458592
283171,0.344226207547006,2,-0.06901395115413714
374253,1.16021010612255,2,0.8431783792316467
188979,1.05821211880061,2,0.1604195656681566
187686,0.27622754933237603,2,1.3076102463159551
187545,-1.52573689335529,2,-1.425830424288721
187462,-0.539756349243173,2,-0.11887571975737765
190174,0.9562141314786652,2,0.22210188777191614
375871,-0.505757020135856,2,0.5148168361889531
374037,-0.0637657417407688,2,-0.0042190147944375644
375905,0.208228891117746,2,-0.07399047783426041
373656,-0.36975970370660105,2,-0.20146341950796887
188341,-0.0637657417407688,2,-1.0440706800105233
283160,-0.0637657417407688,2,-0.9289041083611443
375024,0.00423291647386105,2,-0.6510873943373027
283279,-0.199763058170029,2,-0.71407613136981
283515,-0.267761716384654,2,-0.1813515999645969
373799,0.0382322455811736,2,0.469436838215861
188536,-0.709752994779746,2,0.8661712016563751
374064,1.12621077701524,2,0.7683230594757862
190124,0.8202168150494051,2,-0.29439076167914935
188444,-0.7777516529943709,2,-0.13701891630247623
187993,-2.44371877925278,2,-0.5815675533012814
283754,-0.131764399955399,2,0.234924442053966
188596,-1.2877415896040902,2,-1.0388124943688748
375661,0.75221815683478,2,-0.7030401060500534
375731,-0.9817476276382612,2,-0.9419876163121813
374112,-0.607755007457798,2,-0.09664723372165887
190802,0.9562141314786652,2,0.5130070642175623
375597,0.9222148023713532,2,0.5398720080870599
308269,-0.301761045491971,2,0.3803802140719775
283144,-1.4917375642479802,2,-0.6698911670745721
189974,-0.8457503112090009,2,-0.3750978032625542
190173,1.09221144790793,2,0.5805746917280374
374603,-0.165763729062711,2,0.03751748250544707
189734,-1.04974628585289,2,0.2983319611854236
375728,-0.505757020135856,2,-1.150494158246031
375687,-0.233762387277341,2,0.0017030633970611248
187535,0.514222853083578,2,0.167975398215373
373795,0.446224194868948,2,0.9899289133177921
374382,1.39820540987375,2,0.43905893646778366
374331,0.106230903795803,2,0.22452195558048016
189231,0.310226878439688,2,-0.561275316254387
189853,0.684219498620151,2,0.7208503113135311
284324,0.378225536654318,2,0.29962087720338154
375674,1.2622080934445,2,-0.42701157384510696
189236,0.208228891117746,2,0.4205483300808003
189840,0.174229562010433,2,0.41998082511324786
374917,-1.11774494406752,2,-1.140866828830584
188957,1.09221144790793,2,0.23181268784669695
188526,-2.98770804496981,2,-1.5913220956371643
374614,0.480223523976261,2,0.07485803523941675
374177,1.19420943522987,2,0.7209966399099624
187669,1.53420272630301,2,1.0009535973212798
374396,1.29620742255181,2,1.0117884737613982
188463,0.514222853083578,2,0.9294638529684934
375708,0.75221815683478,2,0.04786923187959057
318176,0.9222148023713532,2,0.9960730051641099
375890,-0.505757020135856,2,-0.5140510132971888
188563,-1.04974628585289,2,-0.09887181934660177
187960,0.27622754933237603,2,0.3206844602164011
189301,0.514222853083578,2,0.6337760491899485
375565,1.19420943522987,2,0.7267836044411985
188988,1.2622080934445,2,0.409818238685466
187979,-1.76373219710649,2,-0.6205083744729094
376027,-2.00172750085769,2,-1.5575609949904219
187887,0.106230903795803,2,-0.25409052500399154
374749,-0.6417543365651159,2,-0.20236373648201375
283449,-0.267761716384654,2,0.09763486723347323
375006,0.514222853083578,2,-0.2082734792570059
375706,-1.6957335388918602,2,-1.3185593356042742
284222,0.8882154732640349,2,-0.6825075031721347
190778,1.22820876433718,2,0.33649099363405943
190067,-0.505757020135856,2,0.5185052773795246
376012,-1.86573018442843,2,-0.8012372067330891
188704,-0.0637657417407688,2,-0.3394511983525172
188314,1.36420608076644,2,0.6616180018933223
188064,-1.86573018442843,2,0.2772725669547717
187958,0.27622754933237603,2,-0.6818822334323453
190082,-0.165763729062711,2,0.6964070621007262
189625,-1.18574360228215,2,-0.7286059061811466
283638,0.7182188277274629,2,-0.3156307383826125
190070,-0.9817476276382612,2,0.051038749295482945
189049,0.378225536654318,2,0.2932183883371035
188215,-1.04974628585289,2,-1.0608554629732576
187998,0.27622754933237603,2,0.25377753870672726
374927,0.514222853083578,2,-0.02407784181104484
283230,-0.8457503112090009,2,-0.8374820207953931
187880,-3.2257033487210096,2,-0.35882599283752353
187714,0.310226878439688,2,-0.675069326421767
284165,0.106230903795803,2,-0.15526053019066133
187543,-1.21974293138946,2,-0.2658631659371698
283843,-0.505757020135856,2,-0.059626770197707464
190191,-0.131764399955399,2,-0.06612917703022991
188922,-1.38973957692604,2,-0.07264024551742271
283752,-0.165763729062711,2,-0.5445842338813736
284327,0.344226207547006,2,0.17819234542085532
188092,-0.335760374599284,2,-0.06213967610181662
188355,1.70419937183958,2,0.14369186314882185
188061,-0.301761045491971,2,0.004692970517487918
188321,0.0382322455811736,2,-0.4267767654256074
187541,0.582221511298208,2,0.37579302285943483
187573,-1.6957335388918602,2,-0.9426655910285023
373872,0.650220169512833,2,0.5493563375080229
375994,-1.7977315262138,2,-0.9587110469064402
190818,0.412224865761636,2,0.25479360949148405
187736,-1.86573018442843,2,-0.4769437896952098
188105,0.106230903795803,2,-0.14873403917055883
187594,-0.0637657417407688,2,-0.929701726128314
375620,1.19420943522987,2,0.898649044286976
283138,0.548222182190891,2,-0.2097846838589466
188102,0.582221511298208,2,0.6476695494530113
375707,-0.947748298530943,2,-0.7276050716859236
284002,0.8202168150494051,2,0.8023065089582587
187853,-0.9817476276382612,2,-0.23870093076184765
189042,0.106230903795803,2,-0.2875264916335654
283106,0.310226878439688,2,-0.45496880463867045
187812,-0.267761716384654,2,-0.7772395301945385
187982,0.8202168150494051,2,-0.701302288256011
374155,0.9562141314786652,2,0.5192651028781762
374604,-0.403759032813914,2,0.06378446138584043
189958,-1.18574360228215,2,-0.2785753239805658
187507,0.548222182190891,2,0.3734376965126713
188899,1.29620742255181,2,0.9792603974658952
188975,-0.7777516529943709,2,0.0031400486081073417
375693,-2.1547244818406104,2,-1.163722252555393
187776,-1.76373219710649,2,-1.261173913640588
187805,0.208228891117746,2,0.2231127994473251
283670,0.514222853083578,2,-0.11670028220196413
336688,-0.607755007457798,2,0.8181088897036587
187804,-1.4577382351406598,2,0.17258723092454242
187844,0.0382322455811736,2,-0.2572187589661924
374658,-0.301761045491971,2,-1.3902332303587912
283825,0.174229562010433,2,0.4955248584540504
188331,0.75221815683478,2,1.3024587620745418
188357,2.41818528309319,2,0.9146295458782719
189299,-1.35574024781872,2,0.4292301993375111
283312,0.378225536654318,2,-0.9785425000832881
375494,0.27622754933237603,2,0.3310734694227991
187653,-2.27372213371621,2,-1.061303361786735
189797,1.12621077701524,2,0.9163921961581288
283229,-0.437758361921226,2,-1.0706674474271995
283770,-0.335760374599284,2,0.31749595518472173
190005,1.60220138451764,2,0.9734358752226963
375939,-0.811750982101688,2,-0.8153547316070454
189289,-0.539756349243173,3,-0.8404830796972274
319956,1.43220473898107,3,0.8804215004016789
189278,0.650220169512833,3,0.38692128620947824
188777,0.208228891117746,3,0.08890202241351242
374213,0.7182188277274629,3,0.31424855518200884
375546,-0.879749640316318,3,0.6377848444640691
375778,-1.01574695674557,3,0.07002118939892257
189043,-1.38973957692604,3,-0.4963432598659242
374204,1.2622080934445,3,1.3678176751693962
187493,0.9562141314786652,3,0.34918569202852395
375698,-1.25374226049678,3,0.26264480365080684
190814,-1.01574695674557,3,-0.11692515033445584
373980,1.05821211880061,3,-0.2201645688107053
283162,0.8202168150494051,3,0.2012516405715792
187707,0.514222853083578,3,-0.5706791691661551
283776,0.208228891117746,3,-0.143658007998664
188554,-2.00172750085769,3,-0.4079400381396357
189241,0.27622754933237603,3,0.652517731730086
189059,-0.301761045491971,3,-0.9197395481962836
188943,-1.04974628585289,3,-0.8194103318917978
374505,-1.25374226049678,3,-0.046795524614195394
189002,0.27622754933237603,3,0.42398249555545675
190733,1.39820540987375,3,0.6464645311342339
283846,0.446224194868948,3,0.30834141942887067
190076,1.22820876433718,3,0.6173096253276065
375389,0.582221511298208,3,-0.3292867431196249
190101,0.0382322455811736,3,-0.2782101103224999
375711,-0.811750982101688,3,-0.444556685320384
187583,-0.607755007457798,3,-0.45084820534041575
188500,0.8202168150494051,3,-0.1519987439897153
187514,-1.55973622246261,3,0.18212873408807131
3624697,-0.335760374599284,3,-1.2471846383191896
187536,-0.9137489694236308,3,0.40307960158456246
187976,0.990213460585978,3,-0.0580978152407335
283732,0.990213460585978,3,0.19854766332918058
187537,0.07223157468849101,3,0.7100630483844625
188521,-1.83173085532112,3,-1.278984832929971
188157,-0.471757691028543,3,-0.33790104383367575
188267,-0.233762387277341,3,-0.48433076354498183
187784,-0.199763058170029,3,0.17310922282056587
188302,-1.15174427317483,3,-0.9812420119339761
188429,-2.34172079193084,3,-0.1872742531610593
188530,0.446224194868948,3,0.053937250010795246
189819,-0.165763729062711,3,1.001768200156781
373694,-0.5737556783504859,3,-0.25090508492264774
187879,-2.61371542478935,3,-0.21020180340142353
284192,-0.437758361921226,3,-1.2892289909973478
317951,1.60220138451764,3,0.9732290275638824
187548,-0.539756349243173,3,-0.1205091047522437
190072,-0.709752994779746,3,0.2689826499434495
375717,-0.199763058170029,3,-0.7040428372134386
190045,1.36420608076644,3,0.9711613877296856
375634,-1.4237389060333503,3,-1.5261398141739508
187677,-1.0837456149601998,3,-0.3420816147175279
189003,0.9222148023713532,3,0.48959089124372673
188947,0.344226207547006,3,-0.19984163624765405
187755,-1.04974628585289,3,-1.1605062384086524
373506,-0.8457503112090009,3,0.019080863010409847
284110,1.39820540987375,3,0.35693270198627974
2437286,-3.3956999942575896,3,-1.1472302653026465
188075,-2.57971609568204,3,0.21342403701446847
336482,1.60220138451764,3,1.01018741815664
190036,1.70419937183958,3,0.6410998156679535
374362,0.8882154732640349,3,0.11447297590373383
190142,0.514222853083578,3,0.6306002726424065
187807,-1.4237389060333503,3,-0.383706297964703
336478,1.05821211880061,3,0.94145477358423
187484,0.786217485942093,3,0.6880630571479095
187510,-1.2877415896040902,3,0.38556549631186415
188345,1.67020004273227,3,0.7595819673560346
187895,1.16021010612255,3,0.5542483431922212
189766,-0.403759032813914,3,1.1542849370661348
283127,0.174229562010433,3,0.2561365107422074
375503,0.7182188277274629,3,0.9514198067156676
375582,0.871215808710379,3,0.788924477271494
283719,0.27622754933237603,3,-0.0066748640760196515
2437409,0.208228891117746,3,-0.6493674857347032
187664,1.67020004273227,3,1.0877183586405652
187678,-1.15174427317483,3,-0.40821075841945487
190499,-0.301761045491971,3,0.5307999190882862
188781,-0.0977650708480814,3,-1.2317177169827482
375417,-0.607755007457798,3,-0.6364195525357015
188317,0.75221815683478,3,-0.10084780491057492
374681,-0.7777516529943709,3,-0.14180420236864288
375681,-0.199763058170029,3,-0.419394258989317
188291,-0.607755007457798,3,-0.4467763442184412
375557,0.854216144156723,3,-0.8048918427419356
284336,-0.471757691028543,3,-0.14485959071120316
187729,0.548222182190891,3,0.29188225960871983
2437258,-1.59373555156992,3,0.48434568817270335
374388,1.22820876433718,3,0.2902137609237226
319779,-0.7267526593334019,3,0.5235205875081008
189094,-0.0297664126334563,3,0.7643235549756795
188320,0.9222148023713532,3,0.8754397158912435
189776,1.63620071362495,3,1.0874538238425886
189225,-0.233762387277341,3,-0.0800219524069548
374894,-1.59373555156992,3,0.33730570296561857
374743,0.9222148023713532,3,0.6628265689832058
188792,-0.335760374599284,3,1.266886276809835
189293,1.22820876433718,3,0.12786831231505327
373522,0.75221815683478,3,-0.2459852906487273
374718,0.378225536654318,3,0.08110083342534832
189757,1.09221144790793,3,0.16650696419617164
308008,2.28218796666393,3,0.6724909257428867
373770,-0.131764399955399,3,1.2660532500982906
283757,0.582221511298208,3,-0.3733281246413908
190198,0.514222853083578,3,0.4413194874034395
189977,0.854216144156723,3,0.8320087946128247
190810,0.8882154732640349,3,-0.3882086275390498
189039,0.9562141314786652,3,0.7406717329513814
187858,-0.947748298530943,3,-0.11236583055034328
188630,-0.7777516529943709,3,1.053250178061741
374918,0.0382322455811736,3,0.4558170898309174
187757,0.27622754933237603,3,-0.14388641813924813
284239,-0.675753665672428,3,-0.99859077925468
189168,-0.505757020135856,3,-0.8775344583636054
188633,-1.04974628585289,3,0.31425282236945745
336685,0.174229562010433,3,-0.2847759632662283
190403,0.990213460585978,3,0.5500483195628
284182,-0.0977650708480814,3,-0.4166713314393584
187705,0.27622754933237603,3,-0.07284277849212882
2437378,-1.66173420978455,3,0.7442780565085074
284277,0.7182188277274629,3,0.0709705330396951
187810,-1.66173420978455,3,-0.7546922569298578
375857,0.07223157468849101,3,-0.1604369071959915
187508,0.7182188277274629,3,1.0964756412933079
187461,0.75221815683478,3,0.3703114044794794
375589,-0.0977650708480814,3,-0.033385378513055064
189883,1.29620742255181,3,1.3186456331512206
187716,-1.2877415896040902,3,-0.1326983568998549
375813,-4.61967584212091,3,-1.2869516819767124
187756,-0.267761716384654,3,-0.1699869865993698
189068,-1.96772817175038,3,-1.1839089789061672
2437214,0.310226878439688,3,0.16633143038052475
188820,0.208228891117746,3,0.12264360561434735
375688,1.2622080934445,3,0.19501433043428068
375800,0.7352184922811191,3,-0.0202775605544747
374472,1.09221144790793,3,1.047481417312162
374479,1.2622080934445,3,0.8534784295959201
188235,-1.6957335388918602,3,-0.9365567929481302
375825,-1.32174091871141,3,-1.0273194914667352
187840,-0.0297664126334563,3,-0.36247268444699826
375997,-1.55973622246261,3,-0.0070367347862289945
189996,1.3302067516591205,3,1.0310277944954496
283598,0.0382322455811736,3,-0.10230467305030364
375941,-0.743752323887058,3,0.6527587979529065
187457,-2.68171408300398,3,0.34966496744476533
336484,0.990213460585978,3,1.078401309818296
189268,0.854216144156723,3,1.150863519273966
190190,0.106230903795803,3,0.6942665257105485
187526,-0.437758361921226,3,0.6363038317281045
187579,-0.9137489694236308,3,-1.3089761320882143
189628,0.9562141314786652,3,0.13125673181403577
374239,0.582221511298208,3,0.5647066032338146
375896,0.429224530315292,3,-0.9922818123662601
189703,-0.9137489694236308,3,-0.09130912981201866
188086,-0.879749640316318,3,-0.6218633049634459
374416,1.16021010612255,3,0.5142285777815832
375832,-0.6417543365651159,3,-0.17121135221324765
188055,0.378225536654318,3,-0.17621629667699673
188142,0.480223523976261,3,-0.16185392997841494
374531,0.446224194868948,3,0.030484791656305136
189027,-0.233762387277341,3,0.15775676521093257
189669,0.9562141314786652,3,0.893785282985307
190035,1.2622080934445,3,0.9907901637336176
375498,0.854216144156723,3,-0.6826289094986584
187901,1.12621077701524,3,0.16267346000106606
190709,1.0242127896933,3,1.0368490715225864
187728,0.650220169512833,3,0.12383760075342008
187988,-0.0977650708480814,3,-0.4622986606068161
375295,0.00423291647386105,3,-0.5418971776056454
374419,0.75221815683478,3,0.3722440933012166
375752,1.22820876433718,3,0.30827988196532957
374703,-1.76373219710649,3,-0.6988306285178574
375950,0.412224865761636,3,0.6777254637821272
373733,0.650220169512833,3,-0.2898273491573445
284203,0.480223523976261,3,0.6177363678213192
188250,-1.21974293138946,3,-1.335506300883556
283599,-1.01574695674557,3,-1.0421696549801458
190790,-0.0637657417407688,3,0.037194216387696474
187987,0.8882154732640349,3,-0.012714730240437507
189015,-0.199763058170029,3,-0.24504914639408634
374527,0.174229562010433,3,-0.5241738482303896
189629,0.582221511298208,3,0.02038746397796436
188780,-0.437758361921226,3,-0.6938710808290522
189242,0.0382322455811736,3,0.006654503934188486
319284,-1.62773488067723,3,-0.37723357951518194
188402,1.09221144790793,3,0.5963517615090955
190006,0.616220840405521,3,1.0930693883883282
374712,-1.35574024781872,3,-0.6815116310930915
336781,0.7182188277274629,3,0.42870436677714924
187588,-0.233762387277341,3,-1.5541109906322068
187834,0.14023023290311598,3,-0.10271851369407196
187981,0.480223523976261,3,-0.9224778046826556
375288,-1.32174091871141,3,-0.5892602232030368
187889,-0.0297664126334563,3,0.5030171956870315
374768,-0.6417543365651159,3,-0.12375345642882811
375509,-1.76373219710649,3,-0.7216727518540136
375371,-0.607755007457798,3,-0.0365964493012675
188369,0.514222853083578,3,0.22909634793753744
189018,-0.539756349243173,4,0.0953672170493313
284145,-1.21974293138946,4,-0.9660836343895768
374110,0.27622754933237603,4,0.21059143823198814
190089,0.7182188277274629,4,0.48320193417418317
375391,1.05821211880061,4,-0.3453798327034443
374598,0.242228220225063,4,0.09957635637910625
190813,1.16021010612255,4,1.0749504926570308
189712,1.14321044156889,4,0.21377060617002633
283300,-1.52573689335529,4,-0.6397765361064917
373743,-0.539756349243173,4,-1.0835957631338118
188543,-0.471757691028543,4,0.007749069155182177
376021,0.310226878439688,4,-0.3061655956149944
375567,1.53420272630301,4,0.36403549292318754
2437251,-3.34470100059662,4,-0.9664546926413422
283707,-1.0837456149601998,4,-0.6438450055281132
187662,-0.0977650708480814,4,-0.058322297223783195
374475,1.39820540987375,4,0.423837287106898
188603,-0.6417543365651159,4,-0.8034402375622139
187470,0.174229562010433,4,0.1632050016940301
190780,-0.743752323887058,4,-1.3269770144331425
2437048,-1.25374226049678,4,-0.48622746391352284
375696,1.16021010612255,4,0.7329828415929965
188187,0.00423291647386105,4,-0.9768837300819276
374609,-1.21974293138946,4,0.012775745187159106
283634,0.990213460585978,4,-0.2313599530690791
283179,0.7182188277274629,4,0.0526542869130401
283235,-0.165763729062711,4,0.28134069681606083
190344,-1.7977315262138,4,-0.6530790671925744
189997,1.29620742255181,4,0.9365648546350807
373674,-3.12370536139907,4,-1.1056781012175567
374961,0.378225536654318,4,-0.3953355965095448
189294,0.8202168150494051,4,-0.11383277370401057
283808,-0.36975970370660105,4,0.2215883478717314
283215,0.684219498620151,4,0.6327337176494663
376000,-0.233762387277341,4,-0.41656799866057365
374937,0.616220840405521,4,0.08095417179252726
188449,0.00423291647386105,4,0.34823736571384545
375274,-0.199763058170029,4,-0.34018785140148516
190037,0.582221511298208,4,0.5229558156419813
188464,-2.68171408300398,4,0.03088917319902771
190111,0.9222148023713532,4,0.6418648912654955
189868,1.12621077701524,4,0.5831122398476548
375446,0.27622754933237603,4,0.026336025563930894
187567,-0.199763058170029,4,-0.2682090751860084
188541,-1.11774494406752,4,-0.8554194432348962
190132,-2.8177113994332403,4,-1.262595660181115
187863,-0.539756349243173,4,-0.29657880373530227
375585,-0.471757691028543,4,0.2361566724423305
374483,0.208228891117746,4,0.47271537380255774
373769,0.00423291647386105,4,-0.13285349228148902
375409,0.9222148023713532,4,-0.2859982596881098
188156,0.14023023290311598,4,-0.32907781113833073
190138,-2.34172079193084,4,-1.3859975207444304
187986,-1.11774494406752,4,-0.6134805865203377
283779,-0.9817476276382612,4,-0.6437975884212249
374616,-0.607755007457798,4,-0.6742649925633274
374641,0.514222853083578,4,0.01415044121587996
189696,1.09221144790793,4,0.9936540275552411
283444,0.446224194868948,4,0.3557471307245676
375952,0.310226878439688,4,0.5001547915856449
375773,0.514222853083578,4,0.16742963036916222
188911,0.00423291647386105,4,0.18933114925479055
189222,-0.607755007457798,4,-0.915551823775076
284369,-0.267761716384654,4,-0.9521728192000464
188492,0.514222853083578,4,0.3214264727482705
374378,1.5682020554103202,4,1.0277724115417015
189871,0.9562141314786652,4,0.4938906860836119
374011,0.548222182190891,4,0.3818270676931112
336476,1.19420943522987,4,0.9105509979372906
188987,0.548222182190891,4,0.45649731362365736
189630,-0.0637657417407688,4,0.7363718252047696
373734,0.548222182190891,4,-0.2995062662634027
189288,0.378225536654318,4,0.045127238025265075
374590,1.3302067516591205,4,0.5696134215909848
318173,1.63620071362495,4,0.5266076510947737
187949,-1.0837456149601998,4,-0.61459852202819
187801,1.39820540987375,4,0.4410699184177979
284248,-2.30772146282352,4,-1.1513856327213292
188976,0.8202168150494051,4,0.5097551865666793
283964,-2.69871374755764,4,-0.7993660901692576
374630,0.00423291647386105,4,-0.12082284211644295
187566,-0.0977650708480814,4,-0.666650176434397
188909,-0.199763058170029,4,-1.671385074790019
188113,-2.10372548817964,4,-0.7808234726340791
283120,-0.301761045491971,4,0.13060058393371451
187500,0.582221511298208,4,0.5933439806332995
190757,-1.0837456149601998,4,0.0855013877970699
374395,1.60220138451764,4,0.9668576633610789
374956,0.0382322455811736,4,-0.05669524367502678
374568,1.60220138451764,4,0.4508613477675098
189686,1.46620406808838,4,1.444805202293444
189221,-1.0837456149601998,4,-1.075850731544501
190669,0.8202168150494051,4,1.0826642718720456
189229,0.548222182190891,4,0.2704207203881704
190795,0.8202168150494051,4,0.09307541046434079
2437415,0.7182188277274629,4,0.23698935280334135
283756,0.412224865761636,4,-0.3222579460421802
375807,-0.0637657417407688,4,-0.033469224924410776
187869,0.174229562010433,4,0.7566394923242691
188239,0.75221815683478,4,0.2864401889031825
190125,-0.199763058170029,4,-0.14591509986115792
187611,-0.199763058170029,4,0.3984033973875948
189822,1.53420272630301,4,1.2400332450602263
189201,-0.607755007457798,4,-1.02598411494958
283602,0.344226207547006,4,-0.7165522882484774
188476,-0.505757020135856,4,-0.38710583688351347
188425,-1.38973957692604,4,-0.3738209141939071
336483,1.39820540987375,4,1.1386987261857688
373863,0.27622754933237603,4,0.6504074759716022
2437280,-0.301761045491971,4,-0.22436436315918587
188146,0.480223523976261,4,0.21494811842587688
187471,1.70419937183958,4,0.07607712110945578
187711,1.0242127896933,4,0.02907115104756467
283813,0.174229562010433,4,0.33458132560052495
187681,-1.11774494406752,4,-0.8677972428022704
374017,0.9562141314786652,4,0.7621555139066433
187796,1.12621077701524,4,0.18191832975255864
374147,0.0382322455811736,4,0.12842673312966263
374024,1.16021010612255,4,-0.12441964997489802
188757,-0.0637657417407688,4,-0.0771111297922373
188482,-1.59373555156992,4,-0.18390230607639604
188249,0.480223523976261,4,-1.0028309295344553
187576,0.786217485942093,4,0.004768750935361055
187753,0.14023023290311598,4,-0.12690774544477687
187975,0.684219498620151,4,-0.07274492711678118
373485,1.19420943522987,4,0.196358723691422
190167,0.208228891117746,4,-0.1813168895026593
188906,0.344226207547006,4,0.39171847963646134
188359,1.84019668826884,4,0.8754443357180045
375746,1.7381987009469,4,0.7474441110981135
374995,1.22820876433718,4,0.836988161809482
375662,0.786217485942093,4,0.22698979965391272
376048,-0.335760374599284,4,-0.715441442287411
189991,0.990213460585978,4,0.8101423422279955
375342,-1.0837456149601998,4,-0.40503310313426877
374368,0.27622754933237603,4,-0.3110732814397574
188785,-1.55973622246261,4,-1.1373722109736397
187656,-0.6417543365651159,4,-1.0491658919774878
187760,-0.0977650708480814,4,-0.2624721296865707
187523,0.9562141314786652,4,0.328273078613015
188992,0.9222148023713532,4,0.3294469678312253
188248,0.786217485942093,4,0.43688585449081513
375545,0.412224865761636,4,0.04226435617806023
375820,-1.96772817175038,4,-1.141321962546535
190062,0.344226207547006,4,-0.3475049671264765
189319,0.786217485942093,4,0.2546500127925692
189234,0.990213460585978,4,-0.13395342226228818
189887,1.22820876433718,4,0.9650556626836725
376040,-0.743752323887058,4,0.008920499986471792
374436,0.8882154732640349,4,0.4939765113063705
189238,1.22820876433718,4,0.7187121491010627
374612,0.344226207547006,4,-0.019559073886399513
308010,-1.55973622246261,4,-0.45644793697992486
375571,-0.0977650708480814,4,-0.03884087896798769
336485,1.19420943522987,4,0.8876712085751345
187920,0.174229562010433,4,-0.4053178649418023
188237,0.7182188277274629,4,-0.0895506432119525
188028,-0.301761045491971,4,-0.21908505069204579
374592,0.07223157468849101,4,0.1696885744118584
190130,1.05821211880061,4,0.5639745764608076
373575,0.310226878439688,4,-0.3030881676607894
187527,-1.32174091871141,4,-0.7305938242442929
187473,-0.6417543365651159,4,-0.13647430942447428
374912,0.378225536654318,4,0.4927867203529623
373948,0.9222148023713532,4,0.1826515114309266
187824,0.106230903795803,4,0.009208019374594902
187549,-0.709752994779746,4,-0.27912096187760616
374688,0.14023023290311598,4,-0.06761776783569333
187826,-0.607755007457798,4,-0.2563841345075443
308254,-0.199763058170029,4,0.12367484839554807
187818,-0.0297664126334563,4,-0.21618953069252972
375817,0.3612258721006621,4,-0.2242491203048759
189811,0.582221511298208,4,0.7558475114489084
373745,0.0892312392421472,4,0.31948505644748776
189189,1.60220138451764,4,0.6476237799792269
189862,1.09221144790793,4,0.5970669181731506
190055,1.84019668826884,4,1.323268938330726
188117,0.208228891117746,4,0.770293964684024
187550,0.07223157468849101,4,0.3361614703406954
2437194,0.684219498620151,4,0.5812518792506948
187685,1.43220473898107,4,1.0069791343693597
283784,-1.25374226049678,4,-0.4494244622098221
319955,0.582221511298208,4,0.36634931915429686
318174,1.7381987009469,4,0.8588809209784801
187710,-0.675753665672428,4,-0.03385244127948712
284025,2.02719299835907,4,0.5184491891972868
188093,-0.0637657417407688,4,-1.1034404376263935
188051,-0.5737556783504859,4,-0.09212663923655598
187692,0.242228220225063,4,-0.5401877151108622
375663,0.8202168150494051,4,0.6415405822565639
375444,-0.0637657417407688,4,-0.11730561475012957
283819,0.14023023290311598,4,0.3270629263997988
190092,0.07223157468849101,4,-0.41638564840639075
188095,0.0382322455811736,4,-0.2944016968621975
284066,0.633220504959177,4,0.3794225535308346
190799,0.242228220225063,4,-0.3629877534290931
283755,-0.335760374599284,4,-0.38993332181618856
2437267,-1.62773488067723,4,-1.054984019562038
375816,0.19122922656409,4,-0.21450764253955987
189063,1.46620406808838,4,0.8306933392338062
187712,-0.8457503112090009,5,-0.09743043171660512
188370,0.446224194868948,5,0.11504330027608886
374541,0.344226207547006,5,-0.16436895642417043
188980,0.684219498620151,5,0.32865742982091173
283427,-0.403759032813914,5,-0.45358983172126816
375993,0.242228220225063,5,-0.05654346706071521
375702,0.684219498620151,5,0.48828690696118643
189889,0.9222148023713532,5,0.33295061122108904
189029,1.29620742255181,5,0.05734342568810577
375795,-1.76373219710649,5,-0.07643436052117154
189684,1.05821211880061,5,-0.5579028528190295
189346,-1.6957335388918602,5,-0.5792283595287946
373621,0.8882154732640349,5,0.3563102282886524
188335,0.9222148023713532,5,0.9557148196950658
189666,0.684219498620151,5,0.9344775644117422
374398,1.19420943522987,5,0.833080994773717
190057,0.412224865761636,5,0.9613391441293726
190071,-1.01574695674557,5,-0.24254419154140178
373654,-0.505757020135856,5,-0.07950257781886808
283194,0.548222182190891,5,0.7273142564386186
187921,0.310226878439688,5,0.08316603129260709
188053,0.344226207547006,5,-0.12291161635575573
375692,-2.88571005764787,5,-1.1064755452199773
283119,1.19420943522987,5,0.5954627741062011
189715,-0.403759032813914,5,0.5784853751582584
375802,-0.709752994779746,5,-0.12866774046235865
187603,-0.471757691028543,5,0.09190784195430532
374706,-1.11774494406752,5,-0.31064729765952476
190817,0.990213460585978,5,0.6498688514709956
188067,-0.233762387277341,5,-0.8491943143847533
374935,0.446224194868948,5,0.1061741990832793
374589,-2.78371207032593,5,-0.9011001354439889
375335,-1.55973622246261,5,-0.9247959870101545
375740,0.837216479603067,5,0.20871426994017972
283130,0.344226207547006,5,-0.38859013534492337
374548,0.616220840405521,5,0.7181057168427976
317953,1.05821211880061,5,1.2736529450893772
284236,-0.471757691028543,5,-0.47945463952353395
187555,-1.01574695674557,5,-1.2758073471812814
190816,-0.879749640316318,5,-1.0213973814500112
187474,0.480223523976261,5,0.45760370237172726
188672,0.27622754933237603,5,0.8484834999835051
188774,0.786217485942093,5,0.02660306883333073
189291,0.344226207547006,5,0.2387268587412305
283359,-0.165763729062711,5,-0.6061029236597721
375697,-0.505757020135856,5,-0.18235757920691514
375564,-0.28476138093831505,5,0.15848469969514634
375452,1.70419937183958,5,0.983032849930233
188942,0.7182188277274629,5,-0.4775029124064219
283668,0.00423291647386105,5,-0.0067303496863215
187886,-0.165763729062711,5,-0.05733137728342262
189188,-0.233762387277341,5,-1.0364425093536775
375540,0.8882154732640349,5,0.353239996497209
188913,-0.7777516529943709,5,0.19041554877050149
189020,0.582221511298208,5,0.49635190119977474
283722,1.50020339719569,5,0.15969424647012437
375716,-1.38973957692604,5,-1.3218543554458269
188443,-0.199763058170029,5,0.8006501673959165
188468,0.8202168150494051,5,-0.4313055086258915
188201,-0.709752994779746,5,-1.102162327432577
374397,1.70419937183958,5,1.013799642418627
375370,-0.7777516529943709,5,-0.46981096006738315
188379,0.9222148023713532,5,0.7217854078774746
373481,0.242228220225063,5,0.2539225134014766
188269,0.242228220225063,5,0.505354273178273
187551,0.242228220225063,5,-0.635310227420862
187985,0.208228891117746,5,-0.71113520296164
187766,-0.267761716384654,5,-0.2773636481799085
189010,0.412224865761636,5,0.404243745852468
283812,0.344226207547006,5,0.29233305931232023
374429,-0.0467660771871126,5,0.4162249841562327
284176,-0.131764399955399,5,-0.23000068392647444
283772,-1.04974628585289,5,-0.14319989369135522
375830,0.378225536654318,5,0.2633554707335922
308007,1.46620406808838,5,1.1137774581965436
283736,0.344226207547006,5,0.7325953947877868
187612,-0.233762387277341,5,0.19314617875591195
373900,0.514222853083578,5,-0.3856735535147491
374001,0.75221815683478,5,0.23571382677442015
374694,-0.0977650708480814,5,-0.03812390700612209
190792,-1.15174427317483,5,-0.7822430606503563
188036,-0.7777516529943709,5,-0.22551573290425198
376032,-2.4267191146991296,5,-1.5088892643573317
188529,-1.55973622246261,5,-0.1720522741889705
189869,0.9562141314786652,5,0.6593092501663274
188383,1.05821211880061,5,0.20103456869042807
284251,-0.36975970370660105,5,-1.2096882291819746
188999,-0.947748298530943,5,0.537215348502232
189138,-0.165763729062711,5,0.32782019834118137
283715,0.208228891117746,5,-0.3886286766513643
373672,-0.36975970370660105,5,-0.3072365715778718
375780,-0.267761716384654,5,0.2298452926252274
283214,0.9222148023713532,5,0.59441776430461
190096,0.14023023290311598,5,-0.0790113873410632
187820,-0.233762387277341,5,-0.31984071910844236
375560,-0.539756349243173,5,-0.07212075585038542
376050,1.39820540987375,5,1.3526289006111343
284368,-1.2877415896040902,5,-0.9853056821971178
284090,0.7182188277274629,5,0.17544593791369104
189928,1.36420608076644,5,1.0692589092217895
376033,0.07223157468849101,5,0.6058786079607985
374156,0.446224194868948,5,0.2512508650470758
283109,0.7182188277274629,5,-0.5101190232291568
188577,0.75221815683478,5,0.1128593809253737
188220,0.854216144156723,5,-0.25289395901288736
374763,0.378225536654318,5,0.046961175364454405
374171,-0.709752994779746,5,0.2142874254939124
189668,0.412224865761636,5,0.0496932595939841
187703,0.208228891117746,5,-0.07317146210618494
376013,-1.4917375642479802,5,-0.8313901882929549
374442,-1.2877415896040902,5,-1.2874140297075116
188401,1.05821211880061,5,1.0070930063313677
375457,-0.947748298530943,5,-0.7294603527537036
187676,-0.7777516529943709,5,-0.15274246596834384
373782,0.8202168150494051,5,0.5345469696090321
188532,0.582221511298208,5,0.7206129714771818
189232,0.0382322455811736,5,0.07195599835268413
375596,-0.335760374599284,5,-0.6509222972631465
190064,-0.165763729062711,5,0.8440604673583056
188997,-0.165763729062711,5,-1.0301587967093733
188970,0.480223523976261,5,0.3924912163847589
373991,0.310226878439688,5,-0.2537589115298474
283817,-0.9817476276382612,5,-0.6452999246972713
283801,0.0382322455811736,5,-0.28828542908922444
188734,0.7182188277274629,5,0.11127767321733445
375628,0.684219498620151,5,1.163849860418176
374669,-0.5737556783504859,5,0.0040780875201639755
318552,0.854216144156723,5,1.025442847974535
188872,1.22820876433718,5,0.9820445371907456
188327,-0.0977650708480814,5,0.19620593194432984
189667,0.174229562010433,5,0.5236831571643028
189290,0.548222182190891,5,0.6081251053805439
189343,0.14023023290311598,5,-0.703054211463858
189013,0.514222853083578,5,0.10475486093610129
188912,1.2622080934445,5,0.4072306252456069
283914,-2.27372213371621,5,-0.7016360766037169
373939,-1.55973622246261,5,0.2625558990816644
283769,-0.36975970370660105,5,-0.04328166495318374
373675,-1.66173420978455,5,-0.7790349961952334
188640,1.63620071362495,5,1.2261227385578168
188384,-0.165763729062711,5,-0.21769613940625748
189008,0.582221511298208,5,0.07374524865345526
187903,1.3302067516591205,5,0.419604003902212
187781,-2.7157134121113,5,-1.4320149177989765
373628,-0.743752323887058,5,0.5050424769365871
187754,-1.18574360228215,5,-0.8403379093930576
188506,0.412224865761636,5,0.4112064321631001
188861,0.8882154732640349,5,-0.9970910704996188
283775,-0.301761045491971,5,1.481261866267745
374537,0.616220840405521,5,0.27140756355003265
188019,-1.72973286799918,5,-0.6860490440365847
187725,0.514222853083578,5,0.18530766748788302
373903,0.344226207547006,5,-0.6222225023456245
189760,1.05821211880061,5,1.116368788379324
374567,1.60220138451764,5,0.768007719375035
375372,0.174229562010433,5,-0.3564621150853807
188137,-1.32174091871141,5,-0.029249953320472408
188079,-0.6417543365651159,5,-0.6953412590768813
188029,-0.6417543365651159,5,-0.09234287540758834
189012,0.07223157468849101,5,0.622693009137683
187691,-0.0977650708480814,5,0.42985544093056827
189287,0.7182188277274629,5,0.7389743517996645
188012,0.106230903795803,5,0.4691226448709472
187957,-0.403759032813914,5,0.2543461616562595
283859,-0.709752994779746,5,0.26090215363384006
190000,1.3302067516591205,5,1.1814397759107709
190458,0.7182188277274629,5,-0.3088466988237535
374377,0.990213460585978,5,1.0508907015858617
189248,-0.301761045491971,5,0.3560167359502872
188507,-0.36975970370660105,5,-0.1674592346012245
189090,0.174229562010433,5,0.3925423967319858
283777,0.412224865761636,5,0.1315064344951122
308253,-0.0637657417407688,5,0.3340560995879014
375859,0.07223157468849101,5,-0.031029854583956743
188000,-1.04974628585289,5,-0.25690877426985126
188326,0.378225536654318,5,0.3529061928725184
188338,0.75221815683478,5,0.17351976879426007
376001,0.0382322455811736,5,0.14712164247749587
187857,-0.8457503112090009,5,0.0923155732160586
375591,1.05821211880061,5,1.0812603152436107
374719,0.208228891117746,5,0.711746011887257
374451,-0.709752994779746,5,-0.22728613580993512
2437308,-0.165763729062711,5,0.3793173230003119
375511,0.9732137960323208,5,0.8762328848555694
374365,-2.0697261590723204,5,-0.1892644661591082
187731,0.854216144156723,5,-0.5172254339814333
189637,0.548222182190891,5,-0.11629144807551776
2437268,-0.947748298530943,5,-1.1728296321580274
189455,-0.8457503112090009,5,0.3009183178121557
319781,-0.301761045491971,5,-0.5197396563432306
374613,-1.0837456149601998,5,-0.6478973395269412
187497,1.36420608076644,5,1.3342544012455289
284224,0.582221511298208,5,-0.5789943870046068
189971,0.00423291647386105,5,0.0019750940800063177
375569,-1.38973957692604,5,-1.0763623539341973
189631,0.684219498620151,5,0.3105897428828343
375689,0.242228220225063,5,0.25274423395320983
189230,-0.675753665672428,5,-0.9315421948267124
190159,0.27622754933237603,5,0.7666714297955293
283677,-0.5737556783504859,5,-0.6162998456056765
376049,1.80619735916153,6,0.16508873489404655
375018,-0.335760374599284,6,-0.10184993981629711
189927,1.09221144790793,6,1.1154712575283088
283970,-1.89972951353575,6,-0.6361453909933228
190187,0.00423291647386105,6,0.9400416194912193
283748,0.480223523976261,6,-0.1525936960692124
283803,-0.471757691028543,6,-0.5021427750271118
283157,1.05821211880061,6,0.7424680838157343
189267,0.8202168150494051,6,1.0109215932126667
319783,0.412224865761636,6,-0.05957510217172006
187495,0.616220840405521,6,0.4401791411953523
188981,-0.233762387277341,6,0.33341646167616995
188026,0.242228220225063,6,-0.22059446109239003
187764,0.0382322455811736,6,0.4349769457945593
375524,-0.131764399955399,6,0.31475257242226246
188427,-0.505757020135856,6,-0.2987464783587573
188984,0.0382322455811736,6,0.22501687872859147
375013,0.9222148023713532,6,0.35561469649616356
375679,-1.4917375642479802,6,-0.8646087166708226
375809,-0.0127667480797952,6,-0.16769258043567267
189084,-0.131764399955399,6,-1.0295259360138762
374066,0.14023023290311598,6,0.641350042933126
188408,-0.267761716384654,6,-0.015155683512787517
2437245,-1.62773488067723,6,-1.3251138121723063
374621,-0.675753665672428,6,-0.7800665976885071
375973,-2.01872716541135,6,-1.4379658720619173
187919,1.12621077701524,6,-0.006229304872180444
283671,-0.199763058170029,6,-0.2295508502485842
283118,0.786217485942093,6,0.31169438240900377
374191,-0.7777516529943709,6,-0.22036788074069513
190274,0.8882154732640349,6,0.5975824664041746
374988,1.16021010612255,6,0.5921667704872767
188190,1.39820540987375,6,0.0803316895823245
187702,0.9562141314786652,6,0.5444430493776493
283639,0.616220840405521,6,0.43107663350275904
319283,-0.437758361921226,6,0.28970873748676873
283597,1.09221144790793,6,0.4329764136800313
375775,-0.743752323887058,6,0.6441859836109805
373832,0.106230903795803,6,-0.18868035454880655
283199,0.344226207547006,6,0.6498950914557404
375513,0.174229562010433,6,0.8243150893861904
188222,0.0382322455811736,6,-0.3610881871480896
375714,0.599221175851864,6,-0.030653311578950158
374553,-0.233762387277341,6,-0.5759601373575539
187511,-0.505757020135856,6,0.4708986872049951
188330,-0.233762387277341,6,-0.32775070748113827
283313,-1.25374226049678,6,0.20670060986119512
188243,0.650220169512833,6,0.09901854465049942
187905,-0.165763729062711,6,0.01791821451703538
189247,-0.199763058170029,6,0.402438285085513
374547,0.0382322455811736,6,-0.08692860249028658
374004,0.07223157468849101,6,-0.27991163627652627
188412,-0.301761045491971,6,-0.09649253464911348
188978,-0.199763058170029,6,0.8435812425839764
187999,-1.89972951353575,6,-0.8005620441945338
188419,0.616220840405521,6,0.018241768874193022
375169,-1.0837456149601998,6,-0.8028539984898906
187528,-0.709752994779746,6,-1.0782234798301276
374092,0.854216144156723,6,-0.07853034621796111
374151,-0.437758361921226,6,0.4489778821110186
187845,-0.131764399955399,6,-1.4327123725509994
189433,-0.9817476276382612,6,-0.328419435664277
375745,1.7721980300542095,6,0.9863340609907647
189706,0.75221815683478,6,-0.47985037878017406
190039,0.14023023290311598,6,-0.2730570588686893
189708,1.43220473898107,6,1.3405284449223038
374124,0.446224194868948,6,0.28304793433463893
375519,-0.0637657417407688,6,-0.5987615829640787
187763,-1.4577382351406598,6,-0.8614195202494097
189023,0.9222148023713532,6,0.5682579803735044
283762,0.8202168150494051,6,-0.33473111117675275
188374,-1.52573689335529,6,-0.7131660866463825
373615,1.22820876433718,6,1.0636646775636482
190195,-0.505757020135856,6,-0.3770107352490437
187556,-0.9817476276382612,6,-1.1993298129763443
187730,0.00423291647386105,6,-0.17442084225056326
189754,1.70419937183958,6,1.1673148390876062
188270,0.378225536654318,6,0.24767494681470018
190040,-0.36975970370660105,6,-0.2176868194419181
190016,1.29620742255181,6,1.0903987569522213
374747,-0.199763058170029,6,-0.2963873631969718
187867,0.480223523976261,6,-0.5236617179163913
189000,0.7182188277274629,6,0.48847479344628414
189801,1.09221144790793,6,0.9590982486835264
375851,0.344226207547006,6,-0.9395661551389829
375451,0.854216144156723,6,1.1110641240036463
187941,-0.36975970370660105,6,-0.4243395887298164
283132,0.8202168150494051,6,0.49490520486768347
375577,-0.233762387277341,6,-0.6781006239997036
190054,2.12919098568102,6,1.1590516866369645
375940,0.174229562010433,6,0.09906453803853296
188325,0.106230903795803,6,-0.0855775650590826
190434,0.514222853083578,6,0.8209308361293948
187582,0.7182188277274629,6,0.30666744521244893
187682,0.9222148023713532,6,-0.16778279299538104
283782,0.208228891117746,6,-0.7695533173954593
188094,0.378225536654318,6,0.4602030035249685
375410,-1.72973286799918,6,-0.5828648005915431
189400,-1.83173085532112,6,-0.05730073072626429
283676,0.7182188277274629,6,0.619509511479026
189626,0.548222182190891,6,0.690375005876843
374103,0.344226207547006,6,-0.4076711211764145
374600,0.412224865761636,6,0.03645532972631652
189340,-1.0837456149601998,6,-0.985653612420359
190808,-0.0297664126334563,6,-0.2837270380234969
188818,-0.233762387277341,6,-0.4211129467769608
189245,0.310226878439688,6,0.4470459429767031
375690,0.7182188277274629,6,0.5392586733094822
284322,0.174229562010433,6,-0.3647137905369748
189034,-0.199763058170029,6,0.44872539785495347
318549,1.22820876433718,6,1.2057371184055476
375553,0.27622754933237603,6,0.1831840284929593
188475,0.106230903795803,6,-0.587880273213719
188418,-0.36975970370660105,6,-0.3215716874632296
373571,0.378225536654318,6,-0.12340987788801536
190804,-0.471757691028543,6,-0.032699010995901355
189851,-0.9817476276382612,6,0.3699214563527928
190364,1.05821211880061,6,0.5510208108622742
189949,1.53420272630301,6,0.02930980439628498
374992,0.616220840405521,6,0.7100813067967819
283553,0.684219498620151,6,-0.6211570529644085
283727,-0.165763729062711,6,-0.3210470016717815
189690,0.9222148023713532,6,0.4975986242723321
284219,-0.267761716384654,6,-0.33316995241343744
190063,1.43220473898107,6,1.1447787720930904
374148,1.05821211880061,6,0.3927238078164054
189152,-0.131764399955399,6,-0.9292698571294543
188849,-2.47771810836009,6,-0.7962373086984057
190280,0.174229562010433,6,0.4047514729026878
376018,-1.0837456149601998,6,-0.9198783743169572
189909,1.29620742255181,6,0.9911759242723572
375404,-0.267761716384654,6,-0.35501291384870975
189865,-0.335760374599284,6,1.0645605894947388
374807,0.446224194868948,6,-0.18035989953081344
284069,0.446224194868948,6,0.4512304254629869
187816,0.378225536654318,6,-0.10440197632288503
190807,-0.947748298530943,6,-0.39688831408396036
187749,-2.0697261590723204,6,-0.7101482252096126
374467,0.684219498620151,6,0.9184733050626457
190008,-0.131764399955399,6,0.36079355009811653
187866,-0.199763058170029,6,-0.15510271263014616
189139,0.344226207547006,6,-0.25285780662564716
188382,0.9562141314786652,6,0.5703556111432591
187628,0.378225536654318,6,-0.07942607869215693
374914,0.854216144156723,6,0.5666902638711845
187709,0.27622754933237603,6,-0.5391880490561786
375573,-0.0977650708480814,6,0.1459533394445884
189944,-0.131764399955399,6,-0.6090142603992564
374759,1.17720977067621,6,0.4861630875685094
375977,-3.786692278991701,6,-0.7899748415532817
375724,-1.32174091871141,6,-1.1759186353646343
190029,0.412224865761636,6,0.7622325204039788
187472,0.9562141314786652,6,0.7252799447654281
187989,-1.89972951353575,6,-0.19300414124388338
285674,0.480223523976261,6,-0.4678419900318758
376022,-0.437758361921226,6,-0.9308852872424027
337841,-0.539756349243173,6,0.3018085472149405
374665,-0.301761045491971,6,-0.10845026127657563
283456,0.412224865761636,6,0.15552779939554395
187687,0.310226878439688,6,0.1825246711526077
283163,0.514222853083578,6,0.613401965120851
188907,-0.811750982101688,6,-1.0864756379153904
188702,0.208228891117746,6,-0.2917489473619997
283471,-0.233762387277341,6,-0.585316314520414
375341,0.8882154732640349,6,-0.2876697841919386
284338,1.29620742255181,6,1.0195113563531566
187772,-1.18574360228215,6,-0.6876993510690055
190059,0.650220169512833,6,0.7403823092626092
187589,0.310226878439688,6,0.39340333087123086
188110,1.16021010612255,6,0.7514003992825966
189091,0.242228220225063,6,-0.08760176533649622
188009,0.378225536654318,6,0.13240027932634335
2437395,0.75221815683478,6,1.2483662060429368
187876,0.8882154732640349,6,0.19604716881452752
187767,-0.5737556783504859,6,-0.34199757876016235
374532,0.582221511298208,6,0.740445947629764
188895,0.0382322455811736,6,0.31999270894869875
2436958,-1.15174427317483,6,-0.5887238853251109
190158,0.8202168150494051,6,-0.034894627984334965
187502,0.7182188277274629,6,0.5079995452014685
189723,1.29620742255181,6,0.9543198626623095
188376,0.854216144156723,6,0.10791656808149158
375205,-1.15174427317483,6,-0.7309452177580515
189085,-0.811750982101688,6,-1.101691322034196
189239,0.208228891117746,6,0.11891179987073267
188497,1.46620406808838,6,0.28814660478452403
373649,-0.709752994779746,6,-0.5217285211229337
375998,0.344226207547006,6,0.8074055116212199
190278,0.9222148023713532,6,0.7470929180414088
187607,0.378225536654318,6,0.5735277345312497
376002,0.00423291647386105,6,-0.3290493683306906
189957,0.00423291647386105,6,-0.430787541938199
283431,0.8202168150494051,6,-0.240680436666157
188035,-2.10372548817964,6,-0.5528011160737025
188552,0.310226878439688,6,0.048362054425053654
3646845,0.616220840405521,6,0.4617643300115833
188545,-1.83173085532112,6,-0.9449488299674231
188896,1.19420943522987,6,0.574335727132659
336477,0.242228220225063,6,1.1842688946771296
190081,0.990213460585978,6,0.16968655320601989
156377,1.94219467559079,7,0.13166138151278037
318175,1.2622080934445,7,1.0893085733711931
187855,-2.68171408300398,7,-0.8400966227015536
375823,-1.25374226049678,7,0.1388948764969742
283751,0.378225536654318,7,-0.6919414423649867
190783,0.9222148023713532,7,0.659792035354995
375518,0.854216144156723,7,0.3570737771124284
374158,0.106230903795803,7,0.22094443120243154
189078,-0.267761716384654,7,0.14016230516137393
373861,-0.6417543365651159,7,-0.3254272559073753
188396,0.0382322455811736,7,-1.2450570721393244
283742,1.05821211880061,7,-0.6114616266648952
190189,0.582221511298208,7,0.7380987909240382
283823,0.650220169512833,7,0.2859405504202186
373850,0.14023023290311598,7,-0.22662535779088525
375539,0.582221511298208,7,-0.09924181432581253
375411,-0.403759032813914,7,-0.5365249233086506
375922,-3.76969261443805,7,-0.7139160377480475
284189,1.70419937183958,7,0.44561749694334385
283876,-0.8457503112090009,7,-0.16075459479440352
373578,-0.539756349243173,7,-0.9496932844354901
187786,0.480223523976261,7,-0.4908426989760546
283107,0.480223523976261,7,0.19982756410867528
187877,-2.7497127412186098,7,-1.1624380945316526
189282,0.650220169512833,7,-0.06580294755011415
187946,-0.811750982101688,7,-0.5078069442562263
188733,-1.4917375642479802,7,-0.07000868498221152
188329,0.480223523976261,7,0.14523739664638272
190022,0.446224194868948,7,0.5965238718184147
188336,-1.7977315262138,7,-0.6050261911403123
336481,0.548222182190891,7,0.7969385125226834
187794,-0.607755007457798,7,-0.7138884637772812
189243,0.174229562010433,7,0.143671132221064
373773,0.242228220225063,7,0.3734528900223974
374062,-1.15174427317483,7,-0.6332120455787971
189093,-0.131764399955399,7,0.2679145570853771
190277,1.12621077701524,7,1.1544551365882234
374412,0.548222182190891,7,1.0651770360843678
283830,0.344226207547006,7,0.4174368646809874
283664,0.412224865761636,7,0.38844466731799565
188038,-0.199763058170029,7,-0.4924005656655539
187584,0.412224865761636,7,-0.6697882006722551
284265,-1.01574695674557,7,-0.04769397278140054
187945,-1.96772817175038,7,-0.20986832555945292
189309,0.446224194868948,7,0.16271540436940446
283815,-1.52573689335529,7,-1.134726247054064
189858,1.05821211880061,7,1.1555808346268515
283183,-0.5737556783504859,7,0.013550784104668936
375695,-2.7497127412186098,7,-0.8036075719650716
188377,0.27622754933237603,7,-0.4666847698831089
188282,-0.8457503112090009,7,0.21002619408603182
283182,0.242228220225063,7,0.6538772730135622
283176,0.9562141314786652,7,-0.08834879416835129
375461,-2.10372548817964,7,-1.053283501452137
189032,1.29620742255181,7,0.2590707778161029
190102,1.70419937183958,7,1.3723469326411322
188349,0.0382322455811736,7,-0.46388643094890203
374640,0.14023023290311598,7,-0.026060081441257717
188154,-0.301761045491971,7,0.09575835907329319
188031,0.310226878439688,7,-0.2739543985090676
190126,0.990213460585978,7,0.6096875699455829
284291,1.50020339719569,7,0.11786977551406272
187793,-1.35574024781872,7,0.04217918598248984
375434,0.378225536654318,7,-0.19382384049502624
190121,1.09221144790793,7,0.6844459704188772
375748,1.16021010612255,7,1.1467985055689662
188848,0.344226207547006,7,-1.0231610961105482
189246,1.22820876433718,7,0.44208110622904134
187971,-0.0637657417407688,7,-0.15141228998225809
375917,1.22820876433718,7,0.5849025668877913
189240,0.9222148023713532,7,0.652653198501951
188822,1.0242127896933,7,0.2602042077425615
375975,-1.2877415896040902,7,-0.08212378053986388
375037,-0.5737556783504859,7,-0.7249866824720212
187765,0.242228220225063,7,-0.016486920979821247
190186,0.616220840405521,7,0.7398108033032526
284280,-1.11774494406752,7,-0.7627701687532082
375640,0.106230903795803,7,0.1390678680839331
188768,-1.04974628585289,7,-1.0511384037769564
284132,-0.131764399955399,7,-0.277140710767168
374109,0.7182188277274629,7,1.100971901291798
319280,-0.131764399955399,7,-0.051263381253694715
188160,0.344226207547006,7,-0.4303242783673767
375735,-0.0297664126334563,7,0.6047703530371296
187911,-2.5117174374674103,7,-1.1647377361479243
283603,-0.0637657417407688,7,-0.365596454934228
187838,0.548222182190891,7,-0.006421458240787235
375682,0.582221511298208,7,0.0360402773559494
283778,0.344226207547006,7,-0.33271110454042957
187848,0.242228220225063,7,-0.056870292836147335
189392,0.480223523976261,7,0.28824490759812343
189700,0.75221815683478,7,-0.017207953785440523
373986,0.9562141314786652,7,-0.5166704235451159
188048,0.106230903795803,7,-0.060404560040201095
375810,-2.76671240577227,7,-1.1116454200477859
2437408,-0.0297664126334563,7,-0.797006888242177
373623,0.412224865761636,7,-0.34267494574175517
188259,0.548222182190891,7,0.4645942438719086
189615,0.650220169512833,7,-0.24249240371021388
319282,-0.437758361921226,7,-0.17201438479740902
375017,0.616220840405521,7,0.2943441518125702
190143,0.650220169512833,7,0.052872783498967714
2437244,-1.76373219710649,7,-0.03155917582801934
188189,-0.709752994779746,7,-0.8781649251660805
188969,0.8202168150494051,7,0.3823147530901635
375727,0.8202168150494051,7,-1.3673072185674204
189808,-0.0637657417407688,7,1.3163895282992693
187780,-0.335760374599284,7,0.004198575804526934
187752,-0.403759032813914,7,-0.1862926700909157
2437340,-0.335760374599284,7,-0.17297033042360407
190711,1.22820876433718,7,1.031867595845542
187489,-0.5737556783504859,7,0.06876494219766635
189107,-0.743752323887058,7,-0.8681983714240262
375583,1.2622080934445,7,0.6071786658963204
187973,0.548222182190891,7,0.08465861121627469
283740,1.12621077701524,7,-1.0462194305200492
187741,1.84019668826884,7,0.7490684436485268
376047,-1.66173420978455,7,-0.6164504794793475
188759,0.344226207547006,7,-0.8291377257025929
283789,0.310226878439688,7,-0.351608386403215
283232,0.684219498620151,7,0.04943340820483481
190086,0.786217485942093,7,0.2653220175444634
284168,-0.0977650708480814,7,-0.6777173078871956
187649,0.242228220225063,7,-0.06998206334161698
189972,0.446224194868948,7,0.17133974732714816
283760,-0.335760374599284,7,-0.7676256513024575
188006,-0.301761045491971,7,-0.3967650465326583
188101,0.582221511298208,7,0.1781118128777506
189792,1.12621077701524,7,0.3986524190078806
188365,0.27622754933237603,7,0.25305187360577547
374693,-0.505757020135856,7,-1.5406927440940097
187675,0.446224194868948,7,0.18508396662227194
188121,-0.607755007457798,7,-0.7620935727587075
373851,0.378225536654318,7,0.22479894487478227
189046,0.378225536654318,7,0.1281054043089311
188469,-3.29370200693564,7,-0.773680169909148
187648,0.650220169512833,7,0.20907093167880894
187717,-0.437758361921226,7,-0.13756440987249893
188708,0.548222182190891,7,0.6862713473945377
375875,-0.0977650708480814,7,0.2935555791953023
188056,0.582221511298208,7,0.809662200873881
187700,-0.0637657417407688,7,0.28678834283951765
283117,0.786217485942093,7,0.6804713546666339
374689,0.616220840405521,7,0.0803391642699347
375556,-0.437758361921226,7,-0.08282665381066179
190175,0.9222148023713532,7,0.42536149760294295
188096,-0.879749640316318,7,-0.30743109806290536
374339,1.22820876433718,7,1.0725659639822516
375894,0.378225536654318,7,0.18006664732629948
189749,1.60220138451764,7,1.4911645858006886
374638,-0.539756349243173,7,-0.18870667298598146
188472,0.9562141314786652,7,0.2014979577786258
187629,-0.0977650708480814,7,0.004541868858205303
283759,0.00423291647386105,7,-0.23852717865141196
283125,-2.6647144184503304,7,-0.9532576496134462
189292,-0.403759032813914,7,-0.0003821882439980287
375799,-1.11774494406752,7,-1.2645758201562485
188052,-0.0977650708480814,7,-0.2280228425069221
283822,0.174229562010433,7,0.22216734090351778
374622,0.344226207547006,7,0.149938500030906
283145,-0.709752994779746,7,-0.4115248126791594
188901,1.05821211880061,7,-1.0135696834954628
376004,-0.947748298530943,7,-0.8843294034842502
188454,-0.233762387277341,7,-0.09471327114970321
187665,-0.9137489694236308,7,0.27390246993553913
190164,-2.0697261590723204,7,-0.5035286290893091
190782,0.174229562010433,7,-0.2912945747566705
375590,0.7182188277274629,7,0.8129717805276324
374646,0.07223157468849101,7,-0.04888208216534603
188765,0.07223157468849101,7,0.3766132351327614
319279,0.446224194868948,7,0.28763458678822584
187699,1.3302067516591205,7,0.5612778811316053
188998,0.480223523976261,7,0.37224623703627857
283968,1.12621077701524,7,-0.2882576258549941
187803,-0.301761045491971,7,-0.03838260146582092
190056,1.29620742255181,7,0.40554353403791354
189955,-0.0977650708480814,7,-0.4060167899135555
189004,-0.437758361921226,7,0.36899457321176377
283791,-4.12668557006485,7,-0.2601535834131886
375742,1.43220473898107,7,-0.13008448036036474
373651,0.208228891117746,7,0.2961760539921251
374139,-0.471757691028543,7,-0.03764856394507112
308266,0.7182188277274629,7,-0.2853839249670006
188155,0.446224194868948,7,-0.3331977602371153
189872,1.3302067516591205,7,1.4110099630408803
188122,-0.267761716384654,7,-0.088663863240282
374696,-0.335760374599284,7,-1.3818986195048233
188445,0.582221511298208,7,0.6867215964605664
189308,-0.233762387277341,7,0.3998465179571989
188415,0.548222182190891,7,0.9711586990632632
187881,-1.04974628585289,7,-0.817048325947069
190797,-0.675753665672428,7,-0.44262400850486966
283656,1.14321044156889,7,0.5275493241383644
187671,-0.607755007457798,7,-1.3514273572037643
188015,0.616220840405521,7,0.32016865616046913
189081,0.548222182190891,7,0.2470717166924811
188764,-2.88571005764787,7,-1.3873786502089869
2436902,-0.301761045491971,7,-0.765051419384583
375376,-0.403759032813914,7,-0.7521272947741866
375578,0.378225536654318,7,-0.12723947634943195
187481,1.22820876433718,8,1.045045993258194
374063,0.548222182190891,8,0.3652416170353224
283220,1.22820876433718,8,-0.10174748801112492
374969,-1.4577382351406598,8,-0.23435218136904984
188362,1.39820540987375,8,0.70196333326898
318178,1.7721980300542095,8,1.075126503879084
283633,-1.4917375642479802,8,-0.6164322778251214
189834,1.22820876433718,8,1.3225748237432027
374740,0.9222148023713532,8,-0.2950797975432419
317891,-0.301761045491971,8,-0.5558868227122584
187822,-0.675753665672428,8,-0.4363531034157282
187990,-0.36975970370660105,8,0.604837525472843
284120,0.14023023290311598,8,-0.9241592007274568
190811,0.616220840405521,8,0.8791332848320738
375933,-1.86573018442843,8,-0.6369157414678109
188054,-2.5117174374674103,8,-0.7237163354767652
188496,0.616220840405521,8,0.23087529950653995
187795,-0.0637657417407688,8,-0.6316004663550412
187980,0.650220169512833,8,-0.5372845205427932
308006,1.50020339719569,8,0.687404204879018
188758,-1.21974293138946,8,-1.1786048598646894
374108,1.5682020554103202,8,0.7831171170451816
375355,-0.879749640316318,8,-1.2640357778012408
375743,0.310226878439688,8,-0.17129338072321038
375310,-1.6957335388918602,8,-0.3754993015369064
374371,-0.199763058170029,8,0.5153636990316725
188458,0.174229562010433,8,-0.6995721020922123
374500,0.07223157468849101,8,-0.11018368178465872
187846,-1.59373555156992,8,-0.3213972206675009
187938,-1.21974293138946,8,-0.2289983019159988
187591,0.8882154732640349,8,0.18136734008749328
283445,0.27622754933237603,8,-0.16181397651780055
375788,-1.4917375642479802,8,-0.9041420063551667
189919,0.9222148023713532,8,1.0768816854666843
375956,0.8202168150494051,8,0.789683615329639
190703,0.208228891117746,8,0.26701695361074756
2437266,-0.539756349243173,8,-1.2881381353016104
190116,0.174229562010433,8,0.13007615366870579
375548,0.9222148023713532,8,0.14825648634115474
375392,-0.301761045491971,8,-0.9157263391877173
375432,-1.72973286799918,8,-1.0552632676356746
187852,-1.89972951353575,8,-1.0079069081028598
284272,-1.52573689335529,8,-1.2640923089156422
188636,1.53420272630301,8,0.4648069736088492
187817,0.4972231885299221,8,-0.43413209098576216
2437263,-1.2877415896040902,8,-1.1631077471327391
188932,0.00423291647386105,8,0.4512220986129356
374588,0.684219498620151,8,0.1075651248965812
374385,-0.437758361921226,8,0.15156890634668868
283726,-0.5737556783504859,8,-0.21081614354075456
375726,-2.7327130766649503,8,-0.4012943446980796
188378,1.16021010612255,8,0.34221339242645116
190732,1.0242127896933,8,1.0658493461747753
2437256,-1.72973286799918,8,0.1832444459270996
374186,-0.9137489694236308,8,-0.33554133372546374
374599,-0.0637657417407688,8,-0.13528491666836184
375460,-1.78073186166015,8,-1.0300440243189748
283600,-0.6417543365651159,8,-0.7416145066008919
190796,-2.0697261590723204,8,-0.4318414147353803
373739,0.8202168150494051,8,0.4422151363975128
188104,0.446224194868948,8,-0.28394998801115107
187690,0.446224194868948,8,-0.1509788719749422
375598,-1.21974293138946,8,-0.8353107906081225
187850,-0.0977650708480814,8,-0.12439906187351096
190803,0.412224865761636,8,-0.07150552308423522
188398,0.27622754933237603,8,-0.2664308667225258
283753,0.8032171504957489,8,-0.596658809040338
187574,-0.437758361921226,8,-0.371841817471865
375838,-0.947748298530943,8,-0.714686449961982
187610,1.05821211880061,8,0.34019363338591707
190150,-1.66173420978455,8,0.10347052148103818
375850,-0.335760374599284,8,0.6602400315766715
189859,0.514222853083578,8,0.20913442242900854
374742,0.616220840405521,8,0.23602298298041163
375784,-0.5737556783504859,8,-0.8195470347640461
189980,1.2622080934445,8,1.2492839118767511
375621,-0.36975970370660105,8,-1.2535591322033142
373760,-0.743752323887058,8,-0.2661458590485048
187482,0.174229562010433,8,1.3409809265531811
338067,0.14023023290311598,8,0.23062844816042716
190144,0.106230903795803,8,0.261314491126701
375666,0.9562141314786652,8,0.3878774793922645
187563,-1.96772817175038,8,-0.8064236622639765
189076,-1.04974628585289,8,-0.7601826057703205
187832,0.786217485942093,8,0.33055834771091464
284357,-1.01574695674557,8,-0.925537249460335
374739,0.514222853083578,8,-1.1212876734450963
187972,-0.0977650708480814,8,0.0069649846755433925
2437248,0.27622754933237603,8,0.4770527988422684
187587,-1.89972951353575,8,-0.8166566770700103
373682,-0.165763729062711,8,-0.1796490382602255
374691,-2.39271978559181,8,-0.0769033446018324
188601,-0.6417543365651159,8,-0.7596724598369142
189028,-1.04974628585289,8,-0.05315072440369625
189014,0.07223157468849101,8,0.2474877741153847
374702,-1.21974293138946,8,-0.4900705839343464
374607,-1.96772817175038,8,-1.0272165478393158
188255,-1.11774494406752,8,-1.3052757843613079
189390,0.412224865761636,8,0.31557417800534543
187839,0.344226207547006,8,0.015309337945947507
374610,-0.8457503112090009,8,0.13888330250213193
190115,0.446224194868948,8,0.2572997142336469
190769,-1.38973957692604,8,-0.7189018410170052
188232,-0.0977650708480814,8,-0.01795562636450287
373925,-0.199763058170029,8,-0.12555709172078533
188244,-0.709752994779746,8,-1.2063272821213218
374183,-0.7777516529943709,8,0.48543328588282725
284373,0.514222853083578,8,0.1478048078035607
373690,0.344226207547006,8,-0.17560310518190153
283667,0.582221511298208,8,-0.029428144402246077
188375,0.684219498620151,8,0.24172562498021238
187561,0.310226878439688,8,-0.32721502992027846
2436999,-0.6417543365651159,8,-0.38954120062299336
374617,0.480223523976261,8,-0.19720509241339257
284319,0.446224194868948,8,0.39303485215175576
189077,-1.0837456149601998,8,-0.8663195714692138
187954,-0.165763729062711,8,0.1957643538384844
188421,-2.0697261590723204,8,-1.0761799804947234
189244,-0.505757020135856,8,-0.3699222480450269
189223,-0.0977650708480814,8,-0.16094607542670425
188018,-1.86573018442843,8,-0.5490040255752628
375016,1.5682020554103202,8,1.0720848661986833
188846,-1.11774494406752,8,-0.417976171420763
283781,0.9222148023713532,8,1.0152004719964958
188549,-1.32174091871141,8,-0.8184744905034581
375934,-0.267761716384654,8,0.05447127809557427
375790,-0.199763058170029,8,-0.6835038098794537
188876,0.07223157468849101,8,0.3446633045549607
375935,1.0242127896933,8,0.7262487374053095
188254,-1.72973286799918,8,-1.1180727434901738
188982,0.242228220225063,8,0.4291928659715405
188037,-0.437758361921226,8,-0.6234482148011318
374814,-0.5737556783504859,8,0.10834287723962087
190068,0.378225536654318,8,0.6070164744068487
189134,-0.7777516529943709,8,-0.9004456041548103
188224,0.106230903795803,8,-0.3119817165592312
2437282,-0.505757020135856,8,-0.012628927729985504
373758,0.14023023290311598,8,-0.5039258879236106
374401,-0.301761045491971,8,-0.2981483815047169
189804,0.548222182190891,8,0.9331922123536358
189035,0.00423291647386105,8,0.2532285411936665
2437412,1.16021010612255,8,0.05264938438752674
375499,-0.301761045491971,8,-0.21373680316764176
188974,-0.5737556783504859,8,0.15492931028403228
188944,-0.131764399955399,8,-0.40328580515487134
374545,-0.9817476276382612,8,0.22825935088337368
189253,-0.335760374599284,8,-1.5430072885727089
188324,-0.0637657417407688,8,-0.3743630766700547
375315,0.684219498620151,8,-0.6135612893172668
375957,1.09221144790793,8,0.5530464675327408
188923,1.16021010612255,8,0.7453591802896598
375719,-0.36975970370660105,8,-1.005660996816975
375500,1.16021010612255,8,0.2544391264839911
374746,-1.35574024781872,8,-0.25276151281465126
283839,-0.709752994779746,8,-0.25299085164530094
188436,0.9222148023713532,8,-0.5430986320305347
375694,0.106230903795803,8,0.1475737073759546
284281,0.310226878439688,8,0.1957054422248573
374944,0.14023023290311598,8,-0.38504428943184815
188698,0.106230903795803,8,-0.30495750853320674
374663,0.27622754933237603,8,0.15029134796080978
375627,0.480223523976261,8,0.9418603033227826
188312,0.208228891117746,8,0.28084650012393436
376015,-0.36975970370660105,8,-1.3349098150993524
283641,0.378225536654318,8,-0.11895621785840946
284161,-2.68171408300398,8,-1.2034077319582772
374361,0.07223157468849101,8,-0.23343573762305642
375465,-2.30772146282352,8,-0.5311042778652341
375437,-0.36975970370660105,8,-0.3746844305282688
284371,-1.32174091871141,8,-0.7919183159704801
374659,0.480223523976261,8,-0.410277042628255
374367,0.14023023290311598,8,-0.5626249203788305
283126,-0.199763058170029,8,-0.8235353118997193
375835,-2.1717241463942702,8,-0.15911810621745448
187874,-0.879749640316318,8,-0.6126451363367138
189624,0.75221815683478,8,0.17508359510746097
187751,-0.8457503112090009,8,-0.45782268178640667
319784,-1.4237389060333503,8,-0.4076079992173306
375505,-2.32472112737718,8,-0.24506601439370784
187464,-2.40971945014547,8,-0.6017443575049183
187544,0.378225536654318,8,0.4268991907703707
283718,0.7182188277274629,8,-0.05128723482777424
190734,1.36420608076644,8,0.9487839125109498
189756,0.8202168150494051,8,1.2516261214134092
189833,1.36420608076644,8,1.0313209210570247
283844,-0.131764399955399,8,-0.050196487599411456
374608,-0.505757020135856,8,0.11690536974959768
375475,0.684219498620151,8,0.3428221638810817
190800,-0.9817476276382612,8,-1.1217945772506306
189237,0.480223523976261,8,0.9384407639415056
188225,-0.267761716384654,8,-0.32977186748613463
374363,-0.8457503112090009,8,-0.19285922808652473
284304,0.75221815683478,8,-0.18989244130565558
284334,0.8202168150494051,8,0.520275055802284
187518,1.12621077701524,8,-0.32044455561483615
187456,-0.199763058170029,8,-0.2938106929898485
187977,-0.335760374599284,8,0.20853073935759925
187823,-0.7777516529943709,8,-0.3950752659588181
374655,0.378225536654318,8,-0.09149632528980481
336479,1.19420943522987,8,0.5900094153077194
190137,-1.21974293138946,9,1.3341395430686485
374165,-0.709752994779746,9,0.2657227423580658
188494,-0.233762387277341,9,0.3365776878551957
189137,-1.4577382351406598,9,0.5451331315412734
283325,-0.165763729062711,9,-0.813135454433768
189421,0.378225536654318,9,0.014015639289114437
375767,1.46620406808838,9,0.3899205238108811
375781,0.8202168150494051,9,0.7470600522178945
374825,-2.00172750085769,9,-0.7144883215932369
284202,1.2622080934445,9,-0.17368962630617885
284335,1.05821211880061,9,0.3649421337066673
375710,0.106230903795803,9,0.16637926710384843
373756,0.0382322455811736,9,0.761942951731411
188558,1.36420608076644,9,0.796991529721339
189844,1.07521178335426,9,0.477915923584086
187674,0.9562141314786652,9,-0.012880787607954351
284164,0.75221815683478,9,0.10518538609370676
190051,0.684219498620151,9,0.6840318890331697
189164,-1.4577382351406598,9,-0.8615771707335831
189047,1.05821211880061,9,0.37645856792683074
284312,0.208228891117746,9,0.13345609928326535
188467,0.310226878439688,9,-0.1793380283668254
373780,0.14023023290311598,9,0.35542994842487236
374631,-2.27372213371621,9,-0.022260990628604455
188287,1.22820876433718,9,0.4873892686709194
188989,0.480223523976261,9,0.12952970050509444
187658,-1.66173420978455,9,-0.7182528935868858
308265,0.650220169512833,9,0.3392403074378472
375433,1.12621077701524,9,0.5192894757572406
283962,-1.96772817175038,9,-0.4449547136785655
188363,0.8882154732640349,9,0.8659823794535761
190702,-0.0977650708480814,9,0.2731337123071535
189864,0.7182188277274629,9,1.273524812906589
189109,-2.00172750085769,9,-0.8690873945158428
188405,1.5682020554103202,9,0.8210648738479567
189842,0.8202168150494051,9,1.2286560572862462
375791,0.27622754933237603,9,-0.1611458502004546
190100,0.548222182190891,9,1.1979666690537158
188897,0.616220840405521,9,0.2207774943582442
187522,-0.131764399955399,9,-0.27568555222305346
187655,0.242228220225063,9,-0.1930546187352396
375971,-2.8177113994332403,9,-1.2306284514352543
188040,-0.607755007457798,9,-0.7984953270934614
190141,-1.86573018442843,9,-1.3718742313775967
375608,-0.301761045491971,9,-1.402175253651406
187758,0.0382322455811736,9,-0.15063983091516273
190127,0.9562141314786652,9,0.8094960631123731
375972,0.514222853083578,9,0.9121078969728147
189022,-0.267761716384654,9,-0.037374383660233
188286,0.9222148023713532,9,0.28409628894052547
374978,0.616220840405521,9,0.7752459776392436
375739,0.07223157468849101,9,0.01773484959509026
188934,0.242228220225063,9,0.45520019674374224
374686,-0.267761716384654,9,-0.8506596060353567
189224,-0.233762387277341,9,-0.01704551034823651
188448,1.46620406808838,9,0.9431415070717968
188816,1.12621077701524,9,0.8065755770796876
374471,1.05821211880061,9,0.8091968228089992
375449,-0.5737556783504859,9,-0.22626693414097543
188328,-0.165763729062711,9,-0.42781519111683114
188111,-2.7497127412186098,9,-1.0138908319016096
190149,-0.233762387277341,9,0.0685080830267856
188214,-1.11774494406752,9,-1.1354823187368996
190088,-0.675753665672428,9,-0.40365345709582373
283165,0.27622754933237603,9,-0.372926939314284
189885,-0.709752994779746,9,0.45683304399171226
188229,0.106230903795803,9,-0.36687890518879535
375552,-0.233762387277341,9,-0.082207025084998
375645,0.990213460585978,9,0.7065665949907513
374185,-0.7777516529943709,9,0.6760490484520079
187654,1.63620071362495,9,0.9656183181889065
284162,-1.59373555156992,9,-1.4189948268417771
375932,-0.0637657417407688,9,0.24599195890072742
187928,-0.947748298530943,9,-0.12136917313196197
283833,0.854216144156723,9,-0.6370820958877759
375527,-0.8457503112090009,9,-0.5152891798034079
375954,0.378225536654318,9,0.29304023557096986
375456,-0.8457503112090009,9,-0.5658813375837086
336783,1.07521178335426,9,-0.1505279031322295
188434,1.22820876433718,9,0.6236690095227124
373912,0.9562141314786652,9,0.7155690392449903
189755,0.8202168150494051,9,0.8517931470698906
375579,0.310226878439688,9,-0.38886894563030655
283104,-0.301761045491971,9,-0.22987480599162072
187469,0.174229562010433,9,0.4174476172966364
283838,0.446224194868948,9,0.1477929786567416
187791,-1.4237389060333503,9,-0.9286385110583641
189041,0.7182188277274629,9,0.25764691280400903
190015,0.446224194868948,9,0.842349496198245
189194,-2.0697261590723204,9,-1.007504197616441
283202,0.582221511298208,9,0.32826984745180915
374445,-1.59373555156992,9,-1.139725414616652
283616,0.75221815683478,9,0.42027148180994117
375765,-0.743752323887058,9,1.8655272122259159
375383,-1.86573018442843,9,-0.6807038002074989
190213,1.12621077701524,9,0.4659034868341127
187935,-0.8457503112090009,9,0.4558681345702878
189970,-1.25374226049678,9,-0.2420055210795948
375976,0.07223157468849101,9,-0.014348706254988866
284278,1.05821211880061,9,1.0425864549109327
189384,0.00423291647386105,9,-0.03453032504886628
374174,-0.267761716384654,9,0.7165593531544936
187904,-0.0977650708480814,9,0.3226400301405861
188667,0.27622754933237603,9,0.3775439618696511
188413,0.344226207547006,9,0.041573308311116074
190157,0.582221511298208,9,0.20785908798782546
284100,0.00423291647386105,9,0.15754877012027274
188236,-0.743752323887058,9,-0.6403852506874113
188786,-0.743752323887058,9,-0.8461506532688183
283177,0.990213460585978,9,0.49707037147673355
187974,-0.6417543365651159,9,-0.3045493882876951
374913,0.208228891117746,9,0.7944977099533792
374611,1.05821211880061,9,-0.004867462043246489
374359,0.14023023290311598,9,0.368093782260082
189689,0.582221511298208,9,1.1805867129539642
283625,0.27622754933237603,9,-0.25065028851837895
283158,-0.165763729062711,9,-0.010667195596417628
190007,-0.0637657417407688,9,1.1897259546802406
375842,-0.8457503112090009,9,0.4616365635250372
189805,0.378225536654318,9,1.149043588875634
375458,2.02719299835907,9,0.9324558715160609
190561,0.9562141314786652,9,0.18614689676729249
189006,0.0382322455811736,9,0.2705373771297636
283938,-0.0637657417407688,9,-0.6386897868484792
187704,-0.267761716384654,9,0.000735241610433944
189670,0.650220169512833,9,0.667148364433622
374197,-0.539756349243173,9,0.7740381240714473
284209,-2.86871039309421,9,-1.1826166346683793
189732,-0.505757020135856,9,0.4489127212759268
189277,0.9562141314786652,9,0.02566753680954318
375453,-0.6417543365651159,9,-0.5429067968094083
283969,0.07223157468849101,9,0.32816438442377543
189623,0.616220840405521,9,-0.0018180267772026915
187924,-2.64771475389667,9,-0.6036057315840708
189157,-0.165763729062711,9,-0.6715724542626431
187636,0.208228891117746,9,0.2775791902659079
376010,-1.25374226049678,9,-0.8966651876990264
375747,2.01019333380541,9,1.0795065586096577
373655,0.786217485942093,9,-0.35134273827228774
190789,0.990213460585978,9,0.06274603278335891
189302,-1.66173420978455,9,0.03832954708971339
283828,-0.267761716384654,9,-0.04085770706449193
190708,0.446224194868948,9,0.33113692071325596
188145,-0.811750982101688,9,-0.399931755234303
284059,1.09221144790793,9,0.46969769380718834
373635,0.412224865761636,9,-0.16553057050585218
2437377,0.208228891117746,9,0.06418845055078676
374392,1.29620742255181,9,0.7642072913700493
187995,-0.505757020135856,9,-0.26056800041451506
190163,-0.165763729062711,9,0.49304929681820003
187914,0.75221815683478,9,0.2802825532450141
375243,-1.7977315262138,9,-0.4382761054001511
308211,-0.36975970370660105,9,-0.9024342554653014
375441,-0.879749640316318,9,-1.1468107802718277
190784,0.344226207547006,9,0.44495742134981237
374190,0.786217485942093,9,1.2047706174935335
187663,0.106230903795803,9,-0.14194754895018563
187590,-0.199763058170029,9,0.06755330644460034
189809,0.9562141314786652,9,1.1875757765084642
375883,-0.437758361921226,9,-0.17044331695105042
187951,-1.0837456149601998,9,-1.0573866059556938
189017,-0.131764399955399,9,0.3375477132531329
189099,-1.15174427317483,9,0.029712210420536643
189786,-0.165763729062711,9,0.3886159712486336
374551,1.60220138451764,9,0.9941612249694927
188083,1.05821211880061,9,0.5524678448532272
375755,-0.8457503112090009,9,-0.46287153046545887
375931,-1.0837456149601998,9,-0.6283520336235038
374680,-0.539756349243173,9,-0.8654131272337993
187479,0.8202168150494051,9,0.4514668992358393
375538,0.310226878439688,9,0.8434675820922966
375846,0.446224194868948,9,0.22630392902193427
284068,0.616220840405521,9,0.5196050694323069
189116,0.650220169512833,9,0.45360152283060956
188209,-1.18574360228215,9,-0.8515845596503706
187893,1.05821211880061,9,-0.2381170167143742
187878,1.12621077701524,9,0.36627740238086376
190139,-1.52573689335529,9,-1.2376729008971918
375421,-1.6957335388918602,9,-1.3292679762773996
374697,-1.11774494406752,9,-0.9644701283203514
283604,-0.131764399955399,9,-0.2315710828797055
374591,-0.947748298530943,9,0.04591465684138522
187667,0.7182188277274629,9,0.6329524744115861
374643,-0.165763729062711,9,0.07323222089129541
374974,-2.20572347550158,9,-1.2219461525961743
189021,0.27622754933237603,9,-0.02061760402746904
2437250,-3.4296993233649,9,-1.1284711920032107
283615,0.548222182190891,9,-0.295838329558648
283121,-0.36975970370660105,9,0.6860278433077471
375744,2.28218796666393,9,0.9019405394827879
190073,0.480223523976261,9,1.028623017461656
375965,1.09221144790793,9,0.4684528124162987
373716,0.07223157468849101,9,-0.24985116058953696
187819,-0.437758361921226,9,0.17897371557620056
283448,-0.335760374599284,9,-0.06459653995963868
188226,0.344226207547006,9,0.3409542371727014
189913,1.43220473898107,9,1.3889531305575817
374652,-0.165763729062711,9,-0.8096284100703075
190018,0.8202168150494051,9,1.0261074470585845
283978,1.29620742255181,9,-0.3947184773421318
