id,width,kfold,GBDT_pred
375994,0.5403208189834421,0,0.03554769950140193
187690,0.489075216708781,0,0.41752630824432335
190669,-0.8433104424323629,0,-0.09150180540255741
283914,-0.22836321513645105,0,-0.11441367330405083
188436,1.71896967130061,0,0.14831740233898585
373850,0.181601603060824,0,0.4969370100869529
319956,0.130356000786166,0,0.051598994212695114
375799,2.43640810314584,0,0.7955247095170982
375417,-0.22836321513645105,0,-0.07966726510009849
187844,2.9488641258924297,0,2.0107872265814293
283157,-0.27960881741111,0,0.17945143357317642
189696,-0.125872010587132,0,-0.0738565871919565
188876,0.0791103985115055,0,-0.05236906816519807
283120,-1.0995384538056598,0,-0.7053849037026002
189039,-0.0233808060378135,0,-0.9463581636825724
188765,0.6940576258074189,0,0.7635492881153931
188577,-1.86822248792555,0,-0.9767526785099558
188267,0.5403208189834421,0,0.8459908229743679
375706,0.232847205335485,0,-0.08122331649975884
188250,0.4378296144341229,0,0.23572508337627363
189254,-0.6895736356083859,0,-1.4489054494066071
188780,-0.484591226509748,0,-0.5971119411521987
375444,-0.0233808060378135,0,0.23866403277574796
373522,0.950285637180718,0,0.3089208054176616
375916,-0.740819237883044,0,-0.021230268714871596
188156,1.71896967130061,0,1.7616335689424218
187984,-0.27960881741111,0,-0.38932330125841813
187692,1.15526804627935,0,0.863766188081366
283721,1.1040224440047,0,0.10586992399788821
189031,-0.17711761286179106,0,-0.7982712190977175
189134,-0.6895736356083859,0,-0.7712416252447322
188101,-0.5358368287844061,0,-0.8728868650724921
336484,0.0278647962368471,0,0.192583287630831
188969,-1.3045208629043,0,-1.0920091049732128
283712,1.20651364855401,0,0.8497128050023294
283755,0.4378296144341229,0,0.6129359634686035
283166,0.489075216708781,0,0.11025043136780648
188269,-1.048292851531,0,-0.7626996576497334
189980,-0.17711761286179106,0,-0.1641662352401944
284272,0.0278647962368471,0,-0.2667611810509516
374092,0.642812023532761,0,0.43907486562051423
187989,-1.66324007882691,0,-0.44268045619299046
374693,1.61647846675129,0,0.6777583334765988
187999,-0.27960881741111,0,0.0777033873784804
283127,-1.0995384538056598,0,-0.8650244762927547
188825,-0.0233808060378135,0,0.14942234995439704
283677,1.05277684173003,0,0.45900659785697057
374613,0.642812023532761,0,0.18339971126359086
375556,-0.22836321513645105,0,0.3728702699777133
283054,1.92395208039925,0,0.043593822022567646
373900,1.30900485310333,0,-0.30268709512845043
375796,-0.997047249256342,0,-0.022897876314985553
189133,1.05277684173003,0,0.34999172039957177
188757,-0.0233808060378135,0,0.2710953797976711
187903,-0.997047249256342,0,-0.2733739593991471
189233,-1.3045208629043,0,-1.0012251320707823
188355,0.950285637180718,0,0.7589749267424318
283205,-1.0995384538056598,0,-0.15139896371822045
188976,0.386584012159462,0,-0.6187251042939367
189974,-0.22836321513645105,0,-0.028950373584614088
373904,0.642812023532761,0,-0.48533109185029455
188319,1.36025045537799,0,0.7891590586885714
336483,0.5915664212581,0,0.23562766186209905
374591,-0.5358368287844061,0,0.08146531160656122
187938,-0.330854419685768,0,0.017382414803718486
190784,-0.587082431059067,0,-0.49248387254168774
188121,0.5915664212581,0,-0.43643699022051174
188341,-0.4333456242350871,0,-0.7515980108528438
188093,1.30900485310333,0,0.8990816928866218
375626,-0.0233808060378135,0,-0.1289436810219567
187956,0.7453032280820799,0,0.08914274685794518
188820,-0.740819237883044,0,-0.05905654718528681
374171,-0.5358368287844061,0,-0.5908174683844633
187628,0.5915664212581,0,0.44295921184091375
190139,-1.76573128337623,0,-1.502281463300196
189844,2.15455729063521,0,0.8832735816794103
189010,-0.4333456242350871,0,-0.7152230172555066
187508,-0.740819237883044,0,0.10819271778169605
188048,2.33391689859652,0,1.9692691211048317
187704,-1.45825766972828,0,-0.8300296328085343
187599,0.181601603060824,0,-0.23078894100030686
375663,1.71896967130061,0,1.8303413965414412
284216,1.15526804627935,0,1.4792025555199564
374202,-0.587082431059067,0,-0.2885052997998278
188122,-0.17711761286179106,0,-0.16827766054545115
190280,-0.4333456242350871,0,-0.4175486816346024
187985,0.6940576258074189,0,-0.3683373076034187
190782,-0.484591226509748,0,0.17617900259121785
187935,-0.38210002196042897,0,-0.17187773681580784
283252,-0.17711761286179106,0,0.6020007558939962
374148,-0.5358368287844061,0,0.19830122757673457
188532,0.5403208189834421,0,-0.0616667858058103
375780,1.00153123945538,0,0.6473942346229233
375791,2.69263611451914,0,2.2249943751299304
375749,1.82146087584993,0,0.7074197584691676
189858,-0.27960881741111,0,-0.17392115198886723
187803,-1.76573128337623,0,-0.8383072689139188
187854,-0.0746264083124718,0,-0.08998698671457382
188202,0.6940576258074189,0,-0.12936973491257067
283722,1.5652328644766298,0,0.1561582912572446
187495,-0.740819237883044,0,-0.892752093913491
375895,1.6677240690259498,0,1.188888963153658
374624,1.69334687016328,0,0.2045174048711712
187876,-0.17711761286179106,0,-0.2890732381489236
189032,-0.330854419685768,0,-0.3288684811491907
375710,1.00153123945538,0,0.849827934391298
188099,-1.86822248792555,0,-0.36724995777304464
188468,0.0278647962368471,0,-0.4502977048420854
283770,1.05277684173003,0,1.0481639812658887
375511,1.89832927926192,0,1.818020826888818
336485,0.335338409884804,0,0.1392261912246467
188359,1.05277684173003,0,0.030687102125420418
2437258,0.181601603060824,0,-0.04838429501597118
189290,-0.4333456242350871,0,-0.4711923716859746
188667,0.386584012159462,0,0.7931572696584036
190277,-0.125872010587132,0,-0.21066090335390802
187666,0.181601603060824,0,0.036675770638555504
336479,0.181601603060824,0,0.03948195936173527
374632,-0.0746264083124718,0,-0.6969315580722728
373759,-0.0233808060378135,0,-0.9557830273688599
2437282,-0.0233808060378135,0,0.21640562927170756
374635,0.386584012159462,0,0.1922332535042478
375006,1.97519768267391,0,1.0421367267101898
336688,-1.15078405608032,0,0.20332257284566507
283615,0.4378296144341229,0,0.5820009392753184
283731,-0.484591226509748,0,-0.11205227231542741
189961,1.05277684173003,0,-0.1529032629062618
189239,-1.5607488742776,0,-0.7338161443154331
190807,-1.0995384538056598,0,-1.1711658411378063
187479,0.130356000786166,0,-1.0748807865939287
373756,0.0278647962368471,0,-0.5606290473438019
374037,0.6940576258074189,0,-0.031197578306335592
375607,0.642812023532761,0,0.4126190740449775
374109,-0.587082431059067,0,-0.2550873286326914
189840,-0.8433104424323629,0,-0.3375755154571066
188957,-1.50950327200294,0,-1.3705124666312856
373656,-0.0233808060378135,0,0.2848769347278464
187793,-0.792064840157705,0,0.2589217765493066
284224,0.899040034906057,0,0.1823231260057521
283199,-0.740819237883044,0,-0.6273243374437969
375899,2.43640810314584,0,1.1937641657471623
283118,0.130356000786166,0,-0.5537634540917061
283128,1.25775925082867,0,-0.003353975173167868
283158,-0.8433104424323629,0,0.32451126070062986
188840,2.02644328494857,0,1.2034491779498306
189792,-0.27960881741111,0,-0.3698661127939826
188412,0.4378296144341229,0,0.3639548351602394
283756,0.0278647962368471,0,0.06800855935397487
189894,-0.22836321513645105,0,0.17717748894012036
374536,-0.22836321513645105,0,-1.0945196080943858
187783,1.05277684173003,0,0.8221316147090482
336482,0.6940576258074189,0,0.2820171268614917
188974,-1.45825766972828,0,-0.52912900956997
189035,-1.15078405608032,0,-0.5930141916310654
373980,0.0791103985115055,0,-0.018225513313943065
375851,1.51398726220197,0,1.0620437072666118
188374,-0.4333456242350871,0,0.04006230197616894
187987,0.950285637180718,0,0.10468206205806495
2437395,0.7453032280820799,0,0.09163149768308333
283759,-0.740819237883044,0,-0.6313723534904072
189400,-1.25327526062964,0,-0.2613242352867497
375717,0.489075216708781,0,0.18762346824272863
375295,-0.4333456242350871,0,-0.21347855464415022
375524,0.8477944326313991,0,0.8598926373070541
336481,0.796548830356738,0,-0.0572180332002631
190054,0.130356000786166,0,-0.03283279594743048
189753,0.489075216708781,0,-0.15220333437929534
188975,-1.20202965835498,0,-0.4977037241192359
187676,-1.0995384538056598,0,-0.2039534503179578
284002,0.5403208189834421,0,0.0924323168079343
336476,0.5915664212581,0,0.18616667791122127
188365,-0.0233808060378135,0,-0.3527618063845835
374945,-1.86822248792555,0,-1.3220931151057718
375695,-1.33014366404163,0,0.19295504717633155
375759,-0.5358368287844061,0,0.2767282426720308
187852,-1.86822248792555,0,-0.9729192101203479
187716,-1.35576646517896,0,0.08246538214608684
373739,-1.15078405608032,0,-0.6631592053595049
189996,0.0791103985115055,0,0.026498983396683308
189008,-0.5358368287844061,0,-0.5405885321917523
187541,0.0791103985115055,0,0.011178154840820704
375441,0.335338409884804,0,0.05663938077814419
187485,-0.125872010587132,0,-0.9824170895466234
283773,0.796548830356738,0,0.17749138901381883
283235,0.899040034906057,0,0.27211030327993113
190046,-0.22836321513645105,0,-0.10829416390873227
375857,0.335338409884804,0,0.3790924948999247
375645,2.59014490996982,0,1.5256419149405522
188227,-0.0233808060378135,0,1.3215944625678064
188413,1.71896967130061,0,0.783064632966244
283105,-0.38210002196042897,0,-0.5676491783047817
308004,0.335338409884804,0,0.14326567085039874
283106,1.15526804627935,0,0.7199354128017154
375711,0.8477944326313991,0,0.07112919328822867
283444,1.00153123945538,0,0.9089257865985408
188496,0.0278647962368471,0,-0.6723925463003687
374197,-0.484591226509748,0,-0.08809733524575122
284090,1.00153123945538,0,0.8057521591087847
189014,-0.0233808060378135,0,-0.6595966436080627
374590,-0.8433104424323629,0,-1.2250189608046416
187539,0.0791103985115055,1,-0.13168946994448416
190115,-1.0995384538056598,1,-1.2857152319871017
189749,-0.0746264083124718,1,-0.28320957215971965
374416,0.181601603060824,1,-0.2774823726301218
188521,-0.484591226509748,1,-0.14814261126141684
374992,1.71896967130061,1,1.5793728145874113
189776,-0.0746264083124718,1,-0.3244372229798329
190799,1.87270647812459,1,1.6938356847104294
283670,1.46274165992731,1,0.16824545538852947
188452,0.796548830356738,1,0.3095102600270591
187562,-0.0746264083124718,1,-0.19134819302192285
374621,1.1040224440047,1,0.4462467284741856
189289,-0.740819237883044,1,-0.8387975614182227
374004,0.181601603060824,1,0.18381273735859455
187816,2.18018009177254,1,1.9841285322183453
374086,0.796548830356738,1,0.09532998594783293
189029,-0.17711761286179106,1,-0.6243264602290104
375573,-0.38210002196042897,1,0.08298326251753549
188476,0.0278647962368471,1,0.4626701816318863
190082,-2.22694170384817,1,-0.21531862362258683
283859,0.4378296144341229,1,-0.19313514445549743
189006,-0.8433104424323629,1,-0.9457848376278937
375941,-0.5358368287844061,1,0.21119933135796243
190102,-0.38210002196042897,1,-0.1486865389532016
375974,-1.68886287996424,1,-0.0589537334913916
375724,-0.5358368287844061,1,-0.004173302794825239
373716,-0.17711761286179106,1,-0.37118483576928807
283667,1.51398726220197,1,0.2265241274505651
188035,-0.638328033333725,1,0.2727818981286061
374669,0.0791103985115055,1,0.2502992451817271
373485,1.71896967130061,1,0.7689430524603348
283171,0.335338409884804,1,0.34736883920654443
283989,-0.17711761286179106,1,-0.10041718624716552
187780,0.950285637180718,1,-0.021055534808823256
375744,0.284092807610143,1,0.13787123242039667
187678,0.0791103985115055,1,-0.2165913071356799
374768,-1.61199447655225,1,-1.3604320332981885
188189,-0.22836321513645105,1,-0.7545981942990664
188051,1.92395208039925,1,2.229996834342977
188094,-0.792064840157705,1,-0.37067932761889777
188708,-0.792064840157705,1,-0.10918543512303382
374640,0.5403208189834421,1,0.23198556357155198
284069,0.181601603060824,1,0.690337214021784
284161,-0.125872010587132,1,0.40519780303350517
188092,-0.792064840157705,1,-0.39032815237897905
187658,-2.38067851067215,1,0.023771398616049655
375395,-0.0233808060378135,1,0.1275314878653091
187523,-0.6895736356083859,1,-0.549100220872851
189343,-0.740819237883044,1,-0.8076675949277025
375755,1.6677240690259498,1,1.5325565428197199
284373,0.130356000786166,1,-0.3389375670184769
189079,-1.15078405608032,1,-0.6893422283628251
187971,0.7453032280820799,1,0.2796636275112606
319784,1.87270647812459,1,1.6380722249969846
190132,-2.3294329083974903,1,-1.4188688989363736
187877,-1.91946809020021,1,-1.0064914677355767
189038,-0.484591226509748,1,-0.748100756847247
189819,-0.740819237883044,1,-0.08513366863171021
188225,2.07768888722322,1,1.1437956496836807
189892,0.0278647962368471,1,-0.1551857721521547
375666,1.77021527357527,1,1.5121354099944604
187755,-0.0233808060378135,1,0.39954820090822757
187464,-2.0732048970241896,1,-0.939161673588356
189756,-0.792064840157705,1,-0.23843493761555204
190796,-1.3045208629043,1,0.40111204214699586
187946,0.0278647962368471,1,0.14976969016974684
190199,0.0791103985115055,1,0.01844288507432244
189421,-0.997047249256342,1,-0.9810793768342956
187482,-0.8945560447070229,1,-0.2950341459043468
375954,0.796548830356738,1,1.0919548750968595
188037,-0.5358368287844061,1,-0.19922545032665018
375802,-0.22836321513645105,1,0.23194800060957158
190403,-0.0746264083124718,1,-0.05940592900055974
189804,-0.792064840157705,1,-0.28985795807668663
375500,2.12893448949788,1,1.2784962747149224
190789,-0.5358368287844061,1,-1.2696205461377212
283633,-1.91946809020021,1,-1.0090197460152805
284192,2.12893448949788,1,0.7183251607885343
156377,0.5915664212581,1,0.8187657262567577
187458,-0.38210002196042897,1,-0.05859716656915543
189669,-0.27960881741111,1,0.051610495120328635
319779,-0.330854419685768,1,0.05783426211014946
374608,-0.27960881741111,1,-0.03374410617130272
189949,-0.125872010587132,1,-0.32332167403572554
284239,1.25775925082867,1,0.8027542941269967
188254,1.20651364855401,1,0.7848960718512001
374763,-0.8433104424323629,1,-1.175641390752963
374151,-0.6895736356083859,1,-0.5067852411185749
189277,-0.740819237883044,1,-0.8841659583875335
283727,-0.0746264083124718,1,-0.028967650967192195
375976,0.0791103985115055,1,-0.3592237450347501
188464,-1.50950327200294,1,-0.21715283382500994
375716,1.15526804627935,1,1.0391010951939175
375691,0.489075216708781,1,0.8242035075103971
374691,-0.740819237883044,1,0.2287081123817774
189164,-1.61199447655225,1,-0.8891139674824137
190134,0.489075216708781,1,-0.30006459832520205
284025,-0.0490036071751427,1,0.1141400813974861
187787,-0.17711761286179106,1,-0.27145137553112103
188111,-2.38067851067215,1,-0.8786861653740379
375704,0.181601603060824,1,0.5423849910300885
190711,-0.330854419685768,1,-0.13240533818550426
190070,-1.61199447655225,1,-1.2320493295407695
189238,-1.0995384538056598,1,-1.2095854159820714
189937,-0.484591226509748,1,-0.13162533616866004
2437378,0.5915664212581,1,-0.19103745293623195
284336,2.07768888722322,1,1.9655140845356556
374145,1.51398726220197,1,0.7627990475009374
374397,0.284092807610143,1,-0.12233342498014703
283300,-1.048292851531,1,0.18531438714194096
189022,-1.20202965835498,1,-0.38537636265421177
189684,0.899040034906057,1,-0.262539289227704
374641,0.7453032280820799,1,0.2415135902912635
190364,-0.4333456242350871,1,-0.2610787088573174
375817,2.89761852361778,1,2.2766122683428955
189809,-0.22836321513645105,1,-0.097982207559951
283083,0.7453032280820799,1,0.310427190042915
374589,-0.0746264083124718,1,0.3936952601113852
188492,-0.6895736356083859,1,-0.7569056363227228
375688,0.796548830356738,1,0.5266110537784733
188979,-0.740819237883044,1,-0.9340050882234476
375383,-0.997047249256342,1,-0.5250785297282031
374686,0.642812023532761,1,0.09706492570707471
187702,0.489075216708781,1,-0.4172663634095246
375591,0.232847205335485,1,-0.11569142266592836
189059,-0.587082431059067,1,-0.4201765909131251
376001,1.00153123945538,1,-0.38850744090242495
284262,-0.4333456242350871,1,0.2529253645039521
187705,3.20509213726573,1,1.824685762638034
283109,1.87270647812459,1,0.708761538099577
187677,1.05277684173003,1,0.7104448658031898
283229,0.5403208189834421,1,-0.08441299234743461
375842,-0.8433104424323629,1,-0.09410522053948955
189319,-0.4333456242350871,1,-0.46693000866536577
187977,1.25775925082867,1,0.8757285902951368
374103,1.20651364855401,1,0.38396933651717446
374513,0.181601603060824,1,-0.24140468256946715
188377,1.15526804627935,1,0.4071762211343746
190198,0.335338409884804,1,-0.1713171652096132
373682,1.05277684173003,1,0.47722913668864464
190802,-0.0746264083124718,1,-0.022765203074690644
189851,0.181601603060824,1,1.063866899272044
187856,-0.38210002196042897,1,-0.18902258807539113
375062,0.950285637180718,1,0.13931861592418918
375475,-0.945801646981682,1,-0.9494122531075027
188467,-0.330854419685768,1,0.36994480153781867
376048,1.1040224440047,1,-0.061876811754559544
188895,-1.15078405608032,1,-0.7583509837391639
188076,-0.8945560447070229,1,-0.08302961298871891
188197,0.335338409884804,1,0.8459778434789342
187794,-1.15078405608032,1,-0.2269927164654402
188172,0.5915664212581,1,1.6440977455821737
374174,-0.740819237883044,1,-0.016935477967879198
188370,-0.17711761286179106,1,0.0030877586966219566
189005,-1.048292851531,1,-0.8520664701991587
374158,-1.20202965835498,1,-0.7400107463678063
283849,-1.45825766972828,1,-0.46293467849839814
187951,-1.3045208629043,1,-1.199613511917438
283767,0.950285637180718,1,-0.25722741382430103
188040,-0.17711761286179106,1,0.5547328889568639
374600,0.4378296144341229,1,0.44565894412936613
375457,-1.8169768856508897,1,-0.2292935402499233
189188,-0.330854419685768,1,-0.5668945156411752
187842,-1.5607488742776,1,-1.2765620480514146
189302,-1.71448568110157,1,-0.9692554226068292
188134,1.4114960576526498,1,1.1343055382683613
189194,-0.740819237883044,1,-0.8228345238641025
187814,0.899040034906057,1,0.49496544998045405
187972,-0.330854419685768,1,-0.37776960174188823
188229,1.92395208039925,1,-0.1625122772040308
187906,0.130356000786166,1,-0.06592588212018465
374681,0.4378296144341229,1,0.4879871502144136
375846,0.386584012159462,1,0.09865271020069212
189099,0.130356000786166,1,0.6321988345051083
373991,0.232847205335485,1,-0.26854893421417086
188543,-1.91946809020021,1,-1.2175382463473097
374516,-0.945801646981682,1,-0.9182704532277559
188434,-0.38210002196042897,1,-0.381748907236728
187957,0.642812023532761,1,-0.3450026254917383
188947,-1.048292851531,1,-0.7970391018775931
375809,3.15384653499107,1,2.038324633258226
189308,-0.792064840157705,1,-0.6399644266744962
308009,0.899040034906057,1,0.19851993108292318
374177,0.130356000786166,1,0.03132731437031059
374331,-0.0233808060378135,1,-0.43872365166548116
188270,-1.0995384538056598,1,-1.028243332840051
374680,1.20651364855401,1,0.5250925251756592
284281,-0.740819237883044,1,0.02475831251025545
374451,0.284092807610143,1,0.30444441526369365
187526,0.899040034906057,1,-0.36064210579569783
283778,-0.0746264083124718,1,-0.16610406898857288
285674,1.1040224440047,1,0.11014712569986912
283311,0.181601603060824,1,-0.5113667887455867
375931,-0.5358368287844061,1,-0.15576201105537493
336685,-0.997047249256342,1,-1.08559321270748
375679,-0.0746264083124718,1,0.04090296579399594
190191,-1.61199447655225,1,-1.1731642011451493
308266,0.5915664212581,1,0.3003051354883646
188734,-0.638328033333725,1,-0.2416760783252589
187848,0.284092807610143,1,0.3194103381333276
187776,0.232847205335485,2,0.20806714294405
187819,-1.8169768856508897,2,-0.5864723860650164
375634,1.4114960576526498,2,1.010009680931891
188339,0.642812023532761,2,2.064480456599504
283125,-1.17640685721765,2,-0.050027679723918764
188633,-1.71448568110157,2,-0.921673630426085
188894,-0.587082431059067,2,-0.989627324245386
375859,0.489075216708781,2,0.18414800824885713
374339,0.489075216708781,2,-0.37067368626856917
190058,-0.27960881741111,2,-0.19877487601701543
189094,-0.484591226509748,2,-0.753925641539013
375810,-0.25398601627378103,2,1.2245326720698377
374429,-0.100249209449801,2,-0.24399996343914873
189043,-1.35576646517896,2,-0.813712556132584
188630,-0.4333456242350871,2,-0.017130878656743773
188448,0.0278647962368471,2,-0.41198921730007776
188940,-0.22836321513645105,2,-0.031118235273161696
374747,-1.71448568110157,2,-1.1432859329900744
187751,0.489075216708781,2,0.5244653360451452
187687,-0.740819237883044,2,-0.2211548391434825
189222,-1.25327526062964,2,-0.6933791734627547
283718,0.4378296144341229,2,-0.16715863785448523
187996,-0.125872010587132,2,-0.3467343356906632
318175,0.5403208189834421,2,0.2830967511120946
374659,0.8477944326313991,2,0.5601991006315827
189853,-0.27960881741111,2,-0.38999505689434455
373690,1.69334687016328,2,0.04831223803462204
188897,2.43640810314584,2,0.6994242418741496
188601,-0.8945560447070229,2,-0.7162693497703474
188454,1.6677240690259498,2,2.28654431674247
189243,-1.4070120674536202,2,-1.0044475569583196
187995,1.15526804627935,2,0.8496496246028551
284024,0.232847205335485,2,0.13593049296297754
187795,0.181601603060824,2,0.36713091487710087
190203,-0.330854419685768,2,-0.6945896563602403
189455,-3.81555537436261,2,-0.38719595501974724
187983,-0.4333456242350871,2,-0.03185805649487762
375553,0.284092807610143,2,1.0163446248359436
188501,0.0791103985115055,2,0.2698734018053511
375451,-0.27960881741111,2,0.27439307865515133
187979,-0.0233808060378135,2,0.19101703633899828
187629,1.97519768267391,2,0.5702051017040719
283165,1.87270647812459,2,0.8195208305576401
319783,0.796548830356738,2,0.25141783021032044
188075,-0.125872010587132,2,-0.0515565413035946
190111,0.130356000786166,2,-0.046027819121898884
374013,0.899040034906057,2,0.19288973037977775
374744,-1.66324007882691,2,-1.3699462579977204
375527,0.4378296144341229,2,0.32229747387610885
283964,-0.561459629921737,2,0.13929061836083964
188541,-0.22836321513645105,2,0.10267238074650853
190022,0.181601603060824,2,0.06897769924593189
374377,0.130356000786166,2,-0.06478817691653233
187733,0.899040034906057,2,0.18974925981213808
189288,-1.86822248792555,2,-0.23440901440840997
189048,-1.45825766972828,2,-0.7189953286254533
188383,1.30900485310333,2,0.6339044213730779
188386,-0.484591226509748,2,0.04170607519307614
187583,-1.3045208629043,2,-0.08080660523537737
188989,-0.8945560447070229,2,-0.8228105902014993
187472,-1.048292851531,2,-0.7083939061814293
188222,1.51398726220197,2,1.5828653943869806
187883,1.4114960576526498,2,1.349027841314249
374927,-1.15078405608032,2,-1.1393946795979888
189647,-0.4333456242350871,2,-0.19647185039314768
187978,-0.484591226509748,2,-0.044819382360286826
375815,0.284092807610143,2,0.8078420153687584
188861,-1.0995384538056598,2,-0.710210631585527
187822,1.87270647812459,2,1.314841396946546
283602,0.796548830356738,2,-0.06017499806859984
190062,0.232847205335485,2,0.06058306497124124
187725,-0.5358368287844061,2,-0.8714625365255408
283801,0.232847205335485,2,0.15655466113817965
189085,-0.125872010587132,2,-0.7708073920986339
283117,-0.17711761286179106,2,-0.4001311761498788
2437340,2.18018009177254,2,1.6519997790737067
373743,2.2058028929098703,2,0.7183707040033925
188258,-1.048292851531,2,-0.8719208550653861
188978,-1.4070120674536202,2,-0.9805737673948975
188987,-0.27960881741111,2,-0.5798374670462811
373649,-0.587082431059067,2,-0.17638325994287593
188232,-0.792064840157705,2,-0.24023313612315192
375389,0.0791103985115055,2,-0.07367287921598656
283741,-0.638328033333725,2,-0.3151817712731504
187772,0.284092807610143,2,-0.19271588110047688
189997,-0.0746264083124718,2,-0.1846665222921959
188190,0.8477944326313991,2,-0.22816974437657842
187663,0.6940576258074189,2,0.2594241647866852
188758,-0.125872010587132,2,-0.19441977163330024
283805,-0.8945560447070229,2,-0.13577933715608614
189224,-1.5607488742776,2,-0.7876376029567139
187823,1.30900485310333,2,1.1737781553568951
373952,-0.5358368287844061,2,-0.018386483840238953
283846,1.4114960576526498,2,1.0682754060537036
188237,1.00153123945538,2,0.23320063111304745
2437267,-1.20202965835498,2,-0.2213544994488261
188415,-0.330854419685768,2,-0.29105169826329835
374663,0.0278647962368471,2,-0.0010363765262847002
374749,-1.5607488742776,2,-1.3601372092165451
188423,0.181601603060824,2,-0.33069228338567996
188530,-0.484591226509748,2,-0.3566831565438759
189683,2.18018009177254,2,2.094027061802924
188312,-1.20202965835498,2,0.900515733877042
284319,-0.22836321513645105,2,-0.39410211498028763
375371,-0.5358368287844061,2,0.28836509494892865
373694,1.71896967130061,2,1.1925614864974943
188554,-0.38210002196042897,2,-0.05949054957402253
188998,-1.0995384538056598,2,-0.7490442497303738
187753,2.12893448949788,2,2.0997748372395413
189070,-1.61199447655225,2,-0.8165079602267639
373725,0.0791103985115055,2,-0.27855727674863595
374156,-0.997047249256342,2,-1.1995266099434774
188218,1.61647846675129,2,-0.019886550570377703
188923,-0.17711761286179106,2,-0.04294856568533718
189760,-0.484591226509748,2,-0.2443899022206062
189027,-0.6895736356083859,2,-0.38645795520334353
374504,-0.4333456242350871,2,0.1051139121078171
189977,-0.0233808060378135,2,0.19488971463646745
375551,-0.125872010587132,2,0.7447551552336686
189822,-0.22836321513645105,2,-0.22988408460424078
188466,-0.22836321513645105,2,-0.020469467661525676
187605,3.10260093271641,2,2.021337026765026
190064,-1.0995384538056598,2,-0.4057627553324141
375905,0.130356000786166,2,0.1634052721803272
188153,1.05277684173003,2,0.6909501578473077
336477,0.0791103985115055,2,0.33633040567095035
375901,1.77021527357527,2,1.4893372610689788
283777,0.232847205335485,2,0.3767503307520594
375795,-1.4070120674536202,2,-0.7102434257630399
374394,1.30900485310333,2,0.5092175680831126
187739,0.0278647962368471,2,0.20559276259126846
283817,0.232847205335485,2,-0.20224881299600295
187474,-0.740819237883044,2,-0.7063876785542649
375024,-0.8433104424323629,2,0.008347534858519252
375564,1.00153123945538,2,0.4364859843400368
283553,-0.0746264083124718,2,-0.06126871024286955
190085,0.4378296144341229,2,0.4159082376315957
190164,-0.8433104424323629,2,-0.4570704233000921
375373,-0.125872010587132,2,0.5832518884373298
190160,0.130356000786166,2,-0.2920591585341849
374537,-0.6895736356083859,2,-0.36537274073436865
190805,-0.587082431059067,2,0.05742967549408041
374185,-0.8433104424323629,2,0.03415901216754971
190057,-0.8433104424323629,2,-0.1535780346271167
374718,-0.17711761286179106,2,-0.2925936851517359
188357,0.7453032280820799,2,0.3341379556838952
190811,-1.45825766972828,2,-1.0600111570726094
374588,0.284092807610143,2,-0.08393973100560283
188224,1.92395208039925,2,1.5787578323139961
308265,0.899040034906057,2,0.27448627800240666
189046,-1.3045208629043,2,-1.0529399334199248
189872,-0.22836321513645105,2,-0.2698417501300556
376000,0.489075216708781,2,0.3573632318968508
187796,-0.5358368287844061,2,-0.3042904493083484
190143,0.7453032280820799,2,0.7203607833259043
284190,2.97448692702976,2,1.3404205261411106
375288,0.899040034906057,2,0.17429023442942665
374740,2.02644328494857,2,1.6005878288375375
284369,0.386584012159462,2,0.6568572279665759
188733,-1.8169768856508897,2,0.21245004148523602
187845,-0.330854419685768,2,-1.355435570005559
190797,0.899040034906057,2,0.6807171404162724
188113,-2.12445049929885,2,-0.9593527421992037
188105,-1.048292851531,2,-0.13976401735440847
188822,0.232847205335485,2,-0.17494714150756863
374969,-1.20202965835498,2,0.23252958951355696
189221,-1.4070120674536202,2,-0.7530531908298175
190071,-1.048292851531,2,-0.9666970478002269
2437194,-0.5358368287844061,2,-0.01781914168720333
189666,0.284092807610143,2,0.13956244013067076
374527,0.5403208189834421,2,0.3306652107099353
189078,-1.048292851531,2,-0.6810110357507789
189107,-0.638328033333725,2,-0.619705259453697
374614,0.617189222395429,2,0.37672143348769266
190159,0.386584012159462,2,0.050668115530622754
188000,0.642812023532761,2,0.050666771618994494
318179,1.61647846675129,2,0.4280803420620529
375728,0.950285637180718,2,0.7023914455870213
187807,-1.0995384538056598,2,0.1036017640777497
375962,-0.945801646981682,2,0.3251572861754204
189784,-0.330854419685768,2,-0.44002028755259376
375664,1.71896967130061,2,0.9613143722777434
187850,1.51398726220197,2,1.2577387963644155
374178,-0.945801646981682,2,-0.21694334920337235
284132,1.97519768267391,2,1.5521916414783294
375779,0.642812023532761,2,0.6727008159591293
190051,-0.5358368287844061,2,0.07925103088297754
284080,1.36025045537799,2,0.41902443195716155
188552,0.8477944326313991,2,-0.009083738369486082
190808,-1.35576646517896,2,-1.3155915304401473
189301,-0.8433104424323629,2,0.03297992950872589
376004,1.30900485310333,2,1.013324170400258
376023,0.0791103985115055,2,-0.4495809405422111
375370,0.130356000786166,2,0.5998955603752482
187784,0.5403208189834421,2,0.9726236247080753
189690,-0.330854419685768,2,-0.49925304296003525
374739,0.6940576258074189,2,0.4207079757114012
375825,-0.5358368287844061,2,-0.30240955561837857
187968,2.18018009177254,2,-0.07922444983902364
3646845,-0.997047249256342,2,-1.0914099181223775
283119,0.0791103985115055,3,-0.6657399853218194
2437377,-0.4333456242350871,3,-0.3440906916834558
188331,-0.4333456242350871,3,-0.263040121581369
188992,-0.8433104424323629,3,-0.4672600036410109
188419,-0.27960881741111,3,-0.2501000929984472
189805,0.232847205335485,3,-0.3349397706842601
190174,-0.4333456242350871,3,-0.543160452307693
373782,-1.35576646517896,3,-1.278421294799982
188330,0.489075216708781,3,0.7875270727043272
190008,-0.587082431059067,3,-0.43932576174357973
2437408,0.5915664212581,3,0.03614498088560479
189829,-0.740819237883044,3,-1.2770081858399063
187564,1.87270647812459,3,-0.3170206815888908
374500,1.51398726220197,3,2.008049210146682
187631,0.232847205335485,3,0.261760201272023
187904,-0.638328033333725,3,-0.13204712869545288
190791,-0.6895736356083859,3,0.0788459713459132
190158,-0.4333456242350871,3,-1.2593930484625633
336783,-0.587082431059067,3,-0.6213404326945842
189698,-0.0746264083124718,3,-0.07569137642720401
189628,-1.45825766972828,3,-1.2727084205584631
2437412,1.46274165992731,3,0.3368884370254453
375315,0.284092807610143,3,0.02778937922397523
187982,0.6940576258074189,3,-0.09623775218988809
189913,0.0791103985115055,3,-0.08024124144348596
187664,0.0791103985115055,3,0.03316829941492371
374388,-0.17711761286179106,3,-0.8787069509307459
374616,0.284092807610143,3,0.20800667653945779
308010,-0.8945560447070229,3,0.2095120235088148
189803,0.0278647962368471,3,-0.0824305513190401
373744,1.71896967130061,3,1.086925719164609
190029,-0.5358368287844061,3,-0.4319789009684578
188510,-1.5607488742776,3,-0.05718492714035368
189248,-1.15078405608032,3,-0.47641701942938286
188349,-0.22836321513645105,3,-0.08929695580681135
373626,1.5652328644766298,3,0.5897655273747037
374239,-0.17711761286179106,3,-0.15302451994664526
187760,0.0278647962368471,3,-0.2782000480155462
188375,-0.638328033333725,3,-0.8121991001728041
375310,-0.8433104424323629,3,0.6314391378465907
374024,1.46274165992731,3,0.46440903130583905
187771,-0.38210002196042897,3,0.04869992275404767
283163,-0.792064840157705,3,-0.8848603448623319
190142,0.0278647962368471,3,-0.2578781551208789
284164,0.6940576258074189,3,0.4612699373418993
188764,0.0791103985115055,3,0.9723765601541661
187960,-0.0746264083124718,3,-0.09839771793909455
375641,1.5652328644766298,3,1.3327374655887787
187918,0.181601603060824,3,0.30416684003021427
190731,-0.17711761286179106,3,-0.10320353827673594
187928,0.284092807610143,3,0.5186707375644958
189024,-0.330854419685768,3,-0.5799313355618385
374914,0.4378296144341229,3,-0.4414913709983792
284309,-0.330854419685768,3,-0.16202603135870716
283603,1.71896967130061,3,0.26725681474276347
283839,-0.6895736356083859,3,0.02432755429633225
188292,-1.76573128337623,3,-0.3782174870472243
187718,0.284092807610143,3,0.117026078905236
283114,-0.484591226509748,3,-0.4921744764411266
376049,0.335338409884804,3,-0.03531554739747108
375460,-0.3564772208231,3,0.1228764495502351
375952,-0.0746264083124718,3,0.0851481863722831
374473,-0.17711761286179106,3,-0.06939775475164615
374974,-0.20274041399912,3,0.471789561557724
190103,-0.4333456242350871,3,-0.20239567493087354
190150,-1.5607488742776,3,-0.6153917577194907
283779,0.899040034906057,3,-0.11074466262351554
187502,-0.792064840157705,3,-0.9081253779559314
374694,0.0278647962368471,3,0.3927198975874463
283671,-1.0995384538056598,3,-0.2341289992760037
188994,-1.048292851531,3,-0.6725312352015084
187606,-0.6895736356083859,3,0.2853617118992344
187801,2.12893448949788,3,0.8805834769801656
188405,-0.27960881741111,3,-0.2103935870315562
376013,-0.27960881741111,3,0.17258219396100197
375458,0.41220681329679104,3,0.16272534370442285
189887,0.0791103985115055,3,-0.18245009628592626
189232,-1.8169768856508897,3,-1.2280754348964473
317891,-0.125872010587132,3,0.2623224482872651
375582,1.12964524514202,3,0.9964115029400987
374531,0.335338409884804,3,0.041624463022947096
375772,1.20651364855401,3,1.0079355490890276
375372,0.181601603060824,3,0.48975750701122334
374697,0.950285637180718,3,0.5962312320001921
188759,0.642812023532761,3,0.16617127186994957
189957,0.7453032280820799,3,0.18166714444952076
373863,0.130356000786166,3,0.2145539967689456
375781,0.950285637180718,3,0.5983238389066521
374944,-1.4070120674536202,3,-1.4178812887940044
283625,-0.587082431059067,3,-0.2695619597578961
283775,0.386584012159462,3,0.19204154757425776
375013,1.6677240690259498,3,1.2305506230081844
375567,0.335338409884804,3,0.6493666227012824
283313,-0.22836321513645105,3,0.2573281473089039
190274,-0.740819237883044,3,-0.40133301674747823
284100,1.5652328644766298,3,0.5534179041952352
188052,1.71896967130061,3,2.2227079852057403
188429,2.18018009177254,3,0.40407198201519634
376050,-0.638328033333725,3,0.15823015914552313
188475,0.386584012159462,3,-0.19083833532535185
187986,-0.27960881741111,3,0.21778977571599348
318548,0.00224199509951795,3,0.1383906836350037
189340,-0.0233808060378135,3,-0.4132439417945874
283796,0.284092807610143,3,-0.13970847876152706
373912,0.489075216708781,3,0.9906408627003308
187603,-1.20202965835498,3,-0.21780396195135956
188956,-1.0995384538056598,3,-1.2113358687140066
187976,0.6940576258074189,3,0.4621089570932111
2437409,2.07768888722322,3,1.5251242861009826
189972,-1.8169768856508897,3,-1.0301320356325714
2437287,0.899040034906057,3,0.6380861744365672
189076,-0.8945560447070229,3,-0.8075301927735088
283978,0.4378296144341229,3,0.25884100972075036
188945,-0.587082431059067,3,-0.810813199627982
190059,-0.0233808060378135,3,-0.264341969117732
189278,-0.945801646981682,3,-0.9761689059319403
375576,-0.0746264083124718,3,0.43381060949667566
188243,-0.587082431059067,3,-0.25036493009453625
188398,-0.22836321513645105,3,-0.32058066314733485
284015,-0.38210002196042897,3,0.12556756438683236
373672,-0.4333456242350871,3,-0.3172314356318139
188469,-0.792064840157705,3,0.4930369182553366
283791,-2.02195929474953,3,-0.41435001179808517
188246,-0.8945560447070229,3,-0.8418206516945091
373754,0.232847205335485,3,-0.02644393306421672
188777,-1.15078405608032,3,-0.8454134809490392
187941,1.30900485310333,3,0.49568008171452926
375766,0.0278647962368471,3,0.0019704261339276792
188999,-2.02195929474953,3,-1.3353237811997487
188211,0.489075216708781,3,0.7960089430089095
190177,-1.5607488742776,3,-1.215097346008671
187812,-0.330854419685768,3,-0.7470353391334708
189686,-0.27960881741111,3,-0.195461073886556
190472,0.463452415571452,3,0.283886155737962
189115,-0.8945560447070229,3,-0.8101563929811433
189889,-0.638328033333725,3,-0.3156809528143797
187537,1.6677240690259498,3,1.1892095743991513
375447,0.335338409884804,3,0.1320597911628183
283145,-0.0233808060378135,3,0.953421272722543
374062,1.30900485310333,3,0.8743062999416049
374124,-0.638328033333725,3,-0.1791658664190662
374665,0.0278647962368471,3,0.3060999300528017
375991,-0.638328033333725,3,0.559625239188823
376032,0.130356000786166,3,-0.41490850497152065
374568,-0.330854419685768,3,-0.2668785678761735
374530,-0.38210002196042897,3,-0.2918809090970485
375474,-0.17711761286179106,3,-0.3256534222830749
373769,1.30900485310333,3,0.0743030961137877
375788,0.7453032280820799,3,0.8125073813496355
375997,1.5652328644766298,3,0.259925009563425
318178,-0.3564772208231,3,0.43127951652885127
187730,0.6940576258074189,3,0.6288146119628569
375335,-1.8169768856508897,3,-0.35972054586583607
190138,-2.0732048970241896,3,-1.6418368977212043
374479,0.6940576258074189,3,0.03408869590609939
187682,0.489075216708781,3,0.1954312201407896
375583,0.4378296144341229,3,0.9001557209217789
187980,1.51398726220197,3,0.1706766982377393
375800,3.10260093271641,3,2.2495022906698194
189237,-1.5607488742776,3,-1.0726018044210837
187905,0.232847205335485,3,0.1486802165749116
189081,-0.5358368287844061,3,-0.9065339799830593
374956,0.0791103985115055,3,0.2918901174089416
283178,-0.638328033333725,3,-0.6636214480229597
188408,-0.997047249256342,3,-0.25953139009520987
187729,-0.792064840157705,3,-0.8539742749575544
373621,0.335338409884804,3,0.1023090232309169
190063,-0.17711761286179106,3,-0.22171995617409004
283715,-0.125872010587132,3,0.02299942186986716
375230,0.4378296144341229,3,0.5942409282334071
374715,0.181601603060824,3,-0.05229921330016997
374532,-0.8433104424323629,3,-0.8247409608543259
308254,0.796548830356738,3,0.33546334442840997
375548,-0.740819237883044,3,-0.11351782643006529
375742,1.00153123945538,3,0.3813085615089544
189294,0.0791103985115055,3,-0.6029183266226769
284066,2.15455729063521,3,0.7574922968129669
188160,1.77021527357527,3,1.5198658864878125
284068,1.05277684173003,3,0.6307848583718255
283604,0.0791103985115055,3,0.36307522405475007
189857,0.284092807610143,3,-0.29447706985468075
283144,-1.97071369247487,3,-0.747857221098429
189751,1.89832927926192,3,0.891676142456393
190129,-0.330854419685768,3,0.04310566203234917
190187,-0.0233808060378135,3,-0.17615658665911507
283656,1.89832927926192,3,1.0824157897663296
283876,0.4378296144341229,3,0.6230000560064378
187881,-0.8945560447070229,3,-0.573962403833686
188896,0.284092807610143,3,-0.18557395201546253
375949,-0.484591226509748,3,0.0057282661125795265
189626,-0.484591226509748,3,0.06850844296952108
375850,-0.484591226509748,3,0.04921413818032218
373726,-0.638328033333725,3,-0.34845654626393585
190124,-0.945801646981682,3,0.014741961698835675
190055,0.130356000786166,3,0.12253940366270387
190189,-0.330854419685768,3,0.06899101206377051
187589,1.87270647812459,3,0.6429562087533889
188702,1.77021527357527,3,2.1891411080910066
189623,-0.330854419685768,3,-1.2815540132696914
187767,1.36025045537799,3,1.7911811414175838
190195,0.796548830356738,4,0.8672332958068875
189030,-1.20202965835498,4,-0.3742669512216789
374204,-0.484591226509748,4,-0.10571508828019006
190148,-0.740819237883044,4,-0.8723704096665071
375621,2.12893448949788,4,0.9298407540633442
375682,0.0278647962368471,4,0.4527950238428204
187555,0.796548830356738,4,0.09248771046669928
187461,-1.048292851531,4,-0.7979888146323825
187497,-0.125872010587132,4,-0.2762322026760678
375847,-1.66324007882691,4,-0.19629518645414093
187576,-0.27960881741111,4,-0.39607006909065373
187875,0.0791103985115055,4,-0.28893227641314173
374190,0.181601603060824,4,-0.21949998535056942
188526,-0.792064840157705,4,-0.14715877263783725
375956,-0.22836321513645105,4,0.03220253930504514
284145,0.5915664212581,4,0.38275720643901984
188201,-0.484591226509748,4,-0.369308127188932
375977,-0.971424448119011,4,-0.16646850036644834
187501,-0.587082431059067,4,0.11545996722017676
190806,-1.76573128337623,4,-1.3320962796466689
375659,3.10260093271641,4,1.3228543687787147
189034,-0.8945560447070229,4,-0.6266434376261101
187546,-0.17711761286179106,4,0.18106903278440578
283969,0.796548830356738,4,0.6994560648846161
374696,1.61647846675129,4,0.5742510116308284
375681,0.5403208189834421,4,0.30007222186131743
336478,0.386584012159462,4,0.3326584349922584
283830,-0.638328033333725,4,-0.6749351891318169
373764,0.5915664212581,4,0.685148136273548
188943,-0.4333456242350871,4,-0.929562323780381
374643,0.130356000786166,4,0.35521994989627187
374472,0.232847205335485,4,-0.15162482097255958
375894,-1.15078405608032,4,-0.08336475638020195
374160,-0.0233808060378135,4,-0.40996752368203354
374678,0.0278647962368471,4,0.26661008492652616
189223,-0.22836321513645105,4,0.21991601713731443
188345,-0.0746264083124718,4,-0.3760326089628465
283202,-0.8945560447070229,4,-0.4319732156167933
190783,0.181601603060824,4,0.14900415048683163
375694,1.4114960576526498,4,0.734025125872832
374533,-0.17711761286179106,4,0.08419880733014734
375572,0.7196804269447479,4,0.45703221800558796
188157,1.36025045537799,4,1.5816252220613864
188268,0.8477944326313991,4,0.23009824085855093
187945,1.4114960576526498,4,1.4371673958766602
283104,-0.27960881741111,4,-0.24950799414509947
187484,-0.330854419685768,4,0.35103477669823163
283143,-0.792064840157705,4,-0.7660715690034714
283139,-0.6895736356083859,4,-0.7414285978756496
188027,-1.4070120674536202,4,-0.3118240761034626
188259,-1.20202965835498,4,-0.6968449472620066
374551,0.5915664212581,4,0.27783580875921243
187860,-0.0233808060378135,4,0.8037094442424249
189018,-1.15078405608032,4,-0.7741714718685089
375921,-0.8433104424323629,4,-0.11529327600428944
375707,0.130356000786166,4,0.21758338508736147
190190,-0.4333456242350871,4,-0.12117692177422325
284176,2.410785302008509,4,2.155540330864427
188506,-0.330854419685768,4,-0.13028921643508976
374541,0.181601603060824,4,-0.7190412512346973
283774,-1.15078405608032,4,-1.159147345701615
189003,-0.125872010587132,4,-0.6373735650104051
283121,-0.740819237883044,4,-0.45424045079128594
284324,1.30900485310333,4,-0.0706870776460452
189944,0.6940576258074189,4,0.25263499839387654
308269,-1.35576646517896,4,-0.29861136716179687
375020,-0.125872010587132,4,0.29017210322393444
283825,-0.38210002196042897,4,-0.5893132799309028
187919,1.97519768267391,4,-0.2519828299796867
189631,-1.0995384538056598,4,-1.1517040537529286
375421,0.335338409884804,4,0.42943199248301106
188239,1.00153123945538,4,0.2933018007733766
283760,1.4114960576526498,4,-0.11256007686978309
187868,0.950285637180718,4,0.45437802795572024
374154,-1.15078405608032,4,0.024920663037565096
283668,-0.0233808060378135,4,-0.015081124087618195
187471,0.642812023532761,4,-0.26743674332437734
374484,-1.61199447655225,4,-0.6690841755536224
189293,-0.4333456242350871,4,-0.5283676776613573
187587,-0.22836321513645105,4,-0.004226722529235287
188209,0.8477944326313991,4,0.5919332830239643
189040,-0.792064840157705,4,-0.6564708428837819
189168,-0.38210002196042897,4,-0.8520509996765644
375521,-0.330854419685768,4,-0.06353677839355142
374609,-0.17711761286179106,4,0.050058098386961875
187550,0.386584012159462,4,0.6764345017402179
190790,1.71896967130061,4,-0.05736363683107663
190073,-0.330854419685768,4,-0.19792488060391353
188006,-1.45825766972828,4,-0.14262925556760128
189706,0.335338409884804,4,0.18662357676883093
374534,-0.6895736356083859,4,-0.8682112973923417
284245,0.7196804269447479,4,0.7724349290724878
190121,0.5403208189834421,4,-0.29154545904559476
189299,-0.8433104424323629,4,-0.5950860251556552
2437214,1.15526804627935,4,0.0019352276809597464
189629,-0.6895736356083859,4,-0.9983031389480752
189236,0.181601603060824,4,-0.3543274071685146
375376,-0.38210002196042897,4,-0.2867243581972481
373835,1.61647846675129,4,0.7656571434760051
188482,-0.792064840157705,4,-0.15195111156037572
190278,0.0278647962368471,4,-0.2347196246475484
319955,0.7453032280820799,4,0.32885506368175177
374978,-0.27960881741111,4,-0.5664635742822365
190114,0.386584012159462,4,0.0006967931786782712
375499,-0.22836321513645105,4,-0.0020167536806514046
375698,0.335338409884804,4,0.6535422369147714
375640,2.10331168836055,4,0.5341860147432013
187778,1.30900485310333,4,2.076171698270266
188906,1.20651364855401,4,0.754196089571679
188363,0.181601603060824,4,0.4370333726996283
375538,1.5652328644766298,4,1.689534190911205
187886,1.25775925082867,4,2.266626722937811
375454,0.130356000786166,4,0.5383489690942667
283664,1.6677240690259498,4,0.9556564522114368
190126,0.335338409884804,4,-0.1251394437373076
189015,-0.38210002196042897,4,-0.5116200512056386
188384,-0.8433104424323629,4,-0.14684070099046273
187582,-0.330854419685768,4,-0.48345934206762575
187535,-0.38210002196042897,4,-0.2696651967518142
374912,-0.38210002196042897,4,-0.47410964098725794
188563,-1.76573128337623,4,-1.2179800176069528
375391,-0.125872010587132,4,-0.15320663533437026
188444,-1.61199447655225,4,-0.15473551489694595
375519,-0.38210002196042897,4,-0.4065677077042895
318176,0.335338409884804,4,0.3337146194358078
374253,-0.0746264083124718,4,-0.10952808606338946
375589,0.181601603060824,4,0.5601880866190115
375434,-0.0746264083124718,4,0.1573352816661075
376018,0.950285637180718,4,1.080371453822002
373733,0.796548830356738,4,0.21983864585255522
188174,0.7453032280820799,4,1.652320233876457
375692,-0.587082431059067,4,-0.06051775012896612
373770,-0.638328033333725,4,0.25682053465498716
187654,0.5915664212581,4,-0.1311750731265686
375957,-0.125872010587132,4,-0.18836902958598561
189250,-1.15078405608032,4,-0.48194277709865085
187566,1.30900485310333,4,0.46170840803632907
187717,0.5403208189834421,4,0.3314563013600943
187473,-1.0995384538056598,4,-0.050509341525784415
283823,-0.8945560447070229,4,-0.3007453744636196
187662,-0.22836321513645105,4,0.24590179603422135
188286,-0.125872010587132,4,-0.665999999429807
190157,-0.38210002196042897,4,-1.087855722358352
187505,1.92395208039925,4,0.5569706844909512
190818,-0.0746264083124718,4,-0.3039071785411652
187585,-1.048292851531,4,-0.15123886487508675
2437415,1.20651364855401,4,0.8270926312465774
374934,0.0791103985115055,4,0.6200328399642245
373506,-1.35576646517896,4,-0.4133103466518769
374592,-0.638328033333725,4,-0.07197986933337054
374396,0.335338409884804,4,-0.08387077913039301
283639,1.87270647812459,4,1.2774358522433433
187955,1.4114960576526498,4,0.3743200836987264
337841,-0.484591226509748,4,0.1661460294034281
375623,1.59085566561396,4,0.7952194070116821
188958,-1.35576646517896,4,-0.08301042914390845
189247,-1.15078405608032,4,-0.4534797465965108
187839,-1.71448568110157,4,-0.8264185859890476
284335,1.4114960576526498,4,-0.09283128067367226
375017,1.15526804627935,4,-0.0193055554673307
375740,2.5388993076951603,4,0.6383310169590689
190769,1.20651364855401,4,0.8653072252064951
189253,-0.6895736356083859,4,-1.2420575046107676
375923,0.232847205335485,4,0.07381368382678695
319284,-0.17711761286179106,4,0.07122870813909478
188818,-0.5358368287844061,4,0.15871773689801869
187757,-1.15078405608032,4,-0.2576913657042257
190130,0.386584012159462,4,-0.4991750270366293
319280,1.15526804627935,4,-0.0324942607502353
373986,0.284092807610143,4,0.008896254545279482
189050,-1.25327526062964,4,-1.082093326374828
375767,1.1040224440047,4,0.49997601670128844
284165,1.46274165992731,4,-0.044504459968465096
373467,0.386584012159462,4,-0.6353663587368813
188549,-1.0995384538056598,4,-0.8465446582669534
188981,-1.0995384538056598,4,-0.9167218659799605
283844,-1.15078405608032,4,-1.173398174115938
188086,-0.945801646981682,4,-0.044931371015944424
375790,1.30900485310333,4,0.15004949261945644
190186,0.4378296144341229,4,-0.0012343633353860272
188558,-0.125872010587132,4,-0.45421003930760284
283447,1.30900485310333,4,1.0454930822295088
189624,-0.4333456242350871,4,-1.0782169913719362
188316,-0.484591226509748,4,-0.6038517636982317
374918,-1.15078405608032,4,-0.6483116217010788
375432,0.3097156087474749,4,0.22244675836092953
375784,2.18018009177254,4,1.4807078182752327
375995,0.386584012159462,4,0.113350888432918
375932,-0.6895736356083859,4,-0.11978349926390697
375411,-0.6895736356083859,4,0.1659270833010781
190086,0.5403208189834421,4,-0.29764579400813473
190703,-0.6895736356083859,4,-0.8870565544774909
189093,-0.997047249256342,4,-0.47962305491037405
188154,1.46274165992731,4,-0.14304880830496675
187604,0.6940576258074189,4,0.17985456454905782
188410,1.05277684173003,4,0.8180749659711456
189240,-0.8945560447070229,4,-1.0567766504518883
283752,-0.330854419685768,4,-0.0819573587271448
190088,-1.4070120674536202,4,-0.08958055427180758
373851,0.284092807610143,4,0.660104863211275
283968,0.4378296144341229,5,-0.38884881744747507
189090,-0.5358368287844061,5,-0.5775083575204689
375746,0.284092807610143,5,-0.09379441493295394
190007,-0.8433104424323629,5,-0.07462916925200538
374620,0.335338409884804,5,0.17108649387591018
374011,0.130356000786166,5,-0.16837391079388625
187741,0.130356000786166,5,-0.021372858283829517
190006,-0.38210002196042897,5,-0.11548301023988829
284219,-0.27960881741111,5,0.2949732761704495
187958,0.7453032280820799,5,0.5081127239500792
187514,-0.945801646981682,5,0.48108489874105237
284322,0.899040034906057,5,-0.1962260245476893
188324,-0.22836321513645105,5,-0.07427447903486126
376033,1.4114960576526498,5,1.5810959255731465
319283,-0.125872010587132,5,0.08582022029041442
283742,-0.5358368287844061,5,-0.29963968056897106
187700,-1.25327526062964,5,-1.2249084080458437
373575,0.5915664212581,5,-0.12807901072987696
187834,-0.792064840157705,5,-0.9438667970990964
375560,0.335338409884804,5,0.2687447448600191
283732,-0.4333456242350871,5,-0.15545669782487037
283822,-0.22836321513645105,5,-0.2604863458618278
187456,-0.945801646981682,5,-0.9593019364979474
188379,1.71896967130061,5,0.018453408870648627
374147,-1.25327526062964,5,-1.001739151320717
188029,-0.330854419685768,5,0.26881567768084763
283769,-1.25327526062964,5,-0.605982767169394
187993,-0.740819237883044,5,-0.02957072452953305
188067,0.335338409884804,5,-0.15222593847923319
283471,0.899040034906057,5,0.5814503745436727
373939,-0.22836321513645105,5,-0.0526819687336793
284202,-0.38210002196042897,5,-0.7768569907471422
188187,0.7453032280820799,5,0.6844871250168799
374414,-0.17711761286179106,5,0.401293810659324
284182,2.9488641258924297,5,0.3165970190663122
374517,-0.17711761286179106,5,-0.1355605726557805
2437410,0.6940576258074189,5,0.34227284480312575
375693,0.41220681329679104,5,1.059470186074413
283209,-0.0746264083124718,5,-0.4458294927342928
187749,-1.0995384538056598,5,-0.286639432812548
187914,-1.35576646517896,5,-0.42758517934430207
374378,-0.17711761286179106,5,-0.3804801470280704
283456,0.4378296144341229,5,-0.2465330003250624
187735,0.642812023532761,5,0.37233031423179774
375467,0.489075216708781,5,0.2018532124446375
375642,-0.4333456242350871,5,-0.918394070018993
187949,-1.35576646517896,5,-0.8369005727559327
283194,-1.50950327200294,5,-0.3947564820147046
283762,0.130356000786166,5,-0.6196306089528891
283766,-0.587082431059067,5,-0.010837268241273864
374941,1.6677240690259498,5,-0.14208865526947187
319285,0.489075216708781,5,0.0964199599662743
188425,-0.38210002196042897,5,-0.025484860761996055
190140,1.97519768267391,5,1.6216143274788957
188137,0.232847205335485,5,1.2347633746069746
373615,-0.17711761286179106,5,-0.1296488038023801
190815,0.130356000786166,5,-0.44853406661750767
187878,-0.4333456242350871,5,-0.060175693142252226
374595,-0.27960881741111,5,-0.5661632555295577
187545,0.5403208189834421,5,0.5815484955097237
190795,0.0278647962368471,5,0.3271826181093885
189958,-0.740819237883044,5,0.4104403798106384
187656,1.30900485310333,5,0.21832070138961027
338067,0.6940576258074189,5,0.4425174705441066
375738,0.5403208189834421,5,0.6739311644914552
187712,-1.048292851531,5,-0.10367406778333432
187588,0.0791103985115055,5,-0.06112282994527059
374604,-0.792064840157705,5,-0.824117753301112
189138,-0.4333456242350871,5,-0.6134884260710841
375577,0.5403208189834421,5,0.5583984813261176
187974,0.796548830356738,5,0.23599792081321416
190163,-0.997047249256342,5,-0.8936714372125731
375015,1.05277684173003,5,0.5001538472168962
187507,-0.792064840157705,5,-0.6679529995598842
187810,-1.15078405608032,5,-0.12214957877876412
188325,-1.97071369247487,5,-0.18675654832347868
187944,1.87270647812459,5,0.8816358348379902
376047,0.130356000786166,5,0.26465487047493064
190734,-0.17711761286179106,5,-0.08888182857275338
375697,-0.330854419685768,5,0.20374173653397784
374064,0.5915664212581,5,-0.5138586098947298
283967,-1.61199447655225,5,-0.13004081956532132
374505,1.05277684173003,5,2.18231501306225
187528,2.18018009177254,5,0.8603856445400188
375456,0.130356000786166,5,0.41915308713908866
190092,0.899040034906057,5,1.0692144780121893
375807,2.69263611451914,5,2.410666758216874
375546,-0.17711761286179106,5,1.1674498465819434
375719,1.00153123945538,5,-0.3015937814773611
188226,-1.3045208629043,5,-0.5767229934165967
190561,-0.0233808060378135,5,0.34737494626362364
374741,-1.97071369247487,5,-0.9522452071863
375569,-0.22836321513645105,5,0.47012033740639875
375596,0.4378296144341229,5,0.3742060280765096
188329,-0.0233808060378135,5,-0.963707097556528
188025,-0.17711761286179106,5,-0.2784011722683944
375549,-0.5358368287844061,5,0.09326525927960634
375461,-1.48388047086561,5,0.24905476598477283
375934,-0.38210002196042897,5,-0.4088849841824128
375830,1.7958380747126002,5,0.6636690866136653
284370,0.130356000786166,5,-0.3069439084408125
373509,1.20651364855401,5,-0.04958099386967653
374545,-0.38210002196042897,5,-0.4456954063526761
283623,1.71896967130061,5,1.080356904066258
189811,-0.27960881741111,5,-0.2966325536935073
187975,-0.125872010587132,5,-0.2111744962597696
189871,-0.587082431059067,5,-0.4374873956907795
190149,-0.8433104424323629,5,-0.6846261340668826
284368,0.284092807610143,5,0.5117665419909484
189021,-0.484591226509748,5,0.32913067618259384
375557,2.4876537054205,5,0.22334164650165006
189229,0.4378296144341229,5,-0.590554220167269
283616,1.71896967130061,5,1.2501111270933443
374398,0.4378296144341229,5,-0.18088116873344565
283182,-1.20202965835498,5,-0.3463770293462604
190780,-0.17711761286179106,5,0.9196702947699209
374623,-1.15078405608032,5,0.046044257802926716
375765,-0.740819237883044,5,0.15495926721342068
188008,-0.38210002196042897,5,-0.3315706243842167
188185,-2.3294329083974903,5,-0.3839339061538528
375875,-0.0746264083124718,5,-0.42492816831140395
373642,-0.38210002196042897,5,-0.04907898782603733
187855,-0.4333456242350871,5,0.03966198599438439
284338,0.0278647962368471,5,0.19471131342349518
373903,0.0791103985115055,5,0.5600884617748165
374631,-0.792064840157705,5,0.23414202269486473
189392,0.181601603060824,5,-0.6236299986302908
319781,2.5388993076951603,5,1.6539089399234936
188340,-0.6895736356083859,5,-0.8685012832861818
373799,-1.61199447655225,5,-0.8435731523792241
374607,1.46274165992731,5,0.8607052655737285
375896,1.69334687016328,5,1.081360154936763
375169,0.4378296144341229,5,0.11592419559696775
374474,0.642812023532761,5,-0.26623006861257337
188898,-0.638328033333725,5,-0.7427805300068222
188043,0.386584012159462,5,0.44896655873450886
376010,-0.330854419685768,5,0.43863003688107655
188009,-0.792064840157705,5,-0.6233708341664523
190137,-0.484591226509748,5,-0.1986715156703089
375939,0.335338409884804,5,0.5884179117383804
283279,0.232847205335485,5,-0.021401474186487534
283179,-0.5358368287844061,5,-0.6947132783618692
187820,2.5388993076951603,5,1.5654410986979936
188155,0.5403208189834421,5,-0.2065701888945729
376027,-1.0995384538056598,5,-0.30961242743196754
375539,0.6940576258074189,5,0.35289144217993823
189971,-0.125872010587132,5,-0.04279182686003692
373651,2.12893448949788,5,0.8384465927076284
187681,0.796548830356738,5,0.9029719593362137
187804,-2.63690652204544,5,-0.7164850391937506
188944,-0.8945560447070229,5,-0.9500136081346732
374913,-0.27960881741111,5,0.18886772001403393
283748,0.130356000786166,5,-0.124354346050327
284305,0.232847205335485,5,-0.6458964356426626
189041,-0.740819237883044,5,-0.7401646630092815
188596,-0.792064840157705,5,0.016984302370995245
284215,0.386584012159462,5,2.1151731293318092
283215,-0.27960881741111,5,-0.44353740962114835
188142,-0.792064840157705,5,-0.3193171902897472
190499,-0.22836321513645105,5,-0.17037171231992312
190804,-1.86822248792555,5,-0.7577610494626599
319282,-0.484591226509748,5,-0.15778282946878064
283232,1.15526804627935,5,-0.7149325295563678
189384,-1.45825766972828,5,-0.9660656574207725
374186,0.284092807610143,5,0.7158694231087477
187805,-0.38210002196042897,5,-0.7403588786616403
375735,-0.17711761286179106,5,0.890606397556344
187561,-0.330854419685768,5,-0.5200489718242585
187527,1.15526804627935,5,0.7140361924755868
188540,0.335338409884804,5,0.2891471488282704
189201,-0.945801646981682,5,-0.7807314236823129
375498,1.05277684173003,5,0.5213084033481915
375565,0.6940576258074189,5,0.7584775596313469
187907,-0.38210002196042897,5,-0.3692288513737627
375585,2.12893448949788,5,0.6532231339492937
188396,1.71896967130061,5,0.7829374260753688
189956,1.1040224440047,5,-0.05797233588640161
188327,-1.91946809020021,5,-1.1559748482945778
375702,1.5652328644766298,5,1.8320754024520327
188033,-0.945801646981682,5,-0.385571231320427
375794,0.4378296144341229,5,0.991847195216515
374825,-2.27818730612283,5,-1.021387862543064
187895,0.181601603060824,5,-0.32699058188344765
188152,1.6677240690259498,5,1.4773683127882167
374213,-0.0233808060378135,5,0.6421911398830236
375971,-0.792064840157705,5,0.12852030116948046
187647,0.796548830356738,5,0.16271395841516084
283707,-0.0233808060378135,5,-0.12612012075000542
188449,-0.8945560447070229,5,-0.7701687355108969
189189,-0.484591226509748,5,-0.8375399364113663
188640,-0.330854419685768,5,0.35441405194738396
336781,-1.35576646517896,5,-0.5728967850951406
188026,-0.38210002196042897,5,-0.5903176048915058
375433,-0.6895736356083859,5,0.008595451866090745
284277,-0.17711761286179106,5,-0.24184568975963824
188095,-0.0233808060378135,5,-0.12619704432481232
189700,-0.587082431059067,5,-1.1152822803140203
189230,-0.5358368287844061,5,-0.8077136232700348
187857,-1.61199447655225,5,-0.8326281252265744
375972,1.6677240690259498,5,1.796155436054838
375975,-1.15078405608032,6,-1.0363153088845622
188328,1.20651364855401,6,0.4919743192436721
283116,-1.25327526062964,6,-1.1923820338790834
284189,0.5915664212581,6,0.013619686912380831
284110,1.30900485310333,6,0.520253782921455
374392,1.05277684173003,6,-0.033809484377659973
188407,0.5403208189834421,6,0.36346805492383955
190098,-1.5607488742776,6,-0.9804754882772443
187858,-0.0746264083124718,6,0.29068427028536487
283359,0.386584012159462,6,0.14746738160519593
187518,0.0791103985115055,6,-0.19915346902693662
187992,-0.17711761286179106,6,0.924323828495912
188546,-0.4333456242350871,6,-0.911404680940245
283126,-0.740819237883044,6,-0.7866750501314631
375752,1.77021527357527,6,0.4164824449835394
373628,0.489075216708781,6,-0.27172262499279565
375547,-0.587082431059067,6,0.32008617499793035
376015,-0.330854419685768,6,-0.3049138219201094
188742,-2.0732048970241896,6,-1.0618261201356627
283138,1.61647846675129,6,-0.3387403854826175
375970,-1.33014366404163,6,0.10480403724084641
283789,-0.587082431059067,6,-0.16488652185674488
189267,0.7453032280820799,6,0.141017906406351
283220,0.0791103985115055,6,-0.28946853472857215
187674,-0.484591226509748,6,0.08191934819227774
375628,-0.330854419685768,6,-0.16338260654664763
189002,-0.792064840157705,6,-0.6661057340843548
375446,0.335338409884804,6,0.2817180535654985
283427,-0.792064840157705,6,-0.03782679467915592
188911,1.71896967130061,6,1.0171118329404119
283838,0.8477944326313991,6,0.3601969327371258
188893,-0.945801646981682,6,-0.9509422090287681
284168,1.20651364855401,6,1.691737626340196
189734,-0.6895736356083859,6,-0.2838734594772866
375726,-1.61199447655225,6,0.16593235518745436
284354,0.489075216708781,6,-0.18910882527726394
188517,-0.0746264083124718,6,0.117523109842514
189017,-1.048292851531,6,-0.7829028645288578
375674,0.335338409884804,6,0.5853257445225517
375094,0.284092807610143,6,0.12408695747890144
374419,-0.22836321513645105,6,-0.21788985484824108
374598,-0.0746264083124718,6,0.26614302887621905
375404,1.00153123945538,6,0.5726183065912638
375594,0.899040034906057,6,0.7640190968609749
2436902,1.25775925082867,6,0.7157658811516447
189808,-1.35576646517896,6,-0.12234457084357553
188901,-0.0746264083124718,6,-0.181004722681031
188053,0.386584012159462,6,-0.13601360439534926
190101,-1.8169768856508897,6,-1.4674183034806285
374483,-0.6895736356083859,6,-0.6486649711723345
189927,0.284092807610143,6,-0.11344004459127952
283676,-1.048292851531,6,-0.39994936411895904
188930,-0.638328033333725,6,-0.9200081451421185
373925,0.181601603060824,6,0.41288337782254575
374385,-1.20202965835498,6,-0.002910515284769232
373578,1.15526804627935,6,0.04846261520316203
308211,0.8477944326313991,6,0.5945149793804315
284209,-0.945801646981682,6,0.11669226614607643
317951,1.46274165992731,6,-0.10082240002164318
284251,1.4114960576526498,6,0.3918308462619813
283833,-0.27960881741111,6,-0.43423607659221997
283638,0.335338409884804,6,0.020344349776443723
374112,0.899040034906057,6,0.009785173408442389
190709,-0.38210002196042897,6,-0.05114354642740461
284312,-0.5358368287844061,6,-0.2729132790598994
375998,2.3595396997338502,6,1.7711132689843652
187818,0.5915664212581,6,-0.341831922908934
187973,-0.22836321513645105,6,-0.21667385468591163
190800,0.232847205335485,6,0.44607961384882755
189928,0.181601603060824,6,-0.13063404539469012
283634,-0.5358368287844061,6,-0.11735076912749738
374699,1.25775925082867,6,0.3358757013322058
319957,-0.22836321513645105,6,0.14577199238703933
374368,0.8477944326313991,6,0.22198305688067618
189919,-0.587082431059067,6,-0.17592439959245462
375494,-0.6895736356083859,6,-0.2871470853505491
284059,0.6940576258074189,6,0.07292406586265437
2437248,0.5403208189834421,6,-0.2901973346913156
189049,-1.25327526062964,6,-0.9831116684057127
187696,-0.330854419685768,6,-0.2239583325986373
187889,-0.17711761286179106,6,-0.2581986426802848
190434,-0.484591226509748,6,-0.03960184863204066
283597,0.489075216708781,6,1.0343102151008472
189991,-0.5358368287844061,6,-0.093984813017284
318174,-0.125872010587132,6,0.20302162069493584
190708,-0.27960881741111,6,-1.1480219978644979
283176,0.181601603060824,6,-1.2544405456341552
375665,1.46274165992731,6,0.25383759556035257
374935,-0.792064840157705,6,-0.5359225187228015
375545,1.15526804627935,6,0.4664124644312989
3624697,0.232847205335485,6,0.4025905121914836
188988,-0.5358368287844061,6,-0.5707686498476187
283792,-0.817687641295034,6,0.8438759774445488
187758,0.950285637180718,6,-0.20028597981664076
187832,1.51398726220197,6,-0.38096239693737555
187867,0.386584012159462,6,-0.11056456964480833
375871,-0.27960881741111,6,-0.19825997159473102
283600,-0.945801646981682,6,-0.30994292370700177
374706,-0.17711761286179106,6,0.46708857514183405
190076,0.130356000786166,6,-0.39487753462595865
188418,-1.3045208629043,6,0.06730808561274436
189287,0.181601603060824,6,-0.05596689849990292
190813,-0.587082431059067,6,-0.2555666338063631
189842,-0.330854419685768,6,-0.14248549883715236
189077,-0.945801646981682,6,-0.6244414841982847
189668,-1.35576646517896,6,-1.3603458429728672
283431,0.4378296144341229,6,0.7247917531262946
375509,0.950285637180718,6,0.33328358494177357
189152,-0.6895736356083859,6,-0.7589305648626634
188369,1.25775925082867,6,0.7248032288375943
283177,-1.8169768856508897,6,-0.6354085377649006
190056,0.796548830356738,6,-0.3504839255451548
375016,0.386584012159462,6,0.33564504837306897
189834,-0.22836321513645105,6,-0.02728377329576381
189885,-1.61199447655225,6,-0.35269857884558803
188103,-0.997047249256342,6,-0.394003781133583
375816,3.0513553304417504,6,2.3230122362594443
187863,0.899040034906057,6,0.8874059205807334
373832,0.386584012159462,6,0.35402523958906434
2437308,0.489075216708781,6,-0.1694139488350491
190173,-0.587082431059067,6,-0.26075456267148905
189757,-0.5358368287844061,6,0.6782493225687166
375739,1.15526804627935,6,1.0490834254880195
375940,-0.484591226509748,6,-0.2578443199157671
374961,-0.0746264083124718,6,0.04538300650471554
283753,0.5403208189834421,6,-0.34189597083265993
374662,0.5403208189834421,6,0.33559111564924693
187817,2.7182589156564703,6,1.639484990167106
188255,0.0791103985115055,6,0.07958904077363203
374067,0.4378296144341229,6,-0.7553640335803197
188909,-1.25327526062964,6,0.1953234636491648
189625,-1.91946809020021,6,-1.0630332206176314
188913,-1.4070120674536202,6,-1.2400042804720448
190096,-1.0995384538056598,6,-1.2662032981207827
284280,-0.0233808060378135,6,0.4212758521568243
375579,0.899040034906057,6,0.3739106159211283
374702,-0.5358368287844061,6,-0.5056349479385699
190702,-1.20202965835498,6,-1.1194678731699852
374547,1.15526804627935,6,0.25801785157943696
374391,0.232847205335485,6,-0.16990739475291539
188056,1.4114960576526498,6,1.6892003323399536
375455,0.130356000786166,6,0.11838031978961325
374746,-2.0732048970241896,6,-1.4170399534429952
187481,-0.5358368287844061,6,-0.32432341635943657
187709,1.36025045537799,6,0.04662594451385885
283719,-0.330854419685768,6,-0.5118090565448431
187786,0.232847205335485,6,-0.48383316732302534
189025,-0.792064840157705,6,0.17156045383241872
375518,1.82146087584993,6,0.6503420773807708
188443,1.51398726220197,6,0.13266644396886212
283828,-1.50950327200294,6,-1.0503501548950211
283579,0.642812023532761,6,0.7322479849770412
283970,-0.6895736356083859,6,0.04510099402163715
284278,0.489075216708781,6,0.131036624730252
188991,-0.740819237883044,6,-0.6129892549753372
374683,-1.048292851531,6,-0.10193732311926933
188001,-0.17711761286179106,6,-0.5722639546261711
189832,-1.25327526062964,6,-0.0943002413325723
374003,0.489075216708781,6,0.11542257560478231
374759,0.5403208189834421,6,-0.13619597230871722
373730,1.00153123945538,6,0.1335841384084909
375965,-0.125872010587132,6,-0.056906171437425976
190732,-0.22836321513645105,6,-0.16946761924959
188336,-2.27818730612283,6,-0.5572814371042056
283221,0.796548830356738,6,-0.4375109751708291
375625,0.284092807610143,6,0.333307180338936
188338,-0.8433104424323629,6,-0.4402100975102506
188672,-0.0233808060378135,6,-0.21834280985179996
374110,0.489075216708781,6,-0.19857764456682553
190810,-0.330854419685768,6,0.24619204195657235
2436999,0.335338409884804,6,0.23366440315490183
187511,0.130356000786166,6,0.09584528534176742
375513,0.6940576258074189,6,1.0357589800627194
188378,-0.4333456242350871,6,-0.6989410561826389
187556,0.7453032280820799,6,0.05388259236893481
373675,-1.50950327200294,6,-0.04343107711473875
190344,-0.8945560447070229,6,-0.5468161375494448
188848,0.8477944326313991,6,0.04156495814072508
189291,-0.587082431059067,6,-0.5719091930418128
190068,-1.15078405608032,6,-0.8492834322747285
187770,-0.5358368287844061,6,-0.11931519151941468
189744,0.284092807610143,6,-0.053240853840674604
188970,-0.740819237883044,6,-0.933526661154791
189231,0.335338409884804,6,0.4931507061875162
283790,-0.740819237883044,6,-0.4053907609092258
187563,-0.587082431059067,6,0.5188515174628499
187892,0.4378296144341229,6,-0.1638617775602757
375620,1.82146087584993,6,1.8728563630015962
187470,0.181601603060824,6,1.008870523582171
187544,0.950285637180718,6,-0.09109790416152604
374988,2.2314256940472,6,1.6075773192282499
374629,0.386584012159462,6,0.1602693505914627
284327,-0.27960881741111,6,-0.14802767022390725
284236,2.43640810314584,6,1.8307833158108873
187475,-0.0233808060378135,6,-0.018475804698191878
375933,0.796548830356738,6,1.1340110629838696
187579,-0.330854419685768,6,0.061129064836745656
376040,2.18018009177254,6,2.270245089366094
190819,-1.20202965835498,6,-1.3829004347299418
189016,-1.0995384538056598,6,-0.7630192208682818
374646,0.8477944326313991,7,0.2921228149074462
190144,-1.4070120674536202,7,-1.1133972155247678
187866,0.284092807610143,7,0.3030508022831733
189632,-1.0995384538056598,7,-1.1628416053961512
188314,-0.125872010587132,7,-0.2975060888793996
187669,0.5915664212581,7,0.029208658444640854
188244,-1.25327526062964,7,-1.2729789424895932
187714,0.489075216708781,7,0.028675757516550177
374445,-0.330854419685768,7,-0.015236248802593092
283110,0.284092807610143,7,0.21220069096693686
375504,-0.8433104424323629,7,0.15585856492060982
189274,-0.8433104424323629,7,-0.8865867592510597
187607,-1.0995384538056598,7,-0.0789321575775222
188114,-1.15078405608032,7,-0.6587044727061302
188907,-1.20202965835498,7,-0.9464044815218767
189028,-0.945801646981682,7,-0.6333142195360736
284279,0.5915664212581,7,-0.3952132145022317
2437244,-0.17711761286179106,7,0.2934045176319958
187731,1.20651364855401,7,0.7641414277746309
188362,0.232847205335485,7,0.3383218817660756
189615,-1.0995384538056598,7,-1.0248207152275661
308008,0.130356000786166,7,-0.07775887194627377
375355,0.899040034906057,7,0.2898075656967738
189708,0.489075216708781,7,-0.24280616981523606
374995,2.12893448949788,7,1.558574103446892
374742,0.0278647962368471,7,-1.2442506302488237
187685,-0.22836321513645105,7,0.11974871416135587
283723,-0.330854419685768,7,-0.06795952289424097
374610,-0.38210002196042897,7,0.026358051262589388
375714,0.5915664212581,7,0.6742084923154034
375581,1.51398726220197,7,0.8675406463449056
187990,-1.048292851531,7,-0.2103553018871871
187584,0.5915664212581,7,0.37320096164321387
373777,-1.20202965835498,7,-0.4240114160868542
374108,-0.5358368287844061,7,-0.19211078258648423
189045,-0.125872010587132,7,-0.5368426592184624
187888,0.642812023532761,7,0.30206503000251955
187752,1.82146087584993,7,2.287064249018893
187756,1.87270647812459,7,2.2256212272459055
188774,1.87270647812459,7,2.1867323526612124
189786,-1.61199447655225,7,-0.46124694756779344
283815,-0.638328033333725,7,-0.18426887137704473
189755,-0.17711761286179106,7,-0.3433080573856521
190040,-1.71448568110157,7,-1.4460764062584903
374386,-0.484591226509748,7,-0.7187625323277258
375883,2.18018009177254,7,2.0988755072827066
187728,-0.8433104424323629,7,-0.8562379238335239
188038,0.130356000786166,7,-0.19826272947211682
375598,-0.997047249256342,7,-0.45940006924575044
283224,-0.27960881741111,7,-0.5434484890707185
375743,0.7453032280820799,7,0.6659855528192159
373861,-0.5358368287844061,7,-0.8083403833470194
283808,0.284092807610143,7,0.8399835118914044
283230,-1.45825766972828,7,-0.25107739334120566
318549,0.796548830356738,7,0.27462508153537085
189868,0.4378296144341229,7,-0.1970284140073678
187954,1.05277684173003,7,1.0254522402885622
188163,1.77021527357527,7,0.1676321665337109
374412,-0.587082431059067,7,-0.0017211957086406121
188899,0.335338409884804,7,-0.09934840634563774
375037,-1.4070120674536202,7,-0.2671955083009054
373758,1.30900485310333,7,0.20127277810762442
375597,2.02644328494857,7,1.28157217621402
283598,0.181601603060824,7,0.4364889747567266
283089,-0.38210002196042897,7,-0.23456351115792043
187874,-0.587082431059067,7,-0.03422886144497478
284162,-0.0233808060378135,7,0.13427189595263683
189869,0.130356000786166,7,-0.303571603309065
189320,-1.048292851531,7,-0.78508409060383
375503,2.18018009177254,7,1.7507312550093217
190015,-0.6895736356083859,7,-0.4014847195413221
336684,-1.71448568110157,7,-0.8986740874384602
375578,0.130356000786166,7,0.07898326465766237
189670,-1.0995384538056598,7,-0.9390125767146592
374611,1.15526804627935,7,0.03937676039844167
190184,-1.50950327200294,7,-0.24366753219170229
189268,0.642812023532761,7,0.10074224889980699
189790,-0.8945560447070229,7,-0.26370550371855356
374712,-1.0995384538056598,7,0.17668482174102992
284231,2.410785302008509,7,0.08449741526556795
2437256,1.6677240690259498,7,-0.1544448951232593
375552,0.4378296144341229,7,0.3903466996663359
283183,-1.45825766972828,7,-0.3009100776616387
375838,-1.76573128337623,7,-1.1416734659846162
374655,1.05277684173003,7,0.30836484563784466
374475,0.0278647962368471,7,-0.919489682300638
283763,-0.0746264083124718,7,-0.6049390178582649
375662,-0.0233808060378135,7,0.8381608406581077
190089,0.5915664212581,7,-0.05975206092684027
283416,0.899040034906057,7,0.6705683977980249
375368,1.25775925082867,7,0.22581526657763737
2437048,-0.5358368287844061,7,0.30457333021534533
373795,-0.22836321513645105,7,-0.005500402838610722
189139,0.0278647962368471,7,-0.27380279279038827
318177,-0.484591226509748,7,0.13846846710951238
187710,-0.125872010587132,7,0.04740608881683639
187930,0.0791103985115055,7,0.8507334912025935
375550,-1.4070120674536202,7,-0.09270739940290489
374658,1.36025045537799,7,0.6742133836688855
187493,-0.0233808060378135,7,-0.11549465867074422
374436,1.12964524514202,7,-0.17476496420406767
188061,0.284092807610143,7,0.4008980279972525
283768,-0.330854419685768,7,-0.5159484307939871
189833,0.284092807610143,7,-0.22979454188980744
188402,1.51398726220197,7,0.9481410908898907
283736,-0.8945560447070229,7,-0.4976066823140978
189766,-0.22836321513645105,7,-0.32729709116173944
188493,-0.6895736356083859,7,-0.820252373867887
188421,-0.740819237883044,7,0.4535847092817047
190116,-0.997047249256342,7,-1.285211134593812
189932,-0.125872010587132,7,-0.40427214305133924
374001,-0.5358368287844061,7,-0.3155443722642706
189245,-0.587082431059067,7,-0.29073063500877294
190162,-0.125872010587132,7,-0.09797748063222708
189109,-1.25327526062964,7,-0.8784193501736235
190175,-0.997047249256342,7,-1.1105423607900236
188104,-0.638328033333725,7,-0.37421765723846406
375690,1.97519768267391,7,1.1373704725489855
190069,-0.997047249256342,7,-0.6990348292811198
375590,1.92395208039925,7,1.3610623323430036
189068,-0.997047249256342,7,-0.18549414438177064
189157,-1.35576646517896,7,-0.5550502434582866
2437252,1.20651364855401,7,0.7534739496059986
375687,0.5403208189834421,7,0.4542101677702314
187686,-0.125872010587132,7,0.030035614962944504
375274,-0.0746264083124718,7,0.08706109761594834
187567,1.46274165992731,7,0.8411761859409845
2437245,0.6940576258074189,7,0.6200707479873017
189864,-0.0746264083124718,7,-0.1639926850128797
373655,-0.0746264083124718,7,0.2195135441083747
188079,-0.22836321513645105,7,-0.08390300606418745
188494,-0.8433104424323629,7,-0.624208734769444
188846,2.4876537054205,7,1.7955110064212887
375502,-1.0995384538056598,7,0.030652650638753044
188497,-0.330854419685768,7,-0.17311871877361054
188373,0.130356000786166,7,0.3494192312800446
283432,0.6940576258074189,7,0.9268451606666707
375839,-0.945801646981682,7,-0.2564168251271998
187649,-0.0233808060378135,7,-0.2786135306417201
376034,0.5915664212581,7,-0.18599768993296098
187515,0.4378296144341229,7,0.7340020239030122
189979,-0.22836321513645105,7,-0.2596461587397552
189865,-0.638328033333725,7,-0.22067335900110646
283231,-0.638328033333725,7,-0.5204344727324804
374937,0.4378296144341229,7,-0.3699891816636081
373734,0.130356000786166,7,0.3985409769488984
190814,-2.22694170384817,7,-1.40884418873381
375832,-1.048292851531,7,-0.803080266897145
375254,-0.0233808060378135,7,0.3570214098095908
376012,-0.17711761286179106,7,0.17257252883588484
189193,-0.5358368287844061,7,-0.7840252349461907
283819,-0.484591226509748,7,-0.3701512222905709
189712,0.565943620120771,7,0.9480910350720707
187648,1.20651364855401,7,-0.474025349572937
374612,1.1040224440047,7,0.3135447521523366
375341,0.899040034906057,7,0.0778758582966572
374689,0.642812023532761,7,0.33487574472361775
283740,-0.0233808060378135,7,-0.02660408409588078
187838,-0.125872010587132,7,-0.8643577957163036
187671,0.950285637180718,7,0.325179340776644
374567,0.386584012159462,7,-0.39617455879721303
284241,0.899040034906057,7,0.2123444877776086
189433,-0.638328033333725,7,-0.460546480467421
318550,0.899040034906057,7,0.2077458245978321
188146,0.7453032280820799,7,0.6657133644779537
189703,-1.91946809020021,7,-1.390241901593746
189009,-1.3045208629043,7,-0.7699975274879735
188441,0.642812023532761,7,0.03950451885952236
189225,-0.330854419685768,7,-0.7538716054837274
2437251,-2.3294329083974903,7,0.265705621220556
374617,0.386584012159462,7,0.18020133743214503
188018,-0.8433104424323629,7,0.09987654715611258
2437266,-0.740819237883044,7,-0.1878765642474572
189246,-0.5358368287844061,7,-1.0643947604737982
190238,0.5403208189834421,7,0.06256071191930315
374548,1.20651364855401,7,1.4375674430347665
283962,-0.22836321513645105,7,-0.3173621120457893
188982,-2.0732048970241896,7,-1.004948722646588
189715,-0.484591226509748,7,-0.2239557965277574
188872,-0.17711761286179106,7,-0.24799914607630272
374476,1.1040224440047,7,-0.13735971281922663
188058,0.0791103985115055,7,0.24792598414862227
336686,-1.33014366404163,7,0.08812182957188767
317953,0.0791103985115055,7,-0.15852807361588828
190072,-1.45825766972828,7,-1.226540723697921
374688,0.4378296144341229,7,0.19962863923043955
283599,-1.0995384538056598,7,-0.458162901909456
190125,0.130356000786166,7,-0.5351378675702616
375661,2.3851625008711803,7,0.9955285264361738
374401,-0.792064840157705,7,-1.4314801785026348
188335,-0.6895736356083859,7,-0.2080957574559105
189797,0.386584012159462,7,0.004129446181166675
188993,-0.8945560447070229,7,-0.835915658806515
188256,0.8477944326313991,7,0.2806218882280596
188306,-0.0746264083124718,7,-0.09852577987077735
374553,0.232847205335485,7,0.10373521370892
189881,0.6940576258074189,7,-0.1466101095174182
190733,-1.048292851531,7,-0.427699965032226
375340,1.46274165992731,7,0.9622859657736244
374374,-0.484591226509748,7,-0.9371226101017411
375745,0.463452415571452,8,0.2911025493512044
375392,0.6940576258074189,8,0.11447612906915748
283665,1.61647846675129,8,1.1250180955766347
283160,-0.17711761286179106,8,0.4307607138284372
189000,-0.484591226509748,8,-1.0698701744186045
375748,-0.0233808060378135,8,0.37994149063060995
188768,-1.86822248792555,8,-1.084587935091593
375571,0.335338409884804,8,0.5770713136616717
188236,1.71896967130061,8,1.2359656798105199
283515,0.8477944326313991,8,0.5387116246527304
190016,-0.22836321513645105,8,-0.1090665758311387
374183,-1.15078405608032,8,-0.12372565825019273
373793,-0.125872010587132,8,-0.38871209089259834
188445,-0.638328033333725,8,0.04882769571172268
283449,-1.15078405608032,8,0.24284757793833722
188231,2.59014490996982,8,1.4919892718002776
187981,-0.17711761286179106,8,0.0523602065228925
187924,-1.048292851531,8,0.16336448374475823
188636,-0.27960881741111,8,0.03252441207012362
188031,-0.38210002196042897,8,-0.27885837410442516
187543,1.25775925082867,8,1.6994866363013208
375775,-0.4333456242350871,8,0.7970332870619931
188463,-0.945801646981682,8,-0.3368818785377092
375540,-0.5358368287844061,8,-0.09829085002705613
375394,-1.66324007882691,8,-0.3685053692558078
187637,0.335338409884804,8,0.056610488259519594
187530,1.87270647812459,8,0.9018224255639025
283812,-0.740819237883044,8,-0.3794241287871208
373571,2.07768888722322,8,0.8441386553919581
375449,-0.330854419685768,8,-0.3349086789273956
189723,0.642812023532761,8,-0.13873305895013896
374467,-0.4333456242350871,8,-0.8641697809312295
374139,-0.8945560447070229,8,-1.080194540952375
188034,0.284092807610143,8,0.47849938071261516
188110,-2.38067851067215,8,-1.0387569004416792
189754,0.130356000786166,8,-0.09662883069731837
375018,-0.945801646981682,8,-0.0605116963654616
189020,-0.8433104424323629,8,-1.0180767250814597
190728,-0.792064840157705,8,-0.23488411449563593
283782,0.5403208189834421,8,0.014031726531220538
188145,1.05277684173003,8,1.7014361023947357
188912,-0.792064840157705,8,-0.9429963181315504
189895,0.181601603060824,8,-0.191172857149559
375922,-0.6127052321963959,8,0.08577222065133235
187522,0.0278647962368471,8,-0.07485861512224917
374719,-0.38210002196042897,8,0.1001299056020848
375778,0.5915664212581,8,1.7049097331774348
374066,0.386584012159462,8,1.0936428846326378
187500,-0.740819237883044,8,-0.19299883793640274
283802,-0.5358368287844061,8,-0.35206718318528846
190757,-0.17711761286179106,8,-0.2502413206165525
284222,1.4114960576526498,8,1.0761219551418637
374814,-1.4070120674536202,8,-1.131102675241722
373629,-0.8945560447070229,8,-0.12326421148781724
187765,2.12893448949788,8,2.1498077798966935
189309,-0.4333456242350871,8,-0.7761084064070711
188500,0.642812023532761,8,0.2587321924120607
188990,0.0278647962368471,8,-0.6203868819933844
188786,-1.45825766972828,8,-1.0149802682322124
374362,-0.484591226509748,8,-0.4518883230778817
190296,-0.0746264083124718,8,-0.24441676934192405
375823,-1.25327526062964,8,-0.2782335935744315
187549,2.02644328494857,8,1.3612997074064952
308212,-1.4070120674536202,8,-0.8984376734649097
284372,-1.25327526062964,8,-0.19506023113197477
189862,-0.0233808060378135,8,-0.45038840619507065
188980,-1.15078405608032,8,-0.6793388038985408
187691,-1.25327526062964,8,-0.6928884600827445
375943,-0.945801646981682,8,-0.3948380808340559
187536,-0.0233808060378135,8,-0.18578045393720735
187469,-0.792064840157705,8,-0.8810719066538095
374371,-0.125872010587132,8,-0.21162616803562131
190097,-0.587082431059067,8,-0.14521396283822516
283130,1.15526804627935,8,0.5505320268852884
284248,1.36025045537799,8,0.5280811254867979
374359,-1.4070120674536202,8,-1.1929241282902923
187665,0.0278647962368471,8,-0.34333489149035323
190803,-1.5607488742776,8,-0.27743299689566064
284067,0.8477944326313991,8,0.8962438994379046
188287,-0.8433104424323629,8,-0.6762809307635381
190170,-0.38210002196042897,8,-0.08031479724931997
374361,0.0278647962368471,8,-0.029440651457633568
376002,1.20651364855401,8,0.9828376084037527
375930,-0.484591226509748,8,-0.23510141515345448
188932,-0.792064840157705,8,-0.5724845491121671
375689,1.46274165992731,8,1.4759512929492176
375409,0.284092807610143,8,-0.39205981444690424
373654,-0.484591226509748,8,-0.29245412319057323
188458,0.489075216708781,8,0.0738645848651917
375410,-1.5607488742776,8,-0.2276651326323568
375397,0.181601603060824,8,0.691808900704342
284265,-1.50950327200294,8,-0.043024769143239966
189280,-1.61199447655225,8,-0.6757894934065684
375004,1.51398726220197,8,0.7193258479924766
187591,0.642812023532761,8,-0.10963470076810487
188997,-0.27960881741111,8,-0.6691086930140887
189242,-1.25327526062964,8,-1.0393715633484573
187791,-0.330854419685768,8,0.05360844040951612
284247,2.9488641258924297,8,2.0278164997175905
188792,1.20651364855401,8,0.12089603443482118
373627,1.6677240690259498,8,0.5994913469958836
187887,1.71896967130061,8,1.696646549878984
375608,1.1040224440047,8,1.1201635263914134
189732,-1.8169768856508897,8,-1.1181674326523006
375205,-0.997047249256342,8,0.3015684637506742
189234,-0.5358368287844061,8,-1.1984330272473525
187920,0.899040034906057,8,0.802904887092269
187824,0.8477944326313991,8,0.9092763654931374
189637,-0.997047249256342,8,-0.9702937060399068
188704,-1.8169768856508897,8,-1.3818876255491859
188282,-0.22836321513645105,8,-0.5269886358418795
187609,-0.945801646981682,8,-0.3840580354853285
319954,0.642812023532761,8,-0.314403851492066
373481,-1.4070120674536202,8,-0.5683943283558672
187901,-0.484591226509748,8,0.29972692810095
188849,-1.50950327200294,8,-0.7436448966596562
187590,-0.8433104424323629,8,-0.2559284427344173
283726,0.284092807610143,8,-0.037555101185093615
190196,-0.740819237883044,8,-0.30088664753719935
187826,0.232847205335485,8,0.7236136838096937
189859,-0.6895736356083859,8,-0.33020220339901174
375813,-1.35576646517896,8,0.11039497995704144
317829,1.15526804627935,8,0.2457070252924747
284304,-0.792064840157705,8,-0.48541515004163466
189042,-0.5358368287844061,8,-0.8819416694171488
188816,0.0278647962368471,8,0.2325601567748674
189964,-0.945801646981682,8,-0.4882843732494625
188321,-0.22836321513645105,8,0.22395743538448276
374155,-0.17711761286179106,8,-0.8299792018321858
188529,1.6677240690259498,8,0.5495559548776666
188536,0.335338409884804,8,0.5086527581006947
318173,-0.125872010587132,8,-0.09711691219219103
375393,0.386584012159462,8,-0.0711210196059787
308011,1.36025045537799,8,0.8197978732065543
284303,0.4378296144341229,8,-0.41163678860686637
2437249,1.46274165992731,8,0.5828752961455393
283892,-0.8433104424323629,8,-0.5094641022469433
189689,-0.5358368287844061,8,-0.056974813411779665
187489,-0.484591226509748,8,-0.14507673682695807
188204,-1.66324007882691,8,-0.45147287952399334
189955,0.7453032280820799,8,-0.0001922664800825479
374652,1.25775925082867,8,1.0010045763540418
374407,0.0791103985115055,8,-0.2859184632053546
283772,-0.484591226509748,8,0.7678145513271999
188401,-1.048292851531,8,0.26939616258264165
375243,-0.125872010587132,8,0.14097322984432287
188376,-0.484591226509748,8,-0.18801964350318254
187754,0.5915664212581,8,0.5787096109022678
190252,0.130356000786166,8,-0.047327085723627024
189012,-1.35576646517896,8,-0.2763187511472519
374363,0.335338409884804,8,0.09791145450430487
190081,0.899040034906057,8,-0.0643686462865448
375845,-0.6895736356083859,8,-0.22602884409170482
187764,-0.4333456242350871,8,-0.1540971969976421
188669,-0.8945560447070229,8,-0.024155942247824882
284120,1.51398726220197,8,0.5001683278112333
188311,-2.02195929474953,8,-0.5231508498588053
188054,-0.945801646981682,8,0.014461754527256638
187560,0.642812023532761,8,1.148431690273757
188215,0.6940576258074189,8,0.47678383830567816
187781,-0.125872010587132,8,-0.12904727743027253
283776,-0.5358368287844061,8,-0.18860938011119305
374165,-1.66324007882691,8,-0.6487585465395761
374603,0.130356000786166,8,0.15672237217742258
189883,-0.484591226509748,8,-0.2859839856396158
283757,1.15526804627935,8,0.022085494841361866
308007,0.5403208189834421,8,0.15176876587419688
190794,0.7453032280820799,8,0.3601382288567427
188382,0.4378296144341229,8,0.7604610339834231
187921,0.5403208189834421,8,-0.2318818040010539
190141,-1.91946809020021,8,-1.5695840430614527
187713,-0.945801646981682,8,-0.6710985701921421
374063,0.284092807610143,8,-0.14134398797298223
188220,2.2314256940472,8,1.7205806963208095
375935,-0.4333456242350871,8,-0.35043345325533015
283950,-0.330854419685768,8,0.2821505303985561
375820,-0.945801646981682,8,0.21446268674984476
190035,-0.4333456242350871,8,-0.17416195320216693
189947,-0.0233808060378135,8,0.12086784398116254
190037,-0.4333456242350871,8,-0.2521172062520365
187763,0.5403208189834421,8,0.694052722237668
187880,-1.35576646517896,8,-0.045416717407305476
187711,0.5915664212581,8,0.0724765164353039
187853,-0.587082431059067,8,0.048576428128410586
188507,-1.048292851531,8,-0.16341541644404514
374917,-1.15078405608032,8,-0.8532289630041385
375708,0.335338409884804,8,0.8569796828755577
374703,-1.048292851531,8,-0.02880073180637049
375950,-0.17711761286179106,8,0.04440926089378648
283312,0.6940576258074189,8,0.2811260738685421
188214,1.00153123945538,8,1.271014309402073
2437263,-0.8433104424323629,8,-0.13027791606000547
284203,0.4378296144341229,8,0.04877229278622811
373872,-0.997047249256342,8,-0.9138055253334328
187879,-1.15078405608032,8,0.1228788667640045
374894,-0.997047249256342,8,0.9269414258302632
375696,1.61647846675129,8,1.9229882900919844
283132,-0.0233808060378135,8,-0.19806662051567658
189697,-1.0995384538056598,8,-0.44145906832094
375678,1.18089084741668,8,0.9485871447145539
188291,-0.6895736356083859,9,0.27946344374938537
187573,-0.6895736356083859,9,-0.2174338683792017
187742,-0.8945560447070229,9,0.35796875901113184
283735,-0.330854419685768,9,-0.2359046173692217
190816,0.181601603060824,9,1.043867361489435
190707,-0.740819237883044,9,-1.0482375324513142
187612,0.181601603060824,9,-0.1334797482184905
284328,0.0791103985115055,9,-0.4249601616696982
373482,0.130356000786166,9,-0.18449152252121767
188698,1.6677240690259498,9,1.3913588686558125
283445,0.796548830356738,9,0.16748924688607775
2436958,-0.38210002196042897,9,0.14224023109961018
188603,-0.8433104424323629,9,-0.061891444474975355
187611,1.05277684173003,9,-0.1320423992206935
374515,0.0278647962368471,9,-0.15045804523190204
308253,1.1040224440047,9,0.2669495865695147
188170,2.2314256940472,9,1.414966663076364
374622,1.00153123945538,9,-0.23223263052481413
188934,-1.048292851531,9,-0.2636543585930274
188472,-0.0233808060378135,9,-0.4913303252950369
374382,0.4378296144341229,9,-0.37599489841175104
187636,0.232847205335485,9,1.0782058623158046
189241,-0.638328033333725,9,-0.6873950280019223
189801,0.0791103985115055,9,0.20981047076988066
188019,-1.0995384538056598,9,-0.3122609629921347
374365,-1.86822248792555,9,-1.3363724826330132
188326,-0.484591226509748,9,1.3300596650535164
190067,-1.5607488742776,9,-1.0066650684947458
373674,0.284092807610143,9,0.031457742657613356
190000,-0.330854419685768,9,-0.2517587912687382
283201,0.335338409884804,9,0.701263393086281
187551,1.82146087584993,9,1.0618298955043677
375342,-0.6895736356083859,9,-0.05462535590669699
188064,0.181601603060824,9,-0.4839530981498519
283781,0.130356000786166,9,-0.12016180515735336
189137,-1.45825766972828,9,-0.298786423982516
374471,-0.4333456242350871,9,-0.8714184846013582
188235,0.130356000786166,9,1.0650809343629335
188317,-0.330854419685768,9,-1.1667682589907646
375465,-1.07391565266833,9,-0.10855471961764289
375890,1.97519768267391,9,1.7877521515674857
187653,0.232847205335485,9,0.5157285030879075
187462,-1.20202965835498,9,-0.507667817769097
188922,-0.945801646981682,9,0.11805744103989797
188927,-0.740819237883044,9,-1.0037064744439383
189004,-1.5607488742776,9,-0.6887796713745642
373635,1.36025045537799,9,1.005757139024147
375453,-0.0233808060378135,9,0.24449164790830946
187840,0.0278647962368471,9,-0.039810332059346774
187988,0.130356000786166,9,0.08423231545272117
187699,0.0278647962368471,9,-0.833287345364934
188012,-1.61199447655225,9,-0.3668593900577518
190127,-0.125872010587132,9,-0.033572771247618975
189084,0.0791103985115055,9,-0.8578966315766497
189292,-1.50950327200294,9,-1.4765223093385487
284357,0.4378296144341229,9,0.19838898486319614
2437250,0.51469801784611,9,0.8949114662274738
375917,-0.4333456242350871,9,-0.5840038294969339
188320,-0.945801646981682,9,-0.46147218591054867
374807,0.5915664212581,9,0.37970720330478386
373948,0.0791103985115055,9,-0.5410589864338363
188972,-1.048292851531,9,-0.8161099931844044
190458,0.335338409884804,9,-0.5719838360447691
283448,0.335338409884804,9,0.10187727519062934
187952,1.20651364855401,9,1.6215030627975864
373745,1.38587325651532,9,1.2436665074466184
187769,1.77021527357527,9,1.809384617390698
336782,-0.997047249256342,9,-0.5862153234860623
187655,2.59014490996982,9,2.080630321515544
374630,-0.27960881741111,9,0.30346079573563095
308006,0.5403208189834421,9,0.044132544168444476
187574,-0.638328033333725,9,-0.45037940054275294
189346,-1.0995384538056598,9,-0.7846714562608977
187846,-0.27960881741111,9,0.727250855465145
189063,0.4378296144341229,9,0.04987389517983406
187703,0.335338409884804,9,-0.004035294285167865
190778,-0.638328033333725,9,-0.6448971418015964
373780,-1.4070120674536202,9,-0.5426683522842795
374395,0.0278647962368471,9,-0.09243847568587121
188996,-0.587082431059067,9,-0.5879035379657191
189856,0.130356000786166,9,-0.2548137438660863
373773,-1.15078405608032,9,-0.8645711689515271
375705,0.41220681329679104,9,1.2039067397082048
187833,-0.484591226509748,9,-0.24820320934478096
374745,-1.71448568110157,9,-1.2031695414586006
187766,2.18018009177254,9,2.1508709576895875
189854,0.0278647962368471,9,-0.09430611457308385
375452,0.232847205335485,9,0.20452373866375412
187510,-0.4333456242350871,9,0.16372025306588295
190213,0.899040034906057,9,0.03550923854906968
284371,1.00153123945538,9,0.4661428216829479
190018,-0.4333456242350871,9,-0.31284342839234397
283655,2.18018009177254,9,1.1340237591626936
283162,-1.15078405608032,9,-0.6926001340828621
189116,-0.740819237883044,9,-0.6982959723816285
188302,-0.638328033333725,9,0.09696961333145789
374743,-0.27960881741111,9,-0.9993833632956658
375773,1.51398726220197,9,0.8753843576504337
375835,-0.125872010587132,9,0.46517854859579855
188785,-0.792064840157705,9,-0.2372325695731814
188248,2.43640810314584,9,1.486166083638481
189244,0.0791103985115055,9,0.20063068948811133
376022,1.25775925082867,9,1.2146033630595716
374546,0.899040034906057,9,-0.021871731372316544
189390,-0.330854419685768,9,-1.1180099867898317
283938,0.6940576258074189,9,-0.0365079730349386
187457,-1.76573128337623,9,-0.050341124765334595
188715,0.284092807610143,9,-0.24906288623174644
375471,-0.997047249256342,9,0.06148814135939071
187491,-0.8945560447070229,9,-0.8533443572052009
187645,1.82146087584993,9,-0.17567733561600843
375727,0.899040034906057,9,1.1161693828681993
189153,-0.587082431059067,9,-0.8269405242271897
188427,0.232847205335485,9,0.22288690037872247
188346,0.0278647962368471,9,-0.13808153139794702
190005,-0.22836321513645105,9,-0.20732189392550696
189630,-0.38210002196042897,9,-0.08041845716741436
374017,2.12893448949788,9,1.6441010140303638
373468,1.1040224440047,9,0.12812514579319564
188249,0.796548830356738,9,0.9758384990712188
189909,-0.0233808060378135,9,-0.16960586731376537
375627,0.386584012159462,9,-0.17086193788196302
283803,-0.945801646981682,9,-0.3720261179810585
376021,-1.5607488742776,9,-0.05442460790435353
188942,-0.4333456242350871,9,-1.0528421437461057
375437,-0.638328033333725,9,-0.5401658371445905
187675,1.71896967130061,9,0.7694352780726721
187610,0.489075216708781,9,-0.48025604826960927
283813,-0.8433104424323629,9,-0.4314756172809772
189337,-0.0746264083124718,9,-0.9791012422810859
2437286,0.335338409884804,9,0.7633039574711646
190774,-1.048292851531,9,-1.0111113264499565
188096,-0.740819237883044,9,-0.3293145337755645
283754,-1.15078405608032,9,-0.030282564525799523
189759,0.6940576258074189,9,-0.18603863663799539
375973,-0.8945560447070229,9,-0.46906861927113475
374599,-0.484591226509748,9,0.3672332771236466
188055,-0.997047249256342,9,-0.3410737597344062
188015,-0.6895736356083859,9,-0.42231893583137686
319279,-0.330854419685768,9,0.035150235881646424
374367,0.181601603060824,9,0.11164967153381873
189047,0.284092807610143,9,-0.5853916598691671
187936,0.7453032280820799,9,0.0566602305612233
374535,0.6940576258074189,9,-0.06724140391283802
187998,-0.740819237883044,9,-0.0816020088912009
2437268,-0.638328033333725,9,-0.02701769558698356
187667,0.0791103985115055,9,0.2778705174524942
375731,0.6940576258074189,9,0.7674749833941497
190817,2.02644328494857,9,1.458120560084171
2437280,0.181601603060824,9,0.36898604488451403
189282,-1.048292851531,9,-1.3310702875259017
373760,1.46274165992731,9,0.8282718209748399
188781,0.181601603060824,9,-0.25499018829416054
374442,-0.4333456242350871,9,-0.18070931849024732
284334,0.6940576258074189,9,-0.3123367712189222
187707,-0.8433104424323629,9,0.04991097759000732
283107,0.0278647962368471,9,-0.396026433984336
187548,1.92395208039925,9,1.1109353070688737
187594,0.796548830356738,9,-0.039246913893437776
190167,0.0791103985115055,9,-0.33329005766782777
283843,-1.35576646517896,9,-1.1376239649422049
190045,0.181601603060824,9,-0.18551701637982335
188102,-1.15078405608032,9,-0.960935938660474
190036,-0.4333456242350871,9,-0.299864370372863
375747,0.899040034906057,9,0.06601393386786149
188984,-0.638328033333725,9,-0.7529907953326876
188083,-0.125872010587132,9,-0.01946083060337092
187893,-0.4333456242350871,9,-0.28387790345411723
374638,-0.27960881741111,9,0.2764062441329234
187911,-0.125872010587132,9,0.5134502779642964
189210,-0.38210002196042897,9,-0.46773809526755755
190792,-0.22836321513645105,9,0.36839927094442326
190100,-0.5358368287844061,9,-0.16598640080237387
189001,-0.740819237883044,9,-0.727506486442284
188036,-0.330854419685768,9,0.09008024336683955
374413,0.335338409884804,9,0.37141962186850236
190787,0.6940576258074189,9,0.8909419533166173
188117,-1.048292851531,9,-0.26795105742357783
284291,0.284092807610143,9,-0.16935127548000475
188028,-0.27960881741111,9,-0.24154403227551244
283641,0.5915664212581,9,0.06757511949035241
187736,-0.792064840157705,9,0.28495206794612593
283214,-0.0233808060378135,9,-0.6714529390923323
375736,0.5915664212581,9,0.1673087305117996
318552,-0.125872010587132,9,0.15669062823417518
188545,-0.8945560447070229,9,-0.8435787776001021
189023,-0.8945560447070229,9,-0.7919630107576467
375505,-1.7401084822388997,9,-0.211748692005449
190039,-1.5607488742776,9,-1.340985522523393
374191,-2.27818730612283,9,-1.3399675142563747
189970,-0.740819237883044,9,0.06931174086172742
189091,0.181601603060824,9,0.4942230778152924
189667,-0.484591226509748,9,-0.6219719788770768
375993,0.386584012159462,9,0.30202134340445713
187869,-0.484591226509748,9,-0.16897243863947892
189013,-0.22836321513645105,9,-0.5232511304380647
283751,-0.330854419685768,9,-0.009613745091113306
373623,-0.27960881741111,9,-0.2781358393097553
283784,-0.17711761286179106,9,-0.2129581035867238
283325,0.386584012159462,9,-1.1930647730080906
