id,width,kfold,KRR_pred
375994,0.5403208189834421,0,-0.02350890175432596
187690,0.489075216708781,0,0.37450545939543645
190669,-0.8433104424323629,0,-0.128047996012441
283914,-0.22836321513645105,0,0.11115155273998312
188436,1.71896967130061,0,0.15027457371479613
373850,0.181601603060824,0,0.5039509414717429
319956,0.130356000786166,0,-0.04710930987225481
375799,2.43640810314584,0,0.6867137042216314
375417,-0.22836321513645105,0,-0.22646295838944752
187844,2.9488641258924297,0,1.8834946896340625
283157,-0.27960881741111,0,0.20658277020538662
189696,-0.125872010587132,0,0.026818733819595764
188876,0.0791103985115055,0,0.008950610600763298
283120,-1.0995384538056598,0,-0.9023447707294849
189039,-0.0233808060378135,0,-0.4886767105612648
188765,0.6940576258074189,0,0.7151822273401081
188577,-1.86822248792555,0,-1.1698068641815667
188267,0.5403208189834421,0,0.5457743582527144
375706,0.232847205335485,0,-0.01858638851336991
188250,0.4378296144341229,0,0.1378000857280881
189254,-0.6895736356083859,0,-1.974325183008915
188780,-0.484591226509748,0,-0.4720397440149213
375444,-0.0233808060378135,0,0.2714653625168637
373522,0.950285637180718,0,0.37590022737845175
375916,-0.740819237883044,0,0.2342130178055868
188156,1.71896967130061,0,1.7902878507414073
187984,-0.27960881741111,0,-0.46245244861665924
187692,1.15526804627935,0,0.8847389486737001
283721,1.1040224440047,0,0.1836340581380398
189031,-0.17711761286179106,0,-0.7386666965454651
189134,-0.6895736356083859,0,-0.5897813088598127
188101,-0.5358368287844061,0,-0.9928026572090971
336484,0.0278647962368471,0,0.6424591296254647
188969,-1.3045208629043,0,-1.0870142268418874
283712,1.20651364855401,0,0.545876294074958
283755,0.4378296144341229,0,0.4189249405508235
283166,0.489075216708781,0,0.350372812472898
188269,-1.048292851531,0,-0.8576206667808606
189980,-0.17711761286179106,0,-0.3014121892380217
284272,0.0278647962368471,0,-0.40898893825144
374092,0.642812023532761,0,0.661264273699345
187989,-1.66324007882691,0,-0.9776346426547775
374693,1.61647846675129,0,0.6606296903401585
187999,-0.27960881741111,0,0.07785983592205525
283127,-1.0995384538056598,0,-1.0530823071367479
188825,-0.0233808060378135,0,0.36686856320662287
283677,1.05277684173003,0,0.6929713338218164
374613,0.642812023532761,0,0.6289658637304285
375556,-0.22836321513645105,0,0.3090001961047051
283054,1.92395208039925,0,-0.010524531352544386
373900,1.30900485310333,0,-0.03994186912697728
375796,-0.997047249256342,0,0.13360039033469207
189133,1.05277684173003,0,0.4764476542266607
188757,-0.0233808060378135,0,0.22286987496556776
187903,-0.997047249256342,0,-0.736135531892586
189233,-1.3045208629043,0,-1.0886042881604112
188355,0.950285637180718,0,0.7644600065050327
283205,-1.0995384538056598,0,-0.42311998208637647
188976,0.386584012159462,0,-0.768805937517044
189974,-0.22836321513645105,0,-0.13820829886924457
373904,0.642812023532761,0,-0.6600060175386773
188319,1.36025045537799,0,0.7794142842506915
336483,0.5915664212581,0,0.5317048126215553
374591,-0.5358368287844061,0,-0.06074823013014452
187938,-0.330854419685768,0,0.04078800824183304
190784,-0.587082431059067,0,-0.43603730128921825
188121,0.5915664212581,0,-0.6165904347494404
188341,-0.4333456242350871,0,-0.7509829704298454
188093,1.30900485310333,0,1.03089365020503
375626,-0.0233808060378135,0,0.005920086893667076
187956,0.7453032280820799,0,-0.10482586675860261
188820,-0.740819237883044,0,-0.02077799895056387
374171,-0.5358368287844061,0,-0.5425378858706154
187628,0.5915664212581,0,0.7110549260076766
190139,-1.76573128337623,0,-1.5910794015400143
189844,2.15455729063521,0,1.197204904304158
189010,-0.4333456242350871,0,-0.3438623571285149
187508,-0.740819237883044,0,0.15314617032760225
188048,2.33391689859652,0,2.0140109393520333
187704,-1.45825766972828,0,-0.6043552901419957
187599,0.181601603060824,0,0.058378204709683246
375663,1.71896967130061,0,2.0284933580401514
284216,1.15526804627935,0,1.2555909852959246
374202,-0.587082431059067,0,-0.3738408843024672
188122,-0.17711761286179106,0,-0.16475274187723699
190280,-0.4333456242350871,0,-0.4423862887180974
187985,0.6940576258074189,0,-0.6224256570572209
190782,-0.484591226509748,0,0.49664442190996283
187935,-0.38210002196042897,0,0.025450140741213545
283252,-0.17711761286179106,0,0.99906810711704
374148,-0.5358368287844061,0,0.5050240231367553
188532,0.5403208189834421,0,0.19188005340575387
375780,1.00153123945538,0,0.8643691440464067
375791,2.69263611451914,0,1.910029772967647
375749,1.82146087584993,0,0.7486278396074795
189858,-0.27960881741111,0,-0.04547934708637058
187803,-1.76573128337623,0,-1.1988243166472046
187854,-0.0746264083124718,0,-0.10142174176674246
188202,0.6940576258074189,0,-0.3684813807113869
283722,1.5652328644766298,0,0.38958807457348144
187495,-0.740819237883044,0,-0.7104440944204669
375895,1.6677240690259498,0,1.3439909011784437
374624,1.69334687016328,0,0.5004259950158314
187876,-0.17711761286179106,0,-0.5567422120828098
189032,-0.330854419685768,0,-0.5053429236020293
375710,1.00153123945538,0,0.7627032935859006
188099,-1.86822248792555,0,-0.4298802298969804
188468,0.0278647962368471,0,-0.8645081096712204
283770,1.05277684173003,0,1.0827196743973673
375511,1.89832927926192,0,1.9416982967717047
336485,0.335338409884804,0,0.4055852036556189
188359,1.05277684173003,0,0.307749580741401
2437258,0.181601603060824,0,0.03231330906484686
189290,-0.4333456242350871,0,-0.6981213724349118
188667,0.386584012159462,0,0.8297472132176011
190277,-0.125872010587132,0,-0.34485633134352156
187666,0.181601603060824,0,0.06982883054348576
336479,0.181601603060824,0,0.08820170399013705
374632,-0.0746264083124718,0,-0.8227746632561832
373759,-0.0233808060378135,0,-1.0945041616709261
2437282,-0.0233808060378135,0,0.385543380953834
374635,0.386584012159462,0,0.4666129202397826
375006,1.97519768267391,0,1.0053985938132257
336688,-1.15078405608032,0,0.2579044270025008
283615,0.4378296144341229,0,0.11827270388286593
283731,-0.484591226509748,0,-0.12422247959014499
189961,1.05277684173003,0,-0.28412673221703244
189239,-1.5607488742776,0,-1.0242413860080433
190807,-1.0995384538056598,0,-1.465357474705229
187479,0.130356000786166,0,-0.9053558200430842
373756,0.0278647962368471,0,-0.6636612490198956
374037,0.6940576258074189,0,-0.22397672341097064
375607,0.642812023532761,0,0.4535293004568359
374109,-0.587082431059067,0,-0.4756195552787972
189840,-0.8433104424323629,0,-0.42611915627051644
188957,-1.50950327200294,0,-1.9142557273012812
373656,-0.0233808060378135,0,0.13408272818023192
187793,-0.792064840157705,0,0.41472542318642525
284224,0.899040034906057,0,-0.15339020665919634
283199,-0.740819237883044,0,-0.49996296222316516
375899,2.43640810314584,0,1.4868249512712737
283118,0.130356000786166,0,-0.6251058636513847
283128,1.25775925082867,0,0.11326179459268815
283158,-0.8433104424323629,0,0.6345796518476732
188840,2.02644328494857,0,1.44421371290926
189792,-0.27960881741111,0,-0.5884457734260025
188412,0.4378296144341229,0,0.7119907179409211
283756,0.0278647962368471,0,0.06284058619542066
189894,-0.22836321513645105,0,0.20574164605596934
374536,-0.22836321513645105,0,-1.3024888904568854
187783,1.05277684173003,0,0.8459511588816611
336482,0.6940576258074189,0,0.19074257062966637
188974,-1.45825766972828,0,-0.5739921054837964
189035,-1.15078405608032,0,-0.5372043086780423
373980,0.0791103985115055,0,-0.16543568801156994
375851,1.51398726220197,0,0.8519525674236661
188374,-0.4333456242350871,0,0.4224539933174185
187987,0.950285637180718,0,0.36212295014860274
2437395,0.7453032280820799,0,0.04325501889037753
283759,-0.740819237883044,0,-0.6307918240246977
189400,-1.25327526062964,0,-0.7269516254541486
375717,0.489075216708781,0,0.3347666942515275
375295,-0.4333456242350871,0,-0.6914477009658242
375524,0.8477944326313991,0,0.9688228207277234
336481,0.796548830356738,0,0.27285920831053545
190054,0.130356000786166,0,-0.12544371145449418
189753,0.489075216708781,0,0.011932485138686388
188975,-1.20202965835498,0,-0.5406392572915877
187676,-1.0995384538056598,0,-0.4782617600980785
284002,0.5403208189834421,0,-0.25848144621768654
336476,0.5915664212581,0,0.027654324489617466
188365,-0.0233808060378135,0,-0.3857835025424805
374945,-1.86822248792555,0,-1.20346604393049
375695,-1.33014366404163,0,0.11186220864664165
375759,-0.5358368287844061,0,0.2828904764246545
187852,-1.86822248792555,0,-0.8043634689364012
187716,-1.35576646517896,0,0.36411282184838
373739,-1.15078405608032,0,-0.6106358881325775
189996,0.0791103985115055,0,0.018371770555802414
189008,-0.5358368287844061,0,-0.7153218449884662
187541,0.0791103985115055,0,0.21404994473368788
375441,0.335338409884804,0,-0.07944735453716589
187485,-0.125872010587132,0,-1.1099418743239085
283773,0.796548830356738,0,0.15754824478960927
283235,0.899040034906057,0,0.6875450331045272
190046,-0.22836321513645105,0,-0.259726882251357
375857,0.335338409884804,0,0.12430306710601258
375645,2.59014490996982,0,1.7550609379890432
188227,-0.0233808060378135,0,1.197749548564417
188413,1.71896967130061,0,0.844212563341344
283105,-0.38210002196042897,0,-0.8241453080895269
308004,0.335338409884804,0,0.11879857019582118
283106,1.15526804627935,0,0.7721388983014492
375711,0.8477944326313991,0,-0.23896196923507773
283444,1.00153123945538,0,1.053819089151034
188496,0.0278647962368471,0,-0.9128691729696641
374197,-0.484591226509748,0,-0.006699588257021105
284090,1.00153123945538,0,0.9449646128659595
189014,-0.0233808060378135,0,-0.3570148357992622
374590,-0.8433104424323629,0,-1.4784969424299277
187539,0.0791103985115055,1,0.11015050108449032
190115,-1.0995384538056598,1,-1.3017439495188796
189749,-0.0746264083124718,1,-0.30566531046132184
374416,0.181601603060824,1,-0.1062423540167714
188521,-0.484591226509748,1,0.016256437917462563
374992,1.71896967130061,1,1.4960494064513057
189776,-0.0746264083124718,1,-0.6016615727882169
190799,1.87270647812459,1,1.7875392119214268
283670,1.46274165992731,1,0.49099168289328077
188452,0.796548830356738,1,0.33621972234658415
187562,-0.0746264083124718,1,-0.2694099998721242
374621,1.1040224440047,1,0.5060913807645591
189289,-0.740819237883044,1,-0.992382349382595
374004,0.181601603060824,1,0.10387174681341094
187816,2.18018009177254,1,1.8983548735085378
374086,0.796548830356738,1,-0.10149909729179285
189029,-0.17711761286179106,1,-0.71111356338902
375573,-0.38210002196042897,1,0.1750489131178199
188476,0.0278647962368471,1,0.7783485890660415
190082,-2.22694170384817,1,-0.21723018846655862
283859,0.4378296144341229,1,-0.26669033394075825
189006,-0.8433104424323629,1,-1.152132971339995
375941,-0.5358368287844061,1,0.48337260133440907
190102,-0.38210002196042897,1,-0.0056801133757033995
375974,-1.68886287996424,1,-0.16638612122488894
375724,-0.5358368287844061,1,-0.3714509855347501
373716,-0.17711761286179106,1,-0.7057738156697013
283667,1.51398726220197,1,0.5177918910853521
188035,-0.638328033333725,1,0.19640799296669798
374669,0.0791103985115055,1,0.33679512684568635
373485,1.71896967130061,1,1.0417810182867981
283171,0.335338409884804,1,0.49182358332996046
283989,-0.17711761286179106,1,-0.09825180347503704
187780,0.950285637180718,1,-0.0007963965605028989
375744,0.284092807610143,1,-0.061248205245178156
187678,0.0791103985115055,1,-0.04520843460291246
374768,-1.61199447655225,1,-1.454404217435652
188189,-0.22836321513645105,1,-0.6769368603045933
188051,1.92395208039925,1,2.4003065800917227
188094,-0.792064840157705,1,-0.07904090144251086
188708,-0.792064840157705,1,0.11791675973375959
374640,0.5403208189834421,1,0.3471796220392207
284069,0.181601603060824,1,0.7223067312833109
284161,-0.125872010587132,1,0.38049090619007586
188092,-0.792064840157705,1,-0.856122187711037
187658,-2.38067851067215,1,0.011038665473108722
375395,-0.0233808060378135,1,-0.15781419957653497
187523,-0.6895736356083859,1,-0.5296503642067876
189343,-0.740819237883044,1,-0.9140672994300303
375755,1.6677240690259498,1,1.7183809966608834
284373,0.130356000786166,1,-0.3450142934648994
189079,-1.15078405608032,1,-0.6680656147074728
187971,0.7453032280820799,1,0.5385677399317217
319784,1.87270647812459,1,1.8060816444273229
190132,-2.3294329083974903,1,-1.5753240825335553
187877,-1.91946809020021,1,-1.6322491507791597
189038,-0.484591226509748,1,-0.7002782231733846
189819,-0.740819237883044,1,-0.22253115436623716
188225,2.07768888722322,1,1.0907801850871124
189892,0.0278647962368471,1,-0.21102999896362462
375666,1.77021527357527,1,1.8079289556452807
187755,-0.0233808060378135,1,0.2671745950069635
187464,-2.0732048970241896,1,-0.7107334487461401
189756,-0.792064840157705,1,-0.3044254987036368
190796,-1.3045208629043,1,0.4205233343180055
187946,0.0278647962368471,1,-0.17874291788544383
190199,0.0791103985115055,1,0.3189369206472321
189421,-0.997047249256342,1,-0.9464381750502042
187482,-0.8945560447070229,1,-0.44561852970613813
375954,0.796548830356738,1,1.0469573270770525
188037,-0.5358368287844061,1,-0.5188877298206194
375802,-0.22836321513645105,1,0.1814252183390863
190403,-0.0746264083124718,1,-0.10757383950080168
189804,-0.792064840157705,1,-0.025666630767290144
375500,2.12893448949788,1,1.3841748682155526
190789,-0.5358368287844061,1,-0.9638826837928036
283633,-1.91946809020021,1,-1.4297500434494026
284192,2.12893448949788,1,1.2129491774637984
156377,0.5915664212581,1,0.8481057405883377
187458,-0.38210002196042897,1,0.06702530514755267
189669,-0.27960881741111,1,0.08666463204282593
319779,-0.330854419685768,1,0.34121601107784727
374608,-0.27960881741111,1,-0.012055105901680463
189949,-0.125872010587132,1,-0.34302742491642846
284239,1.25775925082867,1,0.929962914247966
188254,1.20651364855401,1,1.3311028155324607
374763,-0.8433104424323629,1,-1.2849992053296262
374151,-0.6895736356083859,1,-0.37083390125890503
189277,-0.740819237883044,1,-1.094844466441046
283727,-0.0746264083124718,1,-0.1429472995989869
375976,0.0791103985115055,1,-0.6924154265204265
188464,-1.50950327200294,1,-0.20535088808929913
375716,1.15526804627935,1,0.9554659524241345
375691,0.489075216708781,1,0.8906223430586238
374691,-0.740819237883044,1,0.3485440163754845
189164,-1.61199447655225,1,-1.3453498323239472
190134,0.489075216708781,1,-0.4737128553258003
284025,-0.0490036071751427,1,-0.021979300962456705
187787,-0.17711761286179106,1,-0.48778676353532546
188111,-2.38067851067215,1,-0.9708428823404631
375704,0.181601603060824,1,0.46672069065206756
190711,-0.330854419685768,1,-0.3811575079639056
190070,-1.61199447655225,1,-1.224368546898745
189238,-1.0995384538056598,1,-1.380593315340377
189937,-0.484591226509748,1,-0.13427093680856217
2437378,0.5915664212581,1,0.03866614798020862
284336,2.07768888722322,1,2.102070209630483
374145,1.51398726220197,1,0.4281329727133567
374397,0.284092807610143,1,-0.06746922369410413
283300,-1.048292851531,1,-0.2875229965686117
189022,-1.20202965835498,1,-0.23876862846060476
189684,0.899040034906057,1,-0.4406383261519693
374641,0.7453032280820799,1,0.6629978681505122
190364,-0.4333456242350871,1,-0.06431952942301677
375817,2.89761852361778,1,2.0008852974775664
189809,-0.22836321513645105,1,-0.04346187586695294
283083,0.7453032280820799,1,0.3024839541367328
374589,-0.0746264083124718,1,0.34351890669590546
188492,-0.6895736356083859,1,-0.7714207734369012
375688,0.796548830356738,1,0.5300305290211611
188979,-0.740819237883044,1,-1.2551789312164061
375383,-0.997047249256342,1,-0.7700664470789604
374686,0.642812023532761,1,0.13918178908986079
187702,0.489075216708781,1,-0.4250121458853755
375591,0.232847205335485,1,-0.1829537378289956
189059,-0.587082431059067,1,-0.8861614139198082
376001,1.00153123945538,1,-0.6437469322388694
284262,-0.4333456242350871,1,0.4266477599807672
187705,3.20509213726573,1,1.8759905268665307
283109,1.87270647812459,1,0.7196292221303935
187677,1.05277684173003,1,1.1880505236615022
283229,0.5403208189834421,1,-0.2842249317059071
375842,-0.8433104424323629,1,-0.23432757043953245
189319,-0.4333456242350871,1,-0.4464903992238334
187977,1.25775925082867,1,0.9646964096915127
374103,1.20651364855401,1,0.1163752684667827
374513,0.181601603060824,1,-0.07002939861797586
188377,1.15526804627935,1,0.5230665111161699
190198,0.335338409884804,1,0.16730431881892116
373682,1.05277684173003,1,0.2564249703467283
190802,-0.0746264083124718,1,-0.09230883969928527
189851,0.181601603060824,1,1.0859107654056004
187856,-0.38210002196042897,1,-0.17952613860578026
375062,0.950285637180718,1,0.2938823016864518
375475,-0.945801646981682,1,-0.8817396063783036
188467,-0.330854419685768,1,0.6307049822443105
376048,1.1040224440047,1,0.3116820007040815
188895,-1.15078405608032,1,-0.4283714120447968
188076,-0.8945560447070229,1,0.1133922295182117
188197,0.335338409884804,1,1.0610798443017444
187794,-1.15078405608032,1,-0.5134383235578781
188172,0.5915664212581,1,1.5098755965661326
374174,-0.740819237883044,1,-0.19758531526062484
188370,-0.17711761286179106,1,-0.22506937085583445
189005,-1.048292851531,1,-0.8885440654125887
374158,-1.20202965835498,1,-0.8421024857478727
283849,-1.45825766972828,1,-0.5260627011313659
187951,-1.3045208629043,1,-1.3094023209421977
283767,0.950285637180718,1,0.10614625892320362
188040,-0.17711761286179106,1,0.39408474843071417
374600,0.4378296144341229,1,0.9873158045474497
375457,-1.8169768856508897,1,-0.5731814780016862
189188,-0.330854419685768,1,-0.3589429888120179
187842,-1.5607488742776,1,-1.7110301744103822
189302,-1.71448568110157,1,-0.6921223834623191
188134,1.4114960576526498,1,1.4024649330039978
189194,-0.740819237883044,1,-0.9992967604819398
187814,0.899040034906057,1,0.29322268234489
187972,-0.330854419685768,1,-0.7856286077253429
188229,1.92395208039925,1,-0.4401038370059638
187906,0.130356000786166,1,-0.11711414123772101
374681,0.4378296144341229,1,0.3696220732497011
375846,0.386584012159462,1,0.06547105559010902
189099,0.130356000786166,1,0.31918253874793834
373991,0.232847205335485,1,-0.25329968292950866
188543,-1.91946809020021,1,-1.654326950032015
374516,-0.945801646981682,1,-0.5031047303614855
188434,-0.38210002196042897,1,-0.7997998739956103
187957,0.642812023532761,1,-0.33811592490320663
188947,-1.048292851531,1,-0.3556295057393726
375809,3.15384653499107,1,2.238941769535842
189308,-0.792064840157705,1,-0.6691662575071291
308009,0.899040034906057,1,0.2857273092548951
374177,0.130356000786166,1,-0.0924165247106572
374331,-0.0233808060378135,1,-0.5650071885497283
188270,-1.0995384538056598,1,-0.6156565422494822
374680,1.20651364855401,1,0.6413782765283429
284281,-0.740819237883044,1,0.23531962111536586
374451,0.284092807610143,1,0.41250102606908
187526,0.899040034906057,1,-0.3160382157433901
283778,-0.0746264083124718,1,-0.2220041009294107
285674,1.1040224440047,1,-0.052282179984459276
283311,0.181601603060824,1,-0.5355879116112447
375931,-0.5358368287844061,1,-0.521953951852808
336685,-0.997047249256342,1,-1.2104019218312771
375679,-0.0746264083124718,1,0.2565490841000724
190191,-1.61199447655225,1,-1.6472877539795832
308266,0.5915664212581,1,0.5499585284211435
188734,-0.638328033333725,1,-0.14845503599934773
187848,0.284092807610143,1,0.7208451284189721
187776,0.232847205335485,2,-0.008871096673630063
187819,-1.8169768856508897,2,-0.5425763639189825
375634,1.4114960576526498,2,0.7389524069103288
188339,0.642812023532761,2,1.868083060349818
283125,-1.17640685721765,2,-0.09384576511885712
188633,-1.71448568110157,2,-0.3878663673850298
188894,-0.587082431059067,2,-1.0716118723690613
375859,0.489075216708781,2,0.3356843730809089
374339,0.489075216708781,2,-0.3919008179535126
190058,-0.27960881741111,2,-0.010804089254378368
189094,-0.484591226509748,2,-0.5748340472103166
375810,-0.25398601627378103,2,0.8636137012677523
374429,-0.100249209449801,2,-0.6168190374864366
189043,-1.35576646517896,2,-1.0204831543560715
188630,-0.4333456242350871,2,-0.018208247183892468
188448,0.0278647962368471,2,-0.2830082364350375
188940,-0.22836321513645105,2,0.23316828640267317
374747,-1.71448568110157,2,-1.2504010569140576
187751,0.489075216708781,2,0.6577402977603697
187687,-0.740819237883044,2,-0.05548728861808172
189222,-1.25327526062964,2,-0.5767934967969381
283718,0.4378296144341229,2,-0.02108371028231204
187996,-0.125872010587132,2,-0.2910947724138282
318175,0.5403208189834421,2,0.285931433190882
374659,0.8477944326313991,2,0.587283152400488
189853,-0.27960881741111,2,-0.3983566154593632
373690,1.69334687016328,2,0.03509095963624986
188897,2.43640810314584,2,0.719866818008839
188601,-0.8945560447070229,2,-0.6938087191215914
188454,1.6677240690259498,2,2.165840466158187
189243,-1.4070120674536202,2,-1.3182998572937095
187995,1.15526804627935,2,0.8987439965937511
284024,0.232847205335485,2,-0.060592823201503165
187795,0.181601603060824,2,-0.021404266469318145
190203,-0.330854419685768,2,-0.5241367922928646
189455,-3.81555537436261,2,-0.456497239767927
187983,-0.4333456242350871,2,0.17828289126552477
375553,0.284092807610143,2,0.865140778198878
188501,0.0791103985115055,2,0.4140761349708555
375451,-0.27960881741111,2,0.3688504640520023
187979,-0.0233808060378135,2,0.15517832324181313
187629,1.97519768267391,2,0.4252462718872323
283165,1.87270647812459,2,0.6943025268251688
319783,0.796548830356738,2,0.11293390763431432
188075,-0.125872010587132,2,-0.013248925497208575
190111,0.130356000786166,2,-0.0974694789296251
374013,0.899040034906057,2,0.10566381370028921
374744,-1.66324007882691,2,-1.5099246652876133
375527,0.4378296144341229,2,0.38897204963251397
283964,-0.561459629921737,2,-0.03214865369841391
188541,-0.22836321513645105,2,-0.09404608161688088
190022,0.181601603060824,2,0.6152833682066898
374377,0.130356000786166,2,-0.149014537584236
187733,0.899040034906057,2,0.37245342404159487
189288,-1.86822248792555,2,-0.1831284478952142
189048,-1.45825766972828,2,-0.9834312186040535
188383,1.30900485310333,2,0.3167477619011265
188386,-0.484591226509748,2,0.046069894607086326
187583,-1.3045208629043,2,0.1906584505229887
188989,-0.8945560447070229,2,-0.8386747950957982
187472,-1.048292851531,2,-0.5523420528286636
188222,1.51398726220197,2,1.6411646511412243
187883,1.4114960576526498,2,1.2422726188987525
374927,-1.15078405608032,2,-0.8746388695143139
189647,-0.4333456242350871,2,-0.34422395409643514
187978,-0.484591226509748,2,-0.25475408705474933
375815,0.284092807610143,2,0.8759491043079777
188861,-1.0995384538056598,2,-0.5128165014945125
187822,1.87270647812459,2,1.4196364988433885
283602,0.796548830356738,2,-0.3690373074451827
190062,0.232847205335485,2,-0.017338412189445762
187725,-0.5358368287844061,2,-0.740611939207426
283801,0.232847205335485,2,0.35659949622043996
189085,-0.125872010587132,2,-1.0747836636679722
283117,-0.17711761286179106,2,-0.719729215719525
2437340,2.18018009177254,2,1.7800215096305294
373743,2.2058028929098703,2,0.8482825647272705
188258,-1.048292851531,2,-0.6431728741405038
188978,-1.4070120674536202,2,-0.9905427684630439
188987,-0.27960881741111,2,-0.4632405127564283
373649,-0.587082431059067,2,-0.2668480157011004
188232,-0.792064840157705,2,0.31108920911678695
375389,0.0791103985115055,2,-0.1674588658268874
283741,-0.638328033333725,2,-0.49465273976142043
187772,0.284092807610143,2,0.07055273025036968
189997,-0.0746264083124718,2,-0.08671047741512439
188190,0.8477944326313991,2,-0.024726147700988577
187663,0.6940576258074189,2,0.31363279075185346
188758,-0.125872010587132,2,-0.4669444064876984
283805,-0.8945560447070229,2,0.06004939084331795
189224,-1.5607488742776,2,-1.1918903205510674
187823,1.30900485310333,2,0.9876651675602801
373952,-0.5358368287844061,2,0.12105516784143333
283846,1.4114960576526498,2,0.7739944963584264
188237,1.00153123945538,2,0.27257691520688354
2437267,-1.20202965835498,2,-0.22483214960655573
188415,-0.330854419685768,2,-0.23420394666288757
374663,0.0278647962368471,2,0.048901106100942116
374749,-1.5607488742776,2,-1.5780448375916762
188423,0.181601603060824,2,-0.0072692135275786995
188530,-0.484591226509748,2,-0.4182525447182286
189683,2.18018009177254,2,2.084690983750022
188312,-1.20202965835498,2,1.4482985997441915
284319,-0.22836321513645105,2,-0.5921480078280297
375371,-0.5358368287844061,2,0.6475245065293791
373694,1.71896967130061,2,1.309020850579003
188554,-0.38210002196042897,2,0.10685011128168753
188998,-1.0995384538056598,2,-0.3690124484382977
187753,2.12893448949788,2,2.0043909405349325
189070,-1.61199447655225,2,-0.9158633866252615
373725,0.0791103985115055,2,0.007991744517070742
374156,-0.997047249256342,2,-1.148921443656377
188218,1.61647846675129,2,-0.1569935666288984
188923,-0.17711761286179106,2,-0.07377305561240632
189760,-0.484591226509748,2,-0.4094556451555036
189027,-0.6895736356083859,2,-0.530573741251601
374504,-0.4333456242350871,2,0.12028041799659661
189977,-0.0233808060378135,2,0.3708820542080673
375551,-0.125872010587132,2,0.6911919490724188
189822,-0.22836321513645105,2,-0.28275830878827435
188466,-0.22836321513645105,2,0.05888650033699605
187605,3.10260093271641,2,2.2922574797177333
190064,-1.0995384538056598,2,-0.4458762101114786
375905,0.130356000786166,2,0.12890112392489073
188153,1.05277684173003,2,1.267742986293399
336477,0.0791103985115055,2,0.24336395951618783
375901,1.77021527357527,2,1.1895625537204353
283777,0.232847205335485,2,0.6798030793817418
375795,-1.4070120674536202,2,-1.137974841354449
374394,1.30900485310333,2,0.48725988880340765
187739,0.0278647962368471,2,0.5237653740095993
283817,0.232847205335485,2,-0.27765037199753806
187474,-0.740819237883044,2,-0.6124184949736104
375024,-0.8433104424323629,2,0.0004677089630718001
375564,1.00153123945538,2,0.4391042251663748
283553,-0.0746264083124718,2,-0.18839626481494065
190085,0.4378296144341229,2,0.4188093691968504
190164,-0.8433104424323629,2,-0.5847006656061922
375373,-0.125872010587132,2,0.6295060204452625
190160,0.130356000786166,2,-0.38140290282298395
374537,-0.6895736356083859,2,-0.30091003846389697
190805,-0.587082431059067,2,0.6348240227515731
374185,-0.8433104424323629,2,0.030183640513101295
190057,-0.8433104424323629,2,-0.3797278463221119
374718,-0.17711761286179106,2,-0.08527132756250921
188357,0.7453032280820799,2,0.38444194650740826
190811,-1.45825766972828,2,-1.4707860752733382
374588,0.284092807610143,2,-0.09402271914126459
188224,1.92395208039925,2,1.6550058798751195
308265,0.899040034906057,2,0.4139483613027295
189046,-1.3045208629043,2,-0.7140700390352919
189872,-0.22836321513645105,2,-0.29207021906520936
376000,0.489075216708781,2,0.3662044025500393
187796,-0.5358368287844061,2,0.014713996822223407
190143,0.7453032280820799,2,0.5739766062760339
284190,2.97448692702976,2,1.7555512768039137
375288,0.899040034906057,2,0.3930166003463853
374740,2.02644328494857,2,1.7950865722812637
284369,0.386584012159462,2,0.6508135998688829
188733,-1.8169768856508897,2,0.4992481449166064
187845,-0.330854419685768,2,-1.5682685385477697
190797,0.899040034906057,2,0.5231823640131665
188113,-2.12445049929885,2,-1.0060941259123126
188105,-1.048292851531,2,-0.29988963914622957
188822,0.232847205335485,2,0.08914239152990433
374969,-1.20202965835498,2,0.3073992571688393
189221,-1.4070120674536202,2,-0.8849124126989807
190071,-1.048292851531,2,-0.6955539258151759
2437194,-0.5358368287844061,2,-0.2826933906316924
189666,0.284092807610143,2,0.3076249484460192
374527,0.5403208189834421,2,0.5978382760182228
189078,-1.048292851531,2,-0.9061597056323194
189107,-0.638328033333725,2,-0.7878146178287011
374614,0.617189222395429,2,0.2472023336276834
190159,0.386584012159462,2,0.07332639811400554
188000,0.642812023532761,2,-0.08487719862820597
318179,1.61647846675129,2,0.18981831680441985
375728,0.950285637180718,2,0.9386745976745487
187807,-1.0995384538056598,2,0.5497993999140647
375962,-0.945801646981682,2,0.30809619845248903
189784,-0.330854419685768,2,-0.47702268250706936
375664,1.71896967130061,2,1.1209602803349128
187850,1.51398726220197,2,1.5371538819039188
374178,-0.945801646981682,2,-0.2968269228098137
284132,1.97519768267391,2,1.8386578333990826
375779,0.642812023532761,2,0.6877956057559231
190051,-0.5358368287844061,2,0.23035297063395888
284080,1.36025045537799,2,0.9950671990919489
188552,0.8477944326313991,2,0.2466945731653425
190808,-1.35576646517896,2,-1.4746031339438161
189301,-0.8433104424323629,2,0.03254159438901638
376004,1.30900485310333,2,0.8548857965087393
376023,0.0791103985115055,2,-0.5310433054453085
375370,0.130356000786166,2,0.6242672552243391
187784,0.5403208189834421,2,1.089922408536836
189690,-0.330854419685768,2,-0.6546062059609028
374739,0.6940576258074189,2,0.22942406113725156
375825,-0.5358368287844061,2,-0.5839582259731628
187968,2.18018009177254,2,0.22634645621243976
3646845,-0.997047249256342,2,-1.0870826193368686
283119,0.0791103985115055,3,-0.8777226331976351
2437377,-0.4333456242350871,3,-0.40068301766129366
188331,-0.4333456242350871,3,-0.06163120681947021
188992,-0.8433104424323629,3,-0.3638425200312838
188419,-0.27960881741111,3,-0.18089217879594344
189805,0.232847205335485,3,-0.17311436748951792
190174,-0.4333456242350871,3,-0.5154720230936789
373782,-1.35576646517896,3,-1.250304346611017
188330,0.489075216708781,3,1.0783028787146236
190008,-0.587082431059067,3,-0.7494780564178711
2437408,0.5915664212581,3,-0.2121065930581949
189829,-0.740819237883044,3,-0.9871481886928848
187564,1.87270647812459,3,-0.3619018911485341
374500,1.51398726220197,3,2.161637771248479
187631,0.232847205335485,3,0.17199382131073548
187904,-0.638328033333725,3,-0.025753005312822097
190791,-0.6895736356083859,3,0.836453434560184
190158,-0.4333456242350871,3,-1.323222918994901
336783,-0.587082431059067,3,-1.0142254014402
189698,-0.0746264083124718,3,0.046768228628423
189628,-1.45825766972828,3,-1.183207109993191
2437412,1.46274165992731,3,0.20679012282624853
375315,0.284092807610143,3,0.04317268286814624
187982,0.6940576258074189,3,-0.3717439180639701
189913,0.0791103985115055,3,0.0368327042071428
187664,0.0791103985115055,3,0.2051225348838841
374388,-0.17711761286179106,3,-0.48182766150861767
374616,0.284092807610143,3,0.4484156874103462
308010,-0.8945560447070229,3,0.3825772714438074
189803,0.0278647962368471,3,0.07852117594410402
373744,1.71896967130061,3,1.1942729279861055
190029,-0.5358368287844061,3,-0.10780803938050099
188510,-1.5607488742776,3,-0.6294557529369342
189248,-1.15078405608032,3,-0.5859109182399038
188349,-0.22836321513645105,3,-0.34636267235688933
373626,1.5652328644766298,3,0.6580184005846093
374239,-0.17711761286179106,3,-0.5002605286635173
187760,0.0278647962368471,3,-0.9531634884620246
188375,-0.638328033333725,3,-0.9024797854544886
375310,-0.8433104424323629,3,0.7034824332058065
374024,1.46274165992731,3,0.31977372286365835
187771,-0.38210002196042897,3,-0.02781722234647077
283163,-0.792064840157705,3,-0.9680211027841779
190142,0.0278647962368471,3,-0.6206545455678736
284164,0.6940576258074189,3,0.6974635486243699
188764,0.0791103985115055,3,0.7816428052516358
187960,-0.0746264083124718,3,0.09055237163070728
375641,1.5652328644766298,3,1.6211856633450452
187918,0.181601603060824,3,0.26781080141967095
190731,-0.17711761286179106,3,0.3153898900784782
187928,0.284092807610143,3,0.44638278147024835
189024,-0.330854419685768,3,-0.46820145249665757
374914,0.4378296144341229,3,-0.19474801214616377
284309,-0.330854419685768,3,0.13654597123911572
283603,1.71896967130061,3,0.4821954110312845
283839,-0.6895736356083859,3,-0.03203664707157827
188292,-1.76573128337623,3,-0.37162371494372337
187718,0.284092807610143,3,0.1751577755471203
283114,-0.484591226509748,3,-0.030086340652644594
376049,0.335338409884804,3,0.21106475952296933
375460,-0.3564772208231,3,-0.07574326509896423
375952,-0.0746264083124718,3,0.13182657956971866
374473,-0.17711761286179106,3,-0.23991774489357454
374974,-0.20274041399912,3,0.6518227542231045
190103,-0.4333456242350871,3,-0.14273873993249708
190150,-1.5607488742776,3,-0.843222830877977
283779,0.899040034906057,3,-0.3143345984188102
187502,-0.792064840157705,3,-0.6299124377335659
374694,0.0278647962368471,3,0.5508492083602619
283671,-1.0995384538056598,3,-0.4733303511258953
188994,-1.048292851531,3,-0.8133876401604141
187606,-0.6895736356083859,3,0.35793520596757844
187801,2.12893448949788,3,1.1667283256406336
188405,-0.27960881741111,3,-0.4042136432496477
376013,-0.27960881741111,3,0.15337272535461466
375458,0.41220681329679104,3,0.22111800869410558
189887,0.0791103985115055,3,-0.3270382066707782
189232,-1.8169768856508897,3,-1.0447549152570446
317891,-0.125872010587132,3,0.4025922896294958
375582,1.12964524514202,3,0.945572433301578
374531,0.335338409884804,3,0.2740842009598907
375772,1.20651364855401,3,1.1440590385632277
375372,0.181601603060824,3,0.3353917733205378
374697,0.950285637180718,3,0.8421626086550589
188759,0.642812023532761,3,0.2845176356699426
189957,0.7453032280820799,3,0.26667510783528314
373863,0.130356000786166,3,0.6731538188584238
375781,0.950285637180718,3,0.4247789986247881
374944,-1.4070120674536202,3,-1.4744176352485283
283625,-0.587082431059067,3,-0.12725819269337535
283775,0.386584012159462,3,0.012403506914751006
375013,1.6677240690259498,3,1.0517338196426635
375567,0.335338409884804,3,0.6865321760186021
283313,-0.22836321513645105,3,0.5730131288314055
190274,-0.740819237883044,3,-0.5165869006870025
284100,1.5652328644766298,3,0.49375950168666805
188052,1.71896967130061,3,1.9971628189805415
188429,2.18018009177254,3,0.6720589234253396
376050,-0.638328033333725,3,0.4244498081027359
188475,0.386584012159462,3,-0.21171299021762024
187986,-0.27960881741111,3,0.47326709001234235
318548,0.00224199509951795,3,0.0034986149201188255
189340,-0.0233808060378135,3,-0.5970522952984822
283796,0.284092807610143,3,-0.11459028413784722
373912,0.489075216708781,3,0.8734260857927438
187603,-1.20202965835498,3,-0.313460730573496
188956,-1.0995384538056598,3,-1.2621046686097088
187976,0.6940576258074189,3,1.0686333047772223
2437409,2.07768888722322,3,1.6874362574293684
189972,-1.8169768856508897,3,-1.190413195727956
2437287,0.899040034906057,3,0.6699353889869144
189076,-0.8945560447070229,3,-0.8757555626408475
283978,0.4378296144341229,3,0.6733873943991
188945,-0.587082431059067,3,-0.4482765669647222
190059,-0.0233808060378135,3,-0.5178618751419037
189278,-0.945801646981682,3,-0.8087378363384232
375576,-0.0746264083124718,3,0.30519329284337005
188243,-0.587082431059067,3,-0.3185942322108417
188398,-0.22836321513645105,3,-0.3046289051389124
284015,-0.38210002196042897,3,-0.1624876880942452
373672,-0.4333456242350871,3,-0.6403126959529573
188469,-0.792064840157705,3,0.4853093708131553
283791,-2.02195929474953,3,-0.6370069498483133
188246,-0.8945560447070229,3,-0.743222467659109
373754,0.232847205335485,3,-0.09573466149802812
188777,-1.15078405608032,3,-1.115829394404983
187941,1.30900485310333,3,0.4076807838447394
375766,0.0278647962368471,3,-0.1314827046473397
188999,-2.02195929474953,3,-1.1327701697159682
188211,0.489075216708781,3,1.2210149951575033
190177,-1.5607488742776,3,-1.2379702132047328
187812,-0.330854419685768,3,-0.35838273590260883
189686,-0.27960881741111,3,-0.22868854256719828
190472,0.463452415571452,3,0.5102938590626422
189115,-0.8945560447070229,3,-0.7635143554705905
189889,-0.638328033333725,3,-0.39226580841369696
187537,1.6677240690259498,3,1.1250282360231836
375447,0.335338409884804,3,0.06723316089173181
283145,-0.0233808060378135,3,0.6754218051675878
374062,1.30900485310333,3,0.7694809498458994
374124,-0.638328033333725,3,0.1285806770310387
374665,0.0278647962368471,3,0.40457753875404023
375991,-0.638328033333725,3,0.5834409762167496
376032,0.130356000786166,3,-0.8417096479611246
374568,-0.330854419685768,3,-0.23726945228870022
374530,-0.38210002196042897,3,-0.11391823066989559
375474,-0.17711761286179106,3,-0.6017473452549211
373769,1.30900485310333,3,0.24054215721821492
375788,0.7453032280820799,3,0.7360489750317925
375997,1.5652328644766298,3,0.20608098500974847
318178,-0.3564772208231,3,0.83270691209961
187730,0.6940576258074189,3,0.6661858672745495
375335,-1.8169768856508897,3,-0.972430150384497
190138,-2.0732048970241896,3,-1.6393037042503238
374479,0.6940576258074189,3,-0.001238285705682074
187682,0.489075216708781,3,0.2181799970258851
375583,0.4378296144341229,3,0.7087231507967147
187980,1.51398726220197,3,0.225370671533625
375800,3.10260093271641,3,2.373017222381719
189237,-1.5607488742776,3,-1.1442763269947989
187905,0.232847205335485,3,-0.26602612683575444
189081,-0.5358368287844061,3,-1.1229468123684683
374956,0.0791103985115055,3,0.4889402480833951
283178,-0.638328033333725,3,-0.7048641369871973
188408,-0.997047249256342,3,-0.31034189301476545
187729,-0.792064840157705,3,-0.8532482125771423
373621,0.335338409884804,3,0.18402871916546815
190063,-0.17711761286179106,3,-0.29998476253376793
283715,-0.125872010587132,3,-0.10534530989255586
375230,0.4378296144341229,3,0.7376252425261214
374715,0.181601603060824,3,-0.09753422854379323
374532,-0.8433104424323629,3,-0.9414899729340789
308254,0.796548830356738,3,0.45204603278099853
375548,-0.740819237883044,3,-0.2096795191544345
375742,1.00153123945538,3,0.6878519256661377
189294,0.0791103985115055,3,-0.4562799580023693
284066,2.15455729063521,3,0.7900018100568786
188160,1.77021527357527,3,1.1274550157376382
284068,1.05277684173003,3,0.8218269696367599
283604,0.0791103985115055,3,0.08488391933659045
189857,0.284092807610143,3,-0.22130786489890397
283144,-1.97071369247487,3,-1.0739627114011796
189751,1.89832927926192,3,1.090925387960226
190129,-0.330854419685768,3,0.040945638697735376
190187,-0.0233808060378135,3,0.24003182961035918
283656,1.89832927926192,3,1.095806719008948
283876,0.4378296144341229,3,0.6668718577134598
187881,-0.8945560447070229,3,-0.4268049794121396
188896,0.284092807610143,3,-0.15891287380983954
375949,-0.484591226509748,3,-0.11114642931542562
189626,-0.484591226509748,3,-0.0543830139432373
375850,-0.484591226509748,3,-0.19615626000845054
373726,-0.638328033333725,3,-0.17040697976605657
190124,-0.945801646981682,3,0.18048652330702453
190055,0.130356000786166,3,0.061986792700679416
190189,-0.330854419685768,3,-0.1948800107795705
187589,1.87270647812459,3,0.9663356572639117
188702,1.77021527357527,3,2.086087797450034
189623,-0.330854419685768,3,-1.1025796654273279
187767,1.36025045537799,3,1.4453117363074455
190195,0.796548830356738,4,0.7106957449785369
189030,-1.20202965835498,4,-0.1799730231454646
374204,-0.484591226509748,4,-0.2958982401500947
190148,-0.740819237883044,4,-0.5927725930673233
375621,2.12893448949788,4,0.932426743639482
375682,0.0278647962368471,4,0.5628645720766201
187555,0.796548830356738,4,0.33452947225045193
187461,-1.048292851531,4,-0.7714953379860248
187497,-0.125872010587132,4,0.031476568845647535
375847,-1.66324007882691,4,-0.050498343591328876
187576,-0.27960881741111,4,-0.5171241542133487
187875,0.0791103985115055,4,-0.12055866640753266
374190,0.181601603060824,4,-0.07924748405268645
188526,-0.792064840157705,4,0.1347788487569801
375956,-0.22836321513645105,4,0.03249119910665854
284145,0.5915664212581,4,0.23652610425644127
188201,-0.484591226509748,4,-0.5554548553135703
375977,-0.971424448119011,4,-0.1730496749519972
187501,-0.587082431059067,4,-0.0966745529887163
190806,-1.76573128337623,4,-1.841325518684613
375659,3.10260093271641,4,1.6979182002827997
189034,-0.8945560447070229,4,-0.32025978254281995
187546,-0.17711761286179106,4,0.4697375818661129
283969,0.796548830356738,4,0.39594496074874996
374696,1.61647846675129,4,0.8244903574663454
375681,0.5403208189834421,4,0.5213160738684479
336478,0.386584012159462,4,0.4725097262542448
283830,-0.638328033333725,4,-0.7000688510028965
373764,0.5915664212581,4,1.2533358803477057
188943,-0.4333456242350871,4,-1.0044061099679737
374643,0.130356000786166,4,0.30761296000905247
374472,0.232847205335485,4,-0.2890190790329541
375894,-1.15078405608032,4,-0.11582076594142166
374160,-0.0233808060378135,4,-0.547724446659501
374678,0.0278647962368471,4,0.11303849654225928
189223,-0.22836321513645105,4,0.22936007406691772
188345,-0.0746264083124718,4,-0.5559120881273998
283202,-0.8945560447070229,4,-0.1836191144263779
190783,0.181601603060824,4,0.4652873645636504
375694,1.4114960576526498,4,0.8229622920427317
374533,-0.17711761286179106,4,0.1361203474829864
375572,0.7196804269447479,4,0.7542343122198645
188157,1.36025045537799,4,1.3575857999328917
188268,0.8477944326313991,4,-0.07177777474166191
187945,1.4114960576526498,4,1.3718168939249864
283104,-0.27960881741111,4,-0.5503457980777142
187484,-0.330854419685768,4,0.1627478518742862
283143,-0.792064840157705,4,-0.6186665171589425
283139,-0.6895736356083859,4,-0.6680297059928364
188027,-1.4070120674536202,4,-0.6233742046983934
188259,-1.20202965835498,4,-0.9656726101159876
374551,0.5915664212581,4,0.4553901659994182
187860,-0.0233808060378135,4,0.723078944774187
189018,-1.15078405608032,4,-1.017807219098927
375921,-0.8433104424323629,4,-0.09040214034277483
375707,0.130356000786166,4,0.2692052074572473
190190,-0.4333456242350871,4,-0.21002191242376966
284176,2.410785302008509,4,1.8209743389321034
188506,-0.330854419685768,4,-0.08447580700179458
374541,0.181601603060824,4,-1.3174086504860156
283774,-1.15078405608032,4,-1.4927645870256896
189003,-0.125872010587132,4,-0.6736625408737353
283121,-0.740819237883044,4,-0.3021752848101471
284324,1.30900485310333,4,0.09273981567072553
189944,0.6940576258074189,4,0.25735373372181414
308269,-1.35576646517896,4,-0.12475732395787986
375020,-0.125872010587132,4,-0.11812042863874694
283825,-0.38210002196042897,4,-0.4819761449494706
187919,1.97519768267391,4,-0.5431245451906506
189631,-1.0995384538056598,4,-0.9974801183521862
375421,0.335338409884804,4,0.5663881317440342
188239,1.00153123945538,4,0.09696431330766586
283760,1.4114960576526498,4,-0.2820866361237364
187868,0.950285637180718,4,0.590433710690661
374154,-1.15078405608032,4,-0.1474554399898409
283668,-0.0233808060378135,4,0.03355626868125228
187471,0.642812023532761,4,-0.689030122224537
374484,-1.61199447655225,4,-0.6287544128524587
189293,-0.4333456242350871,4,-0.5402678164936532
187587,-0.22836321513645105,4,0.0880308732084103
188209,0.8477944326313991,4,1.0042865024675507
189040,-0.792064840157705,4,-0.5211302524742649
189168,-0.38210002196042897,4,-0.8581515593272968
375521,-0.330854419685768,4,-0.4666149080438231
374609,-0.17711761286179106,4,0.04110177822757066
187550,0.386584012159462,4,0.7333757189823586
190790,1.71896967130061,4,0.4250803325477506
190073,-0.330854419685768,4,-0.05521390782006108
188006,-1.45825766972828,4,-0.3379986417561298
189706,0.335338409884804,4,0.47631107555312724
374534,-0.6895736356083859,4,-0.9089811297664028
284245,0.7196804269447479,4,0.8269178176370389
190121,0.5403208189834421,4,-0.2885755434464272
189299,-0.8433104424323629,4,-0.618444698522552
2437214,1.15526804627935,4,-0.42896139239435627
189629,-0.6895736356083859,4,-1.3053040256891535
189236,0.181601603060824,4,-0.040354597418129856
375376,-0.38210002196042897,4,-0.4702968528764302
373835,1.61647846675129,4,0.8361168390856761
188482,-0.792064840157705,4,-0.09503929636444752
190278,0.0278647962368471,4,-0.5305375893640871
319955,0.7453032280820799,4,0.38275947095243623
374978,-0.27960881741111,4,-0.32817489879914774
190114,0.386584012159462,4,0.25936781821506827
375499,-0.22836321513645105,4,-0.34519651978497734
375698,0.335338409884804,4,0.8060026674333898
375640,2.10331168836055,4,0.7465130811826555
187778,1.30900485310333,4,2.3436344902513326
188906,1.20651364855401,4,0.9747734015528522
188363,0.181601603060824,4,0.5942140057902918
375538,1.5652328644766298,4,1.4795208446230248
187886,1.25775925082867,4,2.1659130708240895
375454,0.130356000786166,4,0.8342861561739028
283664,1.6677240690259498,4,0.9599289890953031
190126,0.335338409884804,4,-0.15862341471533625
189015,-0.38210002196042897,4,-0.3132438677735365
188384,-0.8433104424323629,4,-0.0058801061409354816
187582,-0.330854419685768,4,-0.4978054106201313
187535,-0.38210002196042897,4,-0.36368051573759885
374912,-0.38210002196042897,4,-0.3100067245303819
188563,-1.76573128337623,4,-1.3066089629536322
375391,-0.125872010587132,4,-0.07172120272242921
188444,-1.61199447655225,4,-0.3312764920183042
375519,-0.38210002196042897,4,-0.2966989141655034
318176,0.335338409884804,4,0.3007205924116789
374253,-0.0746264083124718,4,0.009070720398668186
375589,0.181601603060824,4,0.5741584945889855
375434,-0.0746264083124718,4,0.5482723588360159
376018,0.950285637180718,4,1.1104179009162465
373733,0.796548830356738,4,-0.007676412078012618
188174,0.7453032280820799,4,1.6275493869587478
375692,-0.587082431059067,4,-0.17428775431613985
373770,-0.638328033333725,4,0.2066404394496857
187654,0.5915664212581,4,0.07201237600358468
375957,-0.125872010587132,4,-0.7272011457805121
189250,-1.15078405608032,4,-0.3580206745241554
187566,1.30900485310333,4,0.5176853596026945
187717,0.5403208189834421,4,0.06924722651221771
187473,-1.0995384538056598,4,0.2597057291081484
283823,-0.8945560447070229,4,-0.4755328133063159
187662,-0.22836321513645105,4,0.17061166142910622
188286,-0.125872010587132,4,-0.9523146809655003
190157,-0.38210002196042897,4,-1.0135651037776512
187505,1.92395208039925,4,0.8495134365498842
190818,-0.0746264083124718,4,-0.22986370948747492
187585,-1.048292851531,4,-0.21619178786200166
2437415,1.20651364855401,4,0.8065908734610474
374934,0.0791103985115055,4,0.6956702896675893
373506,-1.35576646517896,4,-0.20533151978770547
374592,-0.638328033333725,4,-0.3365270938023457
374396,0.335338409884804,4,0.34571612820955977
283639,1.87270647812459,4,1.3083678999107349
187955,1.4114960576526498,4,0.22781506672686191
337841,-0.484591226509748,4,0.4846236837527442
375623,1.59085566561396,4,0.8631614279899082
188958,-1.35576646517896,4,-0.28641835205252164
189247,-1.15078405608032,4,-0.5720217565935144
187839,-1.71448568110157,4,-0.7890114982345864
284335,1.4114960576526498,4,-0.24548536498444662
375017,1.15526804627935,4,-0.017204887129750546
375740,2.5388993076951603,4,0.9187934772887303
190769,1.20651364855401,4,0.9252031505763227
189253,-0.6895736356083859,4,-1.36857764985902
375923,0.232847205335485,4,0.03814146967350496
319284,-0.17711761286179106,4,0.07446946654185638
188818,-0.5358368287844061,4,-0.07516965771883122
187757,-1.15078405608032,4,-0.5253014809931642
190130,0.386584012159462,4,-0.00938737570342596
319280,1.15526804627935,4,0.3471170347290524
373986,0.284092807610143,4,0.17303673308525447
189050,-1.25327526062964,4,-1.0910905056355489
375767,1.1040224440047,4,0.6112169039794679
284165,1.46274165992731,4,-0.23463760434562175
373467,0.386584012159462,4,-0.7470273193359418
188549,-1.0995384538056598,4,-0.7986975939877823
188981,-1.0995384538056598,4,-0.8836339295540085
283844,-1.15078405608032,4,-1.3551535486397341
188086,-0.945801646981682,4,-0.08230335064033056
375790,1.30900485310333,4,0.4074948165979464
190186,0.4378296144341229,4,-0.04530901160006806
188558,-0.125872010587132,4,-0.6941753153820116
283447,1.30900485310333,4,0.9893354922849937
189624,-0.4333456242350871,4,-1.030823468519344
188316,-0.484591226509748,4,-0.5312643371154024
374918,-1.15078405608032,4,-0.8258115731812836
375432,0.3097156087474749,4,0.45682067710995966
375784,2.18018009177254,4,1.2610762132722328
375995,0.386584012159462,4,0.05673954721352459
375932,-0.6895736356083859,4,-0.2593805917512668
375411,-0.6895736356083859,4,0.006804338244478458
190086,0.5403208189834421,4,-0.48629001981683473
190703,-0.6895736356083859,4,-0.9857747849123228
189093,-0.997047249256342,4,-0.14555758267609065
188154,1.46274165992731,4,0.09682752712839715
187604,0.6940576258074189,4,0.1889092846405731
188410,1.05277684173003,4,0.9306438547398841
189240,-0.8945560447070229,4,-1.001642149932735
283752,-0.330854419685768,4,-0.10930879433975349
190088,-1.4070120674536202,4,-0.05669029752267818
373851,0.284092807610143,4,0.6110711943342437
283968,0.4378296144341229,5,-0.506563127203691
189090,-0.5358368287844061,5,-0.8841656361551316
375746,0.284092807610143,5,-0.17915981395243818
190007,-0.8433104424323629,5,0.11422840116762245
374620,0.335338409884804,5,0.22730775126557035
374011,0.130356000786166,5,0.03178919108455602
187741,0.130356000786166,5,0.22516942352947922
190006,-0.38210002196042897,5,-0.15037646585999198
284219,-0.27960881741111,5,0.3546737371464417
187958,0.7453032280820799,5,0.32130934830787794
187514,-0.945801646981682,5,0.7348035496869016
284322,0.899040034906057,5,0.18501971862011146
188324,-0.22836321513645105,5,-0.17816005165521176
376033,1.4114960576526498,5,1.8114751857958424
319283,-0.125872010587132,5,0.20172747255115553
283742,-0.5358368287844061,5,-0.5994805514046675
187700,-1.25327526062964,5,-1.2220039116673433
373575,0.5915664212581,5,0.09455013201845475
187834,-0.792064840157705,5,-0.8558938608812667
375560,0.335338409884804,5,0.23687826266807122
283732,-0.4333456242350871,5,-0.32152256995007633
283822,-0.22836321513645105,5,-0.7125249329489236
187456,-0.945801646981682,5,-1.2682446294583372
188379,1.71896967130061,5,0.26154954476430703
374147,-1.25327526062964,5,-1.43537293208432
188029,-0.330854419685768,5,0.2611003736509332
283769,-1.25327526062964,5,-0.9083545515618425
187993,-0.740819237883044,5,-0.30327527522658215
188067,0.335338409884804,5,0.21888579591295354
283471,0.899040034906057,5,0.6982170039342606
373939,-0.22836321513645105,5,0.15418631299360186
284202,-0.38210002196042897,5,-0.6419497793690283
188187,0.7453032280820799,5,0.5045856344768822
374414,-0.17711761286179106,5,0.3908684302758729
284182,2.9488641258924297,5,0.512727822877153
374517,-0.17711761286179106,5,-0.7164850349325604
2437410,0.6940576258074189,5,-0.07833015996983761
375693,0.41220681329679104,5,1.0607932641460422
283209,-0.0746264083124718,5,-0.26696505907358414
187749,-1.0995384538056598,5,-0.3945119345727335
187914,-1.35576646517896,5,-1.0142556951727073
374378,-0.17711761286179106,5,-0.20547604990875357
283456,0.4378296144341229,5,-0.4990915172594015
187735,0.642812023532761,5,0.5352691920238186
375467,0.489075216708781,5,0.17770140352902786
375642,-0.4333456242350871,5,-0.8212100800302267
187949,-1.35576646517896,5,-0.5121104011231523
283194,-1.50950327200294,5,-0.4147949616448159
283762,0.130356000786166,5,-0.6488904115443859
283766,-0.587082431059067,5,-0.029773353252991797
374941,1.6677240690259498,5,0.06570143237273385
319285,0.489075216708781,5,-0.005838946391378386
188425,-0.38210002196042897,5,-0.07827826046406017
190140,1.97519768267391,5,1.599572176414398
188137,0.232847205335485,5,1.4273393916699888
373615,-0.17711761286179106,5,0.06175440605220217
190815,0.130356000786166,5,-0.4385399749079113
187878,-0.4333456242350871,5,0.10235429592144385
374595,-0.27960881741111,5,-0.10661708105466516
187545,0.5403208189834421,5,0.4810153789447611
190795,0.0278647962368471,5,0.2684766595649677
189958,-0.740819237883044,5,0.42921778076532746
187656,1.30900485310333,5,0.20556688434400883
338067,0.6940576258074189,5,0.678807538317713
375738,0.5403208189834421,5,1.0589152812229088
187712,-1.048292851531,5,-0.15546182509629602
187588,0.0791103985115055,5,-0.02373301705259223
374604,-0.792064840157705,5,-0.9874938276430782
189138,-0.4333456242350871,5,-0.5719305802780781
375577,0.5403208189834421,5,0.9439759714454539
187974,0.796548830356738,5,0.20313027711492282
190163,-0.997047249256342,5,-0.8717178199401019
375015,1.05277684173003,5,0.8021485966634714
187507,-0.792064840157705,5,-0.8062446538784371
187810,-1.15078405608032,5,-0.10750373595071494
188325,-1.97071369247487,5,-0.1106825807430738
187944,1.87270647812459,5,1.3212827531734632
376047,0.130356000786166,5,0.03871094581090517
190734,-0.17711761286179106,5,-0.06344275088285656
375697,-0.330854419685768,5,0.024830114607027554
374064,0.5915664212581,5,-0.2704224455929847
283967,-1.61199447655225,5,0.04101150833342615
374505,1.05277684173003,5,2.422303177941643
187528,2.18018009177254,5,0.7712414920103612
375456,0.130356000786166,5,0.47239953614041497
190092,0.899040034906057,5,1.0782260315339443
375807,2.69263611451914,5,2.133099447487197
375546,-0.17711761286179106,5,0.9841678215095158
375719,1.00153123945538,5,-0.5504735529471816
188226,-1.3045208629043,5,-0.7668397684607697
190561,-0.0233808060378135,5,0.7087490972389787
374741,-1.97071369247487,5,-1.0337608259428492
375569,-0.22836321513645105,5,0.28493457115276044
375596,0.4378296144341229,5,0.14739764470004957
188329,-0.0233808060378135,5,-0.8829058011657622
188025,-0.17711761286179106,5,-0.20488858664762688
375549,-0.5358368287844061,5,0.13210024486281213
375461,-1.48388047086561,5,-0.02122112600353887
375934,-0.38210002196042897,5,-0.4910577559509619
375830,1.7958380747126002,5,0.9672433453654037
284370,0.130356000786166,5,-0.2826465072852642
373509,1.20651364855401,5,0.04185337205721851
374545,-0.38210002196042897,5,-0.4958393774147396
283623,1.71896967130061,5,0.9315268174530758
189811,-0.27960881741111,5,-0.34881861744756293
187975,-0.125872010587132,5,-0.40873525818560097
189871,-0.587082431059067,5,-0.7714747266355602
190149,-0.8433104424323629,5,-0.6859628326523364
284368,0.284092807610143,5,0.3961025287287896
189021,-0.484591226509748,5,0.3943041672122831
375557,2.4876537054205,5,0.4897472438946693
189229,0.4378296144341229,5,-0.6935114126961253
283616,1.71896967130061,5,1.178339136015694
374398,0.4378296144341229,5,0.03648302477901666
283182,-1.20202965835498,5,-0.5536771708298573
190780,-0.17711761286179106,5,1.0713504357053552
374623,-1.15078405608032,5,0.021719800751029084
375765,-0.740819237883044,5,0.39255930701718
188008,-0.38210002196042897,5,-0.39791225069321
188185,-2.3294329083974903,5,-0.14708063654056502
375875,-0.0746264083124718,5,-0.4500181983489
373642,-0.38210002196042897,5,-0.08880178517836157
187855,-0.4333456242350871,5,-0.03714840089779159
284338,0.0278647962368471,5,0.8516963253759116
373903,0.0791103985115055,5,0.22965959167069627
374631,-0.792064840157705,5,0.2695285457146923
189392,0.181601603060824,5,-0.28006519628344506
319781,2.5388993076951603,5,1.57600537478379
188340,-0.6895736356083859,5,-0.9166978405845754
373799,-1.61199447655225,5,-1.0795308975366709
374607,1.46274165992731,5,1.0110471444735367
375896,1.69334687016328,5,1.0822765347269012
375169,0.4378296144341229,5,-0.0257589699602363
374474,0.642812023532761,5,-0.4837923139133551
188898,-0.638328033333725,5,-0.533836316403935
188043,0.386584012159462,5,0.7088430460588313
376010,-0.330854419685768,5,0.5451686453865392
188009,-0.792064840157705,5,-0.9277582855392126
190137,-0.484591226509748,5,-0.09128548893134791
375939,0.335338409884804,5,0.778746639167494
283279,0.232847205335485,5,0.12434333561560607
283179,-0.5358368287844061,5,-0.8182469709731777
187820,2.5388993076951603,5,1.6454215776957852
188155,0.5403208189834421,5,-0.2095979414850575
376027,-1.0995384538056598,5,-0.39974719347100063
375539,0.6940576258074189,5,0.21490094607851518
189971,-0.125872010587132,5,0.02832017850269608
373651,2.12893448949788,5,1.2723525038478698
187681,0.796548830356738,5,0.9779040510758961
187804,-2.63690652204544,5,-0.9700221400353399
188944,-0.8945560447070229,5,-1.4265557851911979
374913,-0.27960881741111,5,0.04690724004353797
283748,0.130356000786166,5,0.07495564408225164
284305,0.232847205335485,5,-0.8787530965074666
189041,-0.740819237883044,5,-0.8158768150836408
188596,-0.792064840157705,5,0.10471850093296098
284215,0.386584012159462,5,1.5984282956268743
283215,-0.27960881741111,5,-0.055938627072862346
188142,-0.792064840157705,5,-0.3727295401666453
190499,-0.22836321513645105,5,-0.2921706739014809
190804,-1.86822248792555,5,-0.503304842227351
319282,-0.484591226509748,5,-0.2070375582286772
283232,1.15526804627935,5,-0.838079053952228
189384,-1.45825766972828,5,-0.8810574580513446
374186,0.284092807610143,5,1.075553576513471
187805,-0.38210002196042897,5,-0.7356660709823046
375735,-0.17711761286179106,5,0.6835107360803079
187561,-0.330854419685768,5,-0.5605801498941787
187527,1.15526804627935,5,0.3803064857425653
188540,0.335338409884804,5,0.41148633010276114
189201,-0.945801646981682,5,-0.7198013154362286
375498,1.05277684173003,5,0.8666902840183184
375565,0.6940576258074189,5,0.7985833448384199
187907,-0.38210002196042897,5,-0.09379412219408323
375585,2.12893448949788,5,0.6330557646307398
188396,1.71896967130061,5,1.0248961409614168
189956,1.1040224440047,5,0.3676053668058472
188327,-1.91946809020021,5,-1.5891429876024716
375702,1.5652328644766298,5,1.481456557279273
188033,-0.945801646981682,5,-0.7076492169849047
375794,0.4378296144341229,5,0.849260407418825
374825,-2.27818730612283,5,-1.347674700038823
187895,0.181601603060824,5,-0.06607303998713121
188152,1.6677240690259498,5,1.3861187029871616
374213,-0.0233808060378135,5,0.3537746185610331
375971,-0.792064840157705,5,-0.02440835314835965
187647,0.796548830356738,5,0.049442699728714956
283707,-0.0233808060378135,5,0.2443465243451044
188449,-0.8945560447070229,5,-1.0331562668604164
189189,-0.484591226509748,5,-1.0591701762482586
188640,-0.330854419685768,5,0.41483708482327586
336781,-1.35576646517896,5,-0.6511260182232803
188026,-0.38210002196042897,5,-0.43369546624384725
375433,-0.6895736356083859,5,-0.10329803094697354
284277,-0.17711761286179106,5,-0.5253897144579582
188095,-0.0233808060378135,5,-0.40364817589536983
189700,-0.587082431059067,5,-1.2770823835623446
189230,-0.5358368287844061,5,-0.7838713831681616
187857,-1.61199447655225,5,-1.1128437213737357
375972,1.6677240690259498,5,2.0622563853305707
375975,-1.15078405608032,6,-0.9332716593854684
188328,1.20651364855401,6,0.7726516066963427
283116,-1.25327526062964,6,-1.328731180954577
284189,0.5915664212581,6,0.3029025152409872
284110,1.30900485310333,6,0.7521717906136303
374392,1.05277684173003,6,0.12036241109169055
188407,0.5403208189834421,6,0.48589558178414904
190098,-1.5607488742776,6,-0.8384208223144469
187858,-0.0746264083124718,6,0.3119509356532717
283359,0.386584012159462,6,0.13991999804153465
187518,0.0791103985115055,6,-0.21776427067754867
187992,-0.17711761286179106,6,1.1904528523708677
188546,-0.4333456242350871,6,-1.1307326614423516
283126,-0.740819237883044,6,-0.8293978313824084
375752,1.77021527357527,6,0.2097132319048285
373628,0.489075216708781,6,-0.7521199672080741
375547,-0.587082431059067,6,0.3233981836307578
376015,-0.330854419685768,6,-0.5508674952048978
188742,-2.0732048970241896,6,-0.9886054550218262
283138,1.61647846675129,6,-0.6324887651731217
375970,-1.33014366404163,6,0.22359093379461115
283789,-0.587082431059067,6,-0.12090782944645184
189267,0.7453032280820799,6,0.6177207200138071
283220,0.0791103985115055,6,-0.16715749416940184
187674,-0.484591226509748,6,-0.011088191469099229
375628,-0.330854419685768,6,0.017378369873455313
189002,-0.792064840157705,6,-0.8186852288002058
375446,0.335338409884804,6,0.438477944814764
283427,-0.792064840157705,6,-0.4857467368287871
188911,1.71896967130061,6,0.9025936636554945
283838,0.8477944326313991,6,0.2932501233874518
188893,-0.945801646981682,6,-0.7646375010159261
284168,1.20651364855401,6,1.6075745236456953
189734,-0.6895736356083859,6,-0.10354085565825244
375726,-1.61199447655225,6,0.07215778879017876
284354,0.489075216708781,6,-0.3762710891664085
188517,-0.0746264083124718,6,-0.013473039554440902
189017,-1.048292851531,6,-1.00220551286273
375674,0.335338409884804,6,0.9318074351868972
375094,0.284092807610143,6,0.2504185490363966
374419,-0.22836321513645105,6,-0.35557770395581656
374598,-0.0746264083124718,6,0.1222149125536589
375404,1.00153123945538,6,0.4926482162657351
375594,0.899040034906057,6,0.8502939967571308
2436902,1.25775925082867,6,0.6107815856598222
189808,-1.35576646517896,6,-0.4723327516550455
188901,-0.0746264083124718,6,-0.2513491577319087
188053,0.386584012159462,6,-0.40734040380638703
190101,-1.8169768856508897,6,-1.3863104529824852
374483,-0.6895736356083859,6,-0.4571023870427098
189927,0.284092807610143,6,-0.14098120339005504
283676,-1.048292851531,6,-0.6254127112683818
188930,-0.638328033333725,6,-0.6852272406996178
373925,0.181601603060824,6,0.16408960058990374
374385,-1.20202965835498,6,-0.10753255755111013
373578,1.15526804627935,6,0.33925313184653305
308211,0.8477944326313991,6,0.33130274077453237
284209,-0.945801646981682,6,0.13586028019682317
317951,1.46274165992731,6,-0.07230233320416346
284251,1.4114960576526498,6,0.565876124031206
283833,-0.27960881741111,6,-0.7391789690064456
283638,0.335338409884804,6,0.03577064136393915
374112,0.899040034906057,6,0.133444239058349
190709,-0.38210002196042897,6,-0.12851175866023823
284312,-0.5358368287844061,6,-0.5495796464164471
375998,2.3595396997338502,6,1.7060628554905009
187818,0.5915664212581,6,-0.46410000698500653
187973,-0.22836321513645105,6,-0.2554748634826183
190800,0.232847205335485,6,-0.2258753385153227
189928,0.181601603060824,6,-0.20487171186243813
283634,-0.5358368287844061,6,-0.20984648619469226
374699,1.25775925082867,6,0.4067035670281882
319957,-0.22836321513645105,6,0.12066264389090975
374368,0.8477944326313991,6,0.30441297665737466
189919,-0.587082431059067,6,-0.1216574395404848
375494,-0.6895736356083859,6,0.21490133633071196
284059,0.6940576258074189,6,-0.02560633602109874
2437248,0.5403208189834421,6,-0.5799918272149398
189049,-1.25327526062964,6,-1.0482090157746882
187696,-0.330854419685768,6,-0.4450636081960795
187889,-0.17711761286179106,6,-0.46271037559662886
190434,-0.484591226509748,6,-0.020707572999327795
283597,0.489075216708781,6,0.9986966848740053
189991,-0.5358368287844061,6,-0.13253477833529814
318174,-0.125872010587132,6,-0.11453946588875397
190708,-0.27960881741111,6,-1.1770359530214876
283176,0.181601603060824,6,-1.558771444449917
375665,1.46274165992731,6,0.49458957517140334
374935,-0.792064840157705,6,-0.6091446080674814
375545,1.15526804627935,6,0.36526864886553767
3624697,0.232847205335485,6,0.4059540506712267
188988,-0.5358368287844061,6,-0.3158606947500573
283792,-0.817687641295034,6,0.9443909825072865
187758,0.950285637180718,6,-0.24027025037401017
187832,1.51398726220197,6,-0.6597532652486109
187867,0.386584012159462,6,-0.11223249838997162
375871,-0.27960881741111,6,0.01697211509278418
283600,-0.945801646981682,6,-0.41822840903461156
374706,-0.17711761286179106,6,0.5908815151420015
190076,0.130356000786166,6,-0.19274210583236595
188418,-1.3045208629043,6,0.1449277276931582
189287,0.181601603060824,6,0.14532290252776647
190813,-0.587082431059067,6,-0.577717182398402
189842,-0.330854419685768,6,-0.1324461881986565
189077,-0.945801646981682,6,-0.6199129156590288
189668,-1.35576646517896,6,-1.4295346851299655
283431,0.4378296144341229,6,0.5425552106386249
375509,0.950285637180718,6,0.21247454775405572
189152,-0.6895736356083859,6,-0.6492888438326645
188369,1.25775925082867,6,0.9652494679239396
283177,-1.8169768856508897,6,-0.8393910780588101
190056,0.796548830356738,6,-0.6486052850032706
375016,0.386584012159462,6,0.255453684907593
189834,-0.22836321513645105,6,0.004416562679409708
189885,-1.61199447655225,6,-0.3918531788456221
188103,-0.997047249256342,6,-0.6844768047359366
375816,3.0513553304417504,6,2.2988621147115964
187863,0.899040034906057,6,1.2034910378719417
373832,0.386584012159462,6,0.20141053714974078
2437308,0.489075216708781,6,-0.30183358470102917
190173,-0.587082431059067,6,-0.28638406777119485
189757,-0.5358368287844061,6,0.741993699899254
375739,1.15526804627935,6,1.3162278467008548
375940,-0.484591226509748,6,-0.29830501408031296
374961,-0.0746264083124718,6,0.04511144821816515
283753,0.5403208189834421,6,-0.7218125476002797
374662,0.5403208189834421,6,0.5424570873796597
187817,2.7182589156564703,6,1.7024555041148517
188255,0.0791103985115055,6,0.40037596048500745
374067,0.4378296144341229,6,-0.8964835505709345
188909,-1.25327526062964,6,0.29676060365591184
189625,-1.91946809020021,6,-1.2484511491291528
188913,-1.4070120674536202,6,-1.6520336654289167
190096,-1.0995384538056598,6,-1.4929801991511056
284280,-0.0233808060378135,6,0.8217689635009435
375579,0.899040034906057,6,0.5215794750540397
374702,-0.5358368287844061,6,-0.3571623205209278
190702,-1.20202965835498,6,-1.5553175084007762
374547,1.15526804627935,6,0.25426081160642866
374391,0.232847205335485,6,-0.07132465281014788
188056,1.4114960576526498,6,1.2402805904927448
375455,0.130356000786166,6,-0.014818834227099842
374746,-2.0732048970241896,6,-1.5813382403096625
187481,-0.5358368287844061,6,-0.14984288550374458
187709,1.36025045537799,6,0.03931220441847927
283719,-0.330854419685768,6,-0.883798072496603
187786,0.232847205335485,6,-0.5651883223988534
189025,-0.792064840157705,6,0.24533031770914704
375518,1.82146087584993,6,0.9289905232743934
188443,1.51398726220197,6,0.2725419508673781
283828,-1.50950327200294,6,-0.9542740253739339
283579,0.642812023532761,6,0.8970095447857318
283970,-0.6895736356083859,6,0.11985443708920229
284278,0.489075216708781,6,0.057333920270025374
188991,-0.740819237883044,6,-0.6499822558309631
374683,-1.048292851531,6,0.37334476202849487
188001,-0.17711761286179106,6,-0.4756355001460406
189832,-1.25327526062964,6,0.062472973331239245
374003,0.489075216708781,6,0.45767470878666927
374759,0.5403208189834421,6,-0.31162871286022664
373730,1.00153123945538,6,0.41321655639734445
375965,-0.125872010587132,6,0.27256454441339883
190732,-0.22836321513645105,6,-0.11255170349340915
188336,-2.27818730612283,6,-0.6049002205164129
283221,0.796548830356738,6,-0.63251883659089
375625,0.284092807610143,6,0.3061340349433408
188338,-0.8433104424323629,6,-0.18525665942198088
188672,-0.0233808060378135,6,-0.35188677735479246
374110,0.489075216708781,6,-0.12041941453577465
190810,-0.330854419685768,6,0.3241325332135716
2436999,0.335338409884804,6,0.6820624461321927
187511,0.130356000786166,6,0.048031001502181425
375513,0.6940576258074189,6,1.032787640877018
188378,-0.4333456242350871,6,-0.48198241565609123
187556,0.7453032280820799,6,0.025776138186728303
373675,-1.50950327200294,6,-0.10158858178886021
190344,-0.8945560447070229,6,-0.7270823664634918
188848,0.8477944326313991,6,0.010122233447276585
189291,-0.587082431059067,6,-0.5887301771303157
190068,-1.15078405608032,6,-0.8594692804650492
187770,-0.5358368287844061,6,-0.24177230614654377
189744,0.284092807610143,6,0.09046687843033396
188970,-0.740819237883044,6,-0.8939903386399521
189231,0.335338409884804,6,0.4435946694864583
283790,-0.740819237883044,6,-0.3846330619564924
187563,-0.587082431059067,6,0.5467255752602398
187892,0.4378296144341229,6,-0.16161036575712728
375620,1.82146087584993,6,1.8670433978495282
187470,0.181601603060824,6,1.0582377643184202
187544,0.950285637180718,6,0.49253701640199665
374988,2.2314256940472,6,1.464356997868208
374629,0.386584012159462,6,0.19212378258461627
284327,-0.27960881741111,6,-0.030794209812910367
284236,2.43640810314584,6,2.125979148695677
187475,-0.0233808060378135,6,-0.05778517175579623
375933,0.796548830356738,6,1.6012900216407502
187579,-0.330854419685768,6,-0.2117622746792449
376040,2.18018009177254,6,2.232833092191072
190819,-1.20202965835498,6,-1.3729261231828787
189016,-1.0995384538056598,6,-1.0261431609456224
374646,0.8477944326313991,7,0.3636958582011971
190144,-1.4070120674536202,7,-1.5106747491457213
187866,0.284092807610143,7,0.4440722278752105
189632,-1.0995384538056598,7,-1.4396762276253128
188314,-0.125872010587132,7,-0.28181094921501426
187669,0.5915664212581,7,-0.49261975100287714
188244,-1.25327526062964,7,-1.27032102060042
187714,0.489075216708781,7,-0.0173349142880852
374445,-0.330854419685768,7,-0.11080617279480975
283110,0.284092807610143,7,0.30891324540814935
375504,-0.8433104424323629,7,0.08550934395751142
189274,-0.8433104424323629,7,-1.1199716712548309
187607,-1.0995384538056598,7,-0.003739594249907441
188114,-1.15078405608032,7,-0.6141584834180662
188907,-1.20202965835498,7,-0.9882492380486383
189028,-0.945801646981682,7,-0.5730774314308178
284279,0.5915664212581,7,-0.47704401746665326
2437244,-0.17711761286179106,7,0.23675923532897514
187731,1.20651364855401,7,0.7532329792445864
188362,0.232847205335485,7,0.2369125334288924
189615,-1.0995384538056598,7,-1.3807580562918815
308008,0.130356000786166,7,-0.19264198363441665
375355,0.899040034906057,7,0.2775854431687321
189708,0.489075216708781,7,-0.35527364718271315
374995,2.12893448949788,7,1.7531969157926994
374742,0.0278647962368471,7,-1.0842778986519477
187685,-0.22836321513645105,7,0.008129163415333096
283723,-0.330854419685768,7,0.060969378716691836
374610,-0.38210002196042897,7,-0.009519003389470981
375714,0.5915664212581,7,0.8812659124862421
375581,1.51398726220197,7,0.8711521494683439
187990,-1.048292851531,7,-0.25732837455461777
187584,0.5915664212581,7,0.5115864354023927
373777,-1.20202965835498,7,-0.4927889737174951
374108,-0.5358368287844061,7,-0.004699704767119783
189045,-0.125872010587132,7,-0.5536763579625301
187888,0.642812023532761,7,0.4193805306529157
187752,1.82146087584993,7,2.184932260245347
187756,1.87270647812459,7,2.163164512591692
188774,1.87270647812459,7,2.275501293614184
189786,-1.61199447655225,7,-0.7039065968561431
283815,-0.638328033333725,7,-0.40280395779990386
189755,-0.17711761286179106,7,-0.48416411753206035
190040,-1.71448568110157,7,-1.8357209285352383
374386,-0.484591226509748,7,-1.0150947720379406
375883,2.18018009177254,7,1.9541587738445116
187728,-0.8433104424323629,7,-0.9877561403013431
188038,0.130356000786166,7,-0.16459167432739719
375598,-0.997047249256342,7,-0.9188846616663398
283224,-0.27960881741111,7,-0.5250909547111178
375743,0.7453032280820799,7,0.9672107493886415
373861,-0.5358368287844061,7,-1.0393960762962706
283808,0.284092807610143,7,1.1579024449222288
283230,-1.45825766972828,7,-0.33662548917214963
318549,0.796548830356738,7,0.08080003066683616
189868,0.4378296144341229,7,-0.1656031823283115
187954,1.05277684173003,7,0.912852138919277
188163,1.77021527357527,7,0.3186782066070464
374412,-0.587082431059067,7,0.031861927043507876
188899,0.335338409884804,7,-0.08817776881241457
375037,-1.4070120674536202,7,-0.5663527084970497
373758,1.30900485310333,7,0.13602096779271733
375597,2.02644328494857,7,1.4381002420080051
283598,0.181601603060824,7,0.7966182003736151
283089,-0.38210002196042897,7,-0.05219314849088619
187874,-0.587082431059067,7,-0.17362102690324832
284162,-0.0233808060378135,7,-0.058217400393630214
189869,0.130356000786166,7,-0.40864733033643574
189320,-1.048292851531,7,-1.0400337152788666
375503,2.18018009177254,7,1.4797029281129994
190015,-0.6895736356083859,7,-0.346188063889457
336684,-1.71448568110157,7,-1.164302169878198
375578,0.130356000786166,7,0.6910716435723145
189670,-1.0995384538056598,7,-0.8999201084823483
374611,1.15526804627935,7,0.11401869614945781
190184,-1.50950327200294,7,-0.27974494259672156
189268,0.642812023532761,7,0.22814641240697142
189790,-0.8945560447070229,7,-0.08363203177248124
374712,-1.0995384538056598,7,0.33278734979532487
284231,2.410785302008509,7,0.19085251730382424
2437256,1.6677240690259498,7,0.04580050943934566
375552,0.4378296144341229,7,0.2591137194788473
283183,-1.45825766972828,7,-0.08300142948814937
375838,-1.76573128337623,7,-1.6790939237380371
374655,1.05277684173003,7,0.2323911334001707
374475,0.0278647962368471,7,-1.3352552541514058
283763,-0.0746264083124718,7,-0.7875729661996331
375662,-0.0233808060378135,7,1.0108095147677432
190089,0.5915664212581,7,0.12462710058204607
283416,0.899040034906057,7,0.5108529582809354
375368,1.25775925082867,7,-0.12055868891499699
2437048,-0.5358368287844061,7,0.15134817265857237
373795,-0.22836321513645105,7,-0.05657021057393763
189139,0.0278647962368471,7,-0.11696617590732217
318177,-0.484591226509748,7,0.20151366587151642
187710,-0.125872010587132,7,0.2938520849764643
187930,0.0791103985115055,7,1.0188444038113857
375550,-1.4070120674536202,7,-0.3647192636563261
374658,1.36025045537799,7,0.7745449956501602
187493,-0.0233808060378135,7,-0.25674683160011114
374436,1.12964524514202,7,-0.20424986945243973
188061,0.284092807610143,7,0.329881421060378
283768,-0.330854419685768,7,-0.9582973108905435
189833,0.284092807610143,7,0.006629197483334792
188402,1.51398726220197,7,1.1081572482098068
283736,-0.8945560447070229,7,-0.5160732804566521
189766,-0.22836321513645105,7,-0.13171574587229884
188493,-0.6895736356083859,7,-0.95354210809694
188421,-0.740819237883044,7,0.617661130121661
190116,-0.997047249256342,7,-1.5896828659779203
189932,-0.125872010587132,7,-0.6410477033219877
374001,-0.5358368287844061,7,-0.2653122740289575
189245,-0.587082431059067,7,-0.07634567126879688
190162,-0.125872010587132,7,-0.3452616720634296
189109,-1.25327526062964,7,-0.9058470749699268
190175,-0.997047249256342,7,-1.1607627899524289
188104,-0.638328033333725,7,-0.5275728644137416
375690,1.97519768267391,7,1.3712014361120168
190069,-0.997047249256342,7,-0.7064973226702023
375590,1.92395208039925,7,1.6808596643073486
189068,-0.997047249256342,7,0.09763003859632136
189157,-1.35576646517896,7,-0.6970800266231265
2437252,1.20651364855401,7,0.7155020800363445
375687,0.5403208189834421,7,0.745715026081541
187686,-0.125872010587132,7,0.38686262041827035
375274,-0.0746264083124718,7,0.09070610767639664
187567,1.46274165992731,7,1.2633948956552672
2437245,0.6940576258074189,7,0.6245699536734151
189864,-0.0746264083124718,7,-0.15207076110706907
373655,-0.0746264083124718,7,0.41136798121851825
188079,-0.22836321513645105,7,-0.26163557616385447
188494,-0.8433104424323629,7,-0.5875415217641091
188846,2.4876537054205,7,2.1028254315449715
375502,-1.0995384538056598,7,-0.20089399619106985
188497,-0.330854419685768,7,-0.0457364557194353
188373,0.130356000786166,7,0.476378063343077
283432,0.6940576258074189,7,0.9042019632372842
375839,-0.945801646981682,7,-0.29899915589612647
187649,-0.0233808060378135,7,-0.7356626531611141
376034,0.5915664212581,7,-0.09340054547683962
187515,0.4378296144341229,7,0.645187446843579
189979,-0.22836321513645105,7,-0.3139929417674523
189865,-0.638328033333725,7,-0.26584543791670967
283231,-0.638328033333725,7,-0.5357466336281789
374937,0.4378296144341229,7,-0.18930745824050632
373734,0.130356000786166,7,0.19896102241511926
190814,-2.22694170384817,7,-1.1787225908758785
375832,-1.048292851531,7,-1.0471500742956437
375254,-0.0233808060378135,7,0.20526492475684677
376012,-0.17711761286179106,7,0.34384534134272826
189193,-0.5358368287844061,7,-0.7479711054756706
283819,-0.484591226509748,7,-0.5214256226613543
189712,0.565943620120771,7,0.6887081581688221
187648,1.20651364855401,7,-0.35107625911066975
374612,1.1040224440047,7,0.5033461959643546
375341,0.899040034906057,7,0.1006891870269726
374689,0.642812023532761,7,0.5864413337073984
283740,-0.0233808060378135,7,0.26118997697375335
187838,-0.125872010587132,7,-0.5482093333301918
187671,0.950285637180718,7,0.5610365044381922
374567,0.386584012159462,7,-0.15879049240629683
284241,0.899040034906057,7,0.1081467740650055
189433,-0.638328033333725,7,-0.2563186444427288
318550,0.899040034906057,7,0.22245585532965606
188146,0.7453032280820799,7,0.7799914022359644
189703,-1.91946809020021,7,-1.8427255449479958
189009,-1.3045208629043,7,-0.502138072577651
188441,0.642812023532761,7,0.08392686586199716
189225,-0.330854419685768,7,-0.7463293548884167
2437251,-2.3294329083974903,7,0.16304326810902126
374617,0.386584012159462,7,0.1071339258990065
188018,-0.8433104424323629,7,0.07330287339087249
2437266,-0.740819237883044,7,-0.20287571287394712
189246,-0.5358368287844061,7,-1.451716776508789
190238,0.5403208189834421,7,0.29309198873193054
374548,1.20651364855401,7,1.426415333030974
283962,-0.22836321513645105,7,-0.811449072247882
188982,-2.0732048970241896,7,-1.1468350608177786
189715,-0.484591226509748,7,-0.566441895729298
188872,-0.17711761286179106,7,-0.5768471362303274
374476,1.1040224440047,7,-0.26572062566634713
188058,0.0791103985115055,7,0.09008814956976607
336686,-1.33014366404163,7,0.3938855749889001
317953,0.0791103985115055,7,-0.0335351930753518
190072,-1.45825766972828,7,-1.242587949889355
374688,0.4378296144341229,7,0.1764835140951675
283599,-1.0995384538056598,7,-1.1023896918543983
190125,0.130356000786166,7,-0.6577751834227286
375661,2.3851625008711803,7,0.9291202788793669
374401,-0.792064840157705,7,-1.4719540573772463
188335,-0.6895736356083859,7,-0.16035993214279642
189797,0.386584012159462,7,0.1485078277189018
188993,-0.8945560447070229,7,-0.6218725391789235
188256,0.8477944326313991,7,0.47095368917820224
188306,-0.0746264083124718,7,-0.0008278862399038189
374553,0.232847205335485,7,0.7128373178320544
189881,0.6940576258074189,7,-0.09773771140663712
190733,-1.048292851531,7,-0.7935181574501087
375340,1.46274165992731,7,0.7228035907756976
374374,-0.484591226509748,7,-0.6860719614874426
375745,0.463452415571452,8,0.25698080536824364
375392,0.6940576258074189,8,0.32222116232384224
283665,1.61647846675129,8,0.937952493123305
283160,-0.17711761286179106,8,0.30759816103778803
189000,-0.484591226509748,8,-1.0091430999570434
375748,-0.0233808060378135,8,0.49234593736548504
188768,-1.86822248792555,8,-1.1184854667535546
375571,0.335338409884804,8,0.8028453367367661
188236,1.71896967130061,8,1.2815334714736366
283515,0.8477944326313991,8,0.6705769974659148
190016,-0.22836321513645105,8,-0.22443661103807244
374183,-1.15078405608032,8,0.07192307899128991
373793,-0.125872010587132,8,-0.6794238345169816
188445,-0.638328033333725,8,-0.27067106887901105
283449,-1.15078405608032,8,0.438745208746667
188231,2.59014490996982,8,1.7286769083651734
187981,-0.17711761286179106,8,-0.08232155075182845
187924,-1.048292851531,8,0.20360548788985966
188636,-0.27960881741111,8,-0.13335644766284815
188031,-0.38210002196042897,8,-0.4004413092625043
187543,1.25775925082867,8,1.8510675474300342
375775,-0.4333456242350871,8,0.619219005026963
188463,-0.945801646981682,8,-0.3397656918618992
375540,-0.5358368287844061,8,-0.22283036313820048
375394,-1.66324007882691,8,-0.34599376961668327
187637,0.335338409884804,8,-0.259527531307171
187530,1.87270647812459,8,0.5251603549689037
283812,-0.740819237883044,8,-0.46477931712348663
373571,2.07768888722322,8,0.8645860850548672
375449,-0.330854419685768,8,-0.6328413552653842
189723,0.642812023532761,8,-0.32139904799339547
374467,-0.4333456242350871,8,-0.7828190578557894
374139,-0.8945560447070229,8,-1.0529465195306784
188034,0.284092807610143,8,0.6635234903693004
188110,-2.38067851067215,8,-1.3578784556091534
189754,0.130356000786166,8,-0.16952497175626036
375018,-0.945801646981682,8,-0.1345402863126708
189020,-0.8433104424323629,8,-0.8353107764398828
190728,-0.792064840157705,8,-0.3686775469283248
283782,0.5403208189834421,8,0.2762345128953143
188145,1.05277684173003,8,1.880622619437446
188912,-0.792064840157705,8,-0.7657357555071655
189895,0.181601603060824,8,-0.4689270388464024
375922,-0.6127052321963959,8,0.12311567913121735
187522,0.0278647962368471,8,-0.15713288127415126
374719,-0.38210002196042897,8,0.2049808389095915
375778,0.5915664212581,8,2.034014115521103
374066,0.386584012159462,8,1.8272933327816787
187500,-0.740819237883044,8,-0.045360861404873276
283802,-0.5358368287844061,8,-0.5888155698525566
190757,-0.17711761286179106,8,0.043787632943775634
284222,1.4114960576526498,8,1.0514350887901287
374814,-1.4070120674536202,8,-1.095909026893338
373629,-0.8945560447070229,8,0.09549840397505704
187765,2.12893448949788,8,2.0328816923783393
189309,-0.4333456242350871,8,-0.7721909341864546
188500,0.642812023532761,8,0.1478340747316338
188990,0.0278647962368471,8,-0.4532908327823719
188786,-1.45825766972828,8,-1.5333986994615998
374362,-0.484591226509748,8,-0.40982290237744223
190296,-0.0746264083124718,8,-0.37428464668718675
375823,-1.25327526062964,8,-0.41983792970864897
187549,2.02644328494857,8,1.4673596467010839
308212,-1.4070120674536202,8,-0.6620506567098516
284372,-1.25327526062964,8,-0.36297636657303656
189862,-0.0233808060378135,8,-0.47016562883135293
188980,-1.15078405608032,8,-1.0753919760567499
187691,-1.25327526062964,8,-1.0903827760870968
375943,-0.945801646981682,8,-0.42172213679313586
187536,-0.0233808060378135,8,-0.5515309266936868
187469,-0.792064840157705,8,-0.8501081696231267
374371,-0.125872010587132,8,-0.2422935149208172
190097,-0.587082431059067,8,-0.031679669401142974
283130,1.15526804627935,8,0.4919785555124747
284248,1.36025045537799,8,0.0841791653910775
374359,-1.4070120674536202,8,-0.9401098884121666
187665,0.0278647962368471,8,-0.2751180801162292
190803,-1.5607488742776,8,-0.7129750380516668
284067,0.8477944326313991,8,0.726945504066066
188287,-0.8433104424323629,8,-0.29849040863595633
190170,-0.38210002196042897,8,0.2734165858184099
374361,0.0278647962368471,8,0.15229971531317688
376002,1.20651364855401,8,1.1970750421482705
375930,-0.484591226509748,8,-0.26041038988407195
188932,-0.792064840157705,8,-0.8205094019355101
375689,1.46274165992731,8,1.253532303757396
375409,0.284092807610143,8,-0.3637695697781851
373654,-0.484591226509748,8,0.052590559635092404
188458,0.489075216708781,8,-0.2967188400682801
375410,-1.5607488742776,8,-0.6007035062522732
375397,0.181601603060824,8,0.756808242846688
284265,-1.50950327200294,8,0.2991935507189396
189280,-1.61199447655225,8,-0.8600218750716806
375004,1.51398726220197,8,0.5695375588121578
187591,0.642812023532761,8,-0.007856222157556658
188997,-0.27960881741111,8,-0.670385889208319
189242,-1.25327526062964,8,-1.0793202986923802
187791,-0.330854419685768,8,0.21619861236027305
284247,2.9488641258924297,8,1.9937827498918068
188792,1.20651364855401,8,0.1800556779726179
373627,1.6677240690259498,8,0.457868421919045
187887,1.71896967130061,8,1.7989433797749825
375608,1.1040224440047,8,0.9445080102594261
189732,-1.8169768856508897,8,-1.0287487359878469
375205,-0.997047249256342,8,0.15441063224625395
189234,-0.5358368287844061,8,-1.226698427254206
187920,0.899040034906057,8,0.7938328735425273
187824,0.8477944326313991,8,0.8909717113811269
189637,-0.997047249256342,8,-0.9074527221579558
188704,-1.8169768856508897,8,-1.6354431370106681
188282,-0.22836321513645105,8,-0.5146652547018675
187609,-0.945801646981682,8,-0.5843308172620141
319954,0.642812023532761,8,-0.7811641237133244
373481,-1.4070120674536202,8,-0.6977300671167654
187901,-0.484591226509748,8,0.27736786262990165
188849,-1.50950327200294,8,-0.9181799069527301
187590,-0.8433104424323629,8,-0.2155712524686919
283726,0.284092807610143,8,-0.14429344881727957
190196,-0.740819237883044,8,-0.5128405513675602
187826,0.232847205335485,8,0.5222878540490541
189859,-0.6895736356083859,8,-0.7619902179782798
375813,-1.35576646517896,8,0.2245759085882355
317829,1.15526804627935,8,0.19103886160561956
284304,-0.792064840157705,8,-0.37367717181845705
189042,-0.5358368287844061,8,-1.1099717572028567
188816,0.0278647962368471,8,0.47236069914902146
189964,-0.945801646981682,8,-1.0104439277936308
188321,-0.22836321513645105,8,-0.033711641936292835
374155,-0.17711761286179106,8,-0.7379297870220967
188529,1.6677240690259498,8,0.595406209948095
188536,0.335338409884804,8,0.6967792804058632
318173,-0.125872010587132,8,-0.053769246514690394
375393,0.386584012159462,8,-0.3203673076409359
308011,1.36025045537799,8,0.9309045353212753
284303,0.4378296144341229,8,-0.5434296157206688
2437249,1.46274165992731,8,0.46960043862992507
283892,-0.8433104424323629,8,-0.7034718521146317
189689,-0.5358368287844061,8,-0.25870935516556415
187489,-0.484591226509748,8,-0.44171720287378946
188204,-1.66324007882691,8,-0.9031349284171597
189955,0.7453032280820799,8,0.08800903731113863
374652,1.25775925082867,8,1.2668937575110135
374407,0.0791103985115055,8,-0.14584386986311415
283772,-0.484591226509748,8,0.9905721527078413
188401,-1.048292851531,8,0.57415316283614
375243,-0.125872010587132,8,0.4768082643603293
188376,-0.484591226509748,8,0.0064165822605701806
187754,0.5915664212581,8,0.5966103938806668
190252,0.130356000786166,8,-0.02001620449055963
189012,-1.35576646517896,8,-0.33150213115916927
374363,0.335338409884804,8,0.01597799646779663
190081,0.899040034906057,8,-0.05697900343437823
375845,-0.6895736356083859,8,-0.11540310661936815
187764,-0.4333456242350871,8,0.0034215128636105874
188669,-0.8945560447070229,8,-0.03917364599956841
284120,1.51398726220197,8,0.5416119298294575
188311,-2.02195929474953,8,-0.47890196229383264
188054,-0.945801646981682,8,-0.13842923970594256
187560,0.642812023532761,8,1.8486620303170298
188215,0.6940576258074189,8,0.4287483075135583
187781,-0.125872010587132,8,-0.3240053961851572
283776,-0.5358368287844061,8,-0.09146820927739441
374165,-1.66324007882691,8,-0.4672662052765304
374603,0.130356000786166,8,0.3214900001250953
189883,-0.484591226509748,8,-0.4210054870832778
283757,1.15526804627935,8,0.1701543355524393
308007,0.5403208189834421,8,0.4138808083087042
190794,0.7453032280820799,8,0.2928536815664131
188382,0.4378296144341229,8,0.7977055966626381
187921,0.5403208189834421,8,-0.06905990650058413
190141,-1.91946809020021,8,-1.5945871627593249
187713,-0.945801646981682,8,-0.9395564076963296
374063,0.284092807610143,8,0.005679375436926648
188220,2.2314256940472,8,1.8558347879965993
375935,-0.4333456242350871,8,-0.37230547834394656
283950,-0.330854419685768,8,0.5124901333088019
375820,-0.945801646981682,8,0.35577670690520335
190035,-0.4333456242350871,8,-0.19522935014512655
189947,-0.0233808060378135,8,-0.1539214539523357
190037,-0.4333456242350871,8,-0.45659827972102107
187763,0.5403208189834421,8,0.6957847749827124
187880,-1.35576646517896,8,0.12801587966353623
187711,0.5915664212581,8,0.17139428862810746
187853,-0.587082431059067,8,-0.11560732235346904
188507,-1.048292851531,8,-0.1949344402343911
374917,-1.15078405608032,8,-0.9242597677696267
375708,0.335338409884804,8,0.8017961669530962
374703,-1.048292851531,8,-0.22667906716807806
375950,-0.17711761286179106,8,0.03194049950786848
283312,0.6940576258074189,8,0.05178062439523501
188214,1.00153123945538,8,1.365366805919166
2437263,-0.8433104424323629,8,-0.4002240404894337
284203,0.4378296144341229,8,0.2443792914084355
373872,-0.997047249256342,8,-1.026559674139719
187879,-1.15078405608032,8,0.20948313528293738
374894,-0.997047249256342,8,1.3177240759792994
375696,1.61647846675129,8,1.8285661121137196
283132,-0.0233808060378135,8,-0.35386986303504386
189697,-1.0995384538056598,8,-0.7935848298352255
375678,1.18089084741668,8,1.360604688408955
188291,-0.6895736356083859,9,0.6450547980927865
187573,-0.6895736356083859,9,-0.8453280970110484
187742,-0.8945560447070229,9,0.707533460349481
283735,-0.330854419685768,9,-0.3296203692340498
190816,0.181601603060824,9,0.37494306390138377
190707,-0.740819237883044,9,-1.0512341106227154
187612,0.181601603060824,9,-0.3737044920059418
284328,0.0791103985115055,9,-0.566358252735796
373482,0.130356000786166,9,-0.36283676922181485
188698,1.6677240690259498,9,1.621508085810916
283445,0.796548830356738,9,0.3031718839260975
2436958,-0.38210002196042897,9,0.5270009301848972
188603,-0.8433104424323629,9,-0.06706069175828588
187611,1.05277684173003,9,0.3328037327623292
374515,0.0278647962368471,9,0.19996416309240317
308253,1.1040224440047,9,0.30805536880978934
188170,2.2314256940472,9,1.44185689279729
374622,1.00153123945538,9,-0.09380438454550699
188934,-1.048292851531,9,-0.25307819290392786
188472,-0.0233808060378135,9,-0.7872683599331936
374382,0.4378296144341229,9,-0.15913654346817907
187636,0.232847205335485,9,0.9681536350017268
189241,-0.638328033333725,9,-0.47434303745876605
189801,0.0791103985115055,9,0.26613424227812743
188019,-1.0995384538056598,9,-0.6117250457993464
374365,-1.86822248792555,9,-1.3913950978424054
188326,-0.484591226509748,9,0.80879005931601
190067,-1.5607488742776,9,-0.8225166837073061
373674,0.284092807610143,9,0.203175873466364
190000,-0.330854419685768,9,0.032218213593836253
283201,0.335338409884804,9,0.7706315850157068
187551,1.82146087584993,9,1.3628443160483243
375342,-0.6895736356083859,9,0.3318072370906009
188064,0.181601603060824,9,-0.5961909961436334
283781,0.130356000786166,9,-0.12034394426126482
189137,-1.45825766972828,9,-0.21249946041146472
374471,-0.4333456242350871,9,-0.681170795522803
188235,0.130356000786166,9,1.0211738603889557
188317,-0.330854419685768,9,-1.3752397725770038
375465,-1.07391565266833,9,-0.2679821408642056
375890,1.97519768267391,9,1.7755249616853916
187653,0.232847205335485,9,0.49071014273854985
187462,-1.20202965835498,9,-0.7283071934515135
188922,-0.945801646981682,9,0.3343433487387415
188927,-0.740819237883044,9,-0.888043436007564
189004,-1.5607488742776,9,-1.0303311904246186
373635,1.36025045537799,9,1.39166396045772
375453,-0.0233808060378135,9,0.17248925754972788
187840,0.0278647962368471,9,-0.3151825247881277
187988,0.130356000786166,9,0.14630685320980774
187699,0.0278647962368471,9,-1.07734619906023
188012,-1.61199447655225,9,-0.08549573674972066
190127,-0.125872010587132,9,-0.3395780667182464
189084,0.0791103985115055,9,-1.1203080003958803
189292,-1.50950327200294,9,-1.4657106230076806
284357,0.4378296144341229,9,-0.21085290874066231
2437250,0.51469801784611,9,0.7729571813761709
375917,-0.4333456242350871,9,-0.594929118348233
188320,-0.945801646981682,9,-0.6368495258471683
374807,0.5915664212581,9,0.30098195829035035
373948,0.0791103985115055,9,-0.5358464716518085
188972,-1.048292851531,9,-0.7080759839288078
190458,0.335338409884804,9,-0.7760795175491921
283448,0.335338409884804,9,0.3227042653901151
187952,1.20651364855401,9,1.3769687959893417
373745,1.38587325651532,9,1.499530802778338
187769,1.77021527357527,9,1.7812662180143946
336782,-0.997047249256342,9,-0.4760006536077981
187655,2.59014490996982,9,1.9713443174837266
374630,-0.27960881741111,9,0.2630218408193059
308006,0.5403208189834421,9,-0.26581103593653665
187574,-0.638328033333725,9,-0.6613542242393748
189346,-1.0995384538056598,9,-0.5708813507938544
187846,-0.27960881741111,9,0.8739410276136255
189063,0.4378296144341229,9,0.39028145171636197
187703,0.335338409884804,9,0.24920000005619158
190778,-0.638328033333725,9,-0.7270250837090941
373780,-1.4070120674536202,9,-0.6318334064338842
374395,0.0278647962368471,9,-0.1416848115042626
188996,-0.587082431059067,9,-0.5804077622476598
189856,0.130356000786166,9,-0.14590623260536972
373773,-1.15078405608032,9,-0.8128337417914224
375705,0.41220681329679104,9,1.4945305714879282
187833,-0.484591226509748,9,-0.3126908631608103
374745,-1.71448568110157,9,-1.1030432848095302
187766,2.18018009177254,9,2.0042808804131482
189854,0.0278647962368471,9,0.0036705958889058365
375452,0.232847205335485,9,0.3557011526705196
187510,-0.4333456242350871,9,-0.06699557334556516
190213,0.899040034906057,9,0.026651712524142113
284371,1.00153123945538,9,0.33368216529811434
190018,-0.4333456242350871,9,0.05107605550230687
283655,2.18018009177254,9,1.4439957247425923
283162,-1.15078405608032,9,-0.7447285006553273
189116,-0.740819237883044,9,-0.5410337684206183
188302,-0.638328033333725,9,0.29510845961456766
374743,-0.27960881741111,9,-0.6054220824410663
375773,1.51398726220197,9,0.8487990901467413
375835,-0.125872010587132,9,0.5071888031928324
188785,-0.792064840157705,9,-0.365227728357695
188248,2.43640810314584,9,1.812822087200118
189244,0.0791103985115055,9,0.9542977614744927
376022,1.25775925082867,9,1.2164904808163897
374546,0.899040034906057,9,0.020869724614414054
189390,-0.330854419685768,9,-0.9237400055008038
283938,0.6940576258074189,9,0.04391485058161493
187457,-1.76573128337623,9,0.08064150406619319
188715,0.284092807610143,9,0.15427963022378322
375471,-0.997047249256342,9,0.18805685224413082
187491,-0.8945560447070229,9,-0.66168038224626
187645,1.82146087584993,9,0.0415271063521061
375727,0.899040034906057,9,1.2317943192030896
189153,-0.587082431059067,9,-0.8150321633884232
188427,0.232847205335485,9,0.2177397947636166
188346,0.0278647962368471,9,-0.3151708204977979
190005,-0.22836321513645105,9,-0.495464950952595
189630,-0.38210002196042897,9,0.15140096403084158
374017,2.12893448949788,9,1.796537410545909
373468,1.1040224440047,9,-0.13873471957927563
188249,0.796548830356738,9,1.3429182209615647
189909,-0.0233808060378135,9,-0.22654997421142298
375627,0.386584012159462,9,-0.11095315181381693
283803,-0.945801646981682,9,-0.49377769350459744
376021,-1.5607488742776,9,0.09923166072147183
188942,-0.4333456242350871,9,-1.0388730296323843
375437,-0.638328033333725,9,-1.0320865410577937
187675,1.71896967130061,9,0.8854701402061096
187610,0.489075216708781,9,-0.3327050838392722
283813,-0.8433104424323629,9,-0.6130742841712333
189337,-0.0746264083124718,9,-0.8034844481157108
2437286,0.335338409884804,9,0.8463306698323834
190774,-1.048292851531,9,-0.6637993125658852
188096,-0.740819237883044,9,-0.19248565090819625
283754,-1.15078405608032,9,0.36402474349301883
189759,0.6940576258074189,9,-0.5901717139699372
375973,-0.8945560447070229,9,-0.7932556656888323
374599,-0.484591226509748,9,0.17213855182822613
188055,-0.997047249256342,9,-0.4020463259867313
188015,-0.6895736356083859,9,-0.37711336289294195
319279,-0.330854419685768,9,-0.08162572871290763
374367,0.181601603060824,9,0.3718778899299764
189047,0.284092807610143,9,-0.5981022595083516
187936,0.7453032280820799,9,-0.016360914954617556
374535,0.6940576258074189,9,-0.3710863317609494
187998,-0.740819237883044,9,-0.12413079166225316
2437268,-0.638328033333725,9,-0.03412794441427991
187667,0.0791103985115055,9,0.747161938186224
375731,0.6940576258074189,9,0.583973462409233
190817,2.02644328494857,9,1.7458807046633638
2437280,0.181601603060824,9,0.0573471300835422
189282,-1.048292851531,9,-1.2236374033695938
373760,1.46274165992731,9,0.6621201713332994
188781,0.181601603060824,9,-0.780982427087423
374442,-0.4333456242350871,9,-0.5426642435341762
284334,0.6940576258074189,9,0.04595982807887822
187707,-0.8433104424323629,9,0.30109319216205677
283107,0.0278647962368471,9,-0.15703382536560184
187548,1.92395208039925,9,1.4304988958749902
187594,0.796548830356738,9,-0.17911766792178696
190167,0.0791103985115055,9,-0.5483367892586273
283843,-1.35576646517896,9,-1.1879225371732787
190045,0.181601603060824,9,-0.20374958265918508
188102,-1.15078405608032,9,-0.9173990904969003
190036,-0.4333456242350871,9,-0.3591042724910096
375747,0.899040034906057,9,0.15061352093744063
188984,-0.638328033333725,9,-0.847004440950343
188083,-0.125872010587132,9,0.10852502635017913
187893,-0.4333456242350871,9,-0.3977084417406047
374638,-0.27960881741111,9,0.18855390591579635
187911,-0.125872010587132,9,0.25485718628871723
189210,-0.38210002196042897,9,-1.0493419667803323
190792,-0.22836321513645105,9,0.310522641053808
190100,-0.5358368287844061,9,-0.09853988995482155
189001,-0.740819237883044,9,-0.38523271714504403
188036,-0.330854419685768,9,0.2564753393739636
374413,0.335338409884804,9,0.13479195526821286
190787,0.6940576258074189,9,1.0850960425324274
188117,-1.048292851531,9,-0.46915532532358384
284291,0.284092807610143,9,-0.1186741925743604
188028,-0.27960881741111,9,-0.32974682861743077
283641,0.5915664212581,9,0.12150855159214302
187736,-0.792064840157705,9,0.35999523273827094
283214,-0.0233808060378135,9,-0.5762519813721383
375736,0.5915664212581,9,0.08433976785374853
318552,-0.125872010587132,9,0.11683616175605493
188545,-0.8945560447070229,9,-0.8388787856651447
189023,-0.8945560447070229,9,-0.5945899122412186
375505,-1.7401084822388997,9,-0.3211756879127563
190039,-1.5607488742776,9,-1.5871660896024764
374191,-2.27818730612283,9,-1.2307197112349115
189970,-0.740819237883044,9,0.653291762486532
189091,0.181601603060824,9,0.5480836705180252
189667,-0.484591226509748,9,-0.25747510559028797
375993,0.386584012159462,9,0.5035413680468821
187869,-0.484591226509748,9,0.12084030485897301
189013,-0.22836321513645105,9,-0.3048086880646679
283751,-0.330854419685768,9,-0.06309885420674277
373623,-0.27960881741111,9,-0.19757216580347858
283784,-0.17711761286179106,9,-0.4196113762110656
283325,0.386584012159462,9,-1.1027133434055543
