id,width,kfold,linearSVR_pred
375994,0.5403208189834421,0,-0.04009241291048267
187690,0.489075216708781,0,0.38523296196570617
190669,-0.8433104424323629,0,-0.2067429256272914
283914,-0.22836321513645105,0,0.08338691743143291
188436,1.71896967130061,0,0.14599034709063805
373850,0.181601603060824,0,0.5228448754374424
319956,0.130356000786166,0,-0.09880001431437356
375799,2.43640810314584,0,0.8871948624409532
375417,-0.22836321513645105,0,-0.23279907894850793
187844,2.9488641258924297,0,1.8434396797408603
283157,-0.27960881741111,0,0.1809268597280744
189696,-0.125872010587132,0,0.03178385560952143
188876,0.0791103985115055,0,0.15895779796948303
283120,-1.0995384538056598,0,-0.8613642722914554
189039,-0.0233808060378135,0,-0.5033175525115113
188765,0.6940576258074189,0,0.6336600306329833
188577,-1.86822248792555,0,-1.2053305966014851
188267,0.5403208189834421,0,0.5078924598417018
375706,0.232847205335485,0,-0.06001675762476749
188250,0.4378296144341229,0,0.1872418112161777
189254,-0.6895736356083859,0,-1.976531777948589
188780,-0.484591226509748,0,-0.49753609047899733
375444,-0.0233808060378135,0,0.29455577968126107
373522,0.950285637180718,0,0.4082664548244061
375916,-0.740819237883044,0,0.1489117838176428
188156,1.71896967130061,0,1.8599609836613886
187984,-0.27960881741111,0,-0.5500826204814472
187692,1.15526804627935,0,0.8420629651841973
283721,1.1040224440047,0,0.1231617659709516
189031,-0.17711761286179106,0,-0.7004543392383198
189134,-0.6895736356083859,0,-0.5227509646783937
188101,-0.5358368287844061,0,-0.9195095624494494
336484,0.0278647962368471,0,0.5912556242420333
188969,-1.3045208629043,0,-1.0909529601003431
283712,1.20651364855401,0,0.6251651311742495
283755,0.4378296144341229,0,0.4924820649593176
283166,0.489075216708781,0,0.12141010774344019
188269,-1.048292851531,0,-0.7217188662015059
189980,-0.17711761286179106,0,-0.35911857863075597
284272,0.0278647962368471,0,-0.3929253486133369
374092,0.642812023532761,0,0.6438970191804945
187989,-1.66324007882691,0,-0.9082900158249738
374693,1.61647846675129,0,0.6767659898206504
187999,-0.27960881741111,0,0.09125940796238244
283127,-1.0995384538056598,0,-1.0055039256976828
188825,-0.0233808060378135,0,0.30642504141882226
283677,1.05277684173003,0,0.738003722426444
374613,0.642812023532761,0,0.4543500962418973
375556,-0.22836321513645105,0,0.3497367509947876
283054,1.92395208039925,0,0.10828901309407012
373900,1.30900485310333,0,0.038919573582289924
375796,-0.997047249256342,0,0.030270759458751965
189133,1.05277684173003,0,0.4679406073671656
188757,-0.0233808060378135,0,0.1147616296165547
187903,-0.997047249256342,0,-0.7014908595041235
189233,-1.3045208629043,0,-1.169475044906223
188355,0.950285637180718,0,0.8127133945625855
283205,-1.0995384538056598,0,-0.39576835499019447
188976,0.386584012159462,0,-0.6991700248243219
189974,-0.22836321513645105,0,-0.1545052480021624
373904,0.642812023532761,0,-0.6290234662971507
188319,1.36025045537799,0,0.774584917076464
336483,0.5915664212581,0,0.420500522081109
374591,-0.5358368287844061,0,-0.1317667512128074
187938,-0.330854419685768,0,-0.026303345061916304
190784,-0.587082431059067,0,-0.5464306350284867
188121,0.5915664212581,0,-0.638447170938975
188341,-0.4333456242350871,0,-0.8176260760996011
188093,1.30900485310333,0,1.110050259817044
375626,-0.0233808060378135,0,0.04808470183259546
187956,0.7453032280820799,0,-0.03050079037462656
188820,-0.740819237883044,0,-0.00229359466491642
374171,-0.5358368287844061,0,-0.4983946172421902
187628,0.5915664212581,0,0.6562155662483613
190139,-1.76573128337623,0,-1.6467628930775948
189844,2.15455729063521,0,1.2972961954251114
189010,-0.4333456242350871,0,-0.392609270818184
187508,-0.740819237883044,0,0.06702542850359636
188048,2.33391689859652,0,1.9521398578338507
187704,-1.45825766972828,0,-0.561526276130532
187599,0.181601603060824,0,0.005919959645229709
375663,1.71896967130061,0,2.0494763219137364
284216,1.15526804627935,0,1.2779706289523427
374202,-0.587082431059067,0,-0.349841104292573
188122,-0.17711761286179106,0,-0.17405690834872597
190280,-0.4333456242350871,0,-0.47561420760374246
187985,0.6940576258074189,0,-0.695180127015226
190782,-0.484591226509748,0,0.5016739717823673
187935,-0.38210002196042897,0,0.06504907668372142
283252,-0.17711761286179106,0,1.1116807034821454
374148,-0.5358368287844061,0,0.5787890922115644
188532,0.5403208189834421,0,0.0992602059100614
375780,1.00153123945538,0,0.8543675000459794
375791,2.69263611451914,0,1.96796838830632
375749,1.82146087584993,0,0.8306035968094194
189858,-0.27960881741111,0,-0.037225115376702124
187803,-1.76573128337623,0,-1.2181088782021854
187854,-0.0746264083124718,0,-0.02852248082065495
188202,0.6940576258074189,0,-0.4358446291688889
283722,1.5652328644766298,0,0.5061097030822301
187495,-0.740819237883044,0,-0.6971343116192381
375895,1.6677240690259498,0,1.3618812185705707
374624,1.69334687016328,0,0.469444019236994
187876,-0.17711761286179106,0,-0.4554617274438019
189032,-0.330854419685768,0,-0.48564961010380736
375710,1.00153123945538,0,0.848134483987672
188099,-1.86822248792555,0,-0.3767427165568914
188468,0.0278647962368471,0,-0.8518691326056124
283770,1.05277684173003,0,1.1553817548110719
375511,1.89832927926192,0,1.891540566706226
336485,0.335338409884804,0,0.4860759312750234
188359,1.05277684173003,0,0.31327785748863357
2437258,0.181601603060824,0,0.005549488307093998
189290,-0.4333456242350871,0,-0.6996605752802804
188667,0.386584012159462,0,0.9261453703489301
190277,-0.125872010587132,0,-0.2995075551168413
187666,0.181601603060824,0,0.0658492618201791
336479,0.181601603060824,0,0.008409993258846216
374632,-0.0746264083124718,0,-0.7254515335963551
373759,-0.0233808060378135,0,-1.034618134089469
2437282,-0.0233808060378135,0,0.3419850645586771
374635,0.386584012159462,0,0.4231142983850184
375006,1.97519768267391,0,1.0299437886458083
336688,-1.15078405608032,0,0.25250857158166023
283615,0.4378296144341229,0,0.2201884307141859
283731,-0.484591226509748,0,0.007280936971506162
189961,1.05277684173003,0,-0.19528538394701858
189239,-1.5607488742776,0,-0.9027880959251879
190807,-1.0995384538056598,0,-1.505384688236806
187479,0.130356000786166,0,-0.8812562825997723
373756,0.0278647962368471,0,-0.7016640094024598
374037,0.6940576258074189,0,-0.07315798785891622
375607,0.642812023532761,0,0.4779404797847764
374109,-0.587082431059067,0,-0.5067300659423251
189840,-0.8433104424323629,0,-0.46861609981344354
188957,-1.50950327200294,0,-1.924723037916797
373656,-0.0233808060378135,0,0.22870156019893573
187793,-0.792064840157705,0,0.40915459982647806
284224,0.899040034906057,0,-0.16442538018307876
283199,-0.740819237883044,0,-0.49477332243598937
375899,2.43640810314584,0,1.63402527940949
283118,0.130356000786166,0,-0.6211067409962078
283128,1.25775925082867,0,0.17014229542769996
283158,-0.8433104424323629,0,0.6614180619780107
188840,2.02644328494857,0,1.6492400572301071
189792,-0.27960881741111,0,-0.6446997303676493
188412,0.4378296144341229,0,0.668891746673922
283756,0.0278647962368471,0,0.06105353484144929
189894,-0.22836321513645105,0,0.1092763885426307
374536,-0.22836321513645105,0,-1.2719207741009515
187783,1.05277684173003,0,0.8745293996839223
336482,0.6940576258074189,0,0.2598000179227275
188974,-1.45825766972828,0,-0.6526035376384257
189035,-1.15078405608032,0,-0.46179575044752563
373980,0.0791103985115055,0,-0.06874320563926932
375851,1.51398726220197,0,0.9109716666152153
188374,-0.4333456242350871,0,0.34458498499588763
187987,0.950285637180718,0,0.22827058591762792
2437395,0.7453032280820799,0,-0.031095926380406792
283759,-0.740819237883044,0,-0.6906970876692154
189400,-1.25327526062964,0,-0.7194594965329377
375717,0.489075216708781,0,0.24321938497942294
375295,-0.4333456242350871,0,-0.5989893440453301
375524,0.8477944326313991,0,0.9798047833237464
336481,0.796548830356738,0,0.41915688331321155
190054,0.130356000786166,0,-0.11078773828205776
189753,0.489075216708781,0,0.0036764836665944996
188975,-1.20202965835498,0,-0.6137979772872888
187676,-1.0995384538056598,0,-0.40095246454787054
284002,0.5403208189834421,0,-0.19735633060278956
336476,0.5915664212581,0,0.04010470458904049
188365,-0.0233808060378135,0,-0.26113380370606465
374945,-1.86822248792555,0,-1.171184478153477
375695,-1.33014366404163,0,0.07453478466589045
375759,-0.5358368287844061,0,0.2020213771022503
187852,-1.86822248792555,0,-0.8112687673729237
187716,-1.35576646517896,0,0.42054762096014237
373739,-1.15078405608032,0,-0.6079065511546159
189996,0.0791103985115055,0,0.0046774623537993755
189008,-0.5358368287844061,0,-0.7954230458237427
187541,0.0791103985115055,0,0.17693650840103461
375441,0.335338409884804,0,-0.007926716497282237
187485,-0.125872010587132,0,-1.0836425043331903
283773,0.796548830356738,0,0.13091977331433835
283235,0.899040034906057,0,0.6550355503892727
190046,-0.22836321513645105,0,-0.11955829704478359
375857,0.335338409884804,0,0.12279876286954589
375645,2.59014490996982,0,1.7320692546156404
188227,-0.0233808060378135,0,1.1961813482106163
188413,1.71896967130061,0,0.7853557571849238
283105,-0.38210002196042897,0,-0.8047608707544529
308004,0.335338409884804,0,0.1196337839116027
283106,1.15526804627935,0,0.8144983451602842
375711,0.8477944326313991,0,-0.161412133799732
283444,1.00153123945538,0,1.039443146133431
188496,0.0278647962368471,0,-0.8664833988864985
374197,-0.484591226509748,0,0.11394653053713366
284090,1.00153123945538,0,0.9075766747145505
189014,-0.0233808060378135,0,-0.453542329987711
374590,-0.8433104424323629,0,-1.4645542790587094
187539,0.0791103985115055,1,0.04206361014196497
190115,-1.0995384538056598,1,-1.2242963443716388
189749,-0.0746264083124718,1,-0.27921445581612075
374416,0.181601603060824,1,-0.2051280750399582
188521,-0.484591226509748,1,-0.057451365141570516
374992,1.71896967130061,1,1.549373145570141
189776,-0.0746264083124718,1,-0.6127700289513478
190799,1.87270647812459,1,1.764911148614287
283670,1.46274165992731,1,0.52416864053527
188452,0.796548830356738,1,0.23214988226289365
187562,-0.0746264083124718,1,-0.17390167082030564
374621,1.1040224440047,1,0.6118169744540326
189289,-0.740819237883044,1,-1.010688267442431
374004,0.181601603060824,1,0.1605257029138598
187816,2.18018009177254,1,1.8696324496508954
374086,0.796548830356738,1,-0.1374523077415963
189029,-0.17711761286179106,1,-0.6974610532138211
375573,-0.38210002196042897,1,0.13202652564499615
188476,0.0278647962368471,1,0.7211478045747597
190082,-2.22694170384817,1,-0.26642675931531545
283859,0.4378296144341229,1,-0.09783551259994791
189006,-0.8433104424323629,1,-1.009442123359601
375941,-0.5358368287844061,1,0.47017655157765303
190102,-0.38210002196042897,1,0.037181146130897215
375974,-1.68886287996424,1,-0.23628263813390224
375724,-0.5358368287844061,1,-0.3556855943192338
373716,-0.17711761286179106,1,-0.7480084141039598
283667,1.51398726220197,1,0.5761381473502944
188035,-0.638328033333725,1,0.20584232269363653
374669,0.0791103985115055,1,0.36649924723330907
373485,1.71896967130061,1,0.9469391331272801
283171,0.335338409884804,1,0.5356790120833475
283989,-0.17711761286179106,1,-0.18705949226152357
187780,0.950285637180718,1,0.01571849000966682
375744,0.284092807610143,1,-0.01539801851721185
187678,0.0791103985115055,1,-0.1637878001528633
374768,-1.61199447655225,1,-1.4234543794246577
188189,-0.22836321513645105,1,-0.722334136280936
188051,1.92395208039925,1,2.327192507961937
188094,-0.792064840157705,1,-0.12203792245156654
188708,-0.792064840157705,1,0.04821723523182163
374640,0.5403208189834421,1,0.403063125214265
284069,0.181601603060824,1,0.8357031480578481
284161,-0.125872010587132,1,0.3315352678319057
188092,-0.792064840157705,1,-0.8176899281647099
187658,-2.38067851067215,1,-0.12126476075859255
375395,-0.0233808060378135,1,-0.05782108325233643
187523,-0.6895736356083859,1,-0.5977338657066411
189343,-0.740819237883044,1,-1.0504938170691052
375755,1.6677240690259498,1,1.6635125101826436
284373,0.130356000786166,1,-0.32983482782054574
189079,-1.15078405608032,1,-0.7342612892485022
187971,0.7453032280820799,1,0.491423746894908
319784,1.87270647812459,1,1.6223631734460153
190132,-2.3294329083974903,1,-1.596120930830535
187877,-1.91946809020021,1,-1.5254595712545416
189038,-0.484591226509748,1,-0.7724326853992824
189819,-0.740819237883044,1,-0.12730904419167086
188225,2.07768888722322,1,1.1783630965168619
189892,0.0278647962368471,1,-0.2607824315952274
375666,1.77021527357527,1,1.7279049297342959
187755,-0.0233808060378135,1,0.30423929958637247
187464,-2.0732048970241896,1,-0.7404306822799153
189756,-0.792064840157705,1,-0.27981818800363956
190796,-1.3045208629043,1,0.4434506336276445
187946,0.0278647962368471,1,-0.13339318677005466
190199,0.0791103985115055,1,0.2587135296984146
189421,-0.997047249256342,1,-1.0555613667113182
187482,-0.8945560447070229,1,-0.5618684057083847
375954,0.796548830356738,1,1.0413559762758595
188037,-0.5358368287844061,1,-0.4896782019912654
375802,-0.22836321513645105,1,0.1754749155966215
190403,-0.0746264083124718,1,-0.01878010642886444
189804,-0.792064840157705,1,-0.06281282467963728
375500,2.12893448949788,1,1.2219493305557771
190789,-0.5358368287844061,1,-1.031069776107139
283633,-1.91946809020021,1,-1.4767419760253084
284192,2.12893448949788,1,1.0626617306806434
156377,0.5915664212581,1,0.7665938671016999
187458,-0.38210002196042897,1,-0.01183173767808525
189669,-0.27960881741111,1,0.10702262623620142
319779,-0.330854419685768,1,0.26765654259749727
374608,-0.27960881741111,1,-0.0466494859394074
189949,-0.125872010587132,1,-0.3208263957018086
284239,1.25775925082867,1,0.8958818885831374
188254,1.20651364855401,1,1.0448182990227532
374763,-0.8433104424323629,1,-1.3239738734798454
374151,-0.6895736356083859,1,-0.33958849589265644
189277,-0.740819237883044,1,-0.9378985669602973
283727,-0.0746264083124718,1,-0.15612776842573275
375976,0.0791103985115055,1,-0.7397376300639052
188464,-1.50950327200294,1,-0.22600825348768666
375716,1.15526804627935,1,0.9916109132873716
375691,0.489075216708781,1,0.8466914197942288
374691,-0.740819237883044,1,0.3314199664897952
189164,-1.61199447655225,1,-1.3890005246298078
190134,0.489075216708781,1,-0.4265615730502003
284025,-0.0490036071751427,1,-0.1029767699650178
187787,-0.17711761286179106,1,-0.42869027058821657
188111,-2.38067851067215,1,-0.941344218810937
375704,0.181601603060824,1,0.49022900323792407
190711,-0.330854419685768,1,-0.3718530664628973
190070,-1.61199447655225,1,-1.2272906904078493
189238,-1.0995384538056598,1,-1.3181020213814933
189937,-0.484591226509748,1,-0.13244615126243423
2437378,0.5915664212581,1,0.0828739997254281
284336,2.07768888722322,1,2.0673463651876
374145,1.51398726220197,1,0.47334371998210684
374397,0.284092807610143,1,-0.08922671390890767
283300,-1.048292851531,1,-0.21497682889499115
189022,-1.20202965835498,1,-0.43218719492493646
189684,0.899040034906057,1,-0.37695440756789295
374641,0.7453032280820799,1,0.40418389041205505
190364,-0.4333456242350871,1,-0.008413967924769738
375817,2.89761852361778,1,2.056722002175116
189809,-0.22836321513645105,1,-0.07272374227521738
283083,0.7453032280820799,1,0.33969386311070404
374589,-0.0746264083124718,1,0.41779059896149673
188492,-0.6895736356083859,1,-0.7851507012022508
375688,0.796548830356738,1,0.5112713617890488
188979,-0.740819237883044,1,-1.1954485951009928
375383,-0.997047249256342,1,-0.7028085824582664
374686,0.642812023532761,1,0.21267714250800346
187702,0.489075216708781,1,-0.4385819746537255
375591,0.232847205335485,1,-0.14555856838079828
189059,-0.587082431059067,1,-0.9344177973117298
376001,1.00153123945538,1,-0.5131917043113706
284262,-0.4333456242350871,1,0.42809510033542336
187705,3.20509213726573,1,1.7795250947459553
283109,1.87270647812459,1,0.724013825514978
187677,1.05277684173003,1,1.0250452407040131
283229,0.5403208189834421,1,-0.2430422738317332
375842,-0.8433104424323629,1,-0.17927295417985759
189319,-0.4333456242350871,1,-0.3671475389136857
187977,1.25775925082867,1,1.0426405077547936
374103,1.20651364855401,1,0.15703848904350634
374513,0.181601603060824,1,-0.05924041261908329
188377,1.15526804627935,1,0.4219270749281363
190198,0.335338409884804,1,0.09082129277936626
373682,1.05277684173003,1,0.4133036727828275
190802,-0.0746264083124718,1,-0.13107761312098518
189851,0.181601603060824,1,1.0394588187661915
187856,-0.38210002196042897,1,-0.1029529403884134
375062,0.950285637180718,1,0.30657669982453467
375475,-0.945801646981682,1,-0.8945835470776747
188467,-0.330854419685768,1,0.6615728525208581
376048,1.1040224440047,1,0.12987263844310748
188895,-1.15078405608032,1,-0.40445904412946115
188076,-0.8945560447070229,1,0.0982786177156295
188197,0.335338409884804,1,1.0421895399805694
187794,-1.15078405608032,1,-0.5550204518604672
188172,0.5915664212581,1,1.4711825989190395
374174,-0.740819237883044,1,-0.23298432633871302
188370,-0.17711761286179106,1,-0.2734972207022852
189005,-1.048292851531,1,-0.8198750456709483
374158,-1.20202965835498,1,-0.8196182390662587
283849,-1.45825766972828,1,-0.6553937425928341
187951,-1.3045208629043,1,-1.2599653646685856
283767,0.950285637180718,1,0.1681487372251315
188040,-0.17711761286179106,1,0.4129155174254572
374600,0.4378296144341229,1,0.863656240776741
375457,-1.8169768856508897,1,-0.5823044101434778
189188,-0.330854419685768,1,-0.37222105305187647
187842,-1.5607488742776,1,-1.6588317519103053
189302,-1.71448568110157,1,-0.6960058327241787
188134,1.4114960576526498,1,1.3820922401273241
189194,-0.740819237883044,1,-0.9820487346762306
187814,0.899040034906057,1,0.45803862025086595
187972,-0.330854419685768,1,-0.7078318041097795
188229,1.92395208039925,1,-0.46144014767491437
187906,0.130356000786166,1,-0.03262241908056043
374681,0.4378296144341229,1,0.3517459429900327
375846,0.386584012159462,1,0.09055806746858404
189099,0.130356000786166,1,0.28982058656542853
373991,0.232847205335485,1,-0.39114655142422805
188543,-1.91946809020021,1,-1.4927514766641934
374516,-0.945801646981682,1,-0.6264509153421548
188434,-0.38210002196042897,1,-0.8178898230894356
187957,0.642812023532761,1,-0.2049571374179564
188947,-1.048292851531,1,-0.4202126239460186
375809,3.15384653499107,1,2.2128954115533546
189308,-0.792064840157705,1,-0.7563213548899717
308009,0.899040034906057,1,0.3584216533136852
374177,0.130356000786166,1,-0.028284961032619193
374331,-0.0233808060378135,1,-0.5406357470322525
188270,-1.0995384538056598,1,-0.6070247807035464
374680,1.20651364855401,1,0.6642038924255091
284281,-0.740819237883044,1,0.2514265030621026
374451,0.284092807610143,1,0.363745820728295
187526,0.899040034906057,1,-0.26673958434237777
283778,-0.0746264083124718,1,-0.19245166325183027
285674,1.1040224440047,1,-0.2029107980106525
283311,0.181601603060824,1,-0.6087014815690075
375931,-0.5358368287844061,1,-0.4764745851379161
336685,-0.997047249256342,1,-1.1875319548533123
375679,-0.0746264083124718,1,0.1485562707962506
190191,-1.61199447655225,1,-1.6419163539641652
308266,0.5915664212581,1,0.7051014738920135
188734,-0.638328033333725,1,-0.1767292005529887
187848,0.284092807610143,1,0.6489195454091214
187776,0.232847205335485,2,-0.019591379834450494
187819,-1.8169768856508897,2,-0.4974269960706746
375634,1.4114960576526498,2,0.8294439194767641
188339,0.642812023532761,2,1.9339409290857812
283125,-1.17640685721765,2,-0.10883636174666161
188633,-1.71448568110157,2,-0.5499478713923043
188894,-0.587082431059067,2,-1.0320464709253103
375859,0.489075216708781,2,0.45129695460770913
374339,0.489075216708781,2,-0.3816408926543827
190058,-0.27960881741111,2,-0.0692289169599196
189094,-0.484591226509748,2,-0.5282400725643365
375810,-0.25398601627378103,2,0.9087218924189644
374429,-0.100249209449801,2,-0.438763601213432
189043,-1.35576646517896,2,-1.034960722681767
188630,-0.4333456242350871,2,0.050461375943735454
188448,0.0278647962368471,2,-0.23540813164595495
188940,-0.22836321513645105,2,0.11933766395779266
374747,-1.71448568110157,2,-1.2501409083403614
187751,0.489075216708781,2,0.5262904068812911
187687,-0.740819237883044,2,-0.1952460746902756
189222,-1.25327526062964,2,-0.5512857758441321
283718,0.4378296144341229,2,-0.05944402997780668
187996,-0.125872010587132,2,-0.39923995151360264
318175,0.5403208189834421,2,0.2604017366663544
374659,0.8477944326313991,2,0.6617089877431622
189853,-0.27960881741111,2,-0.4039666436978694
373690,1.69334687016328,2,0.14307442747865745
188897,2.43640810314584,2,0.6904847448419374
188601,-0.8945560447070229,2,-0.687090896367915
188454,1.6677240690259498,2,2.180152659400224
189243,-1.4070120674536202,2,-1.2439359980677722
187995,1.15526804627935,2,0.9082984411199718
284024,0.232847205335485,2,-0.04686913167208398
187795,0.181601603060824,2,0.055427494468628526
190203,-0.330854419685768,2,-0.5120820893042551
189455,-3.81555537436261,2,-0.6603122913370444
187983,-0.4333456242350871,2,0.03410256082481368
375553,0.284092807610143,2,0.7339815952870514
188501,0.0791103985115055,2,0.3530591378177348
375451,-0.27960881741111,2,0.3400573144021045
187979,-0.0233808060378135,2,0.14045575223902595
187629,1.97519768267391,2,0.4235609266886356
283165,1.87270647812459,2,0.7551960781180387
319783,0.796548830356738,2,0.03579600924646919
188075,-0.125872010587132,2,-0.08233932410528104
190111,0.130356000786166,2,-0.05630374469190577
374013,0.899040034906057,2,0.2057437684482292
374744,-1.66324007882691,2,-1.5157873677464229
375527,0.4378296144341229,2,0.3002166799588333
283964,-0.561459629921737,2,-0.00588006037073287
188541,-0.22836321513645105,2,0.034747308669002566
190022,0.181601603060824,2,0.5679127695449779
374377,0.130356000786166,2,-0.15175712803886093
187733,0.899040034906057,2,0.37996370207349844
189288,-1.86822248792555,2,-0.0633722939553514
189048,-1.45825766972828,2,-0.9964396403427068
188383,1.30900485310333,2,0.38496103346449156
188386,-0.484591226509748,2,0.04338084930848789
187583,-1.3045208629043,2,0.26468064037146954
188989,-0.8945560447070229,2,-0.9015520889623244
187472,-1.048292851531,2,-0.6028534949400373
188222,1.51398726220197,2,1.748639295766641
187883,1.4114960576526498,2,1.2024358149112113
374927,-1.15078405608032,2,-0.8703213954943626
189647,-0.4333456242350871,2,-0.2647695576025562
187978,-0.484591226509748,2,-0.2333199835417417
375815,0.284092807610143,2,0.8782050573033465
188861,-1.0995384538056598,2,-0.6542739691169626
187822,1.87270647812459,2,1.4043369807063153
283602,0.796548830356738,2,-0.3654458605129118
190062,0.232847205335485,2,0.13065162613980083
187725,-0.5358368287844061,2,-0.7408380083993436
283801,0.232847205335485,2,0.3342204848728282
189085,-0.125872010587132,2,-0.9910626831984485
283117,-0.17711761286179106,2,-0.5835989774738968
2437340,2.18018009177254,2,1.8236607989880453
373743,2.2058028929098703,2,0.8873437631081722
188258,-1.048292851531,2,-0.6753697030077094
188978,-1.4070120674536202,2,-0.9123393820185657
188987,-0.27960881741111,2,-0.48878991043574793
373649,-0.587082431059067,2,-0.41425823716735044
188232,-0.792064840157705,2,0.45164663602168076
375389,0.0791103985115055,2,-0.22611978529956933
283741,-0.638328033333725,2,-0.5228557464065503
187772,0.284092807610143,2,0.04561869465937818
189997,-0.0746264083124718,2,-0.1806666324695621
188190,0.8477944326313991,2,0.039912916095762536
187663,0.6940576258074189,2,0.3057855388631832
188758,-0.125872010587132,2,-0.3741838265556801
283805,-0.8945560447070229,2,0.06964831070995672
189224,-1.5607488742776,2,-1.1846950202194069
187823,1.30900485310333,2,1.1038966856410524
373952,-0.5358368287844061,2,0.15976079549916833
283846,1.4114960576526498,2,0.7002640259287765
188237,1.00153123945538,2,0.35522339609008613
2437267,-1.20202965835498,2,-0.22187632302220142
188415,-0.330854419685768,2,-0.22010224825491176
374663,0.0278647962368471,2,-0.04913326435612749
374749,-1.5607488742776,2,-1.53749820064801
188423,0.181601603060824,2,-0.0803674950572982
188530,-0.484591226509748,2,-0.4351723355150084
189683,2.18018009177254,2,1.993481413809995
188312,-1.20202965835498,2,1.3299515084407223
284319,-0.22836321513645105,2,-0.6094443563323518
375371,-0.5358368287844061,2,0.5591276345632982
373694,1.71896967130061,2,1.3756225412183785
188554,-0.38210002196042897,2,0.19517558272053742
188998,-1.0995384538056598,2,-0.3668601166630242
187753,2.12893448949788,2,2.011590858711476
189070,-1.61199447655225,2,-0.8022643083778741
373725,0.0791103985115055,2,-0.1313400805189851
374156,-0.997047249256342,2,-1.127859695054424
188218,1.61647846675129,2,-0.11533751427254685
188923,-0.17711761286179106,2,-0.06005741729108162
189760,-0.484591226509748,2,-0.44293756150248365
189027,-0.6895736356083859,2,-0.6034385853652012
374504,-0.4333456242350871,2,0.10981734760956993
189977,-0.0233808060378135,2,0.39025000865838533
375551,-0.125872010587132,2,0.6098042756672476
189822,-0.22836321513645105,2,-0.2848008309204421
188466,-0.22836321513645105,2,-0.013807880724703925
187605,3.10260093271641,2,2.293474015027547
190064,-1.0995384538056598,2,-0.5101172827356196
375905,0.130356000786166,2,0.14605844413424976
188153,1.05277684173003,2,1.1733304740455317
336477,0.0791103985115055,2,0.36533019903015024
375901,1.77021527357527,2,1.2127003119128335
283777,0.232847205335485,2,0.6775206681069526
375795,-1.4070120674536202,2,-1.1575021073655
374394,1.30900485310333,2,0.5317383926082697
187739,0.0278647962368471,2,0.5068471068182203
283817,0.232847205335485,2,-0.33740279708686943
187474,-0.740819237883044,2,-0.6864130739846628
375024,-0.8433104424323629,2,-0.057539075583713885
375564,1.00153123945538,2,0.40141208177206955
283553,-0.0746264083124718,2,-0.27424613772148715
190085,0.4378296144341229,2,0.5101128284962219
190164,-0.8433104424323629,2,-0.4508856501360751
375373,-0.125872010587132,2,0.5788709589464217
190160,0.130356000786166,2,-0.3176380838681457
374537,-0.6895736356083859,2,-0.23574280797191358
190805,-0.587082431059067,2,0.6378662061810805
374185,-0.8433104424323629,2,0.08366437157940679
190057,-0.8433104424323629,2,-0.23733178903195618
374718,-0.17711761286179106,2,-0.1324091447915965
188357,0.7453032280820799,2,0.32268715904760453
190811,-1.45825766972828,2,-1.307983509083884
374588,0.284092807610143,2,-0.1371980760436087
188224,1.92395208039925,2,1.768306370119177
308265,0.899040034906057,2,0.5194253640152976
189046,-1.3045208629043,2,-0.7021256232854315
189872,-0.22836321513645105,2,-0.2546289490563089
376000,0.489075216708781,2,0.3794124509637384
187796,-0.5358368287844061,2,-0.20737128872224986
190143,0.7453032280820799,2,0.616906670171789
284190,2.97448692702976,2,1.7407322855255611
375288,0.899040034906057,2,0.4396353307367441
374740,2.02644328494857,2,1.7667225381560834
284369,0.386584012159462,2,0.5390921007725115
188733,-1.8169768856508897,2,0.43430726815011356
187845,-0.330854419685768,2,-1.631469611148459
190797,0.899040034906057,2,0.5384759273082141
188113,-2.12445049929885,2,-1.0238813516446785
188105,-1.048292851531,2,-0.34624590236578556
188822,0.232847205335485,2,0.12059282537958585
374969,-1.20202965835498,2,0.25762413419568597
189221,-1.4070120674536202,2,-0.8458419494627301
190071,-1.048292851531,2,-1.0034135364862804
2437194,-0.5358368287844061,2,-0.14122813807323814
189666,0.284092807610143,2,0.3245786596791308
374527,0.5403208189834421,2,0.6672261826919693
189078,-1.048292851531,2,-0.9783090499577881
189107,-0.638328033333725,2,-0.7740459803934456
374614,0.617189222395429,2,0.23093873555277014
190159,0.386584012159462,2,0.045883896923387485
188000,0.642812023532761,2,-0.256986165000455
318179,1.61647846675129,2,0.2553129767134736
375728,0.950285637180718,2,1.0075194730084516
187807,-1.0995384538056598,2,0.5955148914585195
375962,-0.945801646981682,2,0.4428978422973158
189784,-0.330854419685768,2,-0.5510637551473176
375664,1.71896967130061,2,1.1138639544031574
187850,1.51398726220197,2,1.4533275940443948
374178,-0.945801646981682,2,-0.27021039426877586
284132,1.97519768267391,2,1.9036679217281909
375779,0.642812023532761,2,0.5961862768818083
190051,-0.5358368287844061,2,0.28407832519145015
284080,1.36025045537799,2,0.9050411507052084
188552,0.8477944326313991,2,0.35425721581289155
190808,-1.35576646517896,2,-1.5769715596165341
189301,-0.8433104424323629,2,0.03417054888524595
376004,1.30900485310333,2,0.8324288570756998
376023,0.0791103985115055,2,-0.5818064885916417
375370,0.130356000786166,2,0.5733731527848878
187784,0.5403208189834421,2,1.170556509313802
189690,-0.330854419685768,2,-0.7243184675888465
374739,0.6940576258074189,2,0.3098291111991355
375825,-0.5358368287844061,2,-0.5890007935052992
187968,2.18018009177254,2,0.15694429484430333
3646845,-0.997047249256342,2,-1.1315462627344326
283119,0.0791103985115055,3,-0.9607610472873604
2437377,-0.4333456242350871,3,-0.3769630764933049
188331,-0.4333456242350871,3,-0.06639951557937028
188992,-0.8433104424323629,3,-0.32892808822102065
188419,-0.27960881741111,3,-0.20427270640764444
189805,0.232847205335485,3,-0.11478482322290354
190174,-0.4333456242350871,3,-0.581023099497117
373782,-1.35576646517896,3,-1.2855299319610172
188330,0.489075216708781,3,0.9478363069041068
190008,-0.587082431059067,3,-0.778960109935227
2437408,0.5915664212581,3,-0.1514867009436388
189829,-0.740819237883044,3,-0.9350194438457814
187564,1.87270647812459,3,-0.2652559045956553
374500,1.51398726220197,3,2.132945147807319
187631,0.232847205335485,3,0.2388527381159616
187904,-0.638328033333725,3,3.599970935802034e-05
190791,-0.6895736356083859,3,0.7210097511518774
190158,-0.4333456242350871,3,-1.324444237451482
336783,-0.587082431059067,3,-0.973741772512086
189698,-0.0746264083124718,3,0.09752067391282432
189628,-1.45825766972828,3,-1.1892483709589483
2437412,1.46274165992731,3,0.31244822241938497
375315,0.284092807610143,3,0.1447925576546541
187982,0.6940576258074189,3,-0.2282119003958137
189913,0.0791103985115055,3,-0.07307875268752526
187664,0.0791103985115055,3,0.1590483194987238
374388,-0.17711761286179106,3,-0.544808752379661
374616,0.284092807610143,3,0.4934240830462861
308010,-0.8945560447070229,3,0.3409460311582817
189803,0.0278647962368471,3,0.02328359717068673
373744,1.71896967130061,3,1.1643606345393331
190029,-0.5358368287844061,3,-0.16677496183345217
188510,-1.5607488742776,3,-0.5324693069587924
189248,-1.15078405608032,3,-0.496364846319705
188349,-0.22836321513645105,3,-0.3635057585920806
373626,1.5652328644766298,3,0.6862363424997585
374239,-0.17711761286179106,3,-0.46344095073651964
187760,0.0278647962368471,3,-0.8158253196248665
188375,-0.638328033333725,3,-0.8693881007791688
375310,-0.8433104424323629,3,0.645557836553918
374024,1.46274165992731,3,0.28064926169892024
187771,-0.38210002196042897,3,0.03331975773907567
283163,-0.792064840157705,3,-0.9864474702862246
190142,0.0278647962368471,3,-0.4595052526242154
284164,0.6940576258074189,3,0.6621976599312039
188764,0.0791103985115055,3,0.8189719364787541
187960,-0.0746264083124718,3,0.02730898413599114
375641,1.5652328644766298,3,1.6903925624425389
187918,0.181601603060824,3,0.1889114820109506
190731,-0.17711761286179106,3,0.12886459791707683
187928,0.284092807610143,3,0.41108976986736695
189024,-0.330854419685768,3,-0.5259476360630929
374914,0.4378296144341229,3,-0.3059246386967079
284309,-0.330854419685768,3,0.02065018160386384
283603,1.71896967130061,3,0.43216947813130485
283839,-0.6895736356083859,3,-0.11259518010077242
188292,-1.76573128337623,3,-0.36395878248215086
187718,0.284092807610143,3,0.26750497974157433
283114,-0.484591226509748,3,-0.16427648759139363
376049,0.335338409884804,3,0.19028070106146835
375460,-0.3564772208231,3,-0.09841382234255501
375952,-0.0746264083124718,3,0.15159991071430393
374473,-0.17711761286179106,3,-0.23659600819174037
374974,-0.20274041399912,3,0.48004065847209554
190103,-0.4333456242350871,3,-0.090121195350598
190150,-1.5607488742776,3,-0.7406257913067021
283779,0.899040034906057,3,-0.4071415183925442
187502,-0.792064840157705,3,-0.5324254214549411
374694,0.0278647962368471,3,0.49979243608666457
283671,-1.0995384538056598,3,-0.37045080588681106
188994,-1.048292851531,3,-0.7979995049630203
187606,-0.6895736356083859,3,0.27205458964722784
187801,2.12893448949788,3,1.1622878780072006
188405,-0.27960881741111,3,-0.2993542386127344
376013,-0.27960881741111,3,0.27574224893493215
375458,0.41220681329679104,3,0.30707279716662567
189887,0.0791103985115055,3,-0.3865898440523232
189232,-1.8169768856508897,3,-1.0278940450209892
317891,-0.125872010587132,3,0.3813496692231574
375582,1.12964524514202,3,0.9511325952725819
374531,0.335338409884804,3,0.19180004199256992
375772,1.20651364855401,3,1.2143058951365957
375372,0.181601603060824,3,0.3464679556116547
374697,0.950285637180718,3,0.9012056312874627
188759,0.642812023532761,3,0.2387063073964257
189957,0.7453032280820799,3,0.3104591405377044
373863,0.130356000786166,3,0.3330435548410633
375781,0.950285637180718,3,0.46849386747853083
374944,-1.4070120674536202,3,-1.4221173810911836
283625,-0.587082431059067,3,-0.15797082728779352
283775,0.386584012159462,3,0.11090301451015744
375013,1.6677240690259498,3,0.9729685882021152
375567,0.335338409884804,3,0.7897777818380896
283313,-0.22836321513645105,3,0.5998906427760835
190274,-0.740819237883044,3,-0.5003983486177059
284100,1.5652328644766298,3,0.4011046254845832
188052,1.71896967130061,3,2.0353833439471547
188429,2.18018009177254,3,0.6867228576958142
376050,-0.638328033333725,3,0.33052569276643473
188475,0.386584012159462,3,-0.18835315533468225
187986,-0.27960881741111,3,0.37597096259815904
318548,0.00224199509951795,3,0.01385108215436719
189340,-0.0233808060378135,3,-0.7685219198330152
283796,0.284092807610143,3,-0.05951503195288644
373912,0.489075216708781,3,0.9260839095101829
187603,-1.20202965835498,3,-0.24167025731773875
188956,-1.0995384538056598,3,-1.3162414207483173
187976,0.6940576258074189,3,1.0497221257377567
2437409,2.07768888722322,3,1.689192971135647
189972,-1.8169768856508897,3,-1.1609225142190425
2437287,0.899040034906057,3,0.6107104862323196
189076,-0.8945560447070229,3,-0.9423827747605833
283978,0.4378296144341229,3,0.5784562311846679
188945,-0.587082431059067,3,-0.37278045656944414
190059,-0.0233808060378135,3,-0.4980432209192278
189278,-0.945801646981682,3,-0.856384144733481
375576,-0.0746264083124718,3,0.24977567714140567
188243,-0.587082431059067,3,-0.4975101340057857
188398,-0.22836321513645105,3,-0.2747145669547027
284015,-0.38210002196042897,3,-0.06652519527082286
373672,-0.4333456242350871,3,-0.5739027854349261
188469,-0.792064840157705,3,0.4058194127173132
283791,-2.02195929474953,3,-0.6724609065648759
188246,-0.8945560447070229,3,-0.6909357231798448
373754,0.232847205335485,3,-0.006324493173579224
188777,-1.15078405608032,3,-1.0900019806144696
187941,1.30900485310333,3,0.38554710452671404
375766,0.0278647962368471,3,-0.08882961797703051
188999,-2.02195929474953,3,-1.120118629556935
188211,0.489075216708781,3,1.1888342889628294
190177,-1.5607488742776,3,-1.2577972002540245
187812,-0.330854419685768,3,-0.49518966092479016
189686,-0.27960881741111,3,-0.25236529460009044
190472,0.463452415571452,3,0.4267915360943115
189115,-0.8945560447070229,3,-0.7069630681119359
189889,-0.638328033333725,3,-0.4640723718335879
187537,1.6677240690259498,3,1.0738921497996987
375447,0.335338409884804,3,0.09418095565149881
283145,-0.0233808060378135,3,0.6366929290858232
374062,1.30900485310333,3,0.8221333047383148
374124,-0.638328033333725,3,-0.1298900234819906
374665,0.0278647962368471,3,0.4237898752434211
375991,-0.638328033333725,3,0.5905201877473485
376032,0.130356000786166,3,-0.6812911300609901
374568,-0.330854419685768,3,-0.24780541625905608
374530,-0.38210002196042897,3,-0.07955882704327744
375474,-0.17711761286179106,3,-0.6373547335769726
373769,1.30900485310333,3,0.23532835615988115
375788,0.7453032280820799,3,0.8442220384311337
375997,1.5652328644766298,3,0.24785611607242594
318178,-0.3564772208231,3,0.9120643894852367
187730,0.6940576258074189,3,0.7473736206519053
375335,-1.8169768856508897,3,-0.8375636273361832
190138,-2.0732048970241896,3,-1.698578256067001
374479,0.6940576258074189,3,0.04417529911738578
187682,0.489075216708781,3,0.24819574104575257
375583,0.4378296144341229,3,0.7401664023203425
187980,1.51398726220197,3,0.17648532084873755
375800,3.10260093271641,3,2.336563662425559
189237,-1.5607488742776,3,-1.2306235759571855
187905,0.232847205335485,3,-0.235539093922849
189081,-0.5358368287844061,3,-1.0290767173652837
374956,0.0791103985115055,3,0.48956736657702415
283178,-0.638328033333725,3,-0.5857089988565173
188408,-0.997047249256342,3,-0.2697515239412541
187729,-0.792064840157705,3,-0.845004914031115
373621,0.335338409884804,3,0.20664056163827915
190063,-0.17711761286179106,3,-0.26996312492104435
283715,-0.125872010587132,3,-0.06285792728324538
375230,0.4378296144341229,3,0.7077024154171546
374715,0.181601603060824,3,-0.05919003241085635
374532,-0.8433104424323629,3,-0.9402005444562455
308254,0.796548830356738,3,0.26111734282477905
375548,-0.740819237883044,3,-0.23204671525574183
375742,1.00153123945538,3,0.5506180732419966
189294,0.0791103985115055,3,-0.45727606042620067
284066,2.15455729063521,3,0.8403970164000792
188160,1.77021527357527,3,1.1360999060855335
284068,1.05277684173003,3,0.8087588195323565
283604,0.0791103985115055,3,0.2562347138308195
189857,0.284092807610143,3,-0.19538467854793845
283144,-1.97071369247487,3,-1.1471897115382317
189751,1.89832927926192,3,0.9127710153013064
190129,-0.330854419685768,3,-0.008225490283550603
190187,-0.0233808060378135,3,0.17191783030222133
283656,1.89832927926192,3,1.112543939000682
283876,0.4378296144341229,3,0.5423394844270304
187881,-0.8945560447070229,3,-0.40905805713146814
188896,0.284092807610143,3,-0.1574646701121242
375949,-0.484591226509748,3,-0.1698573312245343
189626,-0.484591226509748,3,-0.20081093725213797
375850,-0.484591226509748,3,-0.08788983413647794
373726,-0.638328033333725,3,-0.2190090686030186
190124,-0.945801646981682,3,0.15972177654761144
190055,0.130356000786166,3,0.029517439176155513
190189,-0.330854419685768,3,-0.12166989565080795
187589,1.87270647812459,3,0.762246778256615
188702,1.77021527357527,3,2.0588402536763213
189623,-0.330854419685768,3,-1.1559885365373688
187767,1.36025045537799,3,1.4748622061896401
190195,0.796548830356738,4,0.68191962133458
189030,-1.20202965835498,4,-0.21715785482230635
374204,-0.484591226509748,4,-0.2848862650819848
190148,-0.740819237883044,4,-0.4413448610791156
375621,2.12893448949788,4,0.9485776679089257
375682,0.0278647962368471,4,0.5236468261500371
187555,0.796548830356738,4,0.3504493320642558
187461,-1.048292851531,4,-0.7063877933992768
187497,-0.125872010587132,4,-0.05726907306530346
375847,-1.66324007882691,4,-0.06592506217664172
187576,-0.27960881741111,4,-0.5841701020221882
187875,0.0791103985115055,4,-0.14982573531859616
374190,0.181601603060824,4,-0.1663785619257682
188526,-0.792064840157705,4,0.13833536176047495
375956,-0.22836321513645105,4,0.09209076360154016
284145,0.5915664212581,4,0.23791488809683975
188201,-0.484591226509748,4,-0.5951243960089132
375977,-0.971424448119011,4,-0.1447743082798461
187501,-0.587082431059067,4,-0.03010515399472947
190806,-1.76573128337623,4,-1.7281435579064846
375659,3.10260093271641,4,1.6405315657686708
189034,-0.8945560447070229,4,-0.43379235258285376
187546,-0.17711761286179106,4,0.44256298737448546
283969,0.796548830356738,4,0.4399687879868689
374696,1.61647846675129,4,0.7476112687868515
375681,0.5403208189834421,4,0.47202201634134183
336478,0.386584012159462,4,0.5421721830569821
283830,-0.638328033333725,4,-0.6079604922355397
373764,0.5915664212581,4,1.1678101986260092
188943,-0.4333456242350871,4,-0.9353640101139856
374643,0.130356000786166,4,0.27274962118908613
374472,0.232847205335485,4,-0.26855940557569885
375894,-1.15078405608032,4,0.038970511500310376
374160,-0.0233808060378135,4,-0.44429479014773254
374678,0.0278647962368471,4,0.09259690499467058
189223,-0.22836321513645105,4,0.2496821978618596
188345,-0.0746264083124718,4,-0.4809085048292929
283202,-0.8945560447070229,4,-0.05558498096679636
190783,0.181601603060824,4,0.4378962528541395
375694,1.4114960576526498,4,0.8025441519857069
374533,-0.17711761286179106,4,0.13360159722365092
375572,0.7196804269447479,4,0.7274121914576829
188157,1.36025045537799,4,1.3995430541946967
188268,0.8477944326313991,4,0.04646416424837033
187945,1.4114960576526498,4,1.2843100522341986
283104,-0.27960881741111,4,-0.6198861311265148
187484,-0.330854419685768,4,0.12093782272691474
283143,-0.792064840157705,4,-0.4959628942235777
283139,-0.6895736356083859,4,-0.6104147555163589
188027,-1.4070120674536202,4,-0.6888632881061061
188259,-1.20202965835498,4,-0.9348289085770244
374551,0.5915664212581,4,0.5242184963033342
187860,-0.0233808060378135,4,0.7129858977901926
189018,-1.15078405608032,4,-1.0826330337810859
375921,-0.8433104424323629,4,-0.11684275305617915
375707,0.130356000786166,4,0.3152876588713804
190190,-0.4333456242350871,4,-0.2660140036429248
284176,2.410785302008509,4,1.9259273035964743
188506,-0.330854419685768,4,-0.11243418185858588
374541,0.181601603060824,4,-1.2417132893830103
283774,-1.15078405608032,4,-1.480135374511628
189003,-0.125872010587132,4,-0.7580707029504458
283121,-0.740819237883044,4,-0.31677934960988885
284324,1.30900485310333,4,0.11361271592808425
189944,0.6940576258074189,4,0.2326994708994247
308269,-1.35576646517896,4,-0.07894248579930609
375020,-0.125872010587132,4,0.0520859566946663
283825,-0.38210002196042897,4,-0.5355440974517891
187919,1.97519768267391,4,-0.42869529497615755
189631,-1.0995384538056598,4,-1.0948701128751872
375421,0.335338409884804,4,0.5125071482369603
188239,1.00153123945538,4,0.11489972934675656
283760,1.4114960576526498,4,-0.11898555464970469
187868,0.950285637180718,4,0.5375610742002036
374154,-1.15078405608032,4,-0.10921151188951626
283668,-0.0233808060378135,4,-0.035646560740649924
187471,0.642812023532761,4,-0.7184784093633645
374484,-1.61199447655225,4,-0.6094882899384182
189293,-0.4333456242350871,4,-0.4892364552887546
187587,-0.22836321513645105,4,0.1334517868145914
188209,0.8477944326313991,4,0.9638740756049449
189040,-0.792064840157705,4,-0.5132589452645623
189168,-0.38210002196042897,4,-0.8928346656870934
375521,-0.330854419685768,4,-0.38649628344090275
374609,-0.17711761286179106,4,0.0627712456900662
187550,0.386584012159462,4,0.7899604118803994
190790,1.71896967130061,4,0.4519817599864119
190073,-0.330854419685768,4,-0.07965534435301212
188006,-1.45825766972828,4,-0.3727928366033588
189706,0.335338409884804,4,0.5126018954277327
374534,-0.6895736356083859,4,-0.8446381728150049
284245,0.7196804269447479,4,0.7284531396912654
190121,0.5403208189834421,4,-0.3459344282684297
189299,-0.8433104424323629,4,-0.6155328667995865
2437214,1.15526804627935,4,-0.3664423726244274
189629,-0.6895736356083859,4,-1.290516954279097
189236,0.181601603060824,4,-0.12251495855077618
375376,-0.38210002196042897,4,-0.33887208085888143
373835,1.61647846675129,4,0.7832977192167632
188482,-0.792064840157705,4,0.040287101713353646
190278,0.0278647962368471,4,-0.5028768181916894
319955,0.7453032280820799,4,0.42506896908444947
374978,-0.27960881741111,4,-0.3571765895891194
190114,0.386584012159462,4,0.22146996009821518
375499,-0.22836321513645105,4,-0.25920557748447276
375698,0.335338409884804,4,0.773561900150137
375640,2.10331168836055,4,0.7277283846130526
187778,1.30900485310333,4,2.3341301335940154
188906,1.20651364855401,4,1.152072799929118
188363,0.181601603060824,4,0.6548768826475407
375538,1.5652328644766298,4,1.5600184737593124
187886,1.25775925082867,4,2.1093156308301033
375454,0.130356000786166,4,0.7957348232614084
283664,1.6677240690259498,4,0.9974236751379213
190126,0.335338409884804,4,-0.04675006851058544
189015,-0.38210002196042897,4,-0.36549060817978474
188384,-0.8433104424323629,4,-0.007283612256370991
187582,-0.330854419685768,4,-0.5628976179663898
187535,-0.38210002196042897,4,-0.35537086923097333
374912,-0.38210002196042897,4,-0.39066088146525596
188563,-1.76573128337623,4,-1.3932009975520658
375391,-0.125872010587132,4,0.0014920652814847946
188444,-1.61199447655225,4,-0.24548241710183386
375519,-0.38210002196042897,4,-0.3347565811087144
318176,0.335338409884804,4,0.28860166735022874
374253,-0.0746264083124718,4,-0.0055327814448169164
375589,0.181601603060824,4,0.5960454869043053
375434,-0.0746264083124718,4,0.48618741443246605
376018,0.950285637180718,4,1.1369731953594344
373733,0.796548830356738,4,0.018798664750596154
188174,0.7453032280820799,4,1.5861204786070502
375692,-0.587082431059067,4,-0.15731995393136894
373770,-0.638328033333725,4,0.17199909351398285
187654,0.5915664212581,4,0.12039045345743145
375957,-0.125872010587132,4,-0.6313618256132681
189250,-1.15078405608032,4,-0.37720358941300447
187566,1.30900485310333,4,0.4630217782123501
187717,0.5403208189834421,4,0.1826328698518513
187473,-1.0995384538056598,4,0.14699478784509093
283823,-0.8945560447070229,4,-0.29511200616360156
187662,-0.22836321513645105,4,0.16075382291333462
188286,-0.125872010587132,4,-0.9922761357231993
190157,-0.38210002196042897,4,-1.060346042694402
187505,1.92395208039925,4,1.0344985525700514
190818,-0.0746264083124718,4,-0.21329879681145594
187585,-1.048292851531,4,-0.2865505669698732
2437415,1.20651364855401,4,0.9051630903395439
374934,0.0791103985115055,4,0.8944900927565367
373506,-1.35576646517896,4,-0.14789367529778027
374592,-0.638328033333725,4,-0.4089484742225306
374396,0.335338409884804,4,0.2619828523353515
283639,1.87270647812459,4,1.3197467268007095
187955,1.4114960576526498,4,0.21541916334951208
337841,-0.484591226509748,4,0.5028252510259378
375623,1.59085566561396,4,0.8828041364199807
188958,-1.35576646517896,4,-0.32099028109563343
189247,-1.15078405608032,4,-0.5110971760068647
187839,-1.71448568110157,4,-0.9065386712058752
284335,1.4114960576526498,4,-0.126788560870104
375017,1.15526804627935,4,-0.1004411134495001
375740,2.5388993076951603,4,0.8262202653793826
190769,1.20651364855401,4,0.7989873962961765
189253,-0.6895736356083859,4,-1.28069028647184
375923,0.232847205335485,4,0.23721411987472035
319284,-0.17711761286179106,4,0.07180159690115857
188818,-0.5358368287844061,4,-0.157654803458117
187757,-1.15078405608032,4,-0.6090673459889215
190130,0.386584012159462,4,-0.1554678531740532
319280,1.15526804627935,4,0.36587908587800777
373986,0.284092807610143,4,0.15049482686394816
189050,-1.25327526062964,4,-1.146574100289737
375767,1.1040224440047,4,0.6606835002392866
284165,1.46274165992731,4,-0.16399260113295253
373467,0.386584012159462,4,-0.6413479855806392
188549,-1.0995384538056598,4,-0.7399907939602639
188981,-1.0995384538056598,4,-0.9438818467277621
283844,-1.15078405608032,4,-1.3667288538351727
188086,-0.945801646981682,4,-0.08962718307254015
375790,1.30900485310333,4,0.4279998098705678
190186,0.4378296144341229,4,-0.09675671815728557
188558,-0.125872010587132,4,-0.7468949404715892
283447,1.30900485310333,4,0.9076669520313296
189624,-0.4333456242350871,4,-1.060867997768784
188316,-0.484591226509748,4,-0.6396541698316067
374918,-1.15078405608032,4,-0.8392338040085678
375432,0.3097156087474749,4,0.3626942326965226
375784,2.18018009177254,4,1.3138858513755016
375995,0.386584012159462,4,0.07313808536319027
375932,-0.6895736356083859,4,-0.22270365707094164
375411,-0.6895736356083859,4,-0.0450174700443782
190086,0.5403208189834421,4,-0.5888759905022145
190703,-0.6895736356083859,4,-0.9406226103477048
189093,-0.997047249256342,4,-0.15644012224165033
188154,1.46274165992731,4,0.10722506939274716
187604,0.6940576258074189,4,0.23957136711675214
188410,1.05277684173003,4,0.9409240749635556
189240,-0.8945560447070229,4,-1.1243242345529911
283752,-0.330854419685768,4,-0.05362657728255574
190088,-1.4070120674536202,4,-0.1247119985781554
373851,0.284092807610143,4,0.5915977201990089
283968,0.4378296144341229,5,-0.5005020976700204
189090,-0.5358368287844061,5,-0.8586323562383887
375746,0.284092807610143,5,-0.20133487688933005
190007,-0.8433104424323629,5,0.07173072128421279
374620,0.335338409884804,5,0.20762712951090764
374011,0.130356000786166,5,0.0008906343201232914
187741,0.130356000786166,5,0.19679178104724904
190006,-0.38210002196042897,5,-0.17307612749714169
284219,-0.27960881741111,5,0.3372163015221605
187958,0.7453032280820799,5,0.2889718463631078
187514,-0.945801646981682,5,0.7193368542842619
284322,0.899040034906057,5,0.1380890845197324
188324,-0.22836321513645105,5,-0.17703774947841291
376033,1.4114960576526498,5,1.8386225079679837
319283,-0.125872010587132,5,0.19231250104868217
283742,-0.5358368287844061,5,-0.5242204985057445
187700,-1.25327526062964,5,-1.2367314054454714
373575,0.5915664212581,5,0.08566835710885304
187834,-0.792064840157705,5,-0.7927330536539842
375560,0.335338409884804,5,0.28973987581065974
283732,-0.4333456242350871,5,-0.38007306726965334
283822,-0.22836321513645105,5,-0.6358853441370362
187456,-0.945801646981682,5,-1.378198444214782
188379,1.71896967130061,5,0.22288394883236126
374147,-1.25327526062964,5,-1.335133127914805
188029,-0.330854419685768,5,0.30168277724699166
283769,-1.25327526062964,5,-0.9496534538741737
187993,-0.740819237883044,5,-0.32456541660662414
188067,0.335338409884804,5,0.07293188821206356
283471,0.899040034906057,5,0.7568454960482064
373939,-0.22836321513645105,5,0.15187770582452575
284202,-0.38210002196042897,5,-0.6463048289512063
188187,0.7453032280820799,5,0.47255552843375304
374414,-0.17711761286179106,5,0.5176636136061233
284182,2.9488641258924297,5,0.5404377037247888
374517,-0.17711761286179106,5,-0.7102816494320814
2437410,0.6940576258074189,5,-0.054296286844113514
375693,0.41220681329679104,5,1.0512854541212298
283209,-0.0746264083124718,5,-0.1364990030599255
187749,-1.0995384538056598,5,-0.395547731035055
187914,-1.35576646517896,5,-0.9350662167225702
374378,-0.17711761286179106,5,-0.22889102731503314
283456,0.4378296144341229,5,-0.4433928848378886
187735,0.642812023532761,5,0.5031234577178738
375467,0.489075216708781,5,0.28086346785697136
375642,-0.4333456242350871,5,-0.8857820014006396
187949,-1.35576646517896,5,-0.519467311544858
283194,-1.50950327200294,5,-0.45845080222539303
283762,0.130356000786166,5,-0.5922735447288405
283766,-0.587082431059067,5,-0.10190609232758495
374941,1.6677240690259498,5,0.27468899533472557
319285,0.489075216708781,5,0.039707441676061814
188425,-0.38210002196042897,5,-0.08625391973168392
190140,1.97519768267391,5,1.6418205695550299
188137,0.232847205335485,5,1.480076935709285
373615,-0.17711761286179106,5,-0.05103975501881055
190815,0.130356000786166,5,-0.4487466732079443
187878,-0.4333456242350871,5,0.05251245308531832
374595,-0.27960881741111,5,-0.19283452267025789
187545,0.5403208189834421,5,0.46354390900901804
190795,0.0278647962368471,5,0.3375783425278194
189958,-0.740819237883044,5,0.4693414367314561
187656,1.30900485310333,5,0.29907982404385663
338067,0.6940576258074189,5,0.8088797500293732
375738,0.5403208189834421,5,1.1070075298162074
187712,-1.048292851531,5,-0.19202983179149938
187588,0.0791103985115055,5,-0.05016871482139833
374604,-0.792064840157705,5,-0.832731542511544
189138,-0.4333456242350871,5,-0.5677254580198731
375577,0.5403208189834421,5,0.9811984250785324
187974,0.796548830356738,5,0.31960790036585984
190163,-0.997047249256342,5,-0.8779350116318576
375015,1.05277684173003,5,0.8613184117927126
187507,-0.792064840157705,5,-0.8606555184302934
187810,-1.15078405608032,5,0.04625357433541665
188325,-1.97071369247487,5,-0.13430291056230878
187944,1.87270647812459,5,1.308724313801081
376047,0.130356000786166,5,0.0909104192422276
190734,-0.17711761286179106,5,-0.046804260130050346
375697,-0.330854419685768,5,0.10367523339886356
374064,0.5915664212581,5,-0.2868346955214468
283967,-1.61199447655225,5,0.021961547198720878
374505,1.05277684173003,5,2.3421912510021876
187528,2.18018009177254,5,0.8845822443536361
375456,0.130356000786166,5,0.3754177664609981
190092,0.899040034906057,5,1.019776034607787
375807,2.69263611451914,5,2.2479427287093943
375546,-0.17711761286179106,5,1.06173745660583
375719,1.00153123945538,5,-0.5554536550280854
188226,-1.3045208629043,5,-0.7823218176140391
190561,-0.0233808060378135,5,0.8572510095868896
374741,-1.97071369247487,5,-1.0553625443660557
375569,-0.22836321513645105,5,0.20853503691485492
375596,0.4378296144341229,5,0.15300160635171806
188329,-0.0233808060378135,5,-0.8509744747235597
188025,-0.17711761286179106,5,-0.2706589639806025
375549,-0.5358368287844061,5,0.04874678368860325
375461,-1.48388047086561,5,-0.05145636746907447
375934,-0.38210002196042897,5,-0.4309072749220655
375830,1.7958380747126002,5,0.9364512123494015
284370,0.130356000786166,5,-0.16995371990145183
373509,1.20651364855401,5,0.043722407251808815
374545,-0.38210002196042897,5,-0.5163135366621507
283623,1.71896967130061,5,0.9338403756231954
189811,-0.27960881741111,5,-0.2593419795339308
187975,-0.125872010587132,5,-0.42300534419764974
189871,-0.587082431059067,5,-0.7189355949588383
190149,-0.8433104424323629,5,-0.7467444408739652
284368,0.284092807610143,5,0.4168843857434469
189021,-0.484591226509748,5,0.40417925559096063
375557,2.4876537054205,5,0.3970197001217687
189229,0.4378296144341229,5,-0.6480112673318698
283616,1.71896967130061,5,1.2074922082872375
374398,0.4378296144341229,5,-0.04543844017359778
283182,-1.20202965835498,5,-0.7078382738291423
190780,-0.17711761286179106,5,1.0346079336189309
374623,-1.15078405608032,5,0.007761607075291953
375765,-0.740819237883044,5,0.39766294642068756
188008,-0.38210002196042897,5,-0.5377766574778607
188185,-2.3294329083974903,5,-0.13302845845216746
375875,-0.0746264083124718,5,-0.4046859508456176
373642,-0.38210002196042897,5,0.04259516544750145
187855,-0.4333456242350871,5,-0.033997083518510364
284338,0.0278647962368471,5,0.8090447121836668
373903,0.0791103985115055,5,0.07633375299119627
374631,-0.792064840157705,5,0.1728545820389483
189392,0.181601603060824,5,-0.20807373705684643
319781,2.5388993076951603,5,1.4903033695574643
188340,-0.6895736356083859,5,-1.006901723008619
373799,-1.61199447655225,5,-1.2012747038088316
374607,1.46274165992731,5,1.0736776391115945
375896,1.69334687016328,5,1.016377389229792
375169,0.4378296144341229,5,-0.0074003343870716436
374474,0.642812023532761,5,-0.42810979478721306
188898,-0.638328033333725,5,-0.5094067076692098
188043,0.386584012159462,5,0.6942700228313134
376010,-0.330854419685768,5,0.5391861535424947
188009,-0.792064840157705,5,-0.925327876415917
190137,-0.484591226509748,5,-0.10198600093588096
375939,0.335338409884804,5,0.7844219547187153
283279,0.232847205335485,5,0.0940672520349222
283179,-0.5358368287844061,5,-0.9028906745106277
187820,2.5388993076951603,5,1.6395740429882206
188155,0.5403208189834421,5,-0.28654663657817314
376027,-1.0995384538056598,5,-0.44070004380663347
375539,0.6940576258074189,5,0.1637567474221598
189971,-0.125872010587132,5,-0.02665751845363391
373651,2.12893448949788,5,1.370003162974111
187681,0.796548830356738,5,0.9936414599909142
187804,-2.63690652204544,5,-0.9769398261242086
188944,-0.8945560447070229,5,-1.3696928803199309
374913,-0.27960881741111,5,0.16047443544995232
283748,0.130356000786166,5,0.20997693365888215
284305,0.232847205335485,5,-0.853670821766447
189041,-0.740819237883044,5,-0.7986002749275769
188596,-0.792064840157705,5,0.19620898671488857
284215,0.386584012159462,5,1.6137574040703357
283215,-0.27960881741111,5,-0.12027049921058025
188142,-0.792064840157705,5,-0.4197765278087096
190499,-0.22836321513645105,5,-0.3740392568340283
190804,-1.86822248792555,5,-0.5655921936998023
319282,-0.484591226509748,5,-0.209519343876099
283232,1.15526804627935,5,-0.9062276264528943
189384,-1.45825766972828,5,-0.9350557148603569
374186,0.284092807610143,5,1.0899025860661449
187805,-0.38210002196042897,5,-0.7583169331082431
375735,-0.17711761286179106,5,0.6388923113319807
187561,-0.330854419685768,5,-0.6139042301704758
187527,1.15526804627935,5,0.3805843625151596
188540,0.335338409884804,5,0.40934651616178086
189201,-0.945801646981682,5,-0.7160337510725013
375498,1.05277684173003,5,0.8006745931950342
375565,0.6940576258074189,5,0.8674812289588678
187907,-0.38210002196042897,5,-0.18140631430871254
375585,2.12893448949788,5,0.6591617112017469
188396,1.71896967130061,5,0.972504006702934
189956,1.1040224440047,5,0.46752234713702623
188327,-1.91946809020021,5,-1.5349618089870392
375702,1.5652328644766298,5,1.4870901553229017
188033,-0.945801646981682,5,-0.6601192634485951
375794,0.4378296144341229,5,0.975064565422686
374825,-2.27818730612283,5,-1.5626791260278272
187895,0.181601603060824,5,-0.10133178159093485
188152,1.6677240690259498,5,1.4128787256853048
374213,-0.0233808060378135,5,0.7446971238162422
375971,-0.792064840157705,5,-0.05810317267285076
187647,0.796548830356738,5,0.1979510148413468
283707,-0.0233808060378135,5,0.2182611901148531
188449,-0.8945560447070229,5,-1.0208705473420405
189189,-0.484591226509748,5,-1.063076431855419
188640,-0.330854419685768,5,0.37610751818722976
336781,-1.35576646517896,5,-0.6995329662204397
188026,-0.38210002196042897,5,-0.6209850078257922
375433,-0.6895736356083859,5,0.03217801067995103
284277,-0.17711761286179106,5,-0.521353093089517
188095,-0.0233808060378135,5,-0.16677948254197678
189700,-0.587082431059067,5,-1.36731547367646
189230,-0.5358368287844061,5,-0.7944501306862463
187857,-1.61199447655225,5,-1.1931472326205759
375972,1.6677240690259498,5,2.077571550298879
375975,-1.15078405608032,6,-0.9477264871643405
188328,1.20651364855401,6,0.760502207343062
283116,-1.25327526062964,6,-1.285399406527996
284189,0.5915664212581,6,0.16702149910937422
284110,1.30900485310333,6,0.5808990370769752
374392,1.05277684173003,6,0.0973555587988121
188407,0.5403208189834421,6,0.4063134302464398
190098,-1.5607488742776,6,-0.81811704594661
187858,-0.0746264083124718,6,0.2567076018368476
283359,0.386584012159462,6,0.23342078330249125
187518,0.0791103985115055,6,-0.19940790116066945
187992,-0.17711761286179106,6,1.1731409131878956
188546,-0.4333456242350871,6,-1.1806121439759025
283126,-0.740819237883044,6,-0.8089367430690385
375752,1.77021527357527,6,0.204009627941413
373628,0.489075216708781,6,-0.6874901467736141
375547,-0.587082431059067,6,0.36789842157333874
376015,-0.330854419685768,6,-0.5315789385930293
188742,-2.0732048970241896,6,-1.0948323338272945
283138,1.61647846675129,6,-0.42763571488575586
375970,-1.33014366404163,6,0.10478417519938668
283789,-0.587082431059067,6,-0.1650364220334322
189267,0.7453032280820799,6,0.539770947067236
283220,0.0791103985115055,6,-0.21420628731577954
187674,-0.484591226509748,6,0.012369868678748893
375628,-0.330854419685768,6,0.02104879997786094
189002,-0.792064840157705,6,-0.8096451758348918
375446,0.335338409884804,6,0.5099447972006163
283427,-0.792064840157705,6,-0.337868389692531
188911,1.71896967130061,6,0.8861568506121836
283838,0.8477944326313991,6,0.3289900928754753
188893,-0.945801646981682,6,-0.843980809842503
284168,1.20651364855401,6,1.6257286022421447
189734,-0.6895736356083859,6,-0.06336509555824998
375726,-1.61199447655225,6,0.22069863387806218
284354,0.489075216708781,6,-0.1655860701793581
188517,-0.0746264083124718,6,0.02078851449209818
189017,-1.048292851531,6,-0.8740020884890489
375674,0.335338409884804,6,0.9393851039372657
375094,0.284092807610143,6,0.1681714944812821
374419,-0.22836321513645105,6,-0.34568404130193536
374598,-0.0746264083124718,6,0.10571687262307057
375404,1.00153123945538,6,0.5062914610524167
375594,0.899040034906057,6,0.8204696557370468
2436902,1.25775925082867,6,0.617051513887402
189808,-1.35576646517896,6,-0.4795955442432888
188901,-0.0746264083124718,6,-0.3154283453625923
188053,0.386584012159462,6,-0.39335499733834983
190101,-1.8169768856508897,6,-1.5012559600400597
374483,-0.6895736356083859,6,-0.48281510041172465
189927,0.284092807610143,6,-0.15199176679480084
283676,-1.048292851531,6,-0.6918047506788111
188930,-0.638328033333725,6,-0.8274637762086587
373925,0.181601603060824,6,0.1142033839957023
374385,-1.20202965835498,6,-0.24983583789198088
373578,1.15526804627935,6,0.425561557684354
308211,0.8477944326313991,6,0.3887094032032702
284209,-0.945801646981682,6,0.15537158164795112
317951,1.46274165992731,6,-0.14239293788113375
284251,1.4114960576526498,6,0.5298789652366939
283833,-0.27960881741111,6,-0.6850479646946596
283638,0.335338409884804,6,0.010874914759645082
374112,0.899040034906057,6,0.13448554767510176
190709,-0.38210002196042897,6,-0.14832306197339676
284312,-0.5358368287844061,6,-0.6059631801113652
375998,2.3595396997338502,6,1.6158777808013314
187818,0.5915664212581,6,-0.37144475381667225
187973,-0.22836321513645105,6,-0.16762559944944494
190800,0.232847205335485,6,-0.1875484727464261
189928,0.181601603060824,6,-0.2675134692517241
283634,-0.5358368287844061,6,-0.28293955255350556
374699,1.25775925082867,6,0.43767335034309535
319957,-0.22836321513645105,6,0.03457529812484739
374368,0.8477944326313991,6,0.2570827212632721
189919,-0.587082431059067,6,-0.134578911174205
375494,-0.6895736356083859,6,0.20051087570232312
284059,0.6940576258074189,6,0.01288292899766445
2437248,0.5403208189834421,6,-0.5231859999192444
189049,-1.25327526062964,6,-0.9838191111899387
187696,-0.330854419685768,6,-0.38400482789742857
187889,-0.17711761286179106,6,-0.6243086196574621
190434,-0.484591226509748,6,0.002341295863421863
283597,0.489075216708781,6,1.0154183598360973
189991,-0.5358368287844061,6,-0.08318350129548757
318174,-0.125872010587132,6,-0.16388253679984865
190708,-0.27960881741111,6,-1.2078946434916202
283176,0.181601603060824,6,-1.5748097064702424
375665,1.46274165992731,6,0.3923614288528819
374935,-0.792064840157705,6,-0.5569627167880059
375545,1.15526804627935,6,0.35545166107022563
3624697,0.232847205335485,6,0.5194325008603006
188988,-0.5358368287844061,6,-0.3672579216592456
283792,-0.817687641295034,6,1.0536519921600123
187758,0.950285637180718,6,-0.14783360401853166
187832,1.51398726220197,6,-0.6875049850234668
187867,0.386584012159462,6,-0.12167461804064647
375871,-0.27960881741111,6,-0.06447724486554231
283600,-0.945801646981682,6,-0.28135833407319355
374706,-0.17711761286179106,6,0.5433092989611353
190076,0.130356000786166,6,-0.16479414470801834
188418,-1.3045208629043,6,0.1452029992627129
189287,0.181601603060824,6,0.15210614551133345
190813,-0.587082431059067,6,-0.5152236376451981
189842,-0.330854419685768,6,-0.11625663732489312
189077,-0.945801646981682,6,-0.6149804844664287
189668,-1.35576646517896,6,-1.4175176923135353
283431,0.4378296144341229,6,0.49280663097244676
375509,0.950285637180718,6,0.363581838474131
189152,-0.6895736356083859,6,-0.6377119683269242
188369,1.25775925082867,6,0.8873057115938061
283177,-1.8169768856508897,6,-0.95716042225026
190056,0.796548830356738,6,-0.6827547627071547
375016,0.386584012159462,6,0.24634278978299268
189834,-0.22836321513645105,6,0.015544375244231946
189885,-1.61199447655225,6,-0.3365149163293773
188103,-0.997047249256342,6,-0.7317610252440957
375816,3.0513553304417504,6,2.2779852155800167
187863,0.899040034906057,6,1.2147351150532313
373832,0.386584012159462,6,0.14643668542256344
2437308,0.489075216708781,6,-0.3445019807654612
190173,-0.587082431059067,6,-0.3228982798804736
189757,-0.5358368287844061,6,0.7955766189474461
375739,1.15526804627935,6,1.2558447293420048
375940,-0.484591226509748,6,-0.2799912696518777
374961,-0.0746264083124718,6,0.02821567501237901
283753,0.5403208189834421,6,-0.7151991461936346
374662,0.5403208189834421,6,0.5488209361893316
187817,2.7182589156564703,6,1.679560701885889
188255,0.0791103985115055,6,0.2850039478787588
374067,0.4378296144341229,6,-0.8543522435923568
188909,-1.25327526062964,6,0.31875414988111855
189625,-1.91946809020021,6,-1.3663740195072007
188913,-1.4070120674536202,6,-1.5262636721545686
190096,-1.0995384538056598,6,-1.4879564455758214
284280,-0.0233808060378135,6,0.8595914825431406
375579,0.899040034906057,6,0.45104321699610933
374702,-0.5358368287844061,6,-0.3336833738565877
190702,-1.20202965835498,6,-1.4692651609307952
374547,1.15526804627935,6,0.37384035708821156
374391,0.232847205335485,6,-0.12704424796788596
188056,1.4114960576526498,6,1.3030146654365697
375455,0.130356000786166,6,0.041903739688005516
374746,-2.0732048970241896,6,-1.4942789309799909
187481,-0.5358368287844061,6,-0.2341011615671599
187709,1.36025045537799,6,0.05840735760302909
283719,-0.330854419685768,6,-0.7595291011517531
187786,0.232847205335485,6,-0.6333503529094251
189025,-0.792064840157705,6,0.229814617087597
375518,1.82146087584993,6,1.0163893179389158
188443,1.51398726220197,6,0.3569037017480944
283828,-1.50950327200294,6,-1.1059513969943249
283579,0.642812023532761,6,0.8250004609290913
283970,-0.6895736356083859,6,0.1469126776379158
284278,0.489075216708781,6,-0.04017006557678519
188991,-0.740819237883044,6,-0.6077345753183508
374683,-1.048292851531,6,0.2286180853167877
188001,-0.17711761286179106,6,-0.4424709036672082
189832,-1.25327526062964,6,0.0008193862628592366
374003,0.489075216708781,6,0.37346176979614376
374759,0.5403208189834421,6,-0.4179589657524883
373730,1.00153123945538,6,0.5314900705861328
375965,-0.125872010587132,6,0.14830899835723513
190732,-0.22836321513645105,6,0.007056260700286078
188336,-2.27818730612283,6,-0.6059973104573921
283221,0.796548830356738,6,-0.5526615934466111
375625,0.284092807610143,6,0.41660293749129274
188338,-0.8433104424323629,6,-0.20833156219141405
188672,-0.0233808060378135,6,-0.4182867987921361
374110,0.489075216708781,6,0.09762832155583673
190810,-0.330854419685768,6,0.40646550733288633
2436999,0.335338409884804,6,0.48739004249163714
187511,0.130356000786166,6,0.17306107639408871
375513,0.6940576258074189,6,1.0327150334450312
188378,-0.4333456242350871,6,-0.4831724020497625
187556,0.7453032280820799,6,-0.005497783046995288
373675,-1.50950327200294,6,0.0019500979857762293
190344,-0.8945560447070229,6,-0.692396351922296
188848,0.8477944326313991,6,0.03966880822517964
189291,-0.587082431059067,6,-0.5923353943776277
190068,-1.15078405608032,6,-0.8581292074146504
187770,-0.5358368287844061,6,-0.27514407392442036
189744,0.284092807610143,6,0.0412346297349545
188970,-0.740819237883044,6,-0.9218420462969031
189231,0.335338409884804,6,0.3990979490928848
283790,-0.740819237883044,6,-0.34992666071079476
187563,-0.587082431059067,6,0.6567537206706127
187892,0.4378296144341229,6,-0.10651105338222192
375620,1.82146087584993,6,1.8223307261530273
187470,0.181601603060824,6,1.0926703646700342
187544,0.950285637180718,6,0.3745419305520797
374988,2.2314256940472,6,1.505552986146995
374629,0.386584012159462,6,0.156732726333678
284327,-0.27960881741111,6,0.005040628679869895
284236,2.43640810314584,6,2.0760724539746125
187475,-0.0233808060378135,6,0.058077120174892645
375933,0.796548830356738,6,1.43648352311795
187579,-0.330854419685768,6,-0.16422704106710048
376040,2.18018009177254,6,2.248367940672378
190819,-1.20202965835498,6,-1.4015545443755673
189016,-1.0995384538056598,6,-0.9592031174966441
374646,0.8477944326313991,7,0.4463805139977299
190144,-1.4070120674536202,7,-1.4408992917929906
187866,0.284092807610143,7,0.48964187717751945
189632,-1.0995384538056598,7,-1.4468088475294922
188314,-0.125872010587132,7,-0.2926667956794659
187669,0.5915664212581,7,-0.3680834986426829
188244,-1.25327526062964,7,-1.2873272708686712
187714,0.489075216708781,7,0.0007580736651050094
374445,-0.330854419685768,7,-0.05501504458033986
283110,0.284092807610143,7,0.16470656117519888
375504,-0.8433104424323629,7,0.0658573390633503
189274,-0.8433104424323629,7,-1.0128441392336736
187607,-1.0995384538056598,7,-0.10781759894949955
188114,-1.15078405608032,7,-0.642788223905189
188907,-1.20202965835498,7,-0.9779955156878788
189028,-0.945801646981682,7,-0.6439978171838724
284279,0.5915664212581,7,-0.49233721640208206
2437244,-0.17711761286179106,7,0.23245709303500117
187731,1.20651364855401,7,0.8906518020296097
188362,0.232847205335485,7,0.35134534826431163
189615,-1.0995384538056598,7,-1.426508491151934
308008,0.130356000786166,7,-0.26724504676734284
375355,0.899040034906057,7,0.23940104833935705
189708,0.489075216708781,7,-0.27417052068429
374995,2.12893448949788,7,1.7462293268170017
374742,0.0278647962368471,7,-1.1161882132555874
187685,-0.22836321513645105,7,-0.0040922515535376045
283723,-0.330854419685768,7,-0.042239743139485815
374610,-0.38210002196042897,7,-0.0276553858150634
375714,0.5915664212581,7,0.8229374194819731
375581,1.51398726220197,7,0.7900377579894055
187990,-1.048292851531,7,-0.3490800907724295
187584,0.5915664212581,7,0.4060075925632197
373777,-1.20202965835498,7,-0.5279928271420975
374108,-0.5358368287844061,7,0.08692333506266466
189045,-0.125872010587132,7,-0.45231258632128496
187888,0.642812023532761,7,0.44022025664399966
187752,1.82146087584993,7,2.2522620484627884
187756,1.87270647812459,7,2.1574820307350064
188774,1.87270647812459,7,2.350816283366833
189786,-1.61199447655225,7,-0.7577317184335927
283815,-0.638328033333725,7,-0.39894905604046604
189755,-0.17711761286179106,7,-0.5717580178222852
190040,-1.71448568110157,7,-1.721352513968341
374386,-0.484591226509748,7,-0.9909047302934193
375883,2.18018009177254,7,2.0266738564135554
187728,-0.8433104424323629,7,-0.9080495140233574
188038,0.130356000786166,7,-0.17018440044365163
375598,-0.997047249256342,7,-0.998187701666858
283224,-0.27960881741111,7,-0.5599464453182
375743,0.7453032280820799,7,0.7939487284999519
373861,-0.5358368287844061,7,-1.0131521989925467
283808,0.284092807610143,7,1.0254351340711685
283230,-1.45825766972828,7,-0.2847298852000328
318549,0.796548830356738,7,-0.014080868280357603
189868,0.4378296144341229,7,-0.14249656405264416
187954,1.05277684173003,7,0.9058253531635809
188163,1.77021527357527,7,0.3213530920617741
374412,-0.587082431059067,7,-0.00460898980579919
188899,0.335338409884804,7,-0.15911192172152508
375037,-1.4070120674536202,7,-0.5732641244922555
373758,1.30900485310333,7,0.1454609485475665
375597,2.02644328494857,7,1.5096430832845704
283598,0.181601603060824,7,0.7271551254058988
283089,-0.38210002196042897,7,-0.007416133189198565
187874,-0.587082431059067,7,-0.08304090562292696
284162,-0.0233808060378135,7,-0.01503832220695577
189869,0.130356000786166,7,-0.4814551842206483
189320,-1.048292851531,7,-0.9537837609021724
375503,2.18018009177254,7,1.5441715183480895
190015,-0.6895736356083859,7,-0.3999061184543293
336684,-1.71448568110157,7,-1.1302377789311766
375578,0.130356000786166,7,0.5078301947083863
189670,-1.0995384538056598,7,-0.9158790805649907
374611,1.15526804627935,7,0.02351431867711225
190184,-1.50950327200294,7,-0.34008913434353744
189268,0.642812023532761,7,0.1855339218138952
189790,-0.8945560447070229,7,0.04605178487530175
374712,-1.0995384538056598,7,0.28572033862772706
284231,2.410785302008509,7,0.25985962167322496
2437256,1.6677240690259498,7,0.007028092638390115
375552,0.4378296144341229,7,0.29607945131246316
283183,-1.45825766972828,7,-0.06233323812388692
375838,-1.76573128337623,7,-1.6886572125163684
374655,1.05277684173003,7,0.18058978142557727
374475,0.0278647962368471,7,-1.4002302404824032
283763,-0.0746264083124718,7,-0.7482613191939005
375662,-0.0233808060378135,7,0.9111934768756081
190089,0.5915664212581,7,0.15424771102902252
283416,0.899040034906057,7,0.6444396597621033
375368,1.25775925082867,7,-0.08976314958787467
2437048,-0.5358368287844061,7,0.118318876420874
373795,-0.22836321513645105,7,-0.06687075403544522
189139,0.0278647962368471,7,-0.17079826062461845
318177,-0.484591226509748,7,0.33624279626267317
187710,-0.125872010587132,7,0.27677180077112473
187930,0.0791103985115055,7,0.9948744649165613
375550,-1.4070120674536202,7,-0.2981811595597563
374658,1.36025045537799,7,0.8401386465128943
187493,-0.0233808060378135,7,-0.3214393118791209
374436,1.12964524514202,7,-0.16939852746073905
188061,0.284092807610143,7,0.30529971476827716
283768,-0.330854419685768,7,-0.9133368103548504
189833,0.284092807610143,7,-0.013222193726763457
188402,1.51398726220197,7,1.079777234713756
283736,-0.8945560447070229,7,-0.4369456154950767
189766,-0.22836321513645105,7,-0.21013342070890947
188493,-0.6895736356083859,7,-0.926346039080909
188421,-0.740819237883044,7,0.5684221971349739
190116,-0.997047249256342,7,-1.5315147220342256
189932,-0.125872010587132,7,-0.4448863358168204
374001,-0.5358368287844061,7,-0.24210101453590024
189245,-0.587082431059067,7,-0.08135232167493547
190162,-0.125872010587132,7,-0.29306985976141436
189109,-1.25327526062964,7,-0.7783171250187264
190175,-0.997047249256342,7,-1.3263828905957349
188104,-0.638328033333725,7,-0.4276813615626884
375690,1.97519768267391,7,1.3622287164947242
190069,-0.997047249256342,7,-0.773624350751573
375590,1.92395208039925,7,1.6861963799675825
189068,-0.997047249256342,7,-0.06071842369424519
189157,-1.35576646517896,7,-0.7993164563119445
2437252,1.20651364855401,7,0.609230217626252
375687,0.5403208189834421,7,0.699220729688878
187686,-0.125872010587132,7,0.373718346486182
375274,-0.0746264083124718,7,0.20721791068334902
187567,1.46274165992731,7,1.2828841550147534
2437245,0.6940576258074189,7,0.7510372761558951
189864,-0.0746264083124718,7,-0.09732990947382517
373655,-0.0746264083124718,7,0.4739158450555517
188079,-0.22836321513645105,7,-0.07523381200237661
188494,-0.8433104424323629,7,-0.5877782946761175
188846,2.4876537054205,7,2.213469993048913
375502,-1.0995384538056598,7,-0.17327654866935918
188497,-0.330854419685768,7,-0.1046959694513743
188373,0.130356000786166,7,0.42410796376464166
283432,0.6940576258074189,7,0.8248762002023003
375839,-0.945801646981682,7,-0.20896177613740036
187649,-0.0233808060378135,7,-0.9007251872815202
376034,0.5915664212581,7,-0.00853958288979948
187515,0.4378296144341229,7,0.6703607629804089
189979,-0.22836321513645105,7,-0.2493875936682991
189865,-0.638328033333725,7,-0.20805683165264377
283231,-0.638328033333725,7,-0.510038998987237
374937,0.4378296144341229,7,-0.22574166666623255
373734,0.130356000786166,7,0.09727570159076249
190814,-2.22694170384817,7,-1.2057260897308595
375832,-1.048292851531,7,-1.1413315416252199
375254,-0.0233808060378135,7,-0.020162003609620054
376012,-0.17711761286179106,7,0.25170329649161804
189193,-0.5358368287844061,7,-0.6844863526228713
283819,-0.484591226509748,7,-0.5057823955757225
189712,0.565943620120771,7,0.6467276492031949
187648,1.20651364855401,7,-0.41490556098342635
374612,1.1040224440047,7,0.4631931685696331
375341,0.899040034906057,7,0.047246105530070415
374689,0.642812023532761,7,0.5497234586492321
283740,-0.0233808060378135,7,0.23572805864843024
187838,-0.125872010587132,7,-0.7572400365287555
187671,0.950285637180718,7,0.445865673846001
374567,0.386584012159462,7,-0.1665278312784901
284241,0.899040034906057,7,0.048414354444107494
189433,-0.638328033333725,7,-0.4231998692637022
318550,0.899040034906057,7,0.21506454138106182
188146,0.7453032280820799,7,0.7205863261183995
189703,-1.91946809020021,7,-1.7908761810854688
189009,-1.3045208629043,7,-0.5262416402822576
188441,0.642812023532761,7,0.04666447604968078
189225,-0.330854419685768,7,-0.747313463251453
2437251,-2.3294329083974903,7,0.2661445819625161
374617,0.386584012159462,7,0.08911544621632175
188018,-0.8433104424323629,7,0.02927550965050311
2437266,-0.740819237883044,7,-0.2608636684662686
189246,-0.5358368287844061,7,-1.409984961955171
190238,0.5403208189834421,7,0.2079595752647466
374548,1.20651364855401,7,1.423279389506437
283962,-0.22836321513645105,7,-0.7852611567192654
188982,-2.0732048970241896,7,-1.122016281464739
189715,-0.484591226509748,7,-0.512434776152573
188872,-0.17711761286179106,7,-0.5327086139670955
374476,1.1040224440047,7,-0.15051206953102592
188058,0.0791103985115055,7,0.11469309367511421
336686,-1.33014366404163,7,0.3473862097836721
317953,0.0791103985115055,7,-0.12457335746613823
190072,-1.45825766972828,7,-1.2109286065168416
374688,0.4378296144341229,7,0.21538572244835621
283599,-1.0995384538056598,7,-1.041834273779024
190125,0.130356000786166,7,-0.6289430650989011
375661,2.3851625008711803,7,0.9764739132750899
374401,-0.792064840157705,7,-1.4703227035187938
188335,-0.6895736356083859,7,-0.25734799244832435
189797,0.386584012159462,7,0.11764352767729175
188993,-0.8945560447070229,7,-0.7841829820839832
188256,0.8477944326313991,7,0.417754562597516
188306,-0.0746264083124718,7,-0.01851282161374362
374553,0.232847205335485,7,0.6257064923746479
189881,0.6940576258074189,7,-0.10909418487492213
190733,-1.048292851531,7,-0.6184592255890712
375340,1.46274165992731,7,0.7321325278347353
374374,-0.484591226509748,7,-0.7265789795435834
375745,0.463452415571452,8,0.3508397045984865
375392,0.6940576258074189,8,0.3479819018700984
283665,1.61647846675129,8,0.9725659588290493
283160,-0.17711761286179106,8,0.3348211304906077
189000,-0.484591226509748,8,-0.9877808307868777
375748,-0.0233808060378135,8,0.5238820817743721
188768,-1.86822248792555,8,-1.145871494994422
375571,0.335338409884804,8,0.8374138902833022
188236,1.71896967130061,8,1.3079035600670426
283515,0.8477944326313991,8,0.7358939136527511
190016,-0.22836321513645105,8,-0.14567161611924995
374183,-1.15078405608032,8,0.1063462894373734
373793,-0.125872010587132,8,-0.7052797150852713
188445,-0.638328033333725,8,-0.16155937962260947
283449,-1.15078405608032,8,0.3315934413739631
188231,2.59014490996982,8,1.7059582573256649
187981,-0.17711761286179106,8,-0.027262690447677915
187924,-1.048292851531,8,0.31073768606714036
188636,-0.27960881741111,8,-0.10117242560261466
188031,-0.38210002196042897,8,-0.4030626083383409
187543,1.25775925082867,8,1.834804119582185
375775,-0.4333456242350871,8,0.6529011619899797
188463,-0.945801646981682,8,-0.4803694699099103
375540,-0.5358368287844061,8,-0.2256290996829984
375394,-1.66324007882691,8,-0.37764554949133794
187637,0.335338409884804,8,-0.28072483293047595
187530,1.87270647812459,8,0.4765115673552567
283812,-0.740819237883044,8,-0.5733524299767208
373571,2.07768888722322,8,0.9770227260411494
375449,-0.330854419685768,8,-0.6660000640395836
189723,0.642812023532761,8,-0.27888598889455735
374467,-0.4333456242350871,8,-0.7015291510998224
374139,-0.8945560447070229,8,-1.0064113451233772
188034,0.284092807610143,8,0.7096344416224916
188110,-2.38067851067215,8,-1.3650688079773532
189754,0.130356000786166,8,-0.0752342555874402
375018,-0.945801646981682,8,-0.12489350527943205
189020,-0.8433104424323629,8,-0.9563931652267869
190728,-0.792064840157705,8,-0.34248792762713953
283782,0.5403208189834421,8,0.3009055330364856
188145,1.05277684173003,8,1.7468938200510788
188912,-0.792064840157705,8,-0.739327635697416
189895,0.181601603060824,8,-0.46701072293231466
375922,-0.6127052321963959,8,0.1964662225225635
187522,0.0278647962368471,8,-0.04673366930290229
374719,-0.38210002196042897,8,0.10049461058653696
375778,0.5915664212581,8,2.1428366494838453
374066,0.386584012159462,8,2.0980956487555513
187500,-0.740819237883044,8,-0.03730960361212568
283802,-0.5358368287844061,8,-0.5629334421501037
190757,-0.17711761286179106,8,0.05539671892039397
284222,1.4114960576526498,8,0.9729136932654402
374814,-1.4070120674536202,8,-1.1558087054025477
373629,-0.8945560447070229,8,-0.038937546162993664
187765,2.12893448949788,8,2.0448457838001923
189309,-0.4333456242350871,8,-0.7511661576097761
188500,0.642812023532761,8,0.1733130204711282
188990,0.0278647962368471,8,-0.4012775648182785
188786,-1.45825766972828,8,-1.3993998398665237
374362,-0.484591226509748,8,-0.3964697172086312
190296,-0.0746264083124718,8,-0.39832314229471344
375823,-1.25327526062964,8,-0.4102970346981897
187549,2.02644328494857,8,1.3350884741723654
308212,-1.4070120674536202,8,-0.5879321708783242
284372,-1.25327526062964,8,-0.339238181617446
189862,-0.0233808060378135,8,-0.4905621823521298
188980,-1.15078405608032,8,-1.011451148305031
187691,-1.25327526062964,8,-1.0257894323124557
375943,-0.945801646981682,8,-0.44407507611464825
187536,-0.0233808060378135,8,-0.5171340465531914
187469,-0.792064840157705,8,-0.8429089649251883
374371,-0.125872010587132,8,-0.21150316090865637
190097,-0.587082431059067,8,-0.04461955386863171
283130,1.15526804627935,8,0.3786739139281093
284248,1.36025045537799,8,0.23184916976506437
374359,-1.4070120674536202,8,-0.9158306220765542
187665,0.0278647962368471,8,-0.4417683487734905
190803,-1.5607488742776,8,-0.5757118118070979
284067,0.8477944326313991,8,0.7340029766847412
188287,-0.8433104424323629,8,-0.3327630755156871
190170,-0.38210002196042897,8,0.24689645013420042
374361,0.0278647962368471,8,0.10469513121377783
376002,1.20651364855401,8,1.0898819808823295
375930,-0.484591226509748,8,-0.308225804071364
188932,-0.792064840157705,8,-0.7386648258193451
375689,1.46274165992731,8,1.3872858369987766
375409,0.284092807610143,8,-0.38235137848370093
373654,-0.484591226509748,8,-0.019394200021343837
188458,0.489075216708781,8,-0.27903547210213064
375410,-1.5607488742776,8,-0.5754053996467386
375397,0.181601603060824,8,0.725411558848049
284265,-1.50950327200294,8,0.35438895962446015
189280,-1.61199447655225,8,-0.8150228858438627
375004,1.51398726220197,8,0.5897408772513221
187591,0.642812023532761,8,-0.16369389073460736
188997,-0.27960881741111,8,-0.8121173483622691
189242,-1.25327526062964,8,-1.1231180878660065
187791,-0.330854419685768,8,0.21999072392026972
284247,2.9488641258924297,8,1.9069391122496009
188792,1.20651364855401,8,0.1560840872932647
373627,1.6677240690259498,8,0.4554146074109195
187887,1.71896967130061,8,1.7809932333749297
375608,1.1040224440047,8,0.9373128140387309
189732,-1.8169768856508897,8,-1.0951379689254528
375205,-0.997047249256342,8,0.20705945904465028
189234,-0.5358368287844061,8,-1.2796616432886014
187920,0.899040034906057,8,0.8432944114622155
187824,0.8477944326313991,8,0.9633872125759615
189637,-0.997047249256342,8,-0.9022002824372881
188704,-1.8169768856508897,8,-1.5412532536716297
188282,-0.22836321513645105,8,-0.517766002491486
187609,-0.945801646981682,8,-0.5655991192555437
319954,0.642812023532761,8,-0.6780251668096641
373481,-1.4070120674536202,8,-0.682806916035305
187901,-0.484591226509748,8,0.2130119021061788
188849,-1.50950327200294,8,-0.9003663971414029
187590,-0.8433104424323629,8,-0.23586980173778785
283726,0.284092807610143,8,-0.13033388028043372
190196,-0.740819237883044,8,-0.49754882187181526
187826,0.232847205335485,8,0.6435543927751435
189859,-0.6895736356083859,8,-0.7721286624790862
375813,-1.35576646517896,8,0.2839356268681598
317829,1.15526804627935,8,0.04880171272191988
284304,-0.792064840157705,8,-0.32515474924726623
189042,-0.5358368287844061,8,-1.0270422822268124
188816,0.0278647962368471,8,0.4788256836572477
189964,-0.945801646981682,8,-1.036256091706453
188321,-0.22836321513645105,8,-0.08525430257032304
374155,-0.17711761286179106,8,-0.7643039272011399
188529,1.6677240690259498,8,0.5422247547581129
188536,0.335338409884804,8,0.6073408341129575
318173,-0.125872010587132,8,-0.07376850496312984
375393,0.386584012159462,8,-0.1933773252086696
308011,1.36025045537799,8,0.8934129301562326
284303,0.4378296144341229,8,-0.4371606358780466
2437249,1.46274165992731,8,0.5916934113400063
283892,-0.8433104424323629,8,-0.7062920496950862
189689,-0.5358368287844061,8,-0.10085155686810351
187489,-0.484591226509748,8,-0.14868770092802736
188204,-1.66324007882691,8,-0.8276376597428917
189955,0.7453032280820799,8,0.01587601095749632
374652,1.25775925082867,8,1.2106848449082137
374407,0.0791103985115055,8,-0.21952752104114281
283772,-0.484591226509748,8,0.8198427657423594
188401,-1.048292851531,8,0.5228940604513376
375243,-0.125872010587132,8,0.4874017013574135
188376,-0.484591226509748,8,-0.16817391501046203
187754,0.5915664212581,8,0.643189922992266
190252,0.130356000786166,8,-0.0794705734461469
189012,-1.35576646517896,8,-0.39671249877496234
374363,0.335338409884804,8,0.02524094817385228
190081,0.899040034906057,8,-0.030847172817810485
375845,-0.6895736356083859,8,-0.22346715825637617
187764,-0.4333456242350871,8,-0.21699219279753623
188669,-0.8945560447070229,8,0.1225054304263528
284120,1.51398726220197,8,0.5990057511081548
188311,-2.02195929474953,8,-0.5032324356922813
188054,-0.945801646981682,8,-0.018117407494645132
187560,0.642812023532761,8,1.7263180800763809
188215,0.6940576258074189,8,0.46258185013846564
187781,-0.125872010587132,8,-0.32318900946458057
283776,-0.5358368287844061,8,-0.0291190753165469
374165,-1.66324007882691,8,-0.6150064245765066
374603,0.130356000786166,8,0.2539927457692874
189883,-0.484591226509748,8,-0.43333939444992425
283757,1.15526804627935,8,0.10535823981502218
308007,0.5403208189834421,8,0.3239097984855323
190794,0.7453032280820799,8,0.3092067195508516
188382,0.4378296144341229,8,0.9132322280048089
187921,0.5403208189834421,8,-0.05171419516965464
190141,-1.91946809020021,8,-1.5750805120582132
187713,-0.945801646981682,8,-0.8093038677578605
374063,0.284092807610143,8,0.029764978784701086
188220,2.2314256940472,8,1.7832491839665476
375935,-0.4333456242350871,8,-0.37731922190971284
283950,-0.330854419685768,8,0.5451654717781163
375820,-0.945801646981682,8,0.3348438592476538
190035,-0.4333456242350871,8,-0.21995326438039156
189947,-0.0233808060378135,8,-0.05490146736752799
190037,-0.4333456242350871,8,-0.440977108199934
187763,0.5403208189834421,8,0.6887765702506072
187880,-1.35576646517896,8,0.00299200788480586
187711,0.5915664212581,8,0.28625762941107324
187853,-0.587082431059067,8,-0.09195567173515982
188507,-1.048292851531,8,-0.2468020310909342
374917,-1.15078405608032,8,-0.814969436638476
375708,0.335338409884804,8,0.8362984569370226
374703,-1.048292851531,8,-0.19982241266326184
375950,-0.17711761286179106,8,0.00777591650278403
283312,0.6940576258074189,8,0.020853606983100244
188214,1.00153123945538,8,1.2762314273919
2437263,-0.8433104424323629,8,-0.40122152657087184
284203,0.4378296144341229,8,0.3286563355842052
373872,-0.997047249256342,8,-0.9809103021677361
187879,-1.15078405608032,8,0.25958277870724156
374894,-0.997047249256342,8,1.1785369313874003
375696,1.61647846675129,8,1.8705658520841917
283132,-0.0233808060378135,8,-0.25604765201844565
189697,-1.0995384538056598,8,-0.7210872274413943
375678,1.18089084741668,8,1.2564219773543828
188291,-0.6895736356083859,9,0.687448175982993
187573,-0.6895736356083859,9,-0.5891461915775624
187742,-0.8945560447070229,9,0.76861636044862
283735,-0.330854419685768,9,-0.3502577624592516
190816,0.181601603060824,9,0.287334167108668
190707,-0.740819237883044,9,-0.9819143177054341
187612,0.181601603060824,9,-0.3522944669038606
284328,0.0791103985115055,9,-0.5538417876299232
373482,0.130356000786166,9,-0.3732764995142945
188698,1.6677240690259498,9,1.573736290395341
283445,0.796548830356738,9,0.28559061472743624
2436958,-0.38210002196042897,9,0.5552336105838654
188603,-0.8433104424323629,9,-0.28751297573143636
187611,1.05277684173003,9,0.3340245747862226
374515,0.0278647962368471,9,0.18902988748930458
308253,1.1040224440047,9,0.3037323136433112
188170,2.2314256940472,9,1.4602527115597774
374622,1.00153123945538,9,-0.05139741807405888
188934,-1.048292851531,9,-0.2688616794906112
188472,-0.0233808060378135,9,-0.7914775914617644
374382,0.4378296144341229,9,-0.2900857101971711
187636,0.232847205335485,9,0.933442914296058
189241,-0.638328033333725,9,-0.6012889214280386
189801,0.0791103985115055,9,0.2335237923565164
188019,-1.0995384538056598,9,-0.6129319796895389
374365,-1.86822248792555,9,-1.3899237008667444
188326,-0.484591226509748,9,0.8789406205239201
190067,-1.5607488742776,9,-0.8478861690290267
373674,0.284092807610143,9,0.12546277472187364
190000,-0.330854419685768,9,0.03877668509868658
283201,0.335338409884804,9,0.8461401990817633
187551,1.82146087584993,9,1.363605215968483
375342,-0.6895736356083859,9,0.1576917577747528
188064,0.181601603060824,9,-0.6445178864170769
283781,0.130356000786166,9,-0.1678362445192564
189137,-1.45825766972828,9,-0.20707429761306864
374471,-0.4333456242350871,9,-0.6753425952433533
188235,0.130356000786166,9,1.064828906431445
188317,-0.330854419685768,9,-1.2807157487101797
375465,-1.07391565266833,9,-0.29204134010137994
375890,1.97519768267391,9,1.7152722230853548
187653,0.232847205335485,9,0.42574434929779315
187462,-1.20202965835498,9,-0.6235551984198346
188922,-0.945801646981682,9,0.2874405017722363
188927,-0.740819237883044,9,-0.9406716532503718
189004,-1.5607488742776,9,-0.9454423074120314
373635,1.36025045537799,9,1.3734488862166716
375453,-0.0233808060378135,9,0.22335616798741809
187840,0.0278647962368471,9,-0.2737695182155274
187988,0.130356000786166,9,0.062200901790064045
187699,0.0278647962368471,9,-0.9326421637037363
188012,-1.61199447655225,9,-0.19885756436587737
190127,-0.125872010587132,9,-0.2454941592157746
189084,0.0791103985115055,9,-0.9701208044389091
189292,-1.50950327200294,9,-1.36961810464292
284357,0.4378296144341229,9,-0.25668065187155414
2437250,0.51469801784611,9,0.695623760812099
375917,-0.4333456242350871,9,-0.6092520316645565
188320,-0.945801646981682,9,-0.5437928319031721
374807,0.5915664212581,9,0.41789365445368487
373948,0.0791103985115055,9,-0.5921580166266045
188972,-1.048292851531,9,-0.6047713467483753
190458,0.335338409884804,9,-0.7336630902281758
283448,0.335338409884804,9,0.39352481949934676
187952,1.20651364855401,9,1.458089102625256
373745,1.38587325651532,9,1.4458886808183642
187769,1.77021527357527,9,1.825362719204958
336782,-0.997047249256342,9,-0.4969913492320639
187655,2.59014490996982,9,1.9880015676154021
374630,-0.27960881741111,9,0.33691730081475496
308006,0.5403208189834421,9,-0.19584632584849257
187574,-0.638328033333725,9,-0.5737472652498158
189346,-1.0995384538056598,9,-0.5864167794565932
187846,-0.27960881741111,9,0.9590084334488022
189063,0.4378296144341229,9,0.37125369800103436
187703,0.335338409884804,9,0.20215690192587038
190778,-0.638328033333725,9,-0.5951178115335874
373780,-1.4070120674536202,9,-0.6445424561761581
374395,0.0278647962368471,9,-0.12931253349225733
188996,-0.587082431059067,9,-0.5838306053274315
189856,0.130356000786166,9,-0.25777246313645796
373773,-1.15078405608032,9,-0.6850485072362901
375705,0.41220681329679104,9,1.4861005253502222
187833,-0.484591226509748,9,-0.16781429607026221
374745,-1.71448568110157,9,-1.0838390665449122
187766,2.18018009177254,9,2.0193122043597325
189854,0.0278647962368471,9,-0.06004328530893006
375452,0.232847205335485,9,0.34498298892443624
187510,-0.4333456242350871,9,-0.12178698501396447
190213,0.899040034906057,9,0.08560208476639469
284371,1.00153123945538,9,0.361312269018196
190018,-0.4333456242350871,9,-0.038834897436434555
283655,2.18018009177254,9,1.421704901299714
283162,-1.15078405608032,9,-0.7100970966379963
189116,-0.740819237883044,9,-0.4550851600802047
188302,-0.638328033333725,9,0.27757791328950443
374743,-0.27960881741111,9,-0.6728211971640691
375773,1.51398726220197,9,0.9266206870621614
375835,-0.125872010587132,9,0.4194849970656197
188785,-0.792064840157705,9,-0.2768213902159205
188248,2.43640810314584,9,1.826433124956884
189244,0.0791103985115055,9,0.7625135242151748
376022,1.25775925082867,9,1.2034650634807635
374546,0.899040034906057,9,0.023520873705754414
189390,-0.330854419685768,9,-0.9544875700008254
283938,0.6940576258074189,9,0.093557295878618
187457,-1.76573128337623,9,0.021064254394370884
188715,0.284092807610143,9,0.0782368532734717
375471,-0.997047249256342,9,0.24203842570695386
187491,-0.8945560447070229,9,-0.7145062882137065
187645,1.82146087584993,9,-0.034305235038021
375727,0.899040034906057,9,1.111089639033398
189153,-0.587082431059067,9,-0.898344158809746
188427,0.232847205335485,9,0.3070193167530919
188346,0.0278647962368471,9,-0.2888953373153782
190005,-0.22836321513645105,9,-0.31976374833750787
189630,-0.38210002196042897,9,0.07564128254312405
374017,2.12893448949788,9,1.7679006424478958
373468,1.1040224440047,9,-0.10467533618430704
188249,0.796548830356738,9,1.3741645409003178
189909,-0.0233808060378135,9,-0.19522789454598138
375627,0.386584012159462,9,-0.12087298693922292
283803,-0.945801646981682,9,-0.49418875816120345
376021,-1.5607488742776,9,0.12255676792215149
188942,-0.4333456242350871,9,-1.0328005455089104
375437,-0.638328033333725,9,-1.0510591726603107
187675,1.71896967130061,9,0.8725360421880003
187610,0.489075216708781,9,-0.3875956330120919
283813,-0.8433104424323629,9,-0.5960999194414044
189337,-0.0746264083124718,9,-0.8370976246242017
2437286,0.335338409884804,9,0.8116536827889728
190774,-1.048292851531,9,-0.653035378617129
188096,-0.740819237883044,9,-0.19015499268873218
283754,-1.15078405608032,9,0.3149912482883733
189759,0.6940576258074189,9,-0.4737174201995239
375973,-0.8945560447070229,9,-0.7554109048420723
374599,-0.484591226509748,9,0.17356669963128185
188055,-0.997047249256342,9,-0.3682120725371475
188015,-0.6895736356083859,9,-0.31493342544670755
319279,-0.330854419685768,9,-0.16431081037169906
374367,0.181601603060824,9,0.3350456008933039
189047,0.284092807610143,9,-0.5582411038461192
187936,0.7453032280820799,9,0.041436692585731814
374535,0.6940576258074189,9,-0.24583403364678102
187998,-0.740819237883044,9,-0.025606407351916226
2437268,-0.638328033333725,9,-0.05080128321900571
187667,0.0791103985115055,9,0.6974298780546199
375731,0.6940576258074189,9,0.6243208410776302
190817,2.02644328494857,9,1.7255568299261568
2437280,0.181601603060824,9,0.06647259317383658
189282,-1.048292851531,9,-1.261636572530611
373760,1.46274165992731,9,0.7431622819258232
188781,0.181601603060824,9,-0.7213769814907439
374442,-0.4333456242350871,9,-0.6153450563821136
284334,0.6940576258074189,9,0.12050059599440287
187707,-0.8433104424323629,9,0.16204507470295948
283107,0.0278647962368471,9,-0.1687403665887834
187548,1.92395208039925,9,1.2849511916948173
187594,0.796548830356738,9,-0.14763333861167904
190167,0.0791103985115055,9,-0.6040646960895634
283843,-1.35576646517896,9,-1.167476911021462
190045,0.181601603060824,9,-0.26043963242886503
188102,-1.15078405608032,9,-0.9115435533140268
190036,-0.4333456242350871,9,-0.41401025335347436
375747,0.899040034906057,9,0.16592429843386075
188984,-0.638328033333725,9,-0.8505304318030229
188083,-0.125872010587132,9,0.03359524649902207
187893,-0.4333456242350871,9,-0.5048166915623147
374638,-0.27960881741111,9,0.18880544802902213
187911,-0.125872010587132,9,0.27361403242980636
189210,-0.38210002196042897,9,-1.0172716083519937
190792,-0.22836321513645105,9,0.2842521205389877
190100,-0.5358368287844061,9,-0.1911351484564315
189001,-0.740819237883044,9,-0.6065291444606996
188036,-0.330854419685768,9,0.2898805870248906
374413,0.335338409884804,9,0.2224042076544071
190787,0.6940576258074189,9,1.0325592935147425
188117,-1.048292851531,9,-0.3874243115415348
284291,0.284092807610143,9,-0.0279276779506793
188028,-0.27960881741111,9,-0.3680622494430132
283641,0.5915664212581,9,0.1066837466733104
187736,-0.792064840157705,9,0.21670324196215046
283214,-0.0233808060378135,9,-0.6501077457463552
375736,0.5915664212581,9,0.09629099277428228
318552,-0.125872010587132,9,0.08028563426127887
188545,-0.8945560447070229,9,-0.940645084370978
189023,-0.8945560447070229,9,-0.6255551433021481
375505,-1.7401084822388997,9,-0.3252758318546645
190039,-1.5607488742776,9,-1.6073379242347312
374191,-2.27818730612283,9,-1.2569542577034494
189970,-0.740819237883044,9,0.5291003219503893
189091,0.181601603060824,9,0.47415359501521814
189667,-0.484591226509748,9,-0.3112151234537336
375993,0.386584012159462,9,0.5517276396056113
187869,-0.484591226509748,9,0.011450793708360073
189013,-0.22836321513645105,9,-0.33787234552385537
283751,-0.330854419685768,9,-0.04443675086387713
373623,-0.27960881741111,9,-0.21205761328031172
283784,-0.17711761286179106,9,-0.4311035281333379
283325,0.386584012159462,9,-1.2176321287186178
