id,width,kfold,RF_pred
375994,0.5403208189834421,0,0.17517608249566266
187690,0.489075216708781,0,0.29404753893922364
190669,-0.8433104424323629,0,-0.13295711705755295
283914,-0.22836321513645105,0,-0.0641086580222796
188436,1.71896967130061,0,0.21004758152490657
373850,0.181601603060824,0,0.40913174200754254
319956,0.130356000786166,0,0.0654737493831837
375799,2.43640810314584,0,0.8512156501777894
375417,-0.22836321513645105,0,0.00923749057466805
187844,2.9488641258924297,0,1.7847926023877898
283157,-0.27960881741111,0,0.005029714250132597
189696,-0.125872010587132,0,-0.1549583756628767
188876,0.0791103985115055,0,-0.14829742561630613
283120,-1.0995384538056598,0,-0.6585444982002506
189039,-0.0233808060378135,0,-0.7771326364546534
188765,0.6940576258074189,0,0.5896002301956921
188577,-1.86822248792555,0,-0.7583233847959111
188267,0.5403208189834421,0,0.642987177375566
375706,0.232847205335485,0,0.22241684226534292
188250,0.4378296144341229,0,0.26141865927406155
189254,-0.6895736356083859,0,-1.0027586242559154
188780,-0.484591226509748,0,-0.5373343086560024
375444,-0.0233808060378135,0,0.20450822784924202
373522,0.950285637180718,0,0.2274640757456533
375916,-0.740819237883044,0,-0.18468189105727006
188156,1.71896967130061,0,1.3640079563078604
187984,-0.27960881741111,0,-0.04902636737374408
187692,1.15526804627935,0,0.7707928221537486
283721,1.1040224440047,0,-0.03434937028098649
189031,-0.17711761286179106,0,-0.7155028743383106
189134,-0.6895736356083859,0,-0.7345692312241987
188101,-0.5358368287844061,0,-0.7123365677692121
336484,0.0278647962368471,0,0.0728789467449632
188969,-1.3045208629043,0,-0.9222451848508337
283712,1.20651364855401,0,0.6558061397496737
283755,0.4378296144341229,0,0.35975082410411496
283166,0.489075216708781,0,0.05387846103587827
188269,-1.048292851531,0,-0.5486987767512767
189980,-0.17711761286179106,0,-0.22573524154469093
284272,0.0278647962368471,0,0.0475937508305257
374092,0.642812023532761,0,0.23525565032324516
187989,-1.66324007882691,0,-0.2990985936089993
374693,1.61647846675129,0,0.5390012022108452
187999,-0.27960881741111,0,0.10893983397077071
283127,-1.0995384538056598,0,-0.739387453788695
188825,-0.0233808060378135,0,0.16860794734161016
283677,1.05277684173003,0,0.3525554156303212
374613,0.642812023532761,0,0.2584682691485102
375556,-0.22836321513645105,0,0.4062820846199797
283054,1.92395208039925,0,-0.10077560686351995
373900,1.30900485310333,0,-0.012492184343590198
375796,-0.997047249256342,0,0.23039077010923598
189133,1.05277684173003,0,0.26707759905142053
188757,-0.0233808060378135,0,0.26537749586136994
187903,-0.997047249256342,0,-0.25321235107926554
189233,-1.3045208629043,0,-0.9647827676283246
188355,0.950285637180718,0,0.5957461900894019
283205,-1.0995384538056598,0,-0.30815741462579627
188976,0.386584012159462,0,-0.5802058624174816
189974,-0.22836321513645105,0,0.04751383246764577
373904,0.642812023532761,0,-0.13244272608361587
188319,1.36025045537799,0,0.6936924562276294
336483,0.5915664212581,0,0.07968631693195581
374591,-0.5358368287844061,0,0.004050785445442025
187938,-0.330854419685768,0,0.16651099361251062
190784,-0.587082431059067,0,-0.5375188808733372
188121,0.5915664212581,0,-0.1775268299055501
188341,-0.4333456242350871,0,-0.6897469530277479
188093,1.30900485310333,0,0.7647584938775748
375626,-0.0233808060378135,0,-0.15613264460032014
187956,0.7453032280820799,0,0.02744751373509092
188820,-0.740819237883044,0,0.17783777927588004
374171,-0.5358368287844061,0,-0.41536970167168286
187628,0.5915664212581,0,0.4790623441178556
190139,-1.76573128337623,0,-1.1649867883818723
189844,2.15455729063521,0,0.610025179548517
189010,-0.4333456242350871,0,-0.6439641052972722
187508,-0.740819237883044,0,0.011527576044841096
188048,2.33391689859652,0,1.8899020133434545
187704,-1.45825766972828,0,-0.7535679336289489
187599,0.181601603060824,0,-0.18793540328116556
375663,1.71896967130061,0,1.4406959791719278
284216,1.15526804627935,0,1.2579892868324831
374202,-0.587082431059067,0,-0.23925406296215568
188122,-0.17711761286179106,0,-0.1754990217131679
190280,-0.4333456242350871,0,-0.33519990480836637
187985,0.6940576258074189,0,-0.02692089199635201
190782,-0.484591226509748,0,0.155814563888091
187935,-0.38210002196042897,0,-0.2830969311557244
283252,-0.17711761286179106,0,0.1756432299700014
374148,-0.5358368287844061,0,0.01845983018871381
188532,0.5403208189834421,0,-0.1420564879150376
375780,1.00153123945538,0,0.31694585342658405
375791,2.69263611451914,0,1.9151382059199484
375749,1.82146087584993,0,0.5096381440819561
189858,-0.27960881741111,0,-0.16023382001361064
187803,-1.76573128337623,0,-0.574986409373335
187854,-0.0746264083124718,0,-0.11408361707079362
188202,0.6940576258074189,0,-0.1777616014540042
283722,1.5652328644766298,0,0.21032879766404103
187495,-0.740819237883044,0,-0.6570958088643757
375895,1.6677240690259498,0,1.0584331246977854
374624,1.69334687016328,0,0.22904461716671123
187876,-0.17711761286179106,0,-0.3579899582400078
189032,-0.330854419685768,0,-0.21927683393273162
375710,1.00153123945538,0,0.4836488684298133
188099,-1.86822248792555,0,-0.45379422327489793
188468,0.0278647962368471,0,-0.2728876026294826
283770,1.05277684173003,0,0.8201811984144355
375511,1.89832927926192,0,1.5266988512484883
336485,0.335338409884804,0,0.04154029509254731
188359,1.05277684173003,0,0.10944368617889144
2437258,0.181601603060824,0,-0.1604214047499198
189290,-0.4333456242350871,0,-0.38492557203516975
188667,0.386584012159462,0,0.5208637859708939
190277,-0.125872010587132,0,-0.16275736991134543
187666,0.181601603060824,0,-0.0671018731762039
336479,0.181601603060824,0,-0.09716566074042517
374632,-0.0746264083124718,0,-0.5128951873948888
373759,-0.0233808060378135,0,-0.8254047436937024
2437282,-0.0233808060378135,0,0.29094011529655944
374635,0.386584012159462,0,0.1604760105926934
375006,1.97519768267391,0,0.7217613281790418
336688,-1.15078405608032,0,0.02382734310764781
283615,0.4378296144341229,0,0.3235212066912091
283731,-0.484591226509748,0,-0.019466060867929794
189961,1.05277684173003,0,0.04702485474725648
189239,-1.5607488742776,0,-0.6240666998432721
190807,-1.0995384538056598,0,-0.9359227936568908
187479,0.130356000786166,0,-0.718524987302659
373756,0.0278647962368471,0,-0.546188374130772
374037,0.6940576258074189,0,0.025909463154693738
375607,0.642812023532761,0,0.4364656076767224
374109,-0.587082431059067,0,-0.21536696279527556
189840,-0.8433104424323629,0,-0.3031700881743689
188957,-1.50950327200294,0,-1.0401584433155608
373656,-0.0233808060378135,0,0.2428222063195394
187793,-0.792064840157705,0,-0.05460931399075331
284224,0.899040034906057,0,0.17733237865583693
283199,-0.740819237883044,0,-0.3486124172310547
375899,2.43640810314584,0,1.188789847896951
283118,0.130356000786166,0,-0.5530279034144973
283128,1.25775925082867,0,0.09805752934168595
283158,-0.8433104424323629,0,0.1629744082324177
188840,2.02644328494857,0,0.898434755621588
189792,-0.27960881741111,0,-0.26631384903127486
188412,0.4378296144341229,0,0.22992884265256777
283756,0.0278647962368471,0,0.01301650140772498
189894,-0.22836321513645105,0,-0.1634298934692781
374536,-0.22836321513645105,0,-0.9837033112032613
187783,1.05277684173003,0,0.5840641729004927
336482,0.6940576258074189,0,0.07392724485743764
188974,-1.45825766972828,0,-0.5161389006015032
189035,-1.15078405608032,0,-0.562922165158527
373980,0.0791103985115055,0,0.025269585913251638
375851,1.51398726220197,0,0.8334934620294827
188374,-0.4333456242350871,0,0.06391963743683701
187987,0.950285637180718,0,0.09216358742884496
2437395,0.7453032280820799,0,0.1033288335123858
283759,-0.740819237883044,0,-0.20504053701541697
189400,-1.25327526062964,0,-0.19909782833203452
375717,0.489075216708781,0,0.23108654091086775
375295,-0.4333456242350871,0,0.06329978701577094
375524,0.8477944326313991,0,0.7057149191445828
336481,0.796548830356738,0,-0.07543410960307996
190054,0.130356000786166,0,-0.12093227489495986
189753,0.489075216708781,0,-0.14632892631268649
188975,-1.20202965835498,0,-0.4158942327154701
187676,-1.0995384538056598,0,-0.13760390823252447
284002,0.5403208189834421,0,-0.020058761812798327
336476,0.5915664212581,0,0.09727398971240779
188365,-0.0233808060378135,0,-0.18440850814626758
374945,-1.86822248792555,0,-1.205844796811556
375695,-1.33014366404163,0,0.19166290337364816
375759,-0.5358368287844061,0,0.15000972068264726
187852,-1.86822248792555,0,-0.6892535277494035
187716,-1.35576646517896,0,0.06899399085944485
373739,-1.15078405608032,0,-0.49733524724139405
189996,0.0791103985115055,0,-0.11402244505273702
189008,-0.5358368287844061,0,-0.49556749700948
187541,0.0791103985115055,0,-0.26043543349474685
375441,0.335338409884804,0,0.3404603420793708
187485,-0.125872010587132,0,-0.7317379840743736
283773,0.796548830356738,0,0.12326494209756277
283235,0.899040034906057,0,0.19765357607280812
190046,-0.22836321513645105,0,-0.19969374500282114
375857,0.335338409884804,0,0.2701009713899509
375645,2.59014490996982,0,1.2393816795872385
188227,-0.0233808060378135,0,1.178826079438821
188413,1.71896967130061,0,0.607573490235999
283105,-0.38210002196042897,0,-0.5678014389081425
308004,0.335338409884804,0,-0.013430261718184757
283106,1.15526804627935,0,0.6427717337460931
375711,0.8477944326313991,0,0.1441468377481696
283444,1.00153123945538,0,0.812911028575229
188496,0.0278647962368471,0,-0.5081489876673455
374197,-0.484591226509748,0,-0.11726301023381613
284090,1.00153123945538,0,0.4074411523482303
189014,-0.0233808060378135,0,-0.47008870649866247
374590,-0.8433104424323629,0,-0.9589252469793105
187539,0.0791103985115055,1,0.0014978792208000203
190115,-1.0995384538056598,1,-1.0865627121702168
189749,-0.0746264083124718,1,-0.19914149294717792
374416,0.181601603060824,1,-0.3106318073700156
188521,-0.484591226509748,1,0.1366942477582715
374992,1.71896967130061,1,1.1673097276143511
189776,-0.0746264083124718,1,-0.19539845000584757
190799,1.87270647812459,1,1.3165919500572256
283670,1.46274165992731,1,0.11722998150166285
188452,0.796548830356738,1,0.40754637057937243
187562,-0.0746264083124718,1,-0.012511185504770135
374621,1.1040224440047,1,0.2945138571350934
189289,-0.740819237883044,1,-0.6925487356381749
374004,0.181601603060824,1,0.15060833966121245
187816,2.18018009177254,1,1.6616788977554424
374086,0.796548830356738,1,0.18284279025851372
189029,-0.17711761286179106,1,-0.5867313696737534
375573,-0.38210002196042897,1,-0.1711676985095016
188476,0.0278647962368471,1,0.3398047057456572
190082,-2.22694170384817,1,-0.3198417156058013
283859,0.4378296144341229,1,-0.29193009363754513
189006,-0.8433104424323629,1,-0.6516819015837084
375941,-0.5358368287844061,1,-0.05839150466360952
190102,-0.38210002196042897,1,-0.1968738514199714
375974,-1.68886287996424,1,0.03605530475153213
375724,-0.5358368287844061,1,0.07817271939689859
373716,-0.17711761286179106,1,-0.014053165748882487
283667,1.51398726220197,1,0.1108606424894759
188035,-0.638328033333725,1,0.2306638303962874
374669,0.0791103985115055,1,0.29731353820234024
373485,1.71896967130061,1,0.5281600935624339
283171,0.335338409884804,1,0.3172464895295773
283989,-0.17711761286179106,1,0.024692611423973214
187780,0.950285637180718,1,0.13846527748907636
375744,0.284092807610143,1,0.11658169146231968
187678,0.0791103985115055,1,-0.17996780308159796
374768,-1.61199447655225,1,-1.175388811402944
188189,-0.22836321513645105,1,-0.7301538042998835
188051,1.92395208039925,1,1.83177850305979
188094,-0.792064840157705,1,-0.4527138171987038
188708,-0.792064840157705,1,-0.18423743689384067
374640,0.5403208189834421,1,0.319268434452206
284069,0.181601603060824,1,0.35636912570050816
284161,-0.125872010587132,1,0.4099931861147549
188092,-0.792064840157705,1,-0.20425752230492394
187658,-2.38067851067215,1,0.12483833268546171
375395,-0.0233808060378135,1,0.15847149601869467
187523,-0.6895736356083859,1,-0.41227889212525
189343,-0.740819237883044,1,-0.6379308269613788
375755,1.6677240690259498,1,1.137562502406407
284373,0.130356000786166,1,-0.2589272863291823
189079,-1.15078405608032,1,-0.47743870565056384
187971,0.7453032280820799,1,0.29869439632893674
319784,1.87270647812459,1,1.1780786335491578
190132,-2.3294329083974903,1,-1.1615041432382416
187877,-1.91946809020021,1,-0.7201400894892327
189038,-0.484591226509748,1,-0.6839309978677951
189819,-0.740819237883044,1,-0.08040444512528588
188225,2.07768888722322,1,0.9517732844152835
189892,0.0278647962368471,1,-0.17034488370052994
375666,1.77021527357527,1,1.0693202312546428
187755,-0.0233808060378135,1,0.3093969122949092
187464,-2.0732048970241896,1,-0.577702856600572
189756,-0.792064840157705,1,-0.20999948876115468
190796,-1.3045208629043,1,0.30130958513839406
187946,0.0278647962368471,1,0.11032374968544206
190199,0.0791103985115055,1,-0.147700204650427
189421,-0.997047249256342,1,-0.8415921914158031
187482,-0.8945560447070229,1,-0.18610480959235906
375954,0.796548830356738,1,0.9412450097333318
188037,-0.5358368287844061,1,-0.0017635497636150055
375802,-0.22836321513645105,1,0.314348756163718
190403,-0.0746264083124718,1,-0.12533178698983272
189804,-0.792064840157705,1,-0.248846177819586
375500,2.12893448949788,1,0.793243812583338
190789,-0.5358368287844061,1,-1.0023059318752574
283633,-1.91946809020021,1,-0.7637563023016039
284192,2.12893448949788,1,0.583189942510296
156377,0.5915664212581,1,0.4510528669248665
187458,-0.38210002196042897,1,-0.1437068075886583
189669,-0.27960881741111,1,-0.23829500699301867
319779,-0.330854419685768,1,-0.0903559458686628
374608,-0.27960881741111,1,0.010209632013882475
189949,-0.125872010587132,1,-0.16345562598631855
284239,1.25775925082867,1,0.6416661819234373
188254,1.20651364855401,1,0.6156008350871968
374763,-0.8433104424323629,1,-1.1493935433083309
374151,-0.6895736356083859,1,-0.4348939536082353
189277,-0.740819237883044,1,-0.5526464028115637
283727,-0.0746264083124718,1,0.13618741648718594
375976,0.0791103985115055,1,-0.297887417835084
188464,-1.50950327200294,1,-0.15498574602772983
375716,1.15526804627935,1,0.8169095674031682
375691,0.489075216708781,1,0.575355196746086
374691,-0.740819237883044,1,0.24363201867869108
189164,-1.61199447655225,1,-0.6535828012084641
190134,0.489075216708781,1,-0.3238191415173793
284025,-0.0490036071751427,1,0.08273800223758163
187787,-0.17711761286179106,1,-0.024244984470765285
188111,-2.38067851067215,1,-0.6447510164054194
375704,0.181601603060824,1,0.3143350637517469
190711,-0.330854419685768,1,-0.16520114617442705
190070,-1.61199447655225,1,-1.1098271626903973
189238,-1.0995384538056598,1,-1.074851663234716
189937,-0.484591226509748,1,-0.16321802726351134
2437378,0.5915664212581,1,-0.2609201795319235
284336,2.07768888722322,1,1.5904830722700527
374145,1.51398726220197,1,0.6693436127542266
374397,0.284092807610143,1,-0.1549311092264018
283300,-1.048292851531,1,0.24126752217312225
189022,-1.20202965835498,1,-0.26913512643197895
189684,0.899040034906057,1,-0.043544025075259334
374641,0.7453032280820799,1,0.19624476965308024
190364,-0.4333456242350871,1,-0.2306654668639531
375817,2.89761852361778,1,1.8910117268767348
189809,-0.22836321513645105,1,-0.16444238167435266
283083,0.7453032280820799,1,0.3818951180377731
374589,-0.0746264083124718,1,0.26757004140671853
188492,-0.6895736356083859,1,-0.34903970292241326
375688,0.796548830356738,1,0.36990191276649936
188979,-0.740819237883044,1,-0.7177931624861092
375383,-0.997047249256342,1,0.05257008993272695
374686,0.642812023532761,1,0.20333234879175333
187702,0.489075216708781,1,-0.38166200524583915
375591,0.232847205335485,1,-0.16580319008583078
189059,-0.587082431059067,1,0.08800179967488074
376001,1.00153123945538,1,-0.2265336501239927
284262,-0.4333456242350871,1,0.2900248984417442
187705,3.20509213726573,1,1.5961397857479214
283109,1.87270647812459,1,0.7049419210664554
187677,1.05277684173003,1,0.5287059451464622
283229,0.5403208189834421,1,0.058070897780949184
375842,-0.8433104424323629,1,-0.23209614288762345
189319,-0.4333456242350871,1,-0.5124445897988363
187977,1.25775925082867,1,0.637462278053927
374103,1.20651364855401,1,0.42479100876540377
374513,0.181601603060824,1,-0.1694770445875216
188377,1.15526804627935,1,0.3592963974275996
190198,0.335338409884804,1,-0.291018346835391
373682,1.05277684173003,1,0.47669937405156726
190802,-0.0746264083124718,1,-0.09454935184825543
189851,0.181601603060824,1,0.766350291393106
187856,-0.38210002196042897,1,0.019837408311716948
375062,0.950285637180718,1,0.07469611948148197
375475,-0.945801646981682,1,-0.9596967526952053
188467,-0.330854419685768,1,0.274312293575313
376048,1.1040224440047,1,0.15575190821509094
188895,-1.15078405608032,1,-0.8385068961975664
188076,-0.8945560447070229,1,0.051029188435925986
188197,0.335338409884804,1,0.6370728498111886
187794,-1.15078405608032,1,0.05876664640209704
188172,0.5915664212581,1,1.3668513310377366
374174,-0.740819237883044,1,-0.19426765285820713
188370,-0.17711761286179106,1,0.10510108222235183
189005,-1.048292851531,1,-0.6776514093018909
374158,-1.20202965835498,1,-0.6955158645013209
283849,-1.45825766972828,1,-0.4049160638890478
187951,-1.3045208629043,1,-0.8345808894804714
283767,0.950285637180718,1,-0.2543359441212809
188040,-0.17711761286179106,1,0.46031450251011885
374600,0.4378296144341229,1,0.32908845289753524
375457,-1.8169768856508897,1,0.05657880000888608
189188,-0.330854419685768,1,-0.5465778956880447
187842,-1.5607488742776,1,-0.9461591112516996
189302,-1.71448568110157,1,-0.8186172077380602
188134,1.4114960576526498,1,0.9308546803699389
189194,-0.740819237883044,1,-0.7107890063024097
187814,0.899040034906057,1,0.37768602521628053
187972,-0.330854419685768,1,-0.11253214771234551
188229,1.92395208039925,1,-0.15144454284146797
187906,0.130356000786166,1,-0.09131607150912217
374681,0.4378296144341229,1,0.4222684812793334
375846,0.386584012159462,1,-0.01877715636729803
189099,0.130356000786166,1,0.5199474459375693
373991,0.232847205335485,1,-0.04426057919174567
188543,-1.91946809020021,1,-0.9639141798178336
374516,-0.945801646981682,1,-0.8391632896374398
188434,-0.38210002196042897,1,-0.2619379149420072
187957,0.642812023532761,1,-0.28461843921454133
188947,-1.048292851531,1,-0.6152580179309582
375809,3.15384653499107,1,1.9097030649669793
189308,-0.792064840157705,1,-0.5721087620858787
308009,0.899040034906057,1,0.0948944297085275
374177,0.130356000786166,1,-0.2870627003669281
374331,-0.0233808060378135,1,-0.32467970975650007
188270,-1.0995384538056598,1,-0.9626385891271467
374680,1.20651364855401,1,0.3442930962336323
284281,-0.740819237883044,1,-0.04079652872871341
374451,0.284092807610143,1,0.2970590412840258
187526,0.899040034906057,1,-0.3531834756651754
283778,-0.0746264083124718,1,0.014993927457572264
285674,1.1040224440047,1,0.1822774619091219
283311,0.181601603060824,1,-0.4879188842325561
375931,-0.5358368287844061,1,-0.07367437627039045
336685,-0.997047249256342,1,-0.8338436455128008
375679,-0.0746264083124718,1,0.16173747050375123
190191,-1.61199447655225,1,-0.9858753468713077
308266,0.5915664212581,1,0.24353117863264118
188734,-0.638328033333725,1,-0.1262156563967744
187848,0.284092807610143,1,0.2959122596807758
187776,0.232847205335485,2,0.32754487400765764
187819,-1.8169768856508897,2,-0.41051568480037454
375634,1.4114960576526498,2,0.8306269417316112
188339,0.642812023532761,2,1.8295375335819681
283125,-1.17640685721765,2,0.2718782741592337
188633,-1.71448568110157,2,-0.8821435546924714
188894,-0.587082431059067,2,-0.9245375855021557
375859,0.489075216708781,2,0.26174303166731555
374339,0.489075216708781,2,-0.2706641301753984
190058,-0.27960881741111,2,-0.20809993039935265
189094,-0.484591226509748,2,-0.6775533971253458
375810,-0.25398601627378103,2,1.0499730834685224
374429,-0.100249209449801,2,-0.2322644887084255
189043,-1.35576646517896,2,-0.4695753604523658
188630,-0.4333456242350871,2,-0.02148684378407408
188448,0.0278647962368471,2,-0.3766058161959396
188940,-0.22836321513645105,2,-0.12018170521142275
374747,-1.71448568110157,2,-1.026536275724305
187751,0.489075216708781,2,0.32431151430237426
187687,-0.740819237883044,2,-0.2799149518111136
189222,-1.25327526062964,2,-0.6652992810312377
283718,0.4378296144341229,2,0.06317374928168286
187996,-0.125872010587132,2,0.006529017697208105
318175,0.5403208189834421,2,0.09992964577256618
374659,0.8477944326313991,2,0.3537185154828225
189853,-0.27960881741111,2,-0.2450851144112132
373690,1.69334687016328,2,0.15856757713120265
188897,2.43640810314584,2,0.5031721056177894
188601,-0.8945560447070229,2,-0.6285627291788382
188454,1.6677240690259498,2,1.9717225675345937
189243,-1.4070120674536202,2,-0.8962984331737158
187995,1.15526804627935,2,0.6158032210068644
284024,0.232847205335485,2,0.08718254635556263
187795,0.181601603060824,2,0.39373971170848526
190203,-0.330854419685768,2,-0.5007920622441487
189455,-3.81555537436261,2,-0.3750479017494061
187983,-0.4333456242350871,2,0.025569888150491566
375553,0.284092807610143,2,0.8978153255175005
188501,0.0791103985115055,2,0.17302098280891715
375451,-0.27960881741111,2,0.09570392808119273
187979,-0.0233808060378135,2,0.13641422857135774
187629,1.97519768267391,2,0.368559853402399
283165,1.87270647812459,2,0.7349368017434676
319783,0.796548830356738,2,0.12155996523735424
188075,-0.125872010587132,2,-0.04417670882301915
190111,0.130356000786166,2,-0.1319275109747445
374013,0.899040034906057,2,0.2651643940519991
374744,-1.66324007882691,2,-1.2020592963103347
375527,0.4378296144341229,2,0.3870454289328172
283964,-0.561459629921737,2,0.18172038697155377
188541,-0.22836321513645105,2,0.10664530361914568
190022,0.181601603060824,2,-0.1472524257094043
374377,0.130356000786166,2,-0.13811764729612144
187733,0.899040034906057,2,0.14690793318867296
189288,-1.86822248792555,2,-0.1848118325231678
189048,-1.45825766972828,2,-0.6025565533778354
188383,1.30900485310333,2,0.5776902134382611
188386,-0.484591226509748,2,0.05419438209592559
187583,-1.3045208629043,2,0.029088555766811505
188989,-0.8945560447070229,2,-0.669769833013252
187472,-1.048292851531,2,-0.6919823229192859
188222,1.51398726220197,2,1.2100841591536815
187883,1.4114960576526498,2,1.193842703556296
374927,-1.15078405608032,2,-1.0474904999256862
189647,-0.4333456242350871,2,-0.4038425345458209
187978,-0.484591226509748,2,0.033655076980875255
375815,0.284092807610143,2,0.5193451916105646
188861,-1.0995384538056598,2,-0.6549340236093965
187822,1.87270647812459,2,1.1098179962536392
283602,0.796548830356738,2,0.18252071345029758
190062,0.232847205335485,2,0.08550310957268853
187725,-0.5358368287844061,2,-0.7959525772661898
283801,0.232847205335485,2,0.09894338795555031
189085,-0.125872010587132,2,-0.6319320623812424
283117,-0.17711761286179106,2,-0.41082165834481404
2437340,2.18018009177254,2,1.4690338763201174
373743,2.2058028929098703,2,0.5676284913307088
188258,-1.048292851531,2,-0.7852908200383205
188978,-1.4070120674536202,2,-0.8084413869554112
188987,-0.27960881741111,2,-0.505607722933617
373649,-0.587082431059067,2,0.04791458602523012
188232,-0.792064840157705,2,-0.10702187502920284
375389,0.0791103985115055,2,0.09196502144376348
283741,-0.638328033333725,2,0.06675004338261355
187772,0.284092807610143,2,-0.009776412346505002
189997,-0.0746264083124718,2,-0.15149220213163073
188190,0.8477944326313991,2,-0.13324018335652907
187663,0.6940576258074189,2,0.25875198042935227
188758,-0.125872010587132,2,0.03060383747964923
283805,-0.8945560447070229,2,-0.03960636108697384
189224,-1.5607488742776,2,-0.5556629809803806
187823,1.30900485310333,2,1.1164314865507214
373952,-0.5358368287844061,2,0.08553246666882008
283846,1.4114960576526498,2,0.8883997592401898
188237,1.00153123945538,2,0.23540101602901678
2437267,-1.20202965835498,2,0.05538727444604215
188415,-0.330854419685768,2,-0.298820756747021
374663,0.0278647962368471,2,0.04621268886717978
374749,-1.5607488742776,2,-1.2040706589670798
188423,0.181601603060824,2,-0.27073865112627227
188530,-0.484591226509748,2,-0.2703436481565851
189683,2.18018009177254,2,1.5655795383203932
188312,-1.20202965835498,2,0.5246262718711052
284319,-0.22836321513645105,2,-0.2833847527570564
375371,-0.5358368287844061,2,0.23048570297101922
373694,1.71896967130061,2,1.0529226353147556
188554,-0.38210002196042897,2,0.002812663394127427
188998,-1.0995384538056598,2,-0.6305265525859047
187753,2.12893448949788,2,1.8851058109549903
189070,-1.61199447655225,2,-0.5029210439997939
373725,0.0791103985115055,2,-0.23578488633007755
374156,-0.997047249256342,2,-0.9946258104185711
188218,1.61647846675129,2,0.07389444429053936
188923,-0.17711761286179106,2,-0.11900971677212828
189760,-0.484591226509748,2,-0.2108838433588416
189027,-0.6895736356083859,2,-0.34634188240640096
374504,-0.4333456242350871,2,-0.019646802674157016
189977,-0.0233808060378135,2,0.0008402104242647613
375551,-0.125872010587132,2,0.6844020059326611
189822,-0.22836321513645105,2,-0.20506035328222944
188466,-0.22836321513645105,2,0.08879117552580637
187605,3.10260093271641,2,1.7345829861975244
190064,-1.0995384538056598,2,-0.339243712763094
375905,0.130356000786166,2,0.26483979245957256
188153,1.05277684173003,2,0.4500364009828465
336477,0.0791103985115055,2,0.10049701167758449
375901,1.77021527357527,2,1.1813746456966785
283777,0.232847205335485,2,0.13991752218156778
375795,-1.4070120674536202,2,-0.46868392192302916
374394,1.30900485310333,2,0.299491586678045
187739,0.0278647962368471,2,0.1478489689863636
283817,0.232847205335485,2,-0.016519680631302918
187474,-0.740819237883044,2,-0.5313845797478262
375024,-0.8433104424323629,2,0.07031527344294801
375564,1.00153123945538,2,0.31782117282424904
283553,-0.0746264083124718,2,0.08717097119201161
190085,0.4378296144341229,2,0.2622762624297953
190164,-0.8433104424323629,2,-0.39991730922005475
375373,-0.125872010587132,2,0.33877330777579495
190160,0.130356000786166,2,-0.21585863484509568
374537,-0.6895736356083859,2,-0.27743596557987665
190805,-0.587082431059067,2,-0.09569889453207849
374185,-0.8433104424323629,2,-0.1623227938508524
190057,-0.8433104424323629,2,-0.14805288855459578
374718,-0.17711761286179106,2,-0.2978248441280405
188357,0.7453032280820799,2,0.19013325818621446
190811,-1.45825766972828,2,-0.8317634609217137
374588,0.284092807610143,2,-0.021299814538842984
188224,1.92395208039925,2,1.2742445849901232
308265,0.899040034906057,2,-0.0072386131730945115
189046,-1.3045208629043,2,-0.9603927843413377
189872,-0.22836321513645105,2,-0.21019150621776073
376000,0.489075216708781,2,0.2976462630856195
187796,-0.5358368287844061,2,-0.2590877938161891
190143,0.7453032280820799,2,0.5139221319292786
284190,2.97448692702976,2,1.1106965124879469
375288,0.899040034906057,2,0.12141554831877761
374740,2.02644328494857,2,1.379512774543214
284369,0.386584012159462,2,0.41164805647364855
188733,-1.8169768856508897,2,0.16575297793994154
187845,-0.330854419685768,2,-1.0065280541683326
190797,0.899040034906057,2,0.4406851665273291
188113,-2.12445049929885,2,-0.712844919196288
188105,-1.048292851531,2,-0.19714947302617442
188822,0.232847205335485,2,-0.2014931917123088
374969,-1.20202965835498,2,0.2741002536779742
189221,-1.4070120674536202,2,-0.6916005568179054
190071,-1.048292851531,2,-0.9069823287151997
2437194,-0.5358368287844061,2,-0.0865506852350235
189666,0.284092807610143,2,-0.14214082320932472
374527,0.5403208189834421,2,0.2668797164353619
189078,-1.048292851531,2,-0.5458631420966236
189107,-0.638328033333725,2,-0.6794092131269923
374614,0.617189222395429,2,0.28267099810225976
190159,0.386584012159462,2,-0.13337882429071604
188000,0.642812023532761,2,0.03358712375286297
318179,1.61647846675129,2,0.07034265158651729
375728,0.950285637180718,2,0.7322727189183433
187807,-1.0995384538056598,2,0.19145470674005627
375962,-0.945801646981682,2,0.3751804060292184
189784,-0.330854419685768,2,-0.28675721586977554
375664,1.71896967130061,2,0.5099090435868272
187850,1.51398726220197,2,1.0376437801952025
374178,-0.945801646981682,2,-0.281928020968591
284132,1.97519768267391,2,1.2488217513230788
375779,0.642812023532761,2,0.35771307785328826
190051,-0.5358368287844061,2,-0.048152903609022066
284080,1.36025045537799,2,0.23977594998626134
188552,0.8477944326313991,2,-0.07266930017164187
190808,-1.35576646517896,2,-1.1709386874386731
189301,-0.8433104424323629,2,-0.15242579268151113
376004,1.30900485310333,2,0.8700726308329736
376023,0.0791103985115055,2,-0.07666477870749797
375370,0.130356000786166,2,0.44623159237300075
187784,0.5403208189834421,2,0.716200318138531
189690,-0.330854419685768,2,-0.3262270692131828
374739,0.6940576258074189,2,0.3995435941952199
375825,-0.5358368287844061,2,0.033952315096756704
187968,2.18018009177254,2,0.052423779851706785
3646845,-0.997047249256342,2,-1.0180100631104962
283119,0.0791103985115055,3,-0.607782164725085
2437377,-0.4333456242350871,3,-0.3184077434621613
188331,-0.4333456242350871,3,-0.3294565896476884
188992,-0.8433104424323629,3,-0.40723605799261337
188419,-0.27960881741111,3,-0.003389633818524635
189805,0.232847205335485,3,-0.17247043101552947
190174,-0.4333456242350871,3,-0.4111447665133541
373782,-1.35576646517896,3,-0.9331286304534433
188330,0.489075216708781,3,0.5313814403489641
190008,-0.587082431059067,3,-0.28803608150740534
2437408,0.5915664212581,3,0.08305804444709158
189829,-0.740819237883044,3,-1.0618015260788136
187564,1.87270647812459,3,-0.24773722771060458
374500,1.51398726220197,3,1.7921392797968092
187631,0.232847205335485,3,0.28971402576914085
187904,-0.638328033333725,3,-0.2754380522078059
190791,-0.6895736356083859,3,-0.012577861931407594
190158,-0.4333456242350871,3,-1.0196686391053156
336783,-0.587082431059067,3,-0.4989490123720547
189698,-0.0746264083124718,3,-0.15936460744496667
189628,-1.45825766972828,3,-1.0598134504390093
2437412,1.46274165992731,3,0.21107390187123826
375315,0.284092807610143,3,0.11281145994127174
187982,0.6940576258074189,3,0.08950185585323905
189913,0.0791103985115055,3,-0.20477327647016563
187664,0.0791103985115055,3,-0.03762000122553192
374388,-0.17711761286179106,3,-0.8850635831816618
374616,0.284092807610143,3,0.23635796459861877
308010,-0.8945560447070229,3,0.21421038474913995
189803,0.0278647962368471,3,-0.14239424474388718
373744,1.71896967130061,3,0.7632611034568171
190029,-0.5358368287844061,3,-0.35445004639656963
188510,-1.5607488742776,3,0.12662636458345775
189248,-1.15078405608032,3,-0.5178306220787098
188349,-0.22836321513645105,3,0.020784155247076185
373626,1.5652328644766298,3,0.4948127526216418
374239,-0.17711761286179106,3,-0.20276001123937712
187760,0.0278647962368471,3,-0.20404481796165422
188375,-0.638328033333725,3,-0.5892791134910372
375310,-0.8433104424323629,3,0.40099373246937503
374024,1.46274165992731,3,0.44486767492272344
187771,-0.38210002196042897,3,0.0673703026150317
283163,-0.792064840157705,3,-0.7721953292176049
190142,0.0278647962368471,3,-0.33485576993780264
284164,0.6940576258074189,3,0.3406274656151678
188764,0.0791103985115055,3,0.8218009267036922
187960,-0.0746264083124718,3,-0.01756982556929722
375641,1.5652328644766298,3,1.2508875700878925
187918,0.181601603060824,3,0.43992442763799294
190731,-0.17711761286179106,3,-0.21850044737819452
187928,0.284092807610143,3,0.32360131614470594
189024,-0.330854419685768,3,-0.5246767608630649
374914,0.4378296144341229,3,-0.450977816072039
284309,-0.330854419685768,3,-0.15081135075537758
283603,1.71896967130061,3,0.15995671850203702
283839,-0.6895736356083859,3,0.09927893796878279
188292,-1.76573128337623,3,-0.0035623062410070194
187718,0.284092807610143,3,0.14088186325434549
283114,-0.484591226509748,3,-0.5525123497630114
376049,0.335338409884804,3,-0.14525349096042073
375460,-0.3564772208231,3,0.31421334503258597
375952,-0.0746264083124718,3,-0.0669087892789171
374473,-0.17711761286179106,3,-0.157523220752489
374974,-0.20274041399912,3,0.5213344818012888
190103,-0.4333456242350871,3,-0.15956301878867313
190150,-1.5607488742776,3,-0.4513199136580712
283779,0.899040034906057,3,0.057447037228750164
187502,-0.792064840157705,3,-0.7644778177479217
374694,0.0278647962368471,3,0.30675646204699886
283671,-1.0995384538056598,3,-0.19773624288981315
188994,-1.048292851531,3,-0.551887145226617
187606,-0.6895736356083859,3,0.4301596766584947
187801,2.12893448949788,3,0.3970809767646838
188405,-0.27960881741111,3,-0.14732938445735294
376013,-0.27960881741111,3,0.23672630728668165
375458,0.41220681329679104,3,-0.04436898973191953
189887,0.0791103985115055,3,-0.1574328712575323
189232,-1.8169768856508897,3,-0.9913957656939283
317891,-0.125872010587132,3,0.20418929224959478
375582,1.12964524514202,3,0.7096464131745234
374531,0.335338409884804,3,0.011799942361713235
375772,1.20651364855401,3,0.6392924192958181
375372,0.181601603060824,3,0.4280869737169188
374697,0.950285637180718,3,0.5363856336476052
188759,0.642812023532761,3,0.14748125910550058
189957,0.7453032280820799,3,0.10890234430468458
373863,0.130356000786166,3,-0.027871396237403923
375781,0.950285637180718,3,0.457982093502221
374944,-1.4070120674536202,3,-1.2579395203950132
283625,-0.587082431059067,3,0.01422256149572547
283775,0.386584012159462,3,0.2079294467093594
375013,1.6677240690259498,3,0.9662490640215164
375567,0.335338409884804,3,0.4835221161019071
283313,-0.22836321513645105,3,0.15381228138617012
190274,-0.740819237883044,3,-0.3079769870737431
284100,1.5652328644766298,3,0.27694224839260706
188052,1.71896967130061,3,1.9708475963897647
188429,2.18018009177254,3,0.20883924981471869
376050,-0.638328033333725,3,0.03242177343598418
188475,0.386584012159462,3,0.16178871178377302
187986,-0.27960881741111,3,0.24055029577330192
318548,0.00224199509951795,3,0.010543639051689183
189340,-0.0233808060378135,3,-0.20862520977700844
283796,0.284092807610143,3,-0.2553777696243897
373912,0.489075216708781,3,0.5006588761723288
187603,-1.20202965835498,3,-0.23729844434367062
188956,-1.0995384538056598,3,-1.0152725982431492
187976,0.6940576258074189,3,0.245485523670027
2437409,2.07768888722322,3,1.18431426949592
189972,-1.8169768856508897,3,-1.0071843222844103
2437287,0.899040034906057,3,0.568020755824639
189076,-0.8945560447070229,3,-0.6597891886410142
283978,0.4378296144341229,3,0.14809953215833885
188945,-0.587082431059067,3,-0.7130217264677711
190059,-0.0233808060378135,3,-0.2585870403781283
189278,-0.945801646981682,3,-0.6857018580195013
375576,-0.0746264083124718,3,0.44285079743980016
188243,-0.587082431059067,3,-0.18036893764682044
188398,-0.22836321513645105,3,0.012940120104993806
284015,-0.38210002196042897,3,0.1088715648612258
373672,-0.4333456242350871,3,-0.13657424257181097
188469,-0.792064840157705,3,0.4262276136467704
283791,-2.02195929474953,3,-0.19015915837691405
188246,-0.8945560447070229,3,-0.5410544897774417
373754,0.232847205335485,3,0.05769338590172772
188777,-1.15078405608032,3,-0.6274749888436401
187941,1.30900485310333,3,0.39957196232958336
375766,0.0278647962368471,3,-0.018771959697007377
188999,-2.02195929474953,3,-0.9431272467245942
188211,0.489075216708781,3,0.45844047098011914
190177,-1.5607488742776,3,-1.1021710399547644
187812,-0.330854419685768,3,-0.6403244894016771
189686,-0.27960881741111,3,-0.19925378286500123
190472,0.463452415571452,3,0.29967321958451465
189115,-0.8945560447070229,3,-0.5600276850878462
189889,-0.638328033333725,3,-0.21923957673104602
187537,1.6677240690259498,3,0.9171325489173768
375447,0.335338409884804,3,0.0901894700391816
283145,-0.0233808060378135,3,0.7833264115405353
374062,1.30900485310333,3,0.5205475234521806
374124,-0.638328033333725,3,-0.23214806064355525
374665,0.0278647962368471,3,0.28659966276078586
375991,-0.638328033333725,3,0.29318128349726164
376032,0.130356000786166,3,-0.0939440440213053
374568,-0.330854419685768,3,-0.25040847450458903
374530,-0.38210002196042897,3,-0.25783845083948054
375474,-0.17711761286179106,3,0.109297883378351
373769,1.30900485310333,3,0.07499115743471216
375788,0.7453032280820799,3,0.7857908546528456
375997,1.5652328644766298,3,0.2979816549128604
318178,-0.3564772208231,3,0.10384338278187119
187730,0.6940576258074189,3,0.47061680907187703
375335,-1.8169768856508897,3,-0.024452639777536846
190138,-2.0732048970241896,3,-1.3477410173267548
374479,0.6940576258074189,3,-0.07679455773011622
187682,0.489075216708781,3,0.0996476024506684
375583,0.4378296144341229,3,0.5922740271390351
187980,1.51398726220197,3,0.07222944824905457
375800,3.10260093271641,3,2.0117354174616913
189237,-1.5607488742776,3,-0.9507263480775444
187905,0.232847205335485,3,0.14453708290323794
189081,-0.5358368287844061,3,-0.7255132510562129
374956,0.0791103985115055,3,0.3187849700012727
283178,-0.638328033333725,3,-0.46732650194900777
188408,-0.997047249256342,3,0.05009051934484508
187729,-0.792064840157705,3,-0.7781100715840562
373621,0.335338409884804,3,-0.07379651895433934
190063,-0.17711761286179106,3,-0.14689939079923367
283715,-0.125872010587132,3,0.02367974968988672
375230,0.4378296144341229,3,0.3753223150750702
374715,0.181601603060824,3,0.07831660961629541
374532,-0.8433104424323629,3,-0.7244809815017167
308254,0.796548830356738,3,-0.04304556728797611
375548,-0.740819237883044,3,0.10495602558411109
375742,1.00153123945538,3,0.1931161339613195
189294,0.0791103985115055,3,-0.4327731198016053
284066,2.15455729063521,3,0.6058220762395492
188160,1.77021527357527,3,1.291356035712644
284068,1.05277684173003,3,0.42334919650622055
283604,0.0791103985115055,3,0.313153228992971
189857,0.284092807610143,3,-0.2956792857381486
283144,-1.97071369247487,3,-0.47252741154196154
189751,1.89832927926192,3,0.5256771999468631
190129,-0.330854419685768,3,-0.15782838797613385
190187,-0.0233808060378135,3,-0.1431121350528744
283656,1.89832927926192,3,0.9187238310087
283876,0.4378296144341229,3,0.42871647965637005
187881,-0.8945560447070229,3,-0.13045354223468308
188896,0.284092807610143,3,-0.04093722768505599
375949,-0.484591226509748,3,0.03136151637119019
189626,-0.484591226509748,3,-0.1748145534755583
375850,-0.484591226509748,3,-0.09172971081013848
373726,-0.638328033333725,3,-0.09988048853796912
190124,-0.945801646981682,3,-0.042510453788854194
190055,0.130356000786166,3,-0.09878069922358293
190189,-0.330854419685768,3,-0.10880060617378781
187589,1.87270647812459,3,0.4590158203913587
188702,1.77021527357527,3,1.9272991634599124
189623,-0.330854419685768,3,-1.0357772688189748
187767,1.36025045537799,3,1.6228340298473871
190195,0.796548830356738,4,0.7832093970250333
189030,-1.20202965835498,4,-0.4111839788711135
374204,-0.484591226509748,4,-0.21708572071908527
190148,-0.740819237883044,4,-0.7106279322601442
375621,2.12893448949788,4,0.7149078337108141
375682,0.0278647962368471,4,0.26148298100170636
187555,0.796548830356738,4,0.053004063230445465
187461,-1.048292851531,4,-0.7380843633582933
187497,-0.125872010587132,4,-0.22232482151781838
375847,-1.66324007882691,4,-0.2254181298072433
187576,-0.27960881741111,4,-0.13363995555822242
187875,0.0791103985115055,4,-0.3404585382176881
374190,0.181601603060824,4,-0.16976791006577782
188526,-0.792064840157705,4,0.08858232350323722
375956,-0.22836321513645105,4,-0.1406779356965965
284145,0.5915664212581,4,0.2979698834122254
188201,-0.484591226509748,4,0.06315436539348034
375977,-0.971424448119011,4,0.007640421346217759
187501,-0.587082431059067,4,0.08953091540132686
190806,-1.76573128337623,4,-1.2080308651121168
375659,3.10260093271641,4,0.987456234801555
189034,-0.8945560447070229,4,-0.5607412816233084
187546,-0.17711761286179106,4,0.1359706676590708
283969,0.796548830356738,4,0.6299887310734366
374696,1.61647846675129,4,0.46926488114621906
375681,0.5403208189834421,4,0.28029357041153175
336478,0.386584012159462,4,0.1333802445373938
283830,-0.638328033333725,4,-0.5522650949427825
373764,0.5915664212581,4,0.49908635363831966
188943,-0.4333456242350871,4,-0.6860732090548507
374643,0.130356000786166,4,0.30078366432772885
374472,0.232847205335485,4,-0.15621012695597056
375894,-1.15078405608032,4,-0.23346091009730782
374160,-0.0233808060378135,4,-0.35103024209274397
374678,0.0278647962368471,4,0.10259651749024284
189223,-0.22836321513645105,4,0.07594765281016841
188345,-0.0746264083124718,4,-0.22696110340797376
283202,-0.8945560447070229,4,-0.26208753172496324
190783,0.181601603060824,4,-0.07406349620056327
375694,1.4114960576526498,4,0.42967511851964324
374533,-0.17711761286179106,4,0.0595829195557085
375572,0.7196804269447479,4,0.4385611771682444
188157,1.36025045537799,4,1.4137112825158493
188268,0.8477944326313991,4,0.32121466643441
187945,1.4114960576526498,4,1.241244698864187
283104,-0.27960881741111,4,-0.13584623296922385
187484,-0.330854419685768,4,0.19292533482398128
283143,-0.792064840157705,4,-0.6639544669801147
283139,-0.6895736356083859,4,-0.6563948526852055
188027,-1.4070120674536202,4,-0.28326189952130204
188259,-1.20202965835498,4,-0.5735448454233898
374551,0.5915664212581,4,-0.057009810719061436
187860,-0.0233808060378135,4,0.7063249692458142
189018,-1.15078405608032,4,-0.4942424732121884
375921,-0.8433104424323629,4,-0.17721879230669235
375707,0.130356000786166,4,0.1198376280168443
190190,-0.4333456242350871,4,-0.2344812114809841
284176,2.410785302008509,4,1.9665093088942054
188506,-0.330854419685768,4,-0.06361631166837198
374541,0.181601603060824,4,-0.41089601204733656
283774,-1.15078405608032,4,-0.7910359150161539
189003,-0.125872010587132,4,-0.4949572921115239
283121,-0.740819237883044,4,-0.5185815955102676
284324,1.30900485310333,4,-0.12263173179589694
189944,0.6940576258074189,4,0.2416698872934067
308269,-1.35576646517896,4,-0.2549136648092986
375020,-0.125872010587132,4,0.22360249696246925
283825,-0.38210002196042897,4,-0.5442588789491432
187919,1.97519768267391,4,-0.15465185168910625
189631,-1.0995384538056598,4,-1.0796811334722347
375421,0.335338409884804,4,0.4833108440042571
188239,1.00153123945538,4,0.03146080265812988
283760,1.4114960576526498,4,0.0847540835238976
187868,0.950285637180718,4,0.32896216668490014
374154,-1.15078405608032,4,0.10737366965053273
283668,-0.0233808060378135,4,0.06702184748736074
187471,0.642812023532761,4,-0.2287875195112283
374484,-1.61199447655225,4,-0.6108034700114573
189293,-0.4333456242350871,4,-0.33618692204869455
187587,-0.22836321513645105,4,0.1872256069557242
188209,0.8477944326313991,4,0.5207615653544045
189040,-0.792064840157705,4,-0.6547207689757556
189168,-0.38210002196042897,4,-0.7044552242041001
375521,-0.330854419685768,4,0.15268241379039213
374609,-0.17711761286179106,4,0.08563458667165046
187550,0.386584012159462,4,0.6383800584833678
190790,1.71896967130061,4,-0.16252959701957345
190073,-0.330854419685768,4,-0.18454935859230906
188006,-1.45825766972828,4,0.045516469495845
189706,0.335338409884804,4,0.11586009818786526
374534,-0.6895736356083859,4,-0.7796165162717356
284245,0.7196804269447479,4,0.6247691521508018
190121,0.5403208189834421,4,-0.38314948031609963
189299,-0.8433104424323629,4,-0.5332096019728362
2437214,1.15526804627935,4,-0.13218574770385846
189629,-0.6895736356083859,4,-0.8870655044853596
189236,0.181601603060824,4,-0.44696023584091205
375376,-0.38210002196042897,4,0.04143976692105726
373835,1.61647846675129,4,0.4397884834313426
188482,-0.792064840157705,4,-0.24026582186977194
190278,0.0278647962368471,4,-0.22551566863119754
319955,0.7453032280820799,4,-0.06943550560312259
374978,-0.27960881741111,4,-0.6256161057233078
190114,0.386584012159462,4,-0.23598639590831572
375499,-0.22836321513645105,4,0.157321839774701
375698,0.335338409884804,4,0.38281308236838374
375640,2.10331168836055,4,0.3562984055916823
187778,1.30900485310333,4,1.835829939583703
188906,1.20651364855401,4,0.5747110923330313
188363,0.181601603060824,4,0.1889632988522654
375538,1.5652328644766298,4,1.5043247917654659
187886,1.25775925082867,4,2.0834375107593903
375454,0.130356000786166,4,0.38819394148338754
283664,1.6677240690259498,4,0.8957072521076266
190126,0.335338409884804,4,-0.27201779946960264
189015,-0.38210002196042897,4,-0.5355425502156411
188384,-0.8433104424323629,4,0.08074466555240675
187582,-0.330854419685768,4,-0.41386333016507454
187535,-0.38210002196042897,4,-0.17889706208531883
374912,-0.38210002196042897,4,-0.4139676762269613
188563,-1.76573128337623,4,-0.9949319789397341
375391,-0.125872010587132,4,0.027835879286816582
188444,-1.61199447655225,4,-0.12418712863111576
375519,-0.38210002196042897,4,-0.026822276653758966
318176,0.335338409884804,4,0.1667054892759535
374253,-0.0746264083124718,4,-0.15922272838819426
375589,0.181601603060824,4,0.45758174099482607
375434,-0.0746264083124718,4,0.1321374904065898
376018,0.950285637180718,4,0.9858381385499967
373733,0.796548830356738,4,0.1460864979475369
188174,0.7453032280820799,4,1.4576884977812357
375692,-0.587082431059067,4,0.1669242728078447
373770,-0.638328033333725,4,0.16296260651957434
187654,0.5915664212581,4,-0.0702511642598933
375957,-0.125872010587132,4,-0.33560121770923645
189250,-1.15078405608032,4,-0.42902393867677774
187566,1.30900485310333,4,0.45249759243467325
187717,0.5403208189834421,4,0.2825732840960894
187473,-1.0995384538056598,4,0.07089201452022467
283823,-0.8945560447070229,4,-0.316951677558739
187662,-0.22836321513645105,4,0.30350029671863094
188286,-0.125872010587132,4,-0.534089292894521
190157,-0.38210002196042897,4,-1.0020762680528483
187505,1.92395208039925,4,0.3368643579905037
190818,-0.0746264083124718,4,-0.27177576466845993
187585,-1.048292851531,4,-0.3367914737254643
2437415,1.20651364855401,4,0.7471771376729635
374934,0.0791103985115055,4,0.4124868112941612
373506,-1.35576646517896,4,-0.2555478597582078
374592,-0.638328033333725,4,-0.03728547154117312
374396,0.335338409884804,4,-0.15999797991632664
283639,1.87270647812459,4,0.8944789222806655
187955,1.4114960576526498,4,0.3680992398540572
337841,-0.484591226509748,4,0.1050349897137444
375623,1.59085566561396,4,0.7021927515706461
188958,-1.35576646517896,4,-0.09796288503312242
189247,-1.15078405608032,4,-0.541138052421989
187839,-1.71448568110157,4,-0.7089960629783444
284335,1.4114960576526498,4,-0.14037581901536678
375017,1.15526804627935,4,-0.08282364003755718
375740,2.5388993076951603,4,0.41717692292082875
190769,1.20651364855401,4,0.5865820787954643
189253,-0.6895736356083859,4,-0.8883043542895568
375923,0.232847205335485,4,0.04964789002875961
319284,-0.17711761286179106,4,0.03057721573538098
188818,-0.5358368287844061,4,0.08683017401011413
187757,-1.15078405608032,4,-0.3065763005678338
190130,0.386584012159462,4,-0.37090340235120334
319280,1.15526804627935,4,-0.029232843500972085
373986,0.284092807610143,4,0.14569985125446624
189050,-1.25327526062964,4,-0.7461147200815481
375767,1.1040224440047,4,0.26128680703198964
284165,1.46274165992731,4,-0.06925625360432335
373467,0.386584012159462,4,-0.468278615959512
188549,-1.0995384538056598,4,-0.710659959848497
188981,-1.0995384538056598,4,-0.745686538644472
283844,-1.15078405608032,4,-0.8461443622234988
188086,-0.945801646981682,4,-0.01082972145703295
375790,1.30900485310333,4,0.45302185842551934
190186,0.4378296144341229,4,-0.2610234759961351
188558,-0.125872010587132,4,-0.3417091022168382
283447,1.30900485310333,4,0.7972820257212067
189624,-0.4333456242350871,4,-0.9433382405741416
188316,-0.484591226509748,4,-0.3633849538087993
374918,-1.15078405608032,4,-0.5993993889650252
375432,0.3097156087474749,4,0.3347342779316267
375784,2.18018009177254,4,1.2154706654416145
375995,0.386584012159462,4,0.08013425704362961
375932,-0.6895736356083859,4,-0.2207058412563064
375411,-0.6895736356083859,4,0.20261803756874142
190086,0.5403208189834421,4,-0.2939885039778311
190703,-0.6895736356083859,4,-0.8987220791198876
189093,-0.997047249256342,4,-0.4400793889645282
188154,1.46274165992731,4,-0.18958691789928764
187604,0.6940576258074189,4,0.40916894708196894
188410,1.05277684173003,4,0.6608430394265065
189240,-0.8945560447070229,4,-0.8507529248312485
283752,-0.330854419685768,4,0.06515304781010736
190088,-1.4070120674536202,4,0.07604385344788459
373851,0.284092807610143,4,0.33364221478926015
283968,0.4378296144341229,5,0.05238860934778244
189090,-0.5358368287844061,5,-0.5605265714377329
375746,0.284092807610143,5,0.037013962194857114
190007,-0.8433104424323629,5,-0.1330625079248608
374620,0.335338409884804,5,0.15244915529387382
374011,0.130356000786166,5,-0.0534800077169054
187741,0.130356000786166,5,0.011559150219805893
190006,-0.38210002196042897,5,-0.13783100958970157
284219,-0.27960881741111,5,0.26255731610075317
187958,0.7453032280820799,5,0.3934509640745604
187514,-0.945801646981682,5,0.463901659537201
284322,0.899040034906057,5,-0.03986212709563783
188324,-0.22836321513645105,5,0.051488005848208826
376033,1.4114960576526498,5,1.1341642263377214
319283,-0.125872010587132,5,-0.1039103270763706
283742,-0.5358368287844061,5,0.0743584082155367
187700,-1.25327526062964,5,-1.052005506590179
373575,0.5915664212581,5,0.018083137300627286
187834,-0.792064840157705,5,-0.7806866739192571
375560,0.335338409884804,5,0.419373908722431
283732,-0.4333456242350871,5,-0.054920001726001325
283822,-0.22836321513645105,5,-0.3510180585812061
187456,-0.945801646981682,5,-0.6801071678570054
188379,1.71896967130061,5,0.045674344709905106
374147,-1.25327526062964,5,-0.8113251472546182
188029,-0.330854419685768,5,0.31510632699742674
283769,-1.25327526062964,5,-0.28315200326993983
187993,-0.740819237883044,5,0.153533794530392
188067,0.335338409884804,5,-0.020848494212702077
283471,0.899040034906057,5,0.22981585256316567
373939,-0.22836321513645105,5,0.030424977955911474
284202,-0.38210002196042897,5,-0.4114790964403573
188187,0.7453032280820799,5,0.49911418348166153
374414,-0.17711761286179106,5,0.3409933999384823
284182,2.9488641258924297,5,0.23832016444549317
374517,-0.17711761286179106,5,-0.07093149873445455
2437410,0.6940576258074189,5,0.32027771218440665
375693,0.41220681329679104,5,0.8378337040171178
283209,-0.0746264083124718,5,-0.2532307519078059
187749,-1.0995384538056598,5,0.039768060689487406
187914,-1.35576646517896,5,-0.19363380036018565
374378,-0.17711761286179106,5,-0.29051311063780627
283456,0.4378296144341229,5,-0.2891733654346774
187735,0.642812023532761,5,0.32066253823635893
375467,0.489075216708781,5,0.19909331100319438
375642,-0.4333456242350871,5,-0.7728541197395473
187949,-1.35576646517896,5,-0.6486043467642851
283194,-1.50950327200294,5,-0.25127868885517674
283762,0.130356000786166,5,-0.25534775002935667
283766,-0.587082431059067,5,-0.2646102512427594
374941,1.6677240690259498,5,0.07858466577754591
319285,0.489075216708781,5,0.07336456680625436
188425,-0.38210002196042897,5,0.09033945791876928
190140,1.97519768267391,5,1.2476900436812932
188137,0.232847205335485,5,0.9133867559474239
373615,-0.17711761286179106,5,-0.21656241987552521
190815,0.130356000786166,5,-0.37465771982563223
187878,-0.4333456242350871,5,-0.1437390296684186
374595,-0.27960881741111,5,-0.47922265087081384
187545,0.5403208189834421,5,0.4604977265868918
190795,0.0278647962368471,5,0.3152232680154498
189958,-0.740819237883044,5,0.2604858317266534
187656,1.30900485310333,5,0.2841487923971412
338067,0.6940576258074189,5,0.1324413850072412
375738,0.5403208189834421,5,0.4755528468470984
187712,-1.048292851531,5,-0.1315493652647301
187588,0.0791103985115055,5,0.09182685790536452
374604,-0.792064840157705,5,-0.7343144238837005
189138,-0.4333456242350871,5,-0.41677110482398205
375577,0.5403208189834421,5,0.4036385177416674
187974,0.796548830356738,5,0.21018976310604356
190163,-0.997047249256342,5,-1.0020834628761408
375015,1.05277684173003,5,0.40886594531379
187507,-0.792064840157705,5,-0.5396805901446026
187810,-1.15078405608032,5,0.04788079422033176
188325,-1.97071369247487,5,-0.06431932537242228
187944,1.87270647812459,5,0.5618810136633584
376047,0.130356000786166,5,0.14686100717397096
190734,-0.17711761286179106,5,-0.1410149141327671
375697,-0.330854419685768,5,0.12871088178023032
374064,0.5915664212581,5,-0.4684606720898327
283967,-1.61199447655225,5,0.08464188842401099
374505,1.05277684173003,5,1.9428601272770216
187528,2.18018009177254,5,0.6553576814521932
375456,0.130356000786166,5,0.25696798173785274
190092,0.899040034906057,5,0.8352887508763611
375807,2.69263611451914,5,2.0885662798344233
375546,-0.17711761286179106,5,0.9618220810392228
375719,1.00153123945538,5,-0.054485107761342674
188226,-1.3045208629043,5,-0.49404604075058606
190561,-0.0233808060378135,5,0.21553449603623612
374741,-1.97071369247487,5,-0.9421930289568616
375569,-0.22836321513645105,5,0.37774048155471884
375596,0.4378296144341229,5,0.17909488097450454
188329,-0.0233808060378135,5,-0.8507874631194754
188025,-0.17711761286179106,5,-0.010374724737304976
375549,-0.5358368287844061,5,0.08957661144187896
375461,-1.48388047086561,5,0.34074713047007127
375934,-0.38210002196042897,5,-0.3138402384118283
375830,1.7958380747126002,5,0.4767496642854776
284370,0.130356000786166,5,-0.29525611618541137
373509,1.20651364855401,5,0.03895387618920794
374545,-0.38210002196042897,5,-0.27918668302612054
283623,1.71896967130061,5,0.9020506804094007
189811,-0.27960881741111,5,-0.23323142403102934
187975,-0.125872010587132,5,-0.0724808609316294
189871,-0.587082431059067,5,-0.3122876059699954
190149,-0.8433104424323629,5,-0.5095630623174934
284368,0.284092807610143,5,0.4294955180860358
189021,-0.484591226509748,5,0.2965020302701544
375557,2.4876537054205,5,0.2796584000398751
189229,0.4378296144341229,5,-0.5798354455503599
283616,1.71896967130061,5,0.9708831864062732
374398,0.4378296144341229,5,-0.22437749541360275
283182,-1.20202965835498,5,-0.22357392468015586
190780,-0.17711761286179106,5,0.7032181375795955
374623,-1.15078405608032,5,-0.030541954616993973
375765,-0.740819237883044,5,0.028797175476207793
188008,-0.38210002196042897,5,-0.3447302514933148
188185,-2.3294329083974903,5,-0.244408936090269
375875,-0.0746264083124718,5,-0.353926970724661
373642,-0.38210002196042897,5,0.06729389725204041
187855,-0.4333456242350871,5,0.03172452028688831
284338,0.0278647962368471,5,0.20372386831509556
373903,0.0791103985115055,5,0.3454241310722718
374631,-0.792064840157705,5,0.32810699298460816
189392,0.181601603060824,5,-0.6458522812135468
319781,2.5388993076951603,5,1.274093695462607
188340,-0.6895736356083859,5,-0.6469318995348267
373799,-1.61199447655225,5,-0.5450580265214224
374607,1.46274165992731,5,0.6968966204910139
375896,1.69334687016328,5,0.8866939002177765
375169,0.4378296144341229,5,0.09023834030846611
374474,0.642812023532761,5,-0.12448968549518535
188898,-0.638328033333725,5,-0.7973359206103124
188043,0.386584012159462,5,0.27116470680224253
376010,-0.330854419685768,5,0.3311143219948722
188009,-0.792064840157705,5,-0.5152575979325915
190137,-0.484591226509748,5,-0.1447360264686328
375939,0.335338409884804,5,0.6221955673053169
283279,0.232847205335485,5,0.04322872722072753
283179,-0.5358368287844061,5,-0.5083831428998984
187820,2.5388993076951603,5,1.295742509854612
188155,0.5403208189834421,5,-0.18476213802793798
376027,-1.0995384538056598,5,-0.10090514964476183
375539,0.6940576258074189,5,0.39255115092082843
189971,-0.125872010587132,5,0.08736365306849496
373651,2.12893448949788,5,0.6381630597506937
187681,0.796548830356738,5,0.9167478869704473
187804,-2.63690652204544,5,-0.5201993822030695
188944,-0.8945560447070229,5,-0.6556844154590957
374913,-0.27960881741111,5,-0.005770617026635363
283748,0.130356000786166,5,-0.2222300794099885
284305,0.232847205335485,5,-0.3740098974163133
189041,-0.740819237883044,5,-0.46988973860744976
188596,-0.792064840157705,5,0.30964963618939145
284215,0.386584012159462,5,1.8813013309234656
283215,-0.27960881741111,5,-0.3874220243897034
188142,-0.792064840157705,5,-0.32444110804237
190499,-0.22836321513645105,5,-0.1903742042544527
190804,-1.86822248792555,5,-0.49701524203997105
319282,-0.484591226509748,5,-0.17149565263834646
283232,1.15526804627935,5,-0.5393803850862928
189384,-1.45825766972828,5,-0.7918597325688308
374186,0.284092807610143,5,0.6029927122318517
187805,-0.38210002196042897,5,-0.6132524990697691
375735,-0.17711761286179106,5,0.5096392625285484
187561,-0.330854419685768,5,-0.2349660156195112
187527,1.15526804627935,5,0.5591719831533636
188540,0.335338409884804,5,0.16862126921110868
189201,-0.945801646981682,5,-0.6995097465908646
375498,1.05277684173003,5,0.33934411298550765
375565,0.6940576258074189,5,0.4721193757702798
187907,-0.38210002196042897,5,-0.3942638158833305
375585,2.12893448949788,5,0.3766996413399619
188396,1.71896967130061,5,0.49963351398654293
189956,1.1040224440047,5,-0.08999483152873258
188327,-1.91946809020021,5,-0.8504646054351647
375702,1.5652328644766298,5,1.260830040944697
188033,-0.945801646981682,5,-0.12915711037455707
375794,0.4378296144341229,5,0.8912419129899319
374825,-2.27818730612283,5,-0.8092851551518563
187895,0.181601603060824,5,-0.3265580211165212
188152,1.6677240690259498,5,1.3732463830876458
374213,-0.0233808060378135,5,0.3802700804398177
375971,-0.792064840157705,5,0.09911394869354363
187647,0.796548830356738,5,0.337866475835408
283707,-0.0233808060378135,5,0.14464324651507762
188449,-0.8945560447070229,5,-0.6536372663624469
189189,-0.484591226509748,5,-0.8608368505425921
188640,-0.330854419685768,5,0.25554928096119983
336781,-1.35576646517896,5,-0.38531518660781866
188026,-0.38210002196042897,5,-0.43525331343190277
375433,-0.6895736356083859,5,-0.17937944495167826
284277,-0.17711761286179106,5,-0.2614331117267897
188095,-0.0233808060378135,5,0.09279370700871802
189700,-0.587082431059067,5,-1.037222087674442
189230,-0.5358368287844061,5,-0.7157553414125024
187857,-1.61199447655225,5,-0.5961545172212694
375972,1.6677240690259498,5,1.5329801608852422
375975,-1.15078405608032,6,-1.0211018217626526
188328,1.20651364855401,6,0.4326447583042734
283116,-1.25327526062964,6,-1.0775669669525443
284189,0.5915664212581,6,-0.14647209085772808
284110,1.30900485310333,6,0.29584747519299
374392,1.05277684173003,6,-0.14737195381631785
188407,0.5403208189834421,6,0.29973008547404756
190098,-1.5607488742776,6,-0.9712640806391027
187858,-0.0746264083124718,6,0.22951750969663343
283359,0.386584012159462,6,0.18700043511488362
187518,0.0791103985115055,6,0.016194272067281357
187992,-0.17711761286179106,6,0.7247274556735768
188546,-0.4333456242350871,6,-0.7424658964251024
283126,-0.740819237883044,6,-0.6512485803570747
375752,1.77021527357527,6,0.260159972918853
373628,0.489075216708781,6,-0.2025006624523816
375547,-0.587082431059067,6,0.47787356898474437
376015,-0.330854419685768,6,-0.08433719136317681
188742,-2.0732048970241896,6,-0.8112940095155355
283138,1.61647846675129,6,-0.12919299809895984
375970,-1.33014366404163,6,0.083202303113733
283789,-0.587082431059067,6,-0.07208584152028145
189267,0.7453032280820799,6,-0.10305688206980669
283220,0.0791103985115055,6,-0.16329697636867463
187674,-0.484591226509748,6,-0.054918712397318166
375628,-0.330854419685768,6,-0.13075396692779506
189002,-0.792064840157705,6,-0.5191342310206631
375446,0.335338409884804,6,0.16786677850237025
283427,-0.792064840157705,6,0.11887745538949243
188911,1.71896967130061,6,0.6306679509315813
283838,0.8477944326313991,6,0.2862751375538914
188893,-0.945801646981682,6,-0.8658044182378959
284168,1.20651364855401,6,1.371583946943759
189734,-0.6895736356083859,6,-0.20911653818391093
375726,-1.61199447655225,6,0.15356606595027975
284354,0.489075216708781,6,-0.023143985295372264
188517,-0.0746264083124718,6,0.20505126236841348
189017,-1.048292851531,6,-0.5645004075763809
375674,0.335338409884804,6,0.4643510146856874
375094,0.284092807610143,6,0.20687531542282575
374419,-0.22836321513645105,6,-0.28465511835994056
374598,-0.0746264083124718,6,0.05498563184679085
375404,1.00153123945538,6,0.48220072451748963
375594,0.899040034906057,6,0.7044409524730184
2436902,1.25775925082867,6,0.551191872187893
189808,-1.35576646517896,6,-0.206629870016997
188901,-0.0746264083124718,6,0.15653223370302713
188053,0.386584012159462,6,-0.22131409831554538
190101,-1.8169768856508897,6,-1.3215948244882414
374483,-0.6895736356083859,6,-0.5598506888966718
189927,0.284092807610143,6,-0.14983865859749626
283676,-1.048292851531,6,-0.3233404179479323
188930,-0.638328033333725,6,-0.6875815751052888
373925,0.181601603060824,6,0.3014424463835674
374385,-1.20202965835498,6,-0.052338420178158256
373578,1.15526804627935,6,0.19534025230982233
308211,0.8477944326313991,6,0.49373023730268323
284209,-0.945801646981682,6,0.18173166018093784
317951,1.46274165992731,6,-0.036706973461887664
284251,1.4114960576526498,6,0.39938731429504415
283833,-0.27960881741111,6,-0.05069231389726875
283638,0.335338409884804,6,0.042667987812651714
374112,0.899040034906057,6,0.09577691134008753
190709,-0.38210002196042897,6,-0.1521368781437784
284312,-0.5358368287844061,6,-0.27572885946344144
375998,2.3595396997338502,6,1.3671647899401893
187818,0.5915664212581,6,-0.2694090972625668
187973,-0.22836321513645105,6,-0.06452319838297793
190800,0.232847205335485,6,0.41777638388843047
189928,0.181601603060824,6,-0.1545647858317069
283634,-0.5358368287844061,6,0.10472104026167144
374699,1.25775925082867,6,0.2957799005115003
319957,-0.22836321513645105,6,0.038715881203091385
374368,0.8477944326313991,6,0.13437700928181212
189919,-0.587082431059067,6,-0.14803619038353968
375494,-0.6895736356083859,6,-0.3181227321081739
284059,0.6940576258074189,6,0.01798075524996331
2437248,0.5403208189834421,6,-0.09520814559203802
189049,-1.25327526062964,6,-0.8130708408283887
187696,-0.330854419685768,6,0.017969649388331555
187889,-0.17711761286179106,6,-0.031212271853630166
190434,-0.484591226509748,6,-0.13574152407433507
283597,0.489075216708781,6,0.8374450715403371
189991,-0.5358368287844061,6,-0.12398111422144241
318174,-0.125872010587132,6,0.030281890046459484
190708,-0.27960881741111,6,-0.9720268492144628
283176,0.181601603060824,6,-1.13625590769145
375665,1.46274165992731,6,0.3017169943770501
374935,-0.792064840157705,6,-0.582892437105254
375545,1.15526804627935,6,0.3440622145445844
3624697,0.232847205335485,6,0.46754039181046253
188988,-0.5358368287844061,6,-0.4935269293931252
283792,-0.817687641295034,6,0.4442857978956285
187758,0.950285637180718,6,-0.1899609099545124
187832,1.51398726220197,6,-0.35567605420977194
187867,0.386584012159462,6,0.07763134449898605
375871,-0.27960881741111,6,-0.21998968131876295
283600,-0.945801646981682,6,0.10535646225229965
374706,-0.17711761286179106,6,0.31086063986428886
190076,0.130356000786166,6,-0.47182299405747313
188418,-1.3045208629043,6,0.06711592058893436
189287,0.181601603060824,6,-0.1956521489572396
190813,-0.587082431059067,6,-0.21692952044666108
189842,-0.330854419685768,6,-0.1485067126037454
189077,-0.945801646981682,6,-0.6620097679587437
189668,-1.35576646517896,6,-1.2167989189247654
283431,0.4378296144341229,6,0.573955754535045
375509,0.950285637180718,6,0.3370624281507256
189152,-0.6895736356083859,6,-0.6679173292707113
188369,1.25775925082867,6,0.5569738918255573
283177,-1.8169768856508897,6,-0.2838514875506429
190056,0.796548830356738,6,-0.32164312218301006
375016,0.386584012159462,6,-0.006617641624796661
189834,-0.22836321513645105,6,-0.1247341143321602
189885,-1.61199447655225,6,-0.28107693785688537
188103,-0.997047249256342,6,-0.3162287814287051
375816,3.0513553304417504,6,1.968647643717219
187863,0.899040034906057,6,0.6567961832894732
373832,0.386584012159462,6,0.29732887654711815
2437308,0.489075216708781,6,-0.1157909758253536
190173,-0.587082431059067,6,-0.2889287907560154
189757,-0.5358368287844061,6,0.42238461173769254
375739,1.15526804627935,6,0.5673507596012585
375940,-0.484591226509748,6,-0.2504985696440946
374961,-0.0746264083124718,6,0.09312151668699015
283753,0.5403208189834421,6,-0.06190647329424169
374662,0.5403208189834421,6,0.20082939432591707
187817,2.7182589156564703,6,1.2918482614535987
188255,0.0791103985115055,6,0.19840661023603587
374067,0.4378296144341229,6,-0.5875560515178242
188909,-1.25327526062964,6,0.43105934187529926
189625,-1.91946809020021,6,-0.7671971855236889
188913,-1.4070120674536202,6,-0.9843691937555342
190096,-1.0995384538056598,6,-1.009076985306152
284280,-0.0233808060378135,6,0.5537135217673662
375579,0.899040034906057,6,0.24972829241948497
374702,-0.5358368287844061,6,-0.43421672258762534
190702,-1.20202965835498,6,-0.9574628466061416
374547,1.15526804627935,6,0.2716926861776243
374391,0.232847205335485,6,-0.16241637986300606
188056,1.4114960576526498,6,1.454554790560185
375455,0.130356000786166,6,0.19184059394483488
374746,-2.0732048970241896,6,-1.2305214274697067
187481,-0.5358368287844061,6,-0.31699336158701186
187709,1.36025045537799,6,0.18967082466521867
283719,-0.330854419685768,6,-0.15393997461150535
187786,0.232847205335485,6,-0.1323993720816746
189025,-0.792064840157705,6,0.23021521745494833
375518,1.82146087584993,6,0.36095546394410494
188443,1.51398726220197,6,0.12276272796567429
283828,-1.50950327200294,6,-0.7757629933714686
283579,0.642812023532761,6,0.4455094440509234
283970,-0.6895736356083859,6,0.12220914216669805
284278,0.489075216708781,6,0.1646022655749365
188991,-0.740819237883044,6,-0.6004046024070859
374683,-1.048292851531,6,0.14121016808766773
188001,-0.17711761286179106,6,-0.42915032067541636
189832,-1.25327526062964,6,-0.04313333840066517
374003,0.489075216708781,6,0.09514740683797972
374759,0.5403208189834421,6,-0.18779711997432832
373730,1.00153123945538,6,0.100010490798736
375965,-0.125872010587132,6,-0.1862629109184824
190732,-0.22836321513645105,6,-0.17792574618000942
188336,-2.27818730612283,6,-0.5589706379412288
283221,0.796548830356738,6,-0.34942436769501256
375625,0.284092807610143,6,0.36028029220882474
188338,-0.8433104424323629,6,-0.4393138581807963
188672,-0.0233808060378135,6,-0.073133306173539
374110,0.489075216708781,6,-0.18320613232997748
190810,-0.330854419685768,6,0.06961308483247394
2436999,0.335338409884804,6,0.2324934687357282
187511,0.130356000786166,6,0.1548159604748683
375513,0.6940576258074189,6,0.6752359923748612
188378,-0.4333456242350871,6,-0.5983413066262921
187556,0.7453032280820799,6,0.0763610018177791
373675,-1.50950327200294,6,0.14785170169308887
190344,-0.8945560447070229,6,-0.5849713913281125
188848,0.8477944326313991,6,0.22565944675430502
189291,-0.587082431059067,6,-0.5870416621550899
190068,-1.15078405608032,6,-0.9204089197623795
187770,-0.5358368287844061,6,-0.0039016845793128636
189744,0.284092807610143,6,-0.13284644034976495
188970,-0.740819237883044,6,-0.7047426255988104
189231,0.335338409884804,6,0.32035839418822265
283790,-0.740819237883044,6,-0.4146730976574017
187563,-0.587082431059067,6,0.39827517525171047
187892,0.4378296144341229,6,-0.20613095386343813
375620,1.82146087584993,6,1.5044598068108674
187470,0.181601603060824,6,0.6795897040797754
187544,0.950285637180718,6,-0.10898386654764605
374988,2.2314256940472,6,1.323820612328589
374629,0.386584012159462,6,0.32040486050473066
284327,-0.27960881741111,6,-0.2028432528963729
284236,2.43640810314584,6,1.4891255835305006
187475,-0.0233808060378135,6,0.01333069570896731
375933,0.796548830356738,6,0.9328300203210083
187579,-0.330854419685768,6,0.22675773456648768
376040,2.18018009177254,6,1.915551706043478
190819,-1.20202965835498,6,-1.2447596499636864
189016,-1.0995384538056598,6,-0.608871608441111
374646,0.8477944326313991,7,0.24359816367671897
190144,-1.4070120674536202,7,-1.0587835003539516
187866,0.284092807610143,7,0.4721245966461476
189632,-1.0995384538056598,7,-0.9718961140099257
188314,-0.125872010587132,7,-0.2701084265478362
187669,0.5915664212581,7,-0.0425627616114828
188244,-1.25327526062964,7,-0.9880365424851985
187714,0.489075216708781,7,0.09955008933529841
374445,-0.330854419685768,7,0.2849405752837325
283110,0.284092807610143,7,0.21056627169182812
375504,-0.8433104424323629,7,0.16232081469346135
189274,-0.8433104424323629,7,-0.6322252518099567
187607,-1.0995384538056598,7,-0.23282213197418086
188114,-1.15078405608032,7,-0.586518051578048
188907,-1.20202965835498,7,-0.7660478673569617
189028,-0.945801646981682,7,-0.5435604711052531
284279,0.5915664212581,7,-0.35692172874299594
2437244,-0.17711761286179106,7,0.23421810389982992
187731,1.20651364855401,7,0.59800872908496
188362,0.232847205335485,7,0.1452990594332884
189615,-1.0995384538056598,7,-0.9251633166912098
308008,0.130356000786166,7,-0.04316162594146736
375355,0.899040034906057,7,0.36356405829243704
189708,0.489075216708781,7,-0.23900351831399438
374995,2.12893448949788,7,1.188155622691531
374742,0.0278647962368471,7,-0.9994330113802841
187685,-0.22836321513645105,7,0.03892271988549479
283723,-0.330854419685768,7,-0.06996580739869868
374610,-0.38210002196042897,7,0.02685459418207748
375714,0.5915664212581,7,0.5308727742543766
375581,1.51398726220197,7,0.659157802229326
187990,-1.048292851531,7,-0.11314968854738991
187584,0.5915664212581,7,0.28472194495236786
373777,-1.20202965835498,7,-0.3385769103055202
374108,-0.5358368287844061,7,-0.15914564024987243
189045,-0.125872010587132,7,-0.49709777626665447
187888,0.642812023532761,7,0.39547887224541867
187752,1.82146087584993,7,1.9144020445486243
187756,1.87270647812459,7,2.010116667959489
188774,1.87270647812459,7,1.8885482926639425
189786,-1.61199447655225,7,-0.3898436134305464
283815,-0.638328033333725,7,0.004920501213345369
189755,-0.17711761286179106,7,-0.30165035084685055
190040,-1.71448568110157,7,-1.3089601834692601
374386,-0.484591226509748,7,-0.5686037686804387
375883,2.18018009177254,7,2.0330706323095358
187728,-0.8433104424323629,7,-0.8997897422344933
188038,0.130356000786166,7,-0.013618944460381376
375598,-0.997047249256342,7,-0.07151037358812073
283224,-0.27960881741111,7,-0.3454418563694146
375743,0.7453032280820799,7,0.4749366139100972
373861,-0.5358368287844061,7,-0.6161937552298578
283808,0.284092807610143,7,0.6674140192875556
283230,-1.45825766972828,7,0.061715064739997605
318549,0.796548830356738,7,0.12283293477937596
189868,0.4378296144341229,7,-0.25854285439930036
187954,1.05277684173003,7,0.8003629710883616
188163,1.77021527357527,7,0.2475605284383924
374412,-0.587082431059067,7,-0.1419777895785568
188899,0.335338409884804,7,-0.15173372684209402
375037,-1.4070120674536202,7,-0.015209982787427514
373758,1.30900485310333,7,0.25180239545505206
375597,2.02644328494857,7,0.9364578404416987
283598,0.181601603060824,7,0.3791175517186785
283089,-0.38210002196042897,7,-0.19673156082269838
187874,-0.587082431059067,7,0.09971647449226223
284162,-0.0233808060378135,7,0.4024674042442592
189869,0.130356000786166,7,-0.2646244796641369
189320,-1.048292851531,7,-0.6819502473843128
375503,2.18018009177254,7,1.462205522903732
190015,-0.6895736356083859,7,-0.3131168138657786
336684,-1.71448568110157,7,-0.7665390458035513
375578,0.130356000786166,7,0.2336390322626945
189670,-1.0995384538056598,7,-0.8905197327193247
374611,1.15526804627935,7,0.014283812269694373
190184,-1.50950327200294,7,-0.15398583064326474
189268,0.642812023532761,7,-0.08621566014498476
189790,-0.8945560447070229,7,-0.24190467833782828
374712,-1.0995384538056598,7,0.19932482032232227
284231,2.410785302008509,7,-0.10222181687494465
2437256,1.6677240690259498,7,-0.1782085590665715
375552,0.4378296144341229,7,0.42333401033507995
283183,-1.45825766972828,7,-0.21235276017920576
375838,-1.76573128337623,7,-0.8478435361724126
374655,1.05277684173003,7,0.23751846845193023
374475,0.0278647962368471,7,-0.7308070196252291
283763,-0.0746264083124718,7,-0.24963889517251361
375662,-0.0233808060378135,7,0.41995314010529483
190089,0.5915664212581,7,-0.1997824739461253
283416,0.899040034906057,7,0.45593344024768945
375368,1.25775925082867,7,0.2517242573886028
2437048,-0.5358368287844061,7,0.14712648646410392
373795,-0.22836321513645105,7,0.06074502627955475
189139,0.0278647962368471,7,-0.18062378852574854
318177,-0.484591226509748,7,0.024656585446866042
187710,-0.125872010587132,7,0.0788194624981539
187930,0.0791103985115055,7,0.608024333524842
375550,-1.4070120674536202,7,0.17744644058007503
374658,1.36025045537799,7,0.4990557429703345
187493,-0.0233808060378135,7,-0.12693080020836
374436,1.12964524514202,7,-0.24671285293120926
188061,0.284092807610143,7,0.23666054789499055
283768,-0.330854419685768,7,-0.16527820691914333
189833,0.284092807610143,7,-0.1995631874859893
188402,1.51398726220197,7,0.6479560957546704
283736,-0.8945560447070229,7,-0.472412661921051
189766,-0.22836321513645105,7,-0.2075789592394813
188493,-0.6895736356083859,7,-0.7242681820537064
188421,-0.740819237883044,7,0.46239189257962704
190116,-0.997047249256342,7,-1.094552431625138
189932,-0.125872010587132,7,-0.3804635642814091
374001,-0.5358368287844061,7,-0.25367536011396824
189245,-0.587082431059067,7,-0.4857543624208664
190162,-0.125872010587132,7,-0.21000055075034435
189109,-1.25327526062964,7,-0.6788892578639215
190175,-0.997047249256342,7,-1.0233338283851512
188104,-0.638328033333725,7,-0.15199787160452832
375690,1.97519768267391,7,0.7572059863342118
190069,-0.997047249256342,7,-0.561613902609473
375590,1.92395208039925,7,1.1367801955500552
189068,-0.997047249256342,7,-0.04405925391390187
189157,-1.35576646517896,7,-0.31311300594540675
2437252,1.20651364855401,7,0.5122139274815236
375687,0.5403208189834421,7,0.2690322693545122
187686,-0.125872010587132,7,0.001960489820581193
375274,-0.0746264083124718,7,0.1723308668804051
187567,1.46274165992731,7,0.6317065503235336
2437245,0.6940576258074189,7,0.5199559706920586
189864,-0.0746264083124718,7,-0.1662566702521116
373655,-0.0746264083124718,7,0.18337438940883719
188079,-0.22836321513645105,7,0.17511469780619246
188494,-0.8433104424323629,7,-0.5988604187840145
188846,2.4876537054205,7,1.542417353967674
375502,-1.0995384538056598,7,0.04912262226243087
188497,-0.330854419685768,7,-0.2724838291330021
188373,0.130356000786166,7,0.11765071188617562
283432,0.6940576258074189,7,0.8059695808545873
375839,-0.945801646981682,7,-0.24765873560255583
187649,-0.0233808060378135,7,-0.06544827035974929
376034,0.5915664212581,7,-0.02319137633086007
187515,0.4378296144341229,7,0.7296706434141117
189979,-0.22836321513645105,7,-0.2769405859953373
189865,-0.638328033333725,7,-0.14668380931453207
283231,-0.638328033333725,7,-0.3707145414935223
374937,0.4378296144341229,7,-0.1481607086300672
373734,0.130356000786166,7,0.28042991665288547
190814,-2.22694170384817,7,-1.2325843582668852
375832,-1.048292851531,7,-0.5627533977684882
375254,-0.0233808060378135,7,0.2779525717342638
376012,-0.17711761286179106,7,0.20310929626572222
189193,-0.5358368287844061,7,-0.6878660045034056
283819,-0.484591226509748,7,-0.3714034454688461
189712,0.565943620120771,7,0.6210330187890268
187648,1.20651364855401,7,-0.3466307112292589
374612,1.1040224440047,7,0.26290836148380325
375341,0.899040034906057,7,0.07022077155985489
374689,0.642812023532761,7,0.2764733974910037
283740,-0.0233808060378135,7,0.13981925737186424
187838,-0.125872010587132,7,-0.7777578870955725
187671,0.950285637180718,7,0.3663738427546693
374567,0.386584012159462,7,-0.3557403260003836
284241,0.899040034906057,7,0.22269448817307944
189433,-0.638328033333725,7,-0.4130202208973299
318550,0.899040034906057,7,0.08501367550085236
188146,0.7453032280820799,7,0.6432908864154803
189703,-1.91946809020021,7,-1.3181950411304464
189009,-1.3045208629043,7,-0.6651582908790439
188441,0.642812023532761,7,0.10331526195097206
189225,-0.330854419685768,7,-0.7249825420645646
2437251,-2.3294329083974903,7,0.29197193374288927
374617,0.386584012159462,7,0.10054906704482187
188018,-0.8433104424323629,7,0.1401567785257952
2437266,-0.740819237883044,7,0.0818117847940516
189246,-0.5358368287844061,7,-0.9519617495871703
190238,0.5403208189834421,7,-0.11950316584657275
374548,1.20651364855401,7,1.1037139842366528
283962,-0.22836321513645105,7,-0.05154381807571022
188982,-2.0732048970241896,7,-0.8662843482806732
189715,-0.484591226509748,7,-0.20961680761742466
188872,-0.17711761286179106,7,-0.20167644714353958
374476,1.1040224440047,7,-0.13058266521783188
188058,0.0791103985115055,7,0.3917902549115869
336686,-1.33014366404163,7,-0.06372141981008295
317953,0.0791103985115055,7,-0.1434748870841986
190072,-1.45825766972828,7,-1.0496885489470347
374688,0.4378296144341229,7,0.2628828383822141
283599,-1.0995384538056598,7,0.045786513238138184
190125,0.130356000786166,7,-0.37201319733994886
375661,2.3851625008711803,7,0.6804454426277041
374401,-0.792064840157705,7,-1.2914326531566473
188335,-0.6895736356083859,7,-0.29898089268823225
189797,0.386584012159462,7,-0.19969308989131873
188993,-0.8945560447070229,7,-0.7884653930256935
188256,0.8477944326313991,7,0.3755332197970751
188306,-0.0746264083124718,7,0.03307568087851521
374553,0.232847205335485,7,0.20808503385760813
189881,0.6940576258074189,7,-0.10084154909250376
190733,-1.048292851531,7,-0.32925282074406387
375340,1.46274165992731,7,0.7870097029580846
374374,-0.484591226509748,7,-0.8721634761230925
375745,0.463452415571452,8,0.14756366660597806
375392,0.6940576258074189,8,0.063681853550174
283665,1.61647846675129,8,0.8889632118226249
283160,-0.17711761286179106,8,0.2530790242400552
189000,-0.484591226509748,8,-0.9296761930233837
375748,-0.0233808060378135,8,0.21027277112149817
188768,-1.86822248792555,8,-0.88105134228301
375571,0.335338409884804,8,0.2464025662497169
188236,1.71896967130061,8,0.9126237411509601
283515,0.8477944326313991,8,0.44797840151655965
190016,-0.22836321513645105,8,-0.15898096788736515
374183,-1.15078405608032,8,-0.09961102572996282
373793,-0.125872010587132,8,-0.30904853226127493
188445,-0.638328033333725,8,0.01991646231897329
283449,-1.15078405608032,8,-0.01698498168004137
188231,2.59014490996982,8,1.2364609935212445
187981,-0.17711761286179106,8,0.07298448770817288
187924,-1.048292851531,8,0.3126635102172553
188636,-0.27960881741111,8,-0.0014019985136932845
188031,-0.38210002196042897,8,-0.14116230834106797
187543,1.25775925082867,8,1.4756692484917664
375775,-0.4333456242350871,8,0.5906273246763639
188463,-0.945801646981682,8,-0.24749097215012822
375540,-0.5358368287844061,8,0.12749869564079877
375394,-1.66324007882691,8,-0.08462070394449024
187637,0.335338409884804,8,-0.02663913022334288
187530,1.87270647812459,8,0.6197507378276185
283812,-0.740819237883044,8,-0.39336800056339083
373571,2.07768888722322,8,0.5303402132384201
375449,-0.330854419685768,8,-0.10869007781737156
189723,0.642812023532761,8,-0.14386179270609253
374467,-0.4333456242350871,8,-0.7681884566115444
374139,-0.8945560447070229,8,-0.888200467810632
188034,0.284092807610143,8,0.41529039292108544
188110,-2.38067851067215,8,-0.8803729254675658
189754,0.130356000786166,8,-0.22446991035805952
375018,-0.945801646981682,8,0.056826567683842075
189020,-0.8433104424323629,8,-0.8138551422379622
190728,-0.792064840157705,8,-0.12642486274818324
283782,0.5403208189834421,8,0.05093805580617252
188145,1.05277684173003,8,1.4682215007803565
188912,-0.792064840157705,8,-0.9232553805131866
189895,0.181601603060824,8,-0.14280376531996072
375922,-0.6127052321963959,8,0.3009809642735362
187522,0.0278647962368471,8,0.08773684000577596
374719,-0.38210002196042897,8,-0.06812896850669853
375778,0.5915664212581,8,1.2353662920112811
374066,0.386584012159462,8,0.7689064547090809
187500,-0.740819237883044,8,-0.20752406801909118
283802,-0.5358368287844061,8,-0.28732868701253306
190757,-0.17711761286179106,8,-0.21487361702929036
284222,1.4114960576526498,8,0.8265135908714857
374814,-1.4070120674536202,8,-1.0392738804213408
373629,-0.8945560447070229,8,-0.03314220390129988
187765,2.12893448949788,8,1.9480756459375717
189309,-0.4333456242350871,8,-0.8384285867551832
188500,0.642812023532761,8,0.2663869152964594
188990,0.0278647962368471,8,-0.6107762129198888
188786,-1.45825766972828,8,-0.6890721003761775
374362,-0.484591226509748,8,-0.4293276124819967
190296,-0.0746264083124718,8,-0.2435749659136043
375823,-1.25327526062964,8,-0.1762604274162937
187549,2.02644328494857,8,0.9744744594011118
308212,-1.4070120674536202,8,-0.8024408769199549
284372,-1.25327526062964,8,-0.22441623736917293
189862,-0.0233808060378135,8,-0.33741597412838603
188980,-1.15078405608032,8,-0.5676265329949001
187691,-1.25327526062964,8,-0.5294465308030297
375943,-0.945801646981682,8,-0.2644863438170371
187536,-0.0233808060378135,8,-0.21518799496242225
187469,-0.792064840157705,8,-0.5526981400161403
374371,-0.125872010587132,8,-0.20999847182330758
190097,-0.587082431059067,8,-0.16098455910748416
283130,1.15526804627935,8,0.3512076275704603
284248,1.36025045537799,8,0.5755251088242366
374359,-1.4070120674536202,8,-1.044552501910543
187665,0.0278647962368471,8,-0.21839715959689845
190803,-1.5607488742776,8,-0.2786794453848205
284067,0.8477944326313991,8,0.5805076534532886
188287,-0.8433104424323629,8,-0.6062551777833196
190170,-0.38210002196042897,8,-0.12244849151280512
374361,0.0278647962368471,8,0.05304271301425652
376002,1.20651364855401,8,0.6132233820991952
375930,-0.484591226509748,8,-0.03307854976658785
188932,-0.792064840157705,8,-0.5560363137192026
375689,1.46274165992731,8,1.1549407817996595
375409,0.284092807610143,8,0.04128797665203029
373654,-0.484591226509748,8,-0.05392564271566462
188458,0.489075216708781,8,0.17242925527265024
375410,-1.5607488742776,8,0.03407071452829954
375397,0.181601603060824,8,0.5006336426193991
284265,-1.50950327200294,8,0.055499350031049874
189280,-1.61199447655225,8,-0.5150157142629125
375004,1.51398726220197,8,0.48291802507141235
187591,0.642812023532761,8,-0.03528021668724707
188997,-0.27960881741111,8,-0.4890793447296238
189242,-1.25327526062964,8,-0.8679248104709366
187791,-0.330854419685768,8,0.2112153198195103
284247,2.9488641258924297,8,1.7849757140150102
188792,1.20651364855401,8,0.09944355083439613
373627,1.6677240690259498,8,0.4153711674961797
187887,1.71896967130061,8,1.4503566801329173
375608,1.1040224440047,8,0.8428548480925125
189732,-1.8169768856508897,8,-1.0196126722926377
375205,-0.997047249256342,8,0.2243824439870656
189234,-0.5358368287844061,8,-1.0973599905214806
187920,0.899040034906057,8,0.5888922673495954
187824,0.8477944326313991,8,0.7700750829228341
189637,-0.997047249256342,8,-0.8568389254413776
188704,-1.8169768856508897,8,-1.2893198073745038
188282,-0.22836321513645105,8,-0.4120862695972479
187609,-0.945801646981682,8,-0.3485200356608042
319954,0.642812023532761,8,-0.18690821838394955
373481,-1.4070120674536202,8,-0.49556600822306063
187901,-0.484591226509748,8,0.2405141082987682
188849,-1.50950327200294,8,-0.6528397645853227
187590,-0.8433104424323629,8,-0.23503364421364506
283726,0.284092807610143,8,0.049343154431097075
190196,-0.740819237883044,8,-0.35040065138544096
187826,0.232847205335485,8,0.4566372562425301
189859,-0.6895736356083859,8,-0.3407068930546801
375813,-1.35576646517896,8,0.2516272208071888
317829,1.15526804627935,8,0.043781664467873106
284304,-0.792064840157705,8,-0.2966771975903372
189042,-0.5358368287844061,8,-0.6426292194105319
188816,0.0278647962368471,8,0.07142731594056875
189964,-0.945801646981682,8,-0.3853771326024602
188321,-0.22836321513645105,8,0.2725827685421092
374155,-0.17711761286179106,8,-0.6457612858548549
188529,1.6677240690259498,8,0.359023680098022
188536,0.335338409884804,8,0.22529614054871097
318173,-0.125872010587132,8,-0.1528253510095862
375393,0.386584012159462,8,0.04789779020498712
308011,1.36025045537799,8,0.6091330711482436
284303,0.4378296144341229,8,-0.3465933799305916
2437249,1.46274165992731,8,0.5302957257409224
283892,-0.8433104424323629,8,-0.45319034076317144
189689,-0.5358368287844061,8,-0.1339086056292889
187489,-0.484591226509748,8,-0.11349808829651152
188204,-1.66324007882691,8,0.03490175948243328
189955,0.7453032280820799,8,0.1048336101667946
374652,1.25775925082867,8,0.5417621610219973
374407,0.0791103985115055,8,-0.2720310552696818
283772,-0.484591226509748,8,0.4094807761838238
188401,-1.048292851531,8,0.20801950156539098
375243,-0.125872010587132,8,0.21531323806873198
188376,-0.484591226509748,8,-0.2876411228923903
187754,0.5915664212581,8,0.47850101879907464
190252,0.130356000786166,8,-0.163950399103503
189012,-1.35576646517896,8,-0.1713209502160699
374363,0.335338409884804,8,0.14863069523203568
190081,0.899040034906057,8,-0.21378154199033073
375845,-0.6895736356083859,8,-0.24257759312010083
187764,-0.4333456242350871,8,-0.22900808363937622
188669,-0.8945560447070229,8,0.08353602615602365
284120,1.51398726220197,8,0.4229152289005248
188311,-2.02195929474953,8,-0.508488718597299
188054,-0.945801646981682,8,0.13952392414130602
187560,0.642812023532761,8,0.637731309247282
188215,0.6940576258074189,8,0.441550945305672
187781,-0.125872010587132,8,0.15842115703635037
283776,-0.5358368287844061,8,-0.024406663569999196
374165,-1.66324007882691,8,-0.4004759962452161
374603,0.130356000786166,8,0.06337388037131032
189883,-0.484591226509748,8,-0.2185602418979427
283757,1.15526804627935,8,0.022974395952082265
308007,0.5403208189834421,8,0.060290422012626084
190794,0.7453032280820799,8,0.37496490752182104
188382,0.4378296144341229,8,0.4055411221455973
187921,0.5403208189834421,8,-0.12403044827221593
190141,-1.91946809020021,8,-1.2865160153606259
187713,-0.945801646981682,8,-0.5867393681015224
374063,0.284092807610143,8,-0.1516585649077146
188220,2.2314256940472,8,1.3045976976407754
375935,-0.4333456242350871,8,-0.3666082251523314
283950,-0.330854419685768,8,0.18415518039409862
375820,-0.945801646981682,8,0.5266195820974677
190035,-0.4333456242350871,8,-0.15188967971919282
189947,-0.0233808060378135,8,0.08318402856456693
190037,-0.4333456242350871,8,-0.2421779880522979
187763,0.5403208189834421,8,0.6055321623635298
187880,-1.35576646517896,8,-0.05640442079669806
187711,0.5915664212581,8,0.010078023214649184
187853,-0.587082431059067,8,0.12351850275038534
188507,-1.048292851531,8,-0.031358913250709296
374917,-1.15078405608032,8,-0.6637885718312729
375708,0.335338409884804,8,0.6444410933745359
374703,-1.048292851531,8,0.12676214294215302
375950,-0.17711761286179106,8,-0.05402051775830692
283312,0.6940576258074189,8,0.30170570493639004
188214,1.00153123945538,8,1.0681651310501834
2437263,-0.8433104424323629,8,0.133744463997431
284203,0.4378296144341229,8,-0.10469897113719796
373872,-0.997047249256342,8,-0.8621612042988279
187879,-1.15078405608032,8,0.04523808906425334
374894,-0.997047249256342,8,0.5622892229095866
375696,1.61647846675129,8,1.4888190159230668
283132,-0.0233808060378135,8,-0.3450090633758054
189697,-1.0995384538056598,8,-0.2879101954193903
375678,1.18089084741668,8,0.6065224431842082
188291,-0.6895736356083859,9,0.31496950565494586
187573,-0.6895736356083859,9,0.1366591738173142
187742,-0.8945560447070229,9,0.2134380718736168
283735,-0.330854419685768,9,-0.01338640232118237
190816,0.181601603060824,9,1.0494582773932086
190707,-0.740819237883044,9,-0.9042221229894093
187612,0.181601603060824,9,-0.14017191094652834
284328,0.0791103985115055,9,-0.293252642955913
373482,0.130356000786166,9,-0.08237019425294925
188698,1.6677240690259498,9,1.3020351515894917
283445,0.796548830356738,9,0.1728045279362855
2436958,-0.38210002196042897,9,0.150362358256198
188603,-0.8433104424323629,9,0.10927956963980959
187611,1.05277684173003,9,-0.2556722955627822
374515,0.0278647962368471,9,-0.013953039178791312
308253,1.1040224440047,9,-0.010135086154498086
188170,2.2314256940472,9,1.2995044130891538
374622,1.00153123945538,9,-0.2582748786389632
188934,-1.048292851531,9,-0.275707836291589
188472,-0.0233808060378135,9,-0.2713330374788308
374382,0.4378296144341229,9,-0.3055126320261565
187636,0.232847205335485,9,0.9639203201742882
189241,-0.638328033333725,9,-0.5795829933427897
189801,0.0791103985115055,9,-0.07947763729367621
188019,-1.0995384538056598,9,0.008811442239181446
374365,-1.86822248792555,9,-1.2710789050062916
188326,-0.484591226509748,9,1.0569635795999286
190067,-1.5607488742776,9,-0.9864081615558912
373674,0.284092807610143,9,0.25073006729433234
190000,-0.330854419685768,9,-0.22122100627294822
283201,0.335338409884804,9,0.616038086035962
187551,1.82146087584993,9,1.0813378366758823
375342,-0.6895736356083859,9,0.13112667382394722
188064,0.181601603060824,9,-0.4511175405109857
283781,0.130356000786166,9,-0.18374980635301907
189137,-1.45825766972828,9,-0.4839803519074288
374471,-0.4333456242350871,9,-0.7854367788968761
188235,0.130356000786166,9,0.8244180998928474
188317,-0.330854419685768,9,-0.7780937554449452
375465,-1.07391565266833,9,0.05109206036079036
375890,1.97519768267391,9,1.4162270460034467
187653,0.232847205335485,9,0.3859642303812749
187462,-1.20202965835498,9,-0.5452136159800541
188922,-0.945801646981682,9,0.051441440109439324
188927,-0.740819237883044,9,-0.8021889416134859
189004,-1.5607488742776,9,-0.5571426404095642
373635,1.36025045537799,9,0.7100920905376276
375453,-0.0233808060378135,9,0.09984893766364994
187840,0.0278647962368471,9,0.03314455321453624
187988,0.130356000786166,9,0.11261874656840899
187699,0.0278647962368471,9,-0.7970879169936707
188012,-1.61199447655225,9,-0.4040258784573452
190127,-0.125872010587132,9,-0.18379835121447122
189084,0.0791103985115055,9,-0.7419316241017146
189292,-1.50950327200294,9,-1.0618888232991721
284357,0.4378296144341229,9,0.25406189075632607
2437250,0.51469801784611,9,0.6380816739439887
375917,-0.4333456242350871,9,-0.4388014267915705
188320,-0.945801646981682,9,-0.27786424745704974
374807,0.5915664212581,9,0.3138070267250283
373948,0.0791103985115055,9,-0.5620862515825119
188972,-1.048292851531,9,-0.7541214243176813
190458,0.335338409884804,9,-0.49269285684227626
283448,0.335338409884804,9,0.1539337546395569
187952,1.20651364855401,9,1.4976398183312842
373745,1.38587325651532,9,1.0298738886591978
187769,1.77021527357527,9,1.6932596752791718
336782,-0.997047249256342,9,-0.5211478854396169
187655,2.59014490996982,9,1.8606106924478594
374630,-0.27960881741111,9,0.35760764119977195
308006,0.5403208189834421,9,0.0014322774225942094
187574,-0.638328033333725,9,0.010413176313311345
189346,-1.0995384538056598,9,-0.6808892695023034
187846,-0.27960881741111,9,0.9140815917535566
189063,0.4378296144341229,9,-0.09216822762488813
187703,0.335338409884804,9,0.009990024727858714
190778,-0.638328033333725,9,-0.4822241158871719
373780,-1.4070120674536202,9,-0.5126252210087074
374395,0.0278647962368471,9,-0.1777615466109617
188996,-0.587082431059067,9,-0.4959071726733321
189856,0.130356000786166,9,-0.1990453065786836
373773,-1.15078405608032,9,-0.6059599834215837
375705,0.41220681329679104,9,0.9642417430284465
187833,-0.484591226509748,9,-0.2564833734305147
374745,-1.71448568110157,9,-1.1392164626393
187766,2.18018009177254,9,1.9759084955765116
189854,0.0278647962368471,9,-0.19016473707113668
375452,0.232847205335485,9,-0.02309690767296646
187510,-0.4333456242350871,9,0.21405692408954735
190213,0.899040034906057,9,-0.1373891305571108
284371,1.00153123945538,9,0.3779965078411718
190018,-0.4333456242350871,9,-0.2809860532618164
283655,2.18018009177254,9,0.9463401519109986
283162,-1.15078405608032,9,-0.5215704381378476
189116,-0.740819237883044,9,-0.5772233460704355
188302,-0.638328033333725,9,0.23597018069861267
374743,-0.27960881741111,9,-0.9770390176545806
375773,1.51398726220197,9,0.7315697491943389
375835,-0.125872010587132,9,0.3544348584261332
188785,-0.792064840157705,9,0.1293690622128311
188248,2.43640810314584,9,1.071563173459942
189244,0.0791103985115055,9,0.13984446143544846
376022,1.25775925082867,9,1.026186680904353
374546,0.899040034906057,9,-0.13635518474534045
189390,-0.330854419685768,9,-0.9945571195473509
283938,0.6940576258074189,9,0.10259225748969775
187457,-1.76573128337623,9,-0.12302546953155771
188715,0.284092807610143,9,-0.2201196689049907
375471,-0.997047249256342,9,0.12251446957247174
187491,-0.8945560447070229,9,-0.6370681492064992
187645,1.82146087584993,9,-0.1651760428316734
375727,0.899040034906057,9,0.9597064554640028
189153,-0.587082431059067,9,-0.7519976583661874
188427,0.232847205335485,9,0.0857448671423654
188346,0.0278647962368471,9,-0.16028190879291224
190005,-0.22836321513645105,9,-0.22280511886051063
189630,-0.38210002196042897,9,-0.17876440282476058
374017,2.12893448949788,9,1.4325413566040668
373468,1.1040224440047,9,-0.06442912042335686
188249,0.796548830356738,9,0.8079185971324422
189909,-0.0233808060378135,9,-0.1849814359061027
375627,0.386584012159462,9,-0.2495711818626188
283803,-0.945801646981682,9,-0.10644135313869683
376021,-1.5607488742776,9,-0.042933548106965966
188942,-0.4333456242350871,9,-0.8019470950049239
375437,-0.638328033333725,9,-0.040631993848323375
187675,1.71896967130061,9,0.3422722177717979
187610,0.489075216708781,9,-0.3675048543411376
283813,-0.8433104424323629,9,-0.378362071668879
189337,-0.0746264083124718,9,-0.8515039970367394
2437286,0.335338409884804,9,0.6234942928176418
190774,-1.048292851531,9,-1.0553491024848773
188096,-0.740819237883044,9,-0.2356783908950186
283754,-1.15078405608032,9,-0.17762296116013032
189759,0.6940576258074189,9,-0.18986069885842263
375973,-0.8945560447070229,9,-0.18276352242005559
374599,-0.484591226509748,9,0.3400786845688524
188055,-0.997047249256342,9,-0.3384669260482258
188015,-0.6895736356083859,9,-0.38995831519777485
319279,-0.330854419685768,9,-0.1349013454999138
374367,0.181601603060824,9,0.1754471442523889
189047,0.284092807610143,9,-0.5143281158588664
187936,0.7453032280820799,9,-0.10315872729678958
374535,0.6940576258074189,9,0.00043177778580423667
187998,-0.740819237883044,9,-0.1863622326270836
2437268,-0.638328033333725,9,0.10156814773174876
187667,0.0791103985115055,9,0.10833235421422266
375731,0.6940576258074189,9,0.6507076334201785
190817,2.02644328494857,9,1.1634682612722176
2437280,0.181601603060824,9,0.33453477333111237
189282,-1.048292851531,9,-1.1224901123375268
373760,1.46274165992731,9,0.7527271021199743
188781,0.181601603060824,9,0.004019887180223162
374442,-0.4333456242350871,9,0.15221304524813656
284334,0.6940576258074189,9,-0.24776545685466703
187707,-0.8433104424323629,9,0.16922385622075484
283107,0.0278647962368471,9,-0.42590999090431364
187548,1.92395208039925,9,0.5345435788927969
187594,0.796548830356738,9,0.12337238090070457
190167,0.0791103985115055,9,-0.24100044208917765
283843,-1.35576646517896,9,-0.7698665882305683
190045,0.181601603060824,9,-0.1884588719508737
188102,-1.15078405608032,9,-0.8423982235367273
190036,-0.4333456242350871,9,-0.27073983424388814
375747,0.899040034906057,9,0.08452491912200355
188984,-0.638328033333725,9,-0.6345211762471831
188083,-0.125872010587132,9,-0.11728148622936861
187893,-0.4333456242350871,9,-0.0990181930906691
374638,-0.27960881741111,9,0.33739873193722975
187911,-0.125872010587132,9,0.32472403711263853
189210,-0.38210002196042897,9,-0.280460415506211
190792,-0.22836321513645105,9,0.4034489703868578
190100,-0.5358368287844061,9,-0.19655428765076666
189001,-0.740819237883044,9,-0.6017903143855412
188036,-0.330854419685768,9,0.1506512573414289
374413,0.335338409884804,9,0.31901481713089963
190787,0.6940576258074189,9,0.7632111891241236
188117,-1.048292851531,9,-0.2701631338813323
284291,0.284092807610143,9,-0.2593774101352365
188028,-0.27960881741111,9,-0.025379529612785008
283641,0.5915664212581,9,0.10574582764141549
187736,-0.792064840157705,9,0.23586938990387185
283214,-0.0233808060378135,9,-0.4608436239746094
375736,0.5915664212581,9,0.23599437959182085
318552,-0.125872010587132,9,-0.007495612996128159
188545,-0.8945560447070229,9,-0.7359966094969035
189023,-0.8945560447070229,9,-0.714004545101893
375505,-1.7401084822388997,9,0.0060798610808419345
190039,-1.5607488742776,9,-1.2762516761822416
374191,-2.27818730612283,9,-1.2007891450293313
189970,-0.740819237883044,9,0.18507439168499548
189091,0.181601603060824,9,0.33303501041296657
189667,-0.484591226509748,9,-0.5611091364780874
375993,0.386584012159462,9,0.34727210185095614
187869,-0.484591226509748,9,-0.39796247136591
189013,-0.22836321513645105,9,-0.2982295715962449
283751,-0.330854419685768,9,0.0576205808767499
373623,-0.27960881741111,9,0.026629344786854275
283784,-0.17711761286179106,9,0.025943499065085144
283325,0.386584012159462,9,-0.7531086213852335
