id,PHT,kfold,NuSVR_pred
373851,-0.707849063452063,0,-0.03678061429877971
188064,0.117459026352549,0,-0.19725014408732486
188374,-1.19910387881195,0,0.07442584775337024
187863,-0.550647522536899,0,0.4760174620722669
187989,2.04317790256331,0,-0.20402198713422834
190707,2.1021284804065,0,0.44156801737998047
284161,-0.020092321948219,0,-0.4081500429535461
190164,-0.020092321948219,0,0.15553666574214225
190160,-0.020092321948219,0,-0.5301888294094561
187537,-0.707849063452063,0,-0.0372886434935788
188633,1.78772539857617,0,0.3629712212225345
374686,1.5126227019746297,0,0.09357581586113939
190817,0.451512300797274,0,-0.4405470044395832
189958,-1.37595561234151,0,-0.19273266964992108
283777,-1.71000888678624,0,-0.2061647222729496
3624697,-0.020092321948219,0,-0.1045051938257325
283776,0.176409604195736,0,0.27362226108030535
373764,0.706964804784415,0,0.0544465579720681
375759,-0.3541455963929439,0,0.21811950806325997
188932,-1.1598034935831598,0,-0.3452156908859169
308007,-0.314845211164152,0,0.5323571651731533
190789,-0.609598100380085,0,0.4143320293142414
188146,-0.530997329922503,0,0.18663998316062835
188157,-0.000442129333824614,0,0.21404293152398973
189027,0.648014226941229,0,-0.11421924032117337
190783,-0.020092321948219,0,-0.2526603176023481
375500,-0.6488984856088771,0,-0.030433855645117747
187493,1.78772539857617,0,-0.10914202016445576
375745,-0.4523965594649211,0,0.0847328319933423
374533,0.589063649098042,0,0.3736929041950066
189229,-1.1205031083543702,0,0.27929239491201796
188899,-1.1205031083543702,0,0.5186355484983418
283815,-1.25805445665514,0,-0.10921972612648873
190808,1.25717019798749,0,0.4660511987384933
188909,-0.020092321948219,0,-0.30979277496749064
189301,-0.982951760053602,0,-0.4633457481219017
188792,-1.94581119815898,0,0.4389753897770818
2437378,-2.18161350953173,0,-0.0844069068042955
374740,-0.020092321948219,0,0.14079114155381045
283625,0.392561722954086,0,0.0865733658558836
283199,0.608713841712437,0,0.05661881545511119
189107,-0.275544825935362,0,0.028085966525159822
375674,0.215709989424527,0,0.034729639405989665
187852,2.14142886563529,0,0.25674185325104815
374567,0.274660567267714,0,0.3926183098825185
188429,1.45367212413145,0,0.20397837966936738
373773,-0.17729386286338394,0,-0.7803753008587417
189287,0.235360182038922,0,-0.42698541722115263
189225,0.392561722954086,0,0.16135606475796577
188156,-0.8847007969816241,0,0.24740794136891792
188316,-0.33449540377854803,0,0.023009463673980435
283515,-0.23624444070657,0,0.18456829448759826
188526,0.451512300797274,0,-0.2948639498518898
374504,-0.0397425145626149,0,0.5346974321318869
283892,-0.020092321948219,0,-0.3134622241546264
374699,0.117459026352549,0,-0.18450654299162364
374391,-1.06155253051118,0,0.5420913060698302
188818,-0.6292482929944809,0,0.17200364588082562
188340,-0.020092321948219,0,-0.010150417808959922
375518,-0.020092321948219,0,0.28482067939263334
187820,0.4908126860260639,0,0.13574777254488068
188401,-0.609598100380085,0,0.05959439729026633
375895,0.196059796810131,0,-0.05061777588193356
376000,-0.7274992560664592,0,0.10348100072543548
190129,-1.04190233789679,0,-0.48018050773824045
2437287,-0.000442129333824614,0,-0.12649671227690734
375546,0.3336111451109,0,0.04614474847999139
187574,-2.14231312430294,0,-0.20835904249651002
188546,0.471162493411669,0,-0.14692199077139845
189081,-2.39776562829008,0,-0.568290122276021
283677,1.37507135367386,0,0.27738677636650994
188328,1.5519230872034198,0,0.5404892157395353
373623,2.0628280951777103,0,0.08373199941219328
187791,0.353261337725296,0,-0.1352080250731178
190711,0.549763263869251,0,0.48956941735316645
188545,-0.020092321948219,0,0.007092604203085551
189077,-0.020092321948219,0,-0.030134677467076265
189455,-0.020092321948219,0,-0.06031977021920362
188320,-2.39776562829008,0,-0.9993649441689365
375640,-0.6292482929944809,0,0.07002657141247293
375576,-0.491696944693713,0,0.040539118810218544
284334,-1.1205031083543702,0,-0.3183875202955428
373734,0.6283640343268331,0,0.07944194825550505
374472,0.451512300797274,0,0.5453009653969221
188254,-0.118343285020197,0,0.025734272645463352
375504,0.3336111451109,0,0.0669075514261614
190071,0.038858255894967,0,0.22763010952020324
190157,-1.29735484188393,0,0.3700949578224601
373770,-0.865050604367228,0,0.11998955880476231
188825,1.7484250133473798,0,0.12886525767863694
188405,0.8445161530851841,0,0.07632911583278335
187475,1.6501740502754,0,-0.31366763841337814
189059,-0.020092321948219,0,0.16968301554152448
283721,-0.118343285020197,0,-0.3937243637258166
187971,-0.432746366850526,0,-0.24778515420183975
189116,-0.19694405547778,0,-0.40636768833311476
283774,-0.8061000265240409,0,-0.2905008035223406
283755,-0.0790428997914065,0,0.5513703989928453
373725,-0.19694405547778,0,-0.3453696840606513
375682,0.3336111451109,0,0.20314245611625115
189851,2.1217786730208896,0,0.04095542829703133
374697,0.982067501385952,0,-0.015092549125030552
189932,-1.74930927201503,0,-0.2767049659153166
188506,-0.3541455963929439,0,-0.17580916574143032
188028,1.3947215462882598,0,0.23781092703206191
187958,1.37507135367386,0,0.32001751588197686
187911,1.17856942752991,0,0.013607321434997044
374759,-0.020092321948219,0,-0.44707850182808656
374640,-0.33449540377854803,0,-0.3490548165746553
189078,-0.570297715151295,0,-0.438755446614379
283138,-0.7274992560664592,0,0.08854630447145218
187462,-0.0397425145626149,0,0.14017414446628118
283579,-0.0986930924058023,0,0.44742536367689556
284231,0.353261337725296,0,-0.09851775859285186
190472,-0.020092321948219,0,0.09056469712183762
189099,-0.020092321948219,0,0.009445937850066949
188163,-0.76679964129525,0,-0.12174381176352361
284291,0.4908126860260639,0,-0.20666359615113836
374978,1.17856942752991,0,-0.28332041355857707
187526,0.137109218966945,0,-0.32732609665580775
187464,0.726614997398811,0,0.27851553251568023
187564,-0.3541455963929439,0,-0.06761338724873242
374436,-0.020092321948219,0,-0.32960442674770163
373656,0.648014226941229,0,-0.22282809047800228
375995,0.431862108182878,0,0.218241415028523
189698,1.11961884968672,0,0.508116397620965
375962,-0.020092321948219,0,-0.21784876243860393
189040,-0.020092321948219,0,0.15151428773128628
187556,0.982067501385952,0,0.38256349001495094
284241,-0.511347137308108,0,-0.20539459519923803
375169,-1.37595561234151,0,0.2550809874077913
283655,2.2593300213216603,0,0.043510024283551996
374165,0.038858255894967,0,-0.3206138378436137
189811,0.982067501385952,0,-0.17062730968856035
374531,-1.47420657541349,0,0.1980170974883647
187544,0.667664419555625,0,-0.24385481629029987
2437410,2.5737331031519903,0,-0.3248798169593311
375666,-0.8257502191384358,0,-0.19771797842563446
375815,-0.020092321948219,0,0.10269050340414776
190190,-0.157643670248988,0,-0.2666700276716691
188102,0.942767116157162,0,-0.11325948671385239
187541,0.706964804784415,0,-0.19807548790903176
189637,0.372911530339692,0,0.22952103347921554
283849,1.35542116105947,0,-0.13857403081655545
375939,0.687314612170019,0,-0.010982283435693074
283600,-0.020092321948219,0,-0.0685667113813287
375661,0.549763263869251,0,0.03972652957148587
189070,-0.020092321948219,0,0.017340944511086587
373642,1.1982196201443,0,0.07381301743257573
375957,0.0978088337381531,0,-0.3550351935416433
375838,-3.1444729476371096,0,-1.2210874680056953
188956,0.038858255894967,0,0.47625715422333986
188187,-0.472046752079317,0,-0.19820903107993404
190036,0.15675941158134102,0,-0.1320876823406931
375696,0.0192080632805712,0,-0.43517453444293025
319284,-1.39560580495591,0,-0.2456063137829362
188145,0.313960952496504,0,0.22294172363750697
188232,1.3947215462882598,0,-0.14850641128632677
187996,0.274660567267714,0,0.21187252874786694
374678,0.805215767856393,0,0.28850085945712517
375006,0.4122119155684821,0,0.2753970266740389
190130,-1.14015330096877,0,-0.5534828695585161
375845,-0.020092321948219,0,-0.5766140885336375
283727,-1.08120272312558,0,0.3310495940526923
188086,0.923116923542766,0,0.39528666482578073
374743,-1.80825984985821,0,0.40181509443283087
373675,0.746265190013207,0,0.10970821068209313
373690,0.687314612170019,0,-0.13898615277502674
376002,-0.33449540377854803,0,-0.02083006265742421
188000,0.0192080632805712,0,0.18910665101848306
283817,0.0585084485093628,0,0.2777737929483236
283109,0.805215767856393,0,0.784200189299614
283844,-1.25805445665514,0,-0.42839863853741805
189046,0.6283640343268331,0,0.3738304417814783
189115,0.4122119155684821,0,-0.08836684293526675
318175,1.94492693949133,0,0.7908269203628417
283177,-1.4152559975703,0,0.008627998997471686
188101,-0.393445981621735,0,-0.5765500466305635
188250,1.1392690423011202,0,-0.09032753925450165
188549,-0.33449540377854803,0,0.06903985920048294
190132,-0.020092321948219,0,0.31153993926017
284015,1.63052385766101,0,0.2910862893413314
190818,-0.020092321948219,0,-0.3472686284862114
189892,0.608713841712437,0,0.5828664405539805
375018,0.4908126860260639,0,-0.018693747804795324
375935,0.117459026352549,0,-0.29382613926219786
188876,-0.7471494486808551,0,0.16468844379795858
189804,-1.25805445665514,0,-0.1355600523090109
373694,-2.06371235384536,0,0.09441787561687254
375274,-0.0593927071770107,0,-0.050169499823232766
188040,-0.9240011822104142,0,-0.07357289305079145
374632,-0.020092321948219,0,0.39907694598561727
188398,-0.157643670248988,0,0.39993319639289493
187973,0.942767116157162,0,0.5369669185064117
190803,1.6698242428898,0,-0.2846699520493942
189008,1.7484250133473798,0,-0.14268160856022363
188974,-1.6314081163286498,0,-0.3920429588007091
308254,0.392561722954086,0,-0.13153779050222034
374374,-0.216594248092174,0,0.6468384680832737
374914,-0.13799347763459302,0,0.06969089966244671
374385,1.57157327981782,1,-0.10410191604039569
375335,0.15675941158134102,1,0.11433300890769911
188339,0.765915382627603,1,0.11773325212114334
190191,2.5737331031519903,1,0.1519741470812907
189759,1.06066827184354,1,0.5421202958815642
190000,-0.491696944693713,1,-0.4187368299522828
374694,-1.59210773109986,1,-0.3379701910178897
187736,-1.67070850155745,1,-0.1822510491535156
375810,-0.94365137482481,1,-0.17589261791490512
187671,-1.1598034935831598,1,-0.15508780846357528
189245,-0.17729386286338394,1,0.3016582333842952
375521,0.667664419555625,1,-0.09918199342216537
190238,-0.020092321948219,1,-0.12871613923791886
190137,1.94492693949133,1,0.4556599368935569
187834,-0.157643670248988,1,0.20554202503199143
2437248,-2.71216871012041,1,0.13438993903581847
187654,-1.39560580495591,1,0.0808724637163883
187665,-0.275544825935362,1,-0.024279406217880897
188764,-0.314845211164152,1,-0.28828692001861855
188742,-3.02657179195074,1,-1.1723133694991474
190158,1.72877482073298,1,0.07368037718113214
189282,2.84883579975353,1,0.3160880882239486
374553,1.08031846445793,1,-0.06911499050069357
374912,0.431862108182878,1,0.16024225166930622
188913,0.0781586411237587,1,0.27981442259333034
187699,-0.000442129333824614,1,0.06138805959370218
308006,0.51046287864046,1,0.28560152467150135
283230,-0.020092321948219,1,-0.146816548911815
283110,-0.020092321948219,1,-0.5355946029114053
373654,0.313960952496504,1,0.21094472690249244
187766,0.196059796810131,1,0.19107891726365162
187523,-0.4523965594649211,1,-0.12142656823578908
375896,0.117459026352549,1,-0.004035407827623835
283773,0.746265190013207,1,-0.14755510901826646
375645,-0.157643670248988,1,-0.37334607146780385
188034,1.84667597641936,1,0.30814393743093776
374617,1.86632616903375,1,0.17782319971425398
190780,-0.020092321948219,1,-0.22071498805347833
318177,0.7855655752419971,1,0.4438439817527818
188901,0.353261337725296,1,0.059894998706725947
187656,1.2375200053731,1,-0.14301260283165707
188464,-2.45671620613327,1,-0.3793089282789094
188425,1.86632616903375,1,0.2746092540664792
284239,0.3336111451109,1,-0.24886865891643745
188105,-2.2209138947605203,1,-0.12551223022059257
375738,0.353261337725296,1,0.11910607353184056
283194,-0.020092321948219,1,-0.100031640563273
375830,0.962417308771558,1,0.29941936791209045
374629,-0.020092321948219,1,0.03259195283536183
188996,-0.0986930924058023,1,-0.22495679800455798
188239,0.137109218966945,1,-0.2065728984324834
283715,0.648014226941229,1,0.07905728878044961
187691,-0.6488984856088771,1,0.16533705769440488
284309,-0.020092321948219,1,-0.34826536494688853
190733,-1.47420657541349,1,-0.4031043177907457
189822,-1.53315715325668,1,0.07858642115593091
188319,0.805215767856393,1,0.016684619881007737
374551,-1.3170050344983202,1,-0.3836348328587521
319282,-0.6685486782232729,1,-0.11927971180252396
187984,-1.80825984985821,1,0.2570149129675264
190344,-0.020092321948219,1,-0.062113099106867894
187924,-3.75362891868337,1,0.031449602191954654
187787,0.549763263869251,1,0.38041492920939274
188246,-1.1598034935831598,1,-0.662617566005767
189871,-0.33449540377854803,1,-0.2869204622681196
189894,0.4122119155684821,1,0.05065778172134745
188076,1.68947443550419,1,0.21938920412200186
283819,0.0781586411237587,1,-0.06090122353186346
283828,-1.59210773109986,1,-0.47694016916183923
189766,-0.23624444070657,1,-0.07691745599728615
375590,0.176409604195736,1,-0.40794303553238553
187822,-0.157643670248988,1,0.09825010242212508
187711,1.02136788661474,1,0.05484174373117269
187662,-0.8847007969816241,1,-0.32684900875502443
188777,-0.020092321948219,1,-0.4045761405254508
187717,-0.511347137308108,1,-0.10100691227480026
375467,-1.35630541972712,1,0.09186538186181421
374646,-0.6488984856088771,1,-0.338414922222622
187765,0.0781586411237587,1,0.139148566912008
375905,-0.688198870837669,1,-0.2739480155018899
188413,0.255010374653318,1,-0.010453847242951717
283712,1.31612077583068,1,0.02141560458562282
188292,0.0585084485093628,1,0.002271449741857126
188998,-1.71000888678624,1,-0.4577834258519835
375503,0.667664419555625,1,-0.3722700772442357
284132,0.569413456483647,1,0.17920884534574444
375456,1.2375200053731,1,-0.0025202517258105933
284222,0.451512300797274,1,-0.14790605965366094
283471,0.274660567267714,1,0.30952527327215434
375581,-0.0397425145626149,1,0.22157817439892152
190199,-0.020092321948219,1,-0.23035769633832515
374662,-0.609598100380085,1,0.18241929342883667
190734,-0.6488984856088771,1,0.5083252840971549
318552,0.746265190013207,1,0.42090681459707446
188117,0.90346673092837,1,-0.06287124868333709
190148,-0.020092321948219,1,0.19186840205351918
187582,0.313960952496504,1,-0.08177371019211609
187905,0.608713841712437,1,0.08140754517205191
187470,-0.33449540377854803,1,0.09813873070942032
336484,2.2986304065504504,1,0.6681535018614455
2437249,0.883816538313975,1,-0.16458144245166928
375695,0.530113071254856,1,0.2445163295503372
187518,-0.4523965594649211,1,0.3918334263821084
188222,-0.23624444070657,1,0.07485016030529641
283668,-0.19694405547778,1,0.30819459534448673
375471,0.431862108182878,1,-0.08699966211058834
188846,-0.020092321948219,1,0.19998899106224616
373780,-2.04406216123096,1,-0.653432275913824
189872,-1.29735484188393,1,-0.4782398423260472
373629,0.215709989424527,1,-0.32930532618186636
187805,-0.491696944693713,1,-0.4606410084963062
284025,-1.37595561234151,1,0.005533458430406882
188311,-0.020092321948219,1,0.007149030168410744
187876,-1.08120272312558,1,0.04114473621051647
188153,0.313960952496504,1,-0.10039337949643896
188386,1.4143717389026498,1,0.19431568412336409
187690,-0.216594248092174,1,-0.33941926210093465
283448,-0.432746366850526,1,-0.0007569300750159685
284216,1.3947215462882598,1,0.21437257261882253
374156,0.549763263869251,1,0.26994548111035677
2437256,-0.020092321948219,1,-0.25328473430517257
188235,0.431862108182878,1,-0.18450644106538805
375553,-0.8061000265240409,1,-0.28435713204388235
375952,-0.37379578900734,1,-0.4530541377282352
189030,-0.432746366850526,1,-0.3738405961398821
283736,1.63052385766101,1,0.1567234763990839
190805,-2.06371235384536,1,-0.0849361975058474
187888,1.11961884968672,1,-0.014453332498930702
188376,1.08031846445793,1,-0.042112553560091956
373986,0.805215767856393,1,0.3185684891322408
375708,-1.4938567680278798,1,-0.268064196803472
187485,0.313960952496504,1,-0.8292912097039805
375397,-0.157643670248988,1,0.22666552962661557
190170,-0.020092321948219,1,-0.36230757499113864
374154,1.2178698127587,1,-0.0782223809521211
189164,-0.020092321948219,1,0.19461017323973395
187587,-0.020092321948219,1,-0.23793108302249832
374147,-1.6314081163286498,1,0.2046644309888993
375411,0.8445161530851841,1,0.18499443309972663
187566,-0.6488984856088771,1,-0.1065553678865682
188448,-0.8257502191384358,1,-1.018650006684578
283444,-0.020092321948219,1,-0.033287375225927715
188204,-0.020092321948219,1,-0.13489714805219055
189063,-0.020092321948219,1,-0.2353880604815657
375835,1.25717019798749,1,0.057940174558699445
375687,-0.118343285020197,1,0.0024104934310259646
188577,1.15891923491551,1,0.18879809112094986
374613,-0.020092321948219,1,-0.13595921450450366
374451,1.98422732472012,1,-0.5740224926722512
187502,1.4143717389026498,1,0.08396331653177434
283176,2.2986304065504504,1,0.44243811743916583
190296,0.15675941158134102,1,-0.28389307595253194
374530,0.648014226941229,1,-0.12650102026097093
374988,-3.3409748737810703,1,-0.3934176737918982
187904,-0.6685486782232729,1,-0.17247638873245008
189049,0.215709989424527,1,0.11797690009421057
188227,1.2178698127587,1,0.04229465272541989
317953,1.84667597641936,1,0.15459483182256395
190403,1.37507135367386,1,0.28785509434025286
374590,0.235360182038922,1,0.2194736705574989
188362,-0.020092321948219,1,0.02823265206255955
188536,-0.5899479077656911,1,-0.06115555672277988
187824,0.255010374653318,1,0.0734141631678867
188058,-0.275544825935362,1,-0.16346783853700986
283117,-0.8257502191384358,1,0.15437863434553467
188894,-0.8847007969816241,1,0.30292507345217035
374062,1.53227289458903,1,0.4418327470210354
188061,-0.000442129333824614,1,-0.26619404424021187
283938,1.4143717389026498,1,0.31512596234692397
187725,1.90562655426254,1,0.17800258825598225
283107,-0.688198870837669,1,0.037563620576376786
374171,0.235360182038922,1,-0.1484208633717296
189247,-1.29735484188393,1,0.3839852702841273
373730,-1.002601952668,1,0.1530463054274771
189703,0.942767116157162,1,0.23709260068638782
317891,0.117459026352549,1,-0.04127548456470069
188558,-1.8672104277014,1,-1.0285950260352272
189421,-0.76679964129525,1,0.2727533800362445
374547,-0.0790428997914065,1,-0.32981591923163645
375589,-0.982951760053602,1,-0.02790166908618784
375711,1.78772539857617,1,0.05911324596599067
374396,0.51046287864046,1,0.529255674851878
283432,-0.5899479077656911,1,0.7358604506520642
373850,-0.0790428997914065,1,0.07332654776880305
283967,-0.020092321948219,1,-0.17743854700772144
187678,0.942767116157162,1,-0.08990558643611433
189859,-0.8257502191384358,1,-0.5921995711622264
187770,-0.76679964129525,1,-0.048231361876539966
375794,-0.020092321948219,1,0.22848331268378974
188969,-1.04190233789679,1,0.11736114775034188
375449,1.92527674687694,1,0.31426723411198926
375802,0.51046287864046,1,-0.2919024010982063
374527,-0.13799347763459302,1,-0.5101874065491125
189290,-0.904350989596018,1,-0.20010953859634906
189221,-0.020092321948219,1,0.05331329535334518
375663,-1.37595561234151,1,-0.36440465283668705
375922,-0.020092321948219,1,-0.10177295427229256
375933,-0.020092321948219,1,-0.40667498334909646
189790,-0.6292482929944809,1,-0.3061376164222131
187794,0.8248659604707891,1,0.12219865431695899
187666,0.0978088337381531,2,0.2334914661244663
189254,1.2178698127587,2,0.45745417424602774
336482,2.69163425883836,2,0.8105457525652193
283639,-2.2602142799893103,2,-0.003395308682516529
188449,0.15675941158134102,2,0.11634737313290147
283220,0.4122119155684821,2,0.1843154700356539
189961,1.2178698127587,2,0.1996133504197975
375976,-0.020092321948219,2,-0.30548242519519037
284215,0.15675941158134102,2,0.20599660714504636
374956,-0.216594248092174,2,-0.3702589337331843
189700,-0.94365137482481,2,0.4050168790305673
187763,-0.020092321948219,2,-0.06349552987543455
189997,0.8248659604707891,2,0.4411432871265436
308266,0.313960952496504,2,0.2673812694473637
374253,-0.020092321948219,2,-0.21055887004221535
375455,0.117459026352549,2,0.09703757686779085
187855,-0.295195018549758,2,0.21987314009043935
283723,0.215709989424527,2,0.5159707263528373
375295,-0.020092321948219,2,0.14755472929863256
187655,0.569413456483647,2,0.2340539554115862
189809,0.4908126860260639,2,0.516172946386593
374638,-0.472046752079317,2,-0.40620899822873896
189039,-0.020092321948219,2,0.08400057583955167
375943,-1.72965907940063,2,-0.5001363249734623
283209,-0.020092321948219,2,0.27940106407460846
188434,-3.04622198456513,2,-0.7920000941856034
190121,-1.02225214528239,2,-0.5189548000751463
187730,0.117459026352549,2,0.00970054839144363
190669,-0.8847007969816241,2,0.179649117702266
374414,-0.491696944693713,2,-0.4121024398104361
319279,0.4908126860260639,2,-0.12199852893266039
336781,1.63052385766101,2,0.07595758148863824
188152,0.392561722954086,2,-0.12750827363632117
374066,2.00387751733452,2,-0.03948308661061767
189757,-0.3541455963929439,2,0.06723813699070513
373744,-0.23624444070657,2,-0.14900700955257326
189944,-0.570297715151295,2,-0.13428530487296098
188672,-1.19910387881195,2,-0.12060120615055467
375447,1.29647058321628,2,0.28374307137089966
189236,0.706964804784415,2,0.12667317983206955
189964,-2.8890204436499705,2,-0.2712866226341924
187607,0.353261337725296,2,-0.28087779359945114
375441,-0.020092321948219,2,-0.11647672337191109
188231,0.942767116157162,2,0.2889817618131382
188008,0.0585084485093628,2,0.07319427583228855
283732,-0.020092321948219,2,0.33004576065269897
187471,0.392561722954086,2,-0.08846014813481251
374155,-0.8061000265240409,2,-0.11956977969246266
188015,0.15675941158134102,2,-0.06797172894479175
188922,0.235360182038922,2,-0.11773859233417117
189949,1.4143717389026498,2,-0.15199174999258955
2437282,0.137109218966945,2,-0.2958169995433609
2437245,-0.020092321948219,2,-0.048674580258359246
375736,-0.020092321948219,2,-0.024129411618639407
187658,0.0781586411237587,2,0.05996194588994391
374681,-0.216594248092174,2,-0.34195777460707927
284368,-1.06155253051118,2,-0.18383556078137664
375728,-2.45671620613327,2,-0.1704734016915634
375747,-0.5899479077656911,2,0.08623419619171441
187560,-0.0593927071770107,2,-0.0976889830616057
189084,0.392561722954086,2,0.025632579971651637
187647,1.80737559119057,2,-0.06380145050836539
190213,-0.020092321948219,2,-0.3695008526479004
187573,0.313960952496504,2,-0.2151373739088743
188872,0.0781586411237587,2,0.01805289518795178
187956,-0.020092321948219,2,0.15379852688702977
189853,-1.35630541972712,2,-0.27912148100888184
2437340,0.923116923542766,2,0.23121865153326843
374719,0.3336111451109,2,-0.24769478508196222
374641,0.687314612170019,2,-0.16821365621437281
190732,1.37507135367386,2,0.4140985650709595
187669,-1.7886096572438202,2,0.32932808008245684
187550,0.0781586411237587,2,0.05132470133452027
189085,-0.020092321948219,2,0.0010505850040507525
187816,-0.904350989596018,2,0.25655136181445476
188190,-0.020092321948219,2,-0.23182497551868544
375556,1.0999686570723302,2,-0.1741641660031307
283119,-0.020092321948219,2,0.19113627150070636
189248,-0.17729386286338394,2,0.2849329991377469
375998,0.235360182038922,2,-0.4052369046057869
375956,-0.8454004117528321,2,-0.33026902754007936
374331,0.0585084485093628,2,-0.0424038574340416
188907,-0.4523965594649211,2,0.0654461958335672
189689,0.7855655752419971,2,0.4967922286415393
187663,-0.6685486782232729,2,-0.29994218566990033
188202,0.0781586411237587,2,-0.11617671453235251
190810,-0.020092321948219,2,-0.12907298814502444
190035,0.196059796810131,2,0.4491489657494356
375340,-0.020092321948219,2,0.15533763416868068
189400,-0.0397425145626149,2,-0.008317073994214719
284280,-0.020092321948219,2,0.1291277813551901
374003,0.923116923542766,2,0.3115672157598127
187522,0.392561722954086,2,0.18443938500441398
189024,-0.7471494486808551,2,0.020156875449867218
188415,-0.432746366850526,2,-0.8477922565684763
375371,-0.688198870837669,2,-0.011376615582973315
374744,1.06066827184354,2,0.5470698710283826
189189,-1.04190233789679,2,0.24975138003963526
373509,-0.904350989596018,2,0.29042486566058445
189842,0.962417308771558,2,0.5233131558342248
188111,1.06066827184354,2,0.4826367801799036
375376,0.15675941158134102,2,0.13790894748996696
375800,0.530113071254856,2,0.25025791939904374
375894,-2.49601659136206,2,-0.11811922311668627
189246,-1.80825984985821,2,0.40431089602755066
375923,-0.41309617423613,2,-0.5851179270510698
375817,-0.491696944693713,2,0.23504464779174694
188029,-1.1205031083543702,2,-0.366457188480946
187576,-1.02225214528239,2,-0.3157435000890461
187944,1.72877482073298,2,0.2353973666611136
188463,-2.20126370214612,2,-0.8474800434489731
187687,-0.020092321948219,2,-0.19911568907143348
374592,-0.020092321948219,2,0.15027505719508547
190162,-0.020092321948219,2,-0.21336015375227857
187714,0.4122119155684821,2,0.007575656264148634
190195,-2.1619633169173302,2,0.8286443597356055
375457,-0.020092321948219,2,0.024499392381363727
190085,-1.80825984985821,2,-0.45468239676659766
188137,0.648014226941229,2,0.17390725317860112
283224,-0.688198870837669,2,0.17458527398964396
319779,1.00171769400035,2,0.1463055152318844
187803,-0.295195018549758,2,-0.22565764952461542
190140,-0.17729386286338394,2,-0.5459585028873604
188052,-1.39560580495591,2,0.31898158926748055
188134,1.0999686570723302,2,-0.026994199160321752
283163,-0.13799347763459302,2,-0.0069337864574155195
189009,-0.688198870837669,2,-0.387384356821908
375409,0.137109218966945,2,0.022849648751589458
283762,1.17856942752991,2,-0.5170926927488139
189268,-0.020092321948219,2,-0.3069555913719915
188849,-0.6685486782232729,2,0.044565117992769965
187704,0.471162493411669,2,0.413483100418856
375545,0.942767116157162,2,0.3011247057416075
188383,1.2178698127587,2,0.0403817424004711
187530,-0.41309617423613,2,0.054163427002002607
188321,-1.55280734587107,2,0.24436515039731377
188923,0.569413456483647,2,0.3717929735962081
188780,-0.020092321948219,2,0.061427854158399076
283838,-0.393445981621735,2,-0.512949207711553
374204,-0.020092321948219,2,-0.4912948191424374
190792,1.2178698127587,2,0.0558704601949383
374145,0.4908126860260639,2,0.6795636479494134
283656,-0.530997329922503,2,0.01950964764163965
187796,0.392561722954086,2,-0.020218166677481497
373793,-0.865050604367228,2,-0.9821028487501962
188530,-0.6685486782232729,2,-0.47458548562454583
188517,-1.5724575384854702,2,-0.026656688342787782
190802,-2.5156667839764504,2,-0.3020057513031931
284090,0.648014226941229,2,0.22125672445288053
283125,-0.020092321948219,2,-0.061988005680427505
187677,0.137109218966945,2,-0.023633598829271796
374363,1.11961884968672,2,0.28587325719984397
188541,-0.41309617423613,2,0.21823878370810595
189628,-0.94365137482481,2,0.39838123531079855
374746,0.255010374653318,2,0.5612625503691897
374368,0.451512300797274,2,0.09504653208652442
373655,-0.020092321948219,2,0.3194320162278811
187850,0.530113071254856,2,-0.10050586613359905
375551,-0.216594248092174,2,0.06963075560110338
188906,-0.020092321948219,2,0.09877345549807554
336483,2.6326836809951804,2,0.6375523609885956
188172,-0.6292482929944809,2,0.2438677628550862
2437280,-0.0986930924058023,2,-0.297509270262057
375795,-1.4349061901847,2,-0.9350355186225856
374177,-0.314845211164152,2,-0.4692619072780356
373571,0.706964804784415,2,0.4613297518119221
188051,1.29647058321628,2,0.19960292436955418
190159,-1.08120272312558,2,-0.4622096264433878
187848,0.0781586411237587,2,-0.19140097297707562
190804,1.4143717389026498,2,-0.28551413816053894
283144,-0.020092321948219,2,0.19534391990840322
376021,-0.511347137308108,2,0.059154958039197125
188170,1.08031846445793,2,-0.039692684819769175
375921,-1.27770464926953,2,-0.37376036016526687
375678,0.6283640343268331,2,-0.09468116679411531
189684,-1.19910387881195,2,-0.07058079660834798
2437048,1.08031846445793,2,0.15343869342341132
375724,1.04101807922914,2,0.1113611823711167
375389,0.589063649098042,2,0.05621881723664918
190139,-0.020092321948219,2,0.24740237599809567
283843,-1.67070850155745,2,-0.5120071609396795
374398,-0.8061000265240409,2,0.13288708100106167
374609,-1.1205031083543702,2,0.45100688450273624
374412,0.8248659604707891,2,0.49139352581652845
375731,-0.41309617423613,2,-0.15974973101509804
188759,1.02136788661474,2,0.20379931929286182
190111,-0.020092321948219,2,-0.49702958821675763
188993,0.0585084485093628,2,0.04780553951577285
284068,-0.511347137308108,2,0.3324353245113167
375373,0.0781586411237587,2,0.5448215473359497
188496,0.117459026352549,2,-0.13343760598902926
188543,0.353261337725296,2,0.49478331895303324
189829,-0.0593927071770107,2,0.4771000826878052
189889,0.353261337725296,2,-0.4935751443812488
189109,-0.020092321948219,2,0.0034437421578171756
187819,1.63052385766101,2,0.11029958227366624
284120,-0.17729386286338394,2,0.025373726161699806
188458,-2.00476177600217,2,0.14280349182495666
374624,0.137109218966945,2,-0.22466417647782091
374620,0.255010374653318,2,0.021627097360953584
187752,0.176409604195736,3,0.20786113754359437
284322,-0.020092321948219,3,-0.26486707663096737
284069,0.255010374653318,3,0.25234359854777627
190134,-0.3541455963929439,3,-0.4586739397810173
189629,0.667664419555625,3,0.19254603792079167
375391,1.27682039060189,3,-0.04431314275999326
284236,0.196059796810131,3,0.20823188613977817
189626,-0.13799347763459302,3,-0.5179928240879832
373759,-0.7471494486808551,3,-0.019529204217678814
188930,-0.19694405547778,3,-0.6113719122214099
283779,1.33577096844507,3,-0.10394130980374208
375004,0.431862108182878,3,-0.1541915263391777
188357,-1.96546139077338,3,-0.08576534424687246
189732,0.0978088337381531,3,0.19657139094044446
187990,0.765915382627603,3,0.34117229670404364
189832,1.33577096844507,3,-0.09065214307330861
375524,1.43402193151705,3,0.20712703424471102
374969,-0.020092321948219,3,-0.020983973289126767
189712,-0.020092321948219,3,0.23315043441796846
375549,0.569413456483647,3,0.28013579231806446
188636,-1.25805445665514,3,-0.1966982772464723
189754,-1.8672104277014,3,-0.29808472968395766
284324,-0.13799347763459302,3,0.04198289607017927
375538,-0.33449540377854803,3,-0.392542770410081
375607,-0.393445981621735,3,0.024090958972572518
336476,2.43618175485122,3,0.8306796884123937
375755,0.29431075988210803,3,0.25010296376863933
190143,-1.8672104277014,3,0.2771960583757771
188258,-0.118343285020197,3,0.3987872764638262
375591,0.15675941158134102,3,0.454983307518896
187977,-1.21875407142635,3,0.15369161301889378
374239,1.5126227019746297,3,-0.0681748172689978
284067,0.137109218966945,3,0.17593980733750608
373952,-0.6685486782232729,3,-0.05499289554239167
374545,-0.020092321948219,3,-0.4635446652291399
336782,-0.6292482929944809,3,0.06728678319900683
187543,1.17856942752991,3,-0.011868308561749308
189751,-0.020092321948219,3,0.2679019486930718
187629,-0.393445981621735,3,-0.18095506180583812
374185,-1.55280734587107,3,-0.5109721591706471
190058,0.765915382627603,3,-0.2133664221600744
375453,2.9667369554399,3,0.3245637012466163
375571,1.7484250133473798,3,-0.034571603000994655
189320,-0.982951760053602,3,0.03771093140745474
188035,-0.275544825935362,3,-0.07315861099837367
375851,-1.51350696064228,3,-0.12231820811177097
375642,0.0978088337381531,3,0.008358970850125769
374160,0.8445161530851841,3,-0.0699184107803009
188326,0.4122119155684821,3,-0.0705190222576188
374534,-0.393445981621735,3,-0.1373406162874388
319955,0.667664419555625,3,-0.05462735608723118
374004,1.27682039060189,3,0.4541954047348056
187985,-0.020092321948219,3,-0.021455002973827908
375410,-0.020092321948219,3,0.30017011416021144
375062,0.0192080632805712,3,0.3023523148992869
188704,0.51046287864046,3,0.3214532872486633
2437415,0.0192080632805712,3,0.05993604668275243
187866,1.29647058321628,3,0.023514911564537055
374631,1.31612077583068,3,-0.25444781807835765
283735,0.372911530339692,3,0.3055541536749044
373506,0.392561722954086,3,0.3119325817131846
188306,1.25717019798749,3,0.3004253946851208
2437266,-0.020092321948219,3,-0.06575964449002045
189299,0.431862108182878,3,-0.5842108116211036
188494,-0.472046752079317,3,-0.4485274352086773
190015,0.4122119155684821,3,-0.08670605831255443
189865,-1.37595561234151,3,0.5088556498651273
373726,1.6108736650466102,3,0.6001023802231258
375585,-0.020092321948219,3,0.25864462738133315
318548,-0.9240011822104142,3,0.6433468725467761
189041,-0.157643670248988,3,-0.18804843845367997
283130,0.667664419555625,3,0.7427747632888086
374665,-2.02441196861656,3,-0.30876826331514706
283770,0.176409604195736,3,0.07368828363222885
187868,-0.020092321948219,3,-0.09946517958919429
187561,-0.216594248092174,3,-0.004190823524808485
190774,0.942767116157162,3,0.21426478890866518
188468,0.29431075988210803,3,0.20461278495645535
187675,0.883816538313975,3,0.25570909464169855
2437408,-0.0790428997914065,3,0.19680150042513178
2437258,-0.76679964129525,3,-0.5487418703124121
283166,-1.84756023508701,3,-0.25988840929862794
190102,-1.4349061901847,3,-0.4070932868481596
190054,-2.04406216123096,3,0.6713051324811687
375779,-0.530997329922503,3,0.11861829550822561
188943,-0.5899479077656911,3,0.2286790987287028
190175,0.667664419555625,3,0.17091335338515845
375790,0.4908126860260639,3,-0.030668832794920664
373939,-0.432746366850526,3,0.2703679092903628
188554,0.431862108182878,3,0.08449446059662197
374537,-1.8279100424726105,3,-0.4441733582285716
376049,-0.609598100380085,3,0.12055386924164824
187508,0.942767116157162,3,-0.327697786992118
375243,-1.25805445665514,3,0.21399945969307838
189239,-0.94365137482481,3,-0.10927181178488313
375930,1.27682039060189,3,0.37079487647096837
375781,0.4908126860260639,3,-0.050581953401082125
2437263,-0.786449833909646,3,-0.2711290625314037
375577,-0.118343285020197,3,-0.16797672257658874
190097,1.06066827184354,3,0.536620871986929
374063,-0.314845211164152,3,-0.3171951468911573
187501,-0.0790428997914065,3,0.30473352646106905
188026,-0.020092321948219,3,-0.19422006557181218
188940,1.63052385766101,3,0.5203476319761722
283132,0.137109218966945,3,0.09520394006278557
374535,-0.3541455963929439,3,0.20234276949884988
374124,-0.530997329922503,3,-0.2410496524826301
374386,-0.491696944693713,3,0.2055569409926878
190051,-0.020092321948219,3,-0.3310039639009305
375717,0.215709989424527,3,0.13312403951935947
188363,0.648014226941229,3,-0.05020397964240625
188702,-0.94365137482481,3,0.20070469743189462
375974,0.8445161530851841,3,0.30898163388256095
375742,-0.865050604367228,3,0.17403769609198838
189237,-0.19694405547778,3,0.03319364766926372
375368,-0.963301567439206,3,0.11880925646951981
375560,0.962417308771558,3,0.019077607591624857
189784,-0.550647522536899,3,0.028266868688463953
373835,-0.393445981621735,3,0.3660441075516661
374612,-1.002601952668,3,-0.4183641407301664
190125,1.27682039060189,3,0.32853474206910765
283741,-0.530997329922503,3,-0.2320642745763572
284319,-1.002601952668,3,-0.33888230009623604
188346,0.706964804784415,3,0.02241610703241026
374814,0.471162493411669,3,0.3744792176769965
308265,-0.472046752079317,3,-0.09165114592362844
190278,0.451512300797274,3,-0.1807488825094425
336684,0.451512300797274,3,0.24550374921339657
188243,-0.511347137308108,3,-0.23763786983624213
373628,-0.216594248092174,3,-0.19913039457961873
190142,-0.216594248092174,3,-0.4107176078441182
374407,-0.020092321948219,3,-0.3412057277780208
189919,0.0978088337381531,3,0.498430793986122
373769,-0.118343285020197,3,0.2531048590004396
375993,-1.1205031083543702,3,-0.2310688888747185
187869,-0.020092321948219,3,-0.08882542926831122
283105,-1.08120272312558,3,0.23528229174173715
187955,1.57157327981782,3,0.3241297875738882
373674,-0.020092321948219,3,0.04488562015320324
374011,0.608713841712437,3,-0.13502984527860565
187975,2.1021284804065,3,0.4522961081722063
374108,0.0585084485093628,3,0.20896406167075787
375899,1.08031846445793,3,0.027484090892436586
189230,-0.020092321948219,3,0.06590996306458896
190769,0.589063649098042,3,0.7076149008133155
375540,-0.37379578900734,3,0.1322320142003508
188048,0.0978088337381531,3,0.19208485692290167
187801,-1.69035869417184,3,-0.12233163479833989
283638,-0.570297715151295,3,0.25193947870560457
189288,-1.35630541972712,3,-0.07625900284991827
283757,-0.020092321948219,3,0.10272740207004094
375597,0.4122119155684821,3,0.03775988908652439
283822,0.176409604195736,3,0.025000122921783413
373756,1.1982196201443,3,0.20364868847410048
189013,-0.41309617423613,3,-0.7238920738785235
283214,1.11961884968672,3,0.0025742857909821504
189856,1.15891923491551,3,0.5608723316714832
187946,0.392561722954086,3,0.17227952241293076
283232,0.765915382627603,3,-0.33398395532546316
285674,-0.393445981621735,3,0.0721876672318329
375623,-1.04190233789679,3,-0.18389849867732258
284164,-0.020092321948219,3,0.2546186263912271
374917,-0.020092321948219,3,-0.03409170150480312
373991,-0.295195018549758,3,0.27897713925684847
373925,-0.23624444070657,3,-0.3025558264979758
188452,2.47548214008002,3,0.05926151497452331
187878,0.038858255894967,3,-0.2580950441544717
308212,-0.157643670248988,3,0.2060242543245993
189980,-1.6314081163286498,3,-0.15666307565213655
375598,0.038858255894967,3,0.2470279921077686
189138,1.2178698127587,3,-0.4290642816489697
375572,-1.71000888678624,3,-0.007810407804501374
187535,-0.000442129333824614,3,-0.40714313801163277
187545,-2.37811543567568,3,-0.22706156476614087
188092,-2.18161350953173,3,-0.3054809529743508
374607,0.038858255894967,3,-0.2588510169968708
375994,0.137109218966945,3,0.2550887890379284
373782,2.9077863775967097,3,0.36384350196143167
188379,0.313960952496504,3,-0.12935152759604981
189042,-0.41309617423613,3,0.2196987605343374
374024,-2.02441196861656,3,-0.02184707917462414
188997,-0.020092321948219,3,0.10738923257211208
373832,-0.0986930924058023,3,-0.3208258864093167
187772,0.726614997398811,3,0.16726644230932486
375832,-2.04406216123096,3,-0.8833099914134872
187682,-1.61175792371426,3,0.05532067486639769
190811,0.7855655752419971,3,0.07395857129831551
187988,-0.295195018549758,3,0.13646206663641652
190073,-0.020092321948219,3,-0.40166825548385227
190174,-0.8061000265240409,3,-0.16626149395509895
188912,1.59122347243221,3,0.4781145318325278
284327,-0.020092321948219,3,-0.4172342581485425
188975,-1.47420657541349,3,-0.14372515172984776
283634,3.59554311910056,3,0.02981431114135369
190063,-0.76679964129525,3,0.5269213620565505
284100,1.00171769400035,3,0.2137002472752758
187952,0.8641663456995801,3,0.2468732559123653
187527,-0.020092321948219,3,0.03291743055706026
188669,2.1217786730208896,3,0.3260418098078214
189244,1.17856942752991,3,0.3194932694568265
284190,-2.45671620613327,4,0.17880937334461733
283300,-0.020092321948219,4,-0.008501321507476622
374658,-0.8847007969816241,4,0.08470064656497894
187482,0.372911530339692,4,0.039103290456615425
187754,0.706964804784415,4,-0.025755771118605497
188596,-0.904350989596018,4,0.1041877252481439
190778,-1.1205031083543702,4,-0.21381077577646676
375628,-0.275544825935362,4,0.5012800911600648
187979,0.687314612170019,4,0.11235154613433818
373795,-0.688198870837669,4,-0.1908243122164414
189840,-1.6314081163286498,4,-0.36497828900148915
188970,-0.707849063452063,4,-0.20868594871348314
188476,-0.020092321948219,4,0.29267464768237805
187857,0.648014226941229,4,-0.540200375949698
188229,-0.94365137482481,4,0.058268434031155725
187583,-1.14015330096877,4,0.4294291902678225
283801,0.51046287864046,4,0.17489826930084557
187648,-0.982951760053602,4,-0.5552698450789824
188375,-0.020092321948219,4,-0.838255394789799
189337,-0.020092321948219,4,-0.0995455325400193
308009,-0.0593927071770107,4,0.8953165145366175
188898,2.47548214008002,4,0.40001931443714456
189222,-0.020092321948219,4,0.02473112497323171
188893,1.25717019798749,4,0.5216295986920508
188454,1.11961884968672,4,0.18867792721139331
189090,-1.25805445665514,4,-0.5704999786008689
189668,0.746265190013207,4,0.39541394267924346
189927,0.530113071254856,4,0.5363879782308776
190046,-0.020092321948219,4,-0.36625832371295874
187729,-0.0986930924058023,4,0.22424334741239663
188209,0.3336111451109,4,0.5927764990571533
187631,-1.4349061901847,4,-0.3342991201958074
374017,-0.6292482929944809,4,-0.25830527165157624
283602,-0.020092321948219,4,-0.003165396699750078
188155,-0.275544825935362,4,-0.3276595346333059
375850,-0.609598100380085,4,-0.3417622798157231
190018,-0.216594248092174,4,-0.17969824751354257
376040,1.63052385766101,4,0.16804618796459914
189631,0.274660567267714,4,0.5781866209403002
189996,-2.77111928796359,4,-0.2302314354683473
374747,-0.393445981621735,4,0.3756277424085714
187751,-0.33449540377854803,4,0.19312233857825534
187473,1.43402193151705,4,0.25540676009657565
188816,1.1392690423011202,4,0.08096135776996372
187562,0.0585084485093628,4,0.29793992371278344
189666,0.274660567267714,4,-0.46917798160301716
188942,-0.020092321948219,4,0.11358938093449222
375569,-0.020092321948219,4,-0.0752746833675757
188552,-0.020092321948219,4,-0.3641179477946984
375583,0.274660567267714,4,0.1600709336586419
190458,-0.020092321948219,4,0.031728820044172046
188467,1.68947443550419,4,0.5895101042421411
284192,0.0978088337381531,4,-0.14492251250218108
284162,-0.020092321948219,4,-0.1476374911338984
187728,-0.0593927071770107,4,0.350496558775925
375704,0.6283640343268331,4,0.05303076376820598
374927,0.372911530339692,4,0.47883755436355924
3646845,0.0978088337381531,4,0.4045687755477886
188421,-0.786449833909646,4,-0.0580896001941493
188510,0.8445161530851841,4,-0.0839848961741563
283162,-0.688198870837669,4,-0.2725335898810006
188469,0.608713841712437,4,0.20864764498684057
283670,-2.20126370214612,4,0.24839066547941235
374139,0.765915382627603,4,0.34490064119054875
283968,-0.020092321948219,4,-0.07285463281596119
2437194,1.78772539857617,4,0.26421537779806903
283808,-1.06155253051118,4,0.0914588468932282
190799,-0.020092321948219,4,0.019066026804932523
187840,-1.33665522711272,4,0.2674788794514066
318178,1.0999686570723302,4,0.666069431107163
188055,0.038858255894967,4,-0.018919214093708725
283876,0.667664419555625,4,0.07160639838457894
284066,0.706964804784415,4,0.2387204447095928
284219,-0.118343285020197,4,-0.12118139803558814
283719,1.92527674687694,4,0.6611186298021936
375970,0.530113071254856,4,0.24644719462149073
375511,-0.8454004117528321,4,-0.3509056440263353
375594,1.37507135367386,4,0.7931636579264586
187784,0.137109218966945,4,0.11000968763146146
188009,-0.19694405547778,4,-0.10182494486647213
284110,-0.8257502191384358,4,0.07333200867287054
190499,-0.020092321948219,4,-0.27907271716068427
188601,-0.020092321948219,4,0.07380625579400568
375726,-1.21875407142635,4,0.203419302015849
375743,-0.6685486782232729,4,0.09381626198373905
375451,-2.39776562829008,4,-0.7819507746928783
188563,1.6698242428898,4,0.33834521548662255
374197,-0.020092321948219,4,0.320156702677556
190150,-0.020092321948219,4,-0.06362636073644856
190561,-0.9240011822104142,4,0.043779399238535244
374151,-0.020092321948219,4,-0.4064012495226508
187776,0.706964804784415,4,0.023667816469060077
188757,0.648014226941229,4,-0.3283992813591037
374655,0.0781586411237587,4,-0.37689539025983954
187995,1.00171769400035,4,0.37621626279318804
283769,-1.06155253051118,4,-0.19200662208575944
283962,-0.020092321948219,4,0.048937966374221376
374588,-0.255894633320966,4,0.20901137876854609
283158,0.274660567267714,4,-0.006908281535477234
189289,-1.35630541972712,4,0.06003522033019981
190064,-0.020092321948219,4,-0.30423456183002406
190070,-2.18161350953173,4,0.3254908174377494
189384,-0.707849063452063,4,0.23965540209814856
375230,-0.0397425145626149,4,0.20153034912431578
283803,-0.41309617423613,4,0.4746308709954198
374103,-0.157643670248988,4,0.42774889570620095
189280,-0.13799347763459302,4,-0.11373401934974312
283756,-0.707849063452063,4,0.29038758822432276
187555,1.0999686570723302,4,0.3165179355957183
375437,-0.020092321948219,4,-0.2822541372030958
375460,-0.020092321948219,4,0.022326101504352602
190116,-0.0986930924058023,4,0.5713907470335851
283183,-1.61175792371426,4,0.12221452288875834
376033,-0.33449540377854803,4,-0.44055491359812654
189955,-0.020092321948219,4,0.36604868463842
308004,-0.76679964129525,4,0.6449205620788495
189723,1.0999686570723302,4,0.44629279582698056
375820,-0.020092321948219,4,0.047054743972537394
188934,-1.4545563827990902,4,0.018395509971958546
283121,2.04317790256331,4,0.0854840974979649
187489,-0.8061000265240409,4,-0.5256210558862229
283766,-1.1205031083543702,4,-0.155981272320057
283778,-0.511347137308108,4,0.0701047277466687
187839,0.706964804784415,4,0.26873619563653717
376001,0.530113071254856,4,-0.3326785960657779
375020,0.176409604195736,4,0.2229293783857183
375842,-0.530997329922503,4,-0.1579440951701198
2437251,-0.020092321948219,4,-0.011404309811660185
375567,0.962417308771558,4,0.14726586688413484
283790,-0.020092321948219,4,-0.029629394140508802
373912,0.15675941158134102,4,0.045856689647756965
188324,2.16107905824968,4,0.19337541703165917
375404,1.35542116105947,4,0.055202987063780184
283221,0.215709989424527,4,0.16325376778952916
188236,-0.432746366850526,4,0.1880801512324498
374475,-0.8847007969816241,4,0.19020169775334703
188436,0.648014226941229,4,-0.010699433705274597
187938,-1.61175792371426,4,0.048919610623192444
188444,2.02352770994892,4,0.16266010210553533
373716,-0.570297715151295,4,0.33258575371960686
187987,0.15675941158134102,4,0.3081702037565444
187972,1.31612077583068,4,0.6219604126734604
2437308,1.1982196201443,4,-0.07727990947667873
190059,-1.25805445665514,4,-0.3465851292343308
283597,0.962417308771558,4,-0.029786660357437156
188114,1.43402193151705,4,0.29373195361621957
374608,0.648014226941229,4,0.18217200694994085
189971,2.20037944347848,4,0.17363247892280154
375664,-0.8257502191384358,4,0.1232636040501226
188053,-0.688198870837669,4,-0.34898225385400883
188500,-2.10301273907415,4,-0.21238940394553882
374484,-0.393445981621735,4,0.002248489070191567
375342,0.176409604195736,4,0.27889226247985016
187914,-0.020092321948219,4,-0.06769208405724578
190127,-0.511347137308108,4,-0.5384824723091846
283772,0.51046287864046,4,0.26584088248967475
283763,-1.94581119815898,4,-0.06487818485351365
375807,0.0585084485093628,4,0.08330180411920185
375813,-0.020092321948219,4,-0.2382786151123435
374663,0.8641663456995801,4,0.31059429256683235
188113,0.765915382627603,4,0.6633095644944509
283229,-0.41309617423613,4,0.3040348447705098
189223,0.313960952496504,4,-0.09792201838244788
318174,1.33577096844507,4,0.5121948132080778
374763,-1.4152559975703,4,0.50003374025766
375519,-0.432746366850526,4,-0.0029335183365749584
375766,1.45367212413145,4,0.2401552704933167
187500,-0.275544825935362,4,-0.4885837858027559
336685,-0.23624444070657,4,0.3513269295008352
189887,1.2375200053731,4,0.3878447029524962
374568,0.883816538313975,4,0.09283850734737775
373872,-0.314845211164152,4,-0.06079584493898199
190081,0.274660567267714,4,-0.14748185565237162
374445,-2.41741582090448,4,-0.10742864304267827
187795,0.313960952496504,4,0.2989899424486642
373777,0.3336111451109,4,-0.38883918649693056
374377,0.765915382627603,4,0.48789295865185917
283054,1.92527674687694,4,-0.1405176565333941
187585,-0.000442129333824614,4,-0.2622604776774945
188758,-0.216594248092174,4,0.2254330238973879
374213,0.038858255894967,4,0.1471158692679299
188540,-0.5899479077656911,4,-0.11579510436044357
188224,-0.8847007969816241,4,0.03996483690435432
188094,2.35758098439364,4,0.05535987789530142
190055,1.68947443550419,4,0.20918616435477105
374174,-0.020092321948219,4,-0.27649582670889356
189647,-0.9240011822104142,4,-0.13754047165862704
190086,-1.10085291573997,4,-0.059218498534832464
374401,1.33577096844507,4,0.2686803461390206
283311,-0.020092321948219,4,-0.03973779780659506
190806,-0.8257502191384358,4,0.5499577351456614
374500,0.726614997398811,4,0.18035552630838425
283989,-1.76895946462942,4,0.13669883489637585
190813,-1.23840426404074,4,-0.26800235580416093
187539,-0.8257502191384358,4,0.20658181919546037
187983,0.962417308771558,4,0.1975797455802169
187935,0.883816538313975,4,0.051312676077399144
308010,1.47332231674584,4,-0.19323509706306388
188501,0.038858255894967,4,0.05296288110365077
374589,1.3947215462882598,4,0.22549743058390526
374479,-0.020092321948219,5,-0.4276081912098435
188984,0.4122119155684821,5,-0.6875876271430115
189881,-0.157643670248988,5,-0.21377973030291816
336783,-0.314845211164152,5,0.03787026906496102
284248,-0.020092321948219,5,0.035136580922391386
375746,-0.295195018549758,5,-0.25651534868427406
187710,0.608713841712437,5,0.23430352140647456
187474,-0.020092321948219,5,-0.6087497648521668
376027,1.29647058321628,5,0.15517131044135188
374623,1.08031846445793,5,-0.05874888567775763
188355,0.706964804784415,5,0.02243357264093923
375778,-0.020092321948219,5,0.2383266497900178
373467,-0.0397425145626149,5,0.2809033667636085
188978,-2.8497200584211804,5,0.02982362286419052
283792,-0.6488984856088771,5,0.04206363983229919
189022,-0.7274992560664592,5,-0.0634581974940904
374768,0.7855655752419971,5,0.5313417005036164
283813,-0.020092321948219,5,-0.2511803497534528
188603,0.196059796810131,5,0.3287624693853479
189193,-0.020092321948219,5,-0.048117509627493726
375573,-0.94365137482481,5,-0.15215003016674805
188781,-0.491696944693713,5,0.2767198129572521
375809,0.4908126860260639,5,0.19281998165903205
283969,0.3336111451109,5,0.03136137233938971
190364,-0.020092321948219,5,-0.23130779327278758
189776,-1.55280734587107,5,0.01037725769223899
375254,0.471162493411669,5,0.34134607916896753
189001,-0.0397425145626149,5,-0.01494188966307683
189786,-0.020092321948219,5,-0.3874621589676961
336485,1.90562655426254,5,0.7668604928245331
375875,-0.5899479077656911,5,-0.138261433539698
187511,0.746265190013207,5,-0.22103820965010182
283235,-0.982951760053602,5,-0.2334687839583046
187590,-1.19910387881195,5,-0.6240146182845482
188987,0.451512300797274,5,-0.495861564559822
375454,-0.255894633320966,5,0.09375289159323999
188734,-0.5899479077656911,5,0.12230152255479676
284304,1.35542116105947,5,-0.16026152737084168
375775,0.431862108182878,5,0.018443541610073638
189188,-0.020092321948219,5,0.04496460905203262
375596,-0.570297715151295,5,0.1906537346374573
373615,-1.39560580495591,5,-0.2478098380482235
190062,-0.609598100380085,5,0.389515384444161
283759,-1.35630541972712,5,-0.10796495017497842
189755,-0.982951760053602,5,-0.35698692928382925
373485,1.1982196201443,5,0.37555546559301856
187712,-0.020092321948219,5,-0.09194254815376779
375015,-1.4938567680278798,5,0.17492861012441022
187610,-1.4938567680278798,5,-0.35140504307392495
283312,-0.020092321948219,5,-0.24357910348112785
283760,0.431862108182878,5,0.1481138517089898
374610,-0.020092321948219,5,0.44301124969827865
319957,-0.020092321948219,5,0.05103333478038355
190434,1.31612077583068,5,0.3242650523678514
190252,0.883816538313975,5,0.31056250369131444
187749,-0.865050604367228,5,0.08619868549634777
283215,-0.432746366850526,5,0.2829658229848294
284312,-0.020092321948219,5,-0.5314533082537857
187877,1.31612077583068,5,0.30556401020448376
283252,-2.2995146652181,5,-0.09650775488573163
187458,0.196059796810131,5,-0.14872071066702247
308269,0.117459026352549,5,-0.028008237612399345
283325,-0.020092321948219,5,0.23214386655354427
190016,0.8248659604707891,5,0.4980988230445439
190274,-1.61175792371426,5,-0.3154638251222085
187604,1.80737559119057,5,0.013111502057961272
283676,-2.10301273907415,5,-1.0458613053264072
375799,-0.0986930924058023,5,0.011004060761990703
187771,-0.393445981621735,5,0.36558639275609695
283825,-1.002601952668,5,-0.49496341444740755
187716,-0.020092321948219,5,0.020656675310846667
189153,-0.020092321948219,5,-0.004701901545201365
187986,0.471162493411669,5,0.2406896484261691
188259,-1.61175792371426,5,-0.5149839095907819
190794,0.255010374653318,5,-0.040290334943774375
190787,1.0999686570723302,5,0.8053143766737163
374092,-1.04190233789679,5,0.2825787297465331
188708,-0.982951760053602,5,0.11779850010435838
375383,-0.530997329922503,5,0.1575941307642502
375458,-1.59210773109986,5,-0.7733885419294863
188201,-0.020092321948219,5,-0.01503460107267715
375934,-0.020092321948219,5,-0.4421010705065169
190791,-0.275544825935362,5,-0.0904466962987554
187549,-0.020092321948219,5,0.1485167099302577
374148,0.274660567267714,5,-0.05395155870425952
188336,-0.020092321948219,5,-0.07044508667232871
187992,-1.25805445665514,5,0.06541860318233003
190757,0.706964804784415,5,0.08016347954027511
188174,-0.275544825935362,5,0.03514057623579428
374825,-3.22307371809469,5,-1.2339158277112272
189043,-0.707849063452063,5,0.21022994850462903
308008,1.00171769400035,5,0.1884587598311663
187703,0.805215767856393,5,0.266716408719052
188911,-0.020092321948219,5,0.20073033884331354
188025,1.37507135367386,5,0.3992873721861474
190008,-0.275544825935362,5,-0.493930036239975
373861,-0.570297715151295,5,-0.07349289876571616
189346,-0.020092321948219,5,0.19080354861883128
373578,-0.3541455963929439,5,0.0989458330492082
374191,-0.020092321948219,5,0.3137784474640213
375498,-0.904350989596018,5,0.09505943803495678
189808,-1.6314081163286498,5,-0.36319632988520334
317829,-0.216594248092174,5,0.03313454005208141
374001,-2.9676212141075498,5,0.03954697738310867
374037,-1.002601952668,5,0.2570031396588909
375372,1.35542116105947,5,0.7737227874741256
283427,-0.8257502191384358,5,0.18827473117931773
188365,-1.47420657541349,5,0.09979046385098225
189690,0.8641663456995801,5,-0.2603849834394756
375954,0.8248659604707891,5,-0.08045189911455389
373900,-0.8257502191384358,5,0.07793338208932463
188027,-0.786449833909646,5,-0.07492293468683583
374961,0.667664419555625,5,0.33404504517681477
190790,-0.020092321948219,5,-0.2204493953086329
187685,1.33577096844507,5,0.2969895001072054
375901,1.72877482073298,5,0.056172524267152885
187707,-0.19694405547778,5,0.04621132127408947
187457,-0.23624444070657,5,0.1297668209750638
188947,2.0824782877921,5,0.0833579172833882
284182,1.82702578380496,5,0.10883778229793775
375527,-1.27770464926953,5,0.17515769578616888
189623,0.6283640343268331,5,0.3593178897797038
375548,0.431862108182878,5,0.17117533080884192
190067,-0.295195018549758,5,0.24316555024750391
373651,0.274660567267714,5,0.08166778582565967
374894,-0.020092321948219,5,0.3192075586387686
374622,1.35542116105947,5,-0.5103880588825128
374505,0.6283640343268331,5,0.23308441152329631
189274,-0.020092321948219,5,-0.37503265497215843
375205,0.589063649098042,5,0.32636220649895176
283726,-0.157643670248988,5,0.2305111647549095
284202,0.549763263869251,5,-0.1490087516396686
283812,-0.020092321948219,5,-0.13755391348506102
284080,-0.688198870837669,5,0.1301335659028319
375691,-0.3541455963929439,5,0.009328473131989895
374745,0.0781586411237587,5,0.5389523567109269
189292,0.7855655752419971,5,0.39456362964723213
188079,0.451512300797274,5,0.01050854689201211
283182,-0.0790428997914065,5,-0.23010456309910762
188018,1.1982196201443,5,0.2121951647548209
188493,0.117459026352549,5,-0.7297928586091187
187921,1.06066827184354,5,0.13759898203267382
283205,2.6719840662239704,5,0.23007653081456778
190184,-0.295195018549758,5,0.17185970880623586
375949,-0.8847007969816241,5,-0.24782151871905453
187807,1.08031846445793,5,0.5470298608743484
375784,-0.530997329922503,5,-0.07834840967440607
189319,1.37507135367386,5,0.3900832840192233
283707,0.0192080632805712,5,0.05120780508864911
187812,-0.020092321948219,5,0.052026045366044965
374416,0.549763263869251,5,-0.021400177374350987
375310,0.7855655752419971,5,0.08668920789318105
283553,-0.020092321948219,5,0.1907419388200007
189744,-1.27770464926953,5,0.37831892664087896
187741,0.942767116157162,5,0.0661105287824986
375539,0.215709989424527,5,0.030226248974102615
190082,-1.37595561234151,5,-0.09026390454688157
308211,-0.13799347763459302,5,0.6628651406400292
187755,0.8445161530851841,5,0.06956747529041366
189201,-0.020092321948219,5,-0.020647719995106006
373626,-0.020092321948219,5,0.5542858029487278
283143,1.1392690423011202,5,0.14194419904834812
284168,0.6283640343268331,5,0.021871148843875948
189038,-0.020092321948219,5,0.04496809968567453
189749,0.530113071254856,5,0.03990043599877849
283664,0.4908126860260639,5,-0.06765436461258331
187893,0.648014226941229,5,0.24612420489102874
190040,0.6283640343268331,5,0.277953124145232
2437286,-0.020092321948219,5,0.11349903995121483
375847,-0.472046752079317,5,-0.6149145554261319
189068,-0.707849063452063,5,0.12447309369419432
374693,-0.570297715151295,5,0.13342404085161338
189005,0.137109218966945,5,-0.6724692603600074
284357,0.215709989424527,5,-0.11521892747924148
373682,-1.4349061901847,5,0.07013024788549158
283359,-1.25805445665514,5,-0.22615380147513983
375355,-0.020092321948219,5,-0.12591333584526077
188989,-0.6292482929944809,5,-0.7367353204776839
374591,-1.76895946462942,5,0.27155282127386293
187756,-0.314845211164152,5,0.16142369840847529
373745,0.29431075988210803,5,-0.2604757054510588
187999,-0.020092321948219,5,0.21819752355435076
189669,-0.275544825935362,5,-0.557421349917704
375315,-1.27770464926953,5,0.11189877552813329
189014,0.667664419555625,5,-0.15821127932020437
375871,-0.020092321948219,5,-0.08532909026971136
375582,-0.0397425145626149,5,0.4365767356443774
374937,-0.6488984856088771,5,0.16473869115681233
189242,-1.8672104277014,5,0.3647800331137748
283742,-0.020092321948219,5,0.08040520906572104
188122,-0.9240011822104142,5,-0.32321364298300326
190149,1.3947215462882598,5,-0.1994783704734342
189630,0.15675941158134102,5,-0.4805993951409743
189012,0.451512300797274,5,-0.26533479631033674
375816,-1.33665522711272,5,0.22853649741503487
375037,-0.295195018549758,5,-0.19959395667916907
375634,-1.1598034935831598,5,-0.21030802726098913
190114,-1.29735484188393,5,-0.44581167843865854
190022,-0.020092321948219,5,-0.5141766781814567
187901,0.15675941158134102,5,-0.01998263160373806
187536,0.353261337725296,6,0.017811062176669362
283106,0.471162493411669,6,0.7973623311723149
189433,2.20037944347848,6,-0.025000665299422076
187780,0.549763263869251,6,-0.044591093043923724
189018,-0.3541455963929439,6,0.023222602288783062
188377,-2.08336254645975,6,0.1023728743845575
190115,1.15891923491551,6,0.1901595206946223
189834,-1.27770464926953,6,0.6215295910142509
188408,2.37723117700804,6,0.25973937381031675
374190,-0.020092321948219,6,0.4936480694221357
188330,-0.41309617423613,6,0.5967613316268924
374397,0.608713841712437,6,0.599050572103949
319956,0.255010374653318,6,0.10582739243516526
187735,-0.76679964129525,6,-0.31606797017987454
337841,0.6283640343268331,6,0.15072469610145367
2437395,0.215709989424527,6,-0.18780947711299686
188019,-0.511347137308108,6,0.06332778413893697
374680,-0.020092321948219,6,-0.06931749084965194
188861,2.0628280951777103,6,-0.10549202277868194
374158,-1.21875407142635,6,-0.555432256324605
188402,-0.000442129333824614,6,0.3430214405432551
188341,-0.020092321948219,6,-0.035307569414898377
187879,0.235360182038922,6,-0.20638543197871112
190796,1.27682039060189,6,0.1754819729422628
284335,-0.5899479077656911,6,-0.445330830520359
373733,-0.020092321948219,6,0.08863323193714312
283751,-2.18161350953173,6,0.17037303564284945
187981,0.0978088337381531,6,0.2173083135438758
189021,-0.530997329922503,6,-0.20321462650849065
374339,-0.020092321948219,6,-0.29947740668161266
188096,0.038858255894967,6,-0.4705833906564403
374371,-1.7886096572438202,6,-0.5344152145925203
283978,0.3336111451109,6,0.16927344432989844
188012,-0.118343285020197,6,-0.16367069537066722
188189,-0.020092321948219,6,-0.06800309152086259
375452,-3.5964273777682103,6,-0.7977243019094312
187764,0.313960952496504,6,-0.2379523032028184
189293,-1.53315715325668,6,-0.2611423837599057
374513,0.0585084485093628,6,0.5788143516062063
189340,-0.020092321948219,6,0.08928145263714082
283120,-0.570297715151295,6,0.01471838109677015
187842,0.942767116157162,6,0.3090350310550712
187588,-1.1205031083543702,6,0.01897960612922256
187919,-1.002601952668,6,-0.2548353634604965
374365,-0.19694405547778,6,0.41743397797465287
374616,-0.020092321948219,6,-0.06257890397584931
188980,0.392561722954086,6,-0.334750037457292
283416,-0.982951760053602,6,0.23672337973953916
375446,-0.13799347763459302,6,-0.03382197826407973
283313,-1.35630541972712,6,0.001094824867180072
189803,0.6283640343268331,6,0.31996071959646843
188104,0.982067501385952,6,-0.17086949908853455
375679,1.37507135367386,6,0.16501200586575415
187858,-0.491696944693713,6,0.27544667221911306
283179,1.53227289458903,6,-0.04502269324475078
189970,-0.314845211164152,6,0.47198388624310134
375796,-0.020092321948219,6,-0.0009075174161615185
319285,-0.491696944693713,6,-0.08544504651856735
375839,-0.020092321948219,6,-0.3718844138596339
188410,-2.94797102149316,6,-0.2551237348294835
190126,-1.06155253051118,6,-0.5528020619652234
188287,0.530113071254856,6,0.030143115520400526
375739,-0.216594248092174,6,-0.20411877181299853
374696,0.8641663456995801,6,0.08698497201345046
189015,-0.020092321948219,6,-0.20204934911114003
374067,0.608713841712437,6,0.16216249597388016
189020,-0.5899479077656911,6,0.03869228950455833
187491,-1.29735484188393,6,-0.3831530398922437
188270,0.235360182038922,6,0.4649060070227845
374604,0.4908126860260639,6,0.08858937543005829
189079,0.274660567267714,6,-0.16962332605951336
190189,-0.0397425145626149,6,-0.6464825098174107
373522,0.667664419555625,6,-0.05389510926757912
374013,-0.982951760053602,6,-0.30932195045422295
190814,2.49513233269441,6,0.44517646239060266
374918,-0.020092321948219,6,-0.5940654253792944
190784,-0.904350989596018,6,0.4763078427800711
283279,-1.33665522711272,6,0.22758199851531613
283445,-1.39560580495591,6,-0.036697357580297185
187664,1.1982196201443,6,0.0027379687254725504
189864,1.06066827184354,6,0.5645573383154171
188369,1.08031846445793,6,0.2091148647737749
283768,-0.020092321948219,6,0.4519918896419948
187881,1.5126227019746297,6,0.11522592814874222
187481,-0.8061000265240409,6,-1.381578457916504
374429,-0.020092321948219,6,-0.4772955321932016
187982,1.45367212413145,6,0.22283794906327747
283633,-2.27986447260371,6,-1.2456257134208941
187739,0.15675941158134102,6,0.11328348682806078
187637,-1.39560580495591,6,0.024727297237134627
189928,1.4929725093602402,6,0.5794518486750027
187611,-0.0986930924058023,6,-0.25520830875473643
374718,-0.020092321948219,6,-0.7059351910567531
188994,-0.118343285020197,6,-0.3743852453777555
374473,-0.0397425145626149,6,0.5025467337430145
189957,-0.020092321948219,6,0.5857520677853032
187676,-0.19694405547778,6,-0.2534496761003549
189869,1.5519230872034198,6,-0.22367139007827833
374715,-0.020092321948219,6,-0.2949511671556511
375505,0.569413456483647,6,0.16208476946894623
187733,-0.41309617423613,6,0.3850841173704273
187874,0.137109218966945,6,-0.2354946546269828
189683,-0.0397425145626149,6,-0.5307307236520491
375689,-0.530997329922503,6,-0.3537377944583015
375744,1.04101807922914,6,-0.17158169899625803
376018,-0.020092321948219,6,-0.21777529954891964
188373,-0.020092321948219,6,0.0930773289596944
187606,-1.37595561234151,6,0.03536765234386419
187875,0.313960952496504,6,-0.0866983775561698
336688,1.06066827184354,6,0.07661300559898343
284265,0.589063649098042,6,0.018979244650456473
375341,0.0585084485093628,6,0.24185148031232262
188043,0.15675941158134102,6,0.19957785389720006
189241,-1.06155253051118,6,-0.5196116751500534
187844,-0.9240011822104142,6,0.3225970706866941
190141,-0.020092321948219,6,0.29537367526196845
375626,-0.255894633320966,6,0.6248755378972123
373904,3.37939100034221,6,0.3680527303732445
188095,-0.688198870837669,6,0.24071140932045842
189028,1.08031846445793,6,-0.18286345530759154
187880,-2.59426755443404,6,0.19802671221668366
188976,1.5519230872034198,6,-0.486672620258078
189625,-0.0593927071770107,6,0.1430967868364439
375846,0.137109218966945,6,-0.024723094679313662
189947,-0.020092321948219,6,0.20357428413837775
188225,0.215709989424527,6,0.1944169354017466
375417,1.25717019798749,6,0.034306555857867904
375941,0.431862108182878,6,-0.47765632611438613
374611,1.29647058321628,6,0.2867239372088993
284373,-0.020092321948219,6,-0.5601234978685892
283753,0.15675941158134102,6,0.21107013025734822
373627,1.02136788661474,6,-0.0037954056207312736
374683,-0.020092321948219,6,-0.1677967061724217
188214,-0.472046752079317,6,-0.020945441455712976
190029,-0.17729386286338394,6,-0.40307061370121855
189048,-0.904350989596018,6,-0.36717665621990503
190100,0.8248659604707891,6,0.536550681192921
189002,-0.255894633320966,6,-0.3610694354214016
283431,-0.255894633320966,6,-0.006991854090425298
375681,0.0781586411237587,6,-0.4864901717656662
374739,0.353261337725296,6,0.023630033328880418
187930,0.530113071254856,6,0.1915881672305494
190103,1.53227289458903,6,0.5419930921199607
187832,1.68947443550419,6,-0.24637677929886811
375748,0.451512300797274,6,-0.15116240251096286
189032,1.53227289458903,6,-0.15326919500777728
283914,-0.020092321948219,6,0.21369216725506013
189706,0.8445161530851841,6,0.4625979997704114
187918,1.2375200053731,6,-0.0438903367215433
283782,1.17856942752991,6,0.14208782869645742
284369,-0.275544825935362,6,-0.20767644741603966
187810,0.4122119155684821,6,0.19098840830941266
187456,0.8248659604707891,6,0.43647891440002085
375991,1.2178698127587,6,-0.10008832159418668
375890,0.530113071254856,6,0.09969239005993624
284251,0.569413456483647,6,-0.027910996814064504
375765,1.15891923491551,6,0.3217273691737343
190795,-0.8061000265240409,6,0.07197831590982867
188944,-0.020092321948219,6,0.10236792900667868
187599,-1.7886096572438202,6,-0.06766336446173934
375749,-0.020092321948219,6,-0.012659521172732557
375013,-0.8847007969816241,6,-0.03418950817579208
283784,1.11961884968672,6,0.19196440922389996
283805,0.608713841712437,6,0.39532503571721117
308011,-0.8847007969816241,6,-0.017675634317331934
283859,-0.865050604367228,6,-0.029367155511229287
189302,-1.29735484188393,6,0.3381344190970388
189277,-0.020092321948219,6,-0.3369981410155731
375975,0.549763263869251,6,0.16423921836618954
188958,0.923116923542766,6,-0.3265125333628303
283616,-0.7471494486808551,6,0.07230013960230264
188154,0.608713841712437,6,-0.17704314585227698
375513,0.942767116157162,6,0.3749106266180955
188384,-0.3541455963929439,6,0.26049818040854594
374442,-0.020092321948219,6,-0.19039405979689486
374621,-0.020092321948219,6,-0.12052778560673288
374688,-0.786449833909646,6,-0.340484861967726
187887,0.313960952496504,6,0.15651656091985477
187928,0.8445161530851841,6,0.1673619108570381
375693,-0.707849063452063,6,-0.27701654705283074
374935,-0.000442129333824614,6,0.1297346581376465
375509,-0.37379578900734,6,-0.11991223375111015
284372,-0.020092321948219,6,-0.1102857020573251
375694,0.313960952496504,6,-0.35325941548906925
375859,0.313960952496504,6,-0.23944211978508823
188054,1.1392690423011202,6,0.09971273318858648
190096,0.471162493411669,6,0.19550376256856158
188335,-1.08120272312558,6,-0.9721845327074101
283160,-0.491696944693713,6,0.07297931964139281
188443,-0.550647522536899,6,-0.09991038689723203
375288,1.06066827184354,6,0.1796690658419841
190144,2.88813618498232,6,0.19408793539509955
283731,-0.7274992560664592,6,0.2578527629165087
187546,-0.982951760053602,6,-0.0904378759761833
189045,-0.0593927071770107,6,0.5024303884885803
188475,0.90346673092837,6,-0.004497024582424458
187700,2.7505848366815497,6,0.22304410726655205
188185,0.648014226941229,6,0.08513142763656084
187742,-0.4523965594649211,6,0.24425533708983066
189016,-1.21875407142635,6,-0.4201666599801815
189231,-0.255894633320966,7,-0.43222247734997793
188991,-2.24056408737492,7,-0.5417661649677217
188248,-1.02225214528239,7,-0.20020810396878796
188036,0.431862108182878,7,0.17250822612471384
189031,-0.314845211164152,7,0.049116901653752335
374359,-0.000442129333824614,7,0.2914038401933996
190056,-0.314845211164152,7,-0.4371707743255283
283456,-0.020092321948219,7,-0.1538383448262058
375883,-0.020092321948219,7,0.14839453713061507
188532,0.569413456483647,7,-0.3764176926436893
189991,1.6108736650466102,7,0.540926394727495
187883,0.137109218966945,7,-0.038813705576016086
283604,-0.393445981621735,7,0.3360107341077383
283127,0.883816538313975,7,-0.7322882035467585
188331,-1.9851115833877704,7,-1.0345175913978566
187628,-1.002601952668,7,0.06529035940145013
187907,-0.8061000265240409,7,-0.19447994291856635
373635,0.6283640343268331,7,0.5259534625069645
375432,1.27682039060189,7,-0.26508025417340764
189168,-0.020092321948219,7,-0.013187314125869473
190069,0.038858255894967,7,0.198068642289552
188067,1.15891923491551,7,0.1371926949825374
188033,-0.786449833909646,7,0.5073243470402587
283846,0.137109218966945,7,0.017707688674308844
375017,2.04317790256331,7,-0.5498591589109723
189844,-0.020092321948219,7,0.07171603646051052
188482,-0.963301567439206,7,-0.3094580191139676
189792,0.0781586411237587,7,-0.49620800110884133
283447,-0.13799347763459302,7,-0.012137447031741175
374945,0.29431075988210803,7,0.40923781647636315
375578,0.0585084485093628,7,0.07740327898414785
283089,-0.0593927071770107,7,-0.48981970214405135
187567,0.196059796810131,7,-0.10962211192795256
375698,0.4122119155684821,7,0.012161413727597839
188037,0.8445161530851841,7,0.43029080676206466
374362,-0.255894633320966,7,-0.43271165172998244
187993,1.02136788661474,7,0.2858215865811658
188329,0.117459026352549,7,0.297582026396465
189139,-0.275544825935362,7,0.03923259644794509
190709,-0.393445981621735,7,0.5679367723095711
189291,0.765915382627603,7,-0.06900936510730353
376034,0.90346673092837,7,0.11005300528654995
283157,-0.020092321948219,7,-0.2382614758803689
187594,0.8641663456995801,7,-0.16089215688814312
188981,-3.08552236979392,7,-0.7227794454206962
189895,1.00171769400035,7,0.5568975618301415
187906,-1.23840426404074,7,-0.29578835985381446
187579,-0.020092321948219,7,-0.16817559453506187
375494,1.47332231674584,7,-0.10059910987336095
190138,-0.020092321948219,7,0.3922666261524455
376013,-0.570297715151295,7,0.16647518088177832
376015,0.589063649098042,7,0.13792848843765576
374471,-0.13799347763459302,7,-0.20147426107123678
374635,0.0978088337381531,7,0.19770285138778393
187514,-0.020092321948219,7,0.18996003548416335
187497,-0.275544825935362,7,0.15725507167732172
374703,-0.020092321948219,7,0.11849186482741215
284371,-0.020092321948219,7,-0.21404724955460736
188099,-0.511347137308108,7,0.015086452126707797
189974,-1.02225214528239,7,0.11371464226436252
374202,-0.37379578900734,7,0.13500100822507377
189003,0.372911530339692,7,-0.22427974578802162
319283,1.6108736650466102,7,-0.16869465571665115
336686,0.372911530339692,7,-0.02213629270523941
189885,-0.94365137482481,7,-0.5738688152521739
375394,-1.6314081163286498,7,-0.2455266149888789
283171,-0.33449540377854803,7,-0.32116186719717804
375916,-0.020092321948219,7,-0.21182627609839166
283116,-0.23624444070657,7,0.2981849286877717
188093,-0.000442129333824614,7,-0.2948828490194507
188990,-1.5724575384854702,7,-0.5285233063430876
284189,0.8445161530851841,7,-0.2593413996955548
187591,0.883816538313975,7,-0.2715844011643131
375475,0.0192080632805712,7,0.16711521805685214
284176,0.962417308771558,7,0.10013141402172139
187957,0.392561722954086,7,-0.1675071239231079
189243,0.765915382627603,7,0.0008109453492150392
374603,1.6698242428898,7,0.3168089040396932
375465,-1.90651081293019,7,-0.06289999822046015
283671,-0.6488984856088771,7,-0.6183299907450244
373649,-1.61175792371426,7,0.2485224955927327
374515,0.0978088337381531,7,0.15465379188217843
318176,-0.550647522536899,7,0.7349324159297147
2437214,-0.020092321948219,7,-0.3281376977175158
319280,1.06066827184354,7,-0.18425560053888562
187515,2.73093464406716,7,0.7943082339884276
373575,-0.020092321948219,7,0.15875008778813982
2436902,1.11961884968672,7,0.5361572214841123
188822,-1.74930927201503,7,-0.44698117802489346
187889,0.235360182038922,7,-0.03949770634903309
188412,0.530113071254856,7,0.031725645731776844
189137,0.883816538313975,7,0.09725001747512711
284203,-2.59426755443404,7,-0.27221298801283866
284059,0.51046287864046,7,0.03436549720788874
2437412,1.5519230872034198,7,-0.011636124571043335
2436999,0.0978088337381531,7,-0.22322568259869446
188327,0.726614997398811,7,0.31888938378565324
283830,-0.020092321948219,7,-0.7496042279918251
375714,-0.530997329922503,7,0.0027135767693794582
2436958,1.02136788661474,7,0.1926498255462899
374419,-0.3541455963929439,7,-0.29572997127643386
187781,-0.37379578900734,7,-0.09177579461714024
187705,-0.609598100380085,7,0.15125616829632527
283623,0.667664419555625,7,-0.04044023771908632
376047,0.196059796810131,7,0.18311653933711153
188056,-0.570297715151295,7,-0.4080135614917094
190187,-0.020092321948219,7,-0.3365460926950248
374178,-0.7471494486808551,7,-0.7202138537834718
374974,-0.020092321948219,7,-0.032864278040552294
188840,-0.19694405547778,7,0.06679028613707606
188521,-3.164123140251509,7,-0.12934712184958597
374378,0.196059796810131,7,-0.3414925967285177
189977,0.6283640343268331,7,-0.49856030485449343
187903,-0.020092321948219,7,-0.47003090559800415
187817,1.04101807922914,7,0.16546865889414586
374546,-0.020092321948219,7,-0.26416926613206126
375950,-0.491696944693713,7,-0.3386795491331691
190092,0.883816538313975,7,0.7814487038747918
187758,0.372911530339692,7,-0.25623729030116094
187860,0.51046287864046,7,0.06112738351229148
375977,-0.491696944693713,7,0.2596380889002758
283789,1.27682039060189,7,0.4129734159185106
336477,1.35542116105947,7,0.7508524207680726
283752,-0.020092321948219,7,0.011017041525560226
376022,-0.020092321948219,7,-0.35363893964182314
190186,-0.530997329922503,7,-0.657825192340266
188255,0.117459026352549,7,-0.15810900920383492
283231,-0.020092321948219,7,0.028549313278839264
2437267,-0.020092321948219,7,-0.08339858104527752
374807,0.353261337725296,7,-0.26799037452883023
319954,-2.06371235384536,7,0.30867492780486444
188979,2.00387751733452,7,-0.7259350210230013
336481,2.20037944347848,7,0.3560945282492594
190708,0.90346673092837,7,0.25293115771275604
373863,1.76807520596177,7,-0.0973671944406035
187461,-0.609598100380085,7,0.23469733666252307
188244,-0.020092321948219,7,0.3065209729224827
375625,-1.21875407142635,7,-0.3074965690949898
284370,-0.275544825935362,7,-0.0990559883652722
374548,-0.8257502191384358,7,-0.3444018548112959
374598,0.883816538313975,7,0.29014082247946865
375735,0.549763263869251,7,-0.07790289707901353
188427,0.942767116157162,7,0.16085892825879466
283775,0.923116923542766,7,-0.13440671121614706
373903,-1.21875407142635,7,0.2670248396301893
187892,-1.02225214528239,7,-0.3853076648413555
188291,-0.020092321948219,7,0.10616557849220866
188768,1.06066827184354,7,0.37607430600031877
283165,-0.020092321948219,7,0.7327845938818014
188774,1.29647058321628,7,0.0786127325351302
375627,0.530113071254856,7,-0.16651036677376002
374689,0.706964804784415,7,-0.3071309567278562
189240,-0.157643670248988,7,-0.28924469700413497
189278,1.04101807922914,7,-0.009681249782832371
374995,-1.14015330096877,7,-0.3885931562398346
318549,2.22002963609287,7,0.7462610113887188
374516,-0.0986930924058023,7,-0.07003131936234004
283833,0.353261337725296,7,-0.0657412370472432
188715,-1.4938567680278798,7,-0.33523605685603575
375719,0.313960952496504,7,0.19581578631938446
338067,1.04101807922914,7,-0.090591517247356
190124,-1.39560580495591,7,0.38026066493390626
187605,1.2375200053731,7,0.14474729479198123
375706,-0.393445981621735,7,-0.20025317225227507
189093,-1.27770464926953,7,-0.35605059242484083
189833,-2.2995146652181,7,-0.24377725083909257
188378,-0.41309617423613,7,-0.5180041242802625
189308,1.96457713210573,7,0.09705477639867659
373482,1.8859763616481495,7,-0.057245628916363187
188441,-0.41309617423613,7,-0.06876921592385586
189094,0.608713841712437,7,-0.11342532017806649
374367,0.274660567267714,7,0.20653833514486958
376032,0.726614997398811,7,0.20146886290171212
284224,0.0781586411237587,7,-0.32278935382363855
187609,1.86632616903375,7,-0.18286424289918207
188269,-2.20126370214612,7,-0.5760720107662757
188312,1.08031846445793,7,0.3415213291486409
189157,0.746265190013207,7,0.20273147953203802
188529,-0.0593927071770107,7,0.11738870957522392
189734,-0.020092321948219,7,-0.3209546960750716
188302,-0.020092321948219,7,0.045289251363245644
284245,-0.020092321948219,7,-0.030120454235998503
283718,0.648014226941229,7,0.2650926058347183
318173,0.0781586411237587,7,0.423161541102572
187974,0.589063649098042,7,0.3641814734143056
375727,-0.020092321948219,7,-0.331972579202676
188765,-1.94581119815898,7,0.24848745221468976
188249,0.4122119155684821,7,-0.2629469190805095
317951,1.29647058321628,7,0.3911253295651151
189267,-0.020092321948219,7,-0.365813705957846
373799,-2.41741582090448,7,-0.6556185986302813
374064,0.392561722954086,7,0.0642453717109882
190068,1.2178698127587,7,0.16989257376790462
188370,0.667664419555625,7,-0.35567097079919324
189253,1.72877482073298,7,0.5031512310088984
189632,-0.020092321948219,7,0.2595487761590477
190007,-0.13799347763459302,7,0.5281999546840092
375972,-0.0593927071770107,7,-0.3480151146502158
190089,0.0978088337381531,7,-0.2480651880996857
373621,-1.1794536861975602,7,-0.17604798013792594
187653,-0.020092321948219,8,-0.06500407292779728
283950,3.3597408077278104,8,-0.06810161609317564
375641,-0.7274992560664592,8,-0.507316176235964
188338,0.883816538313975,8,-0.47273139252451324
374913,-0.020092321948219,8,-0.40017797016210055
284328,-0.020092321948219,8,-0.42716951121734814
189819,-0.688198870837669,8,-0.17622815454738247
376050,0.235360182038922,8,0.1765160655730962
374595,0.726614997398811,8,0.22721332078032688
373760,1.43402193151705,8,0.5686425665608887
188256,0.648014226941229,8,-0.05226150004282579
374413,-1.65105830894305,8,-0.3157794829170798
375931,0.6283640343268331,8,0.3980863801360912
189883,-1.08120272312558,8,-0.5682837940893425
188314,-1.51350696064228,8,-0.5664000034449419
187856,-0.020092321948219,8,0.37176902743663076
374712,0.883816538313975,8,0.03168467830982405
375702,-1.9851115833877704,8,-0.2520872375715909
374691,-0.000442129333824614,8,0.13641936791281387
284281,-1.27770464926953,8,-0.10136199209164656
284272,-1.33665522711272,8,-0.07514282693741917
374541,-0.020092321948219,8,-0.14554016336050904
374934,-0.020092321948219,8,-0.056236446914511046
374109,1.33577096844507,8,-0.05077933263532877
375662,1.11961884968672,8,-0.05133432561816517
375665,-0.5899479077656911,8,-0.0006552125357648098
187968,0.569413456483647,8,0.25252669751768
375392,-0.7274992560664592,8,0.2644735337329833
374388,1.1982196201443,8,0.41088467842247445
188897,-0.020092321948219,8,0.0770235424128635
188001,0.0585084485093628,8,-0.1827368445128726
189025,-0.472046752079317,8,-0.20996866858787852
188215,0.4122119155684821,8,-0.21305143792270845
187793,-1.25805445665514,8,-0.017855604709050288
375971,0.648014226941229,8,0.3629575532207684
283641,-0.4523965594649211,8,0.16950864595017465
188820,1.00171769400035,8,0.09740803326399114
189210,-0.020092321948219,8,0.255433974150008
374483,-0.020092321948219,8,-0.4432264841310586
189004,-0.6292482929944809,8,-0.43749671311365823
187528,-1.84756023508701,8,-0.1940676968373917
374112,-0.020092321948219,8,0.22839183911326846
189854,0.687314612170019,8,0.4899490180192869
284165,1.04101807922914,8,-0.18319360460023404
374476,-0.020092321948219,8,-0.40783293439654356
189805,1.37507135367386,8,-0.10842234010969837
189686,0.392561722954086,8,-0.6453520471823657
187472,-1.61175792371426,8,-0.04852235217387221
187753,-0.393445981621735,8,0.18013448284403819
375621,-0.786449833909646,8,-0.43109854244549084
190280,-0.41309617423613,8,-0.5443256198660822
188507,0.15675941158134102,8,0.393337762449289
188103,0.471162493411669,8,-0.37265733893660047
375690,0.549763263869251,8,-0.2504133667572912
187960,0.765915382627603,8,0.2588069398764532
284354,0.8641663456995801,8,0.07105627835478465
190277,0.962417308771558,8,0.5349709776814424
374630,-0.8454004117528321,8,-0.2104874454432669
284303,-0.020092321948219,8,0.163006285458179
283791,-0.020092321948219,8,0.13004417076298244
375552,-0.020092321948219,8,-0.05497529017905542
190005,0.431862108182878,8,-0.407066656745786
187976,-0.8454004117528321,8,0.084209122272108
187804,-1.4152559975703,8,-0.2851958285496422
318179,0.982067501385952,8,0.8046679288990886
187612,-1.1205031083543702,8,-0.08672072351501356
284145,-0.511347137308108,8,0.07339797334115225
373468,0.726614997398811,8,-0.21077030931844265
190088,-0.275544825935362,8,0.4909835762703604
375433,-1.8868606203158,8,-0.48112023208171517
283599,-0.020092321948219,8,0.017432561912778005
283740,-0.7274992560664592,8,0.27717419665646803
189696,0.90346673092837,8,0.48724244089731483
374600,-1.76895946462942,8,-0.30330601679144087
283754,-0.020092321948219,8,0.018922112164139054
156377,1.35542116105947,8,-0.06673071282439583
187479,-0.157643670248988,8,-0.8422979788614227
375772,0.746265190013207,8,0.2971552725793959
189708,-0.020092321948219,8,-0.5049268646403678
336479,2.0824782877921,8,0.04206241846595932
373948,1.2178698127587,8,0.4480361413868482
188142,0.942767116157162,8,-0.37391407398351595
376004,-0.33449540377854803,8,-0.07218487684800132
187895,-0.707849063452063,8,-0.07769021168745843
283970,-0.020092321948219,8,-0.043441348884977055
188667,-0.020092321948219,8,0.05775020544593584
284305,-0.020092321948219,8,-0.03677531434555742
374749,1.11961884968672,8,0.536449983681645
188896,-1.74930927201503,8,0.09247293484723859
188972,1.25717019798749,8,-0.06859630670651651
375393,-1.3170050344983202,8,0.22113287906538634
189857,-1.23840426404074,8,-0.5100847290673679
189194,-0.020092321948219,8,0.06990036731591057
374702,1.43402193151705,8,0.2655479237870203
283104,2.16107905824968,8,-0.4143283582964238
187692,1.6698242428898,8,0.6915131237634398
189134,-0.020092321948219,8,-0.0179812993473962
190072,0.274660567267714,8,0.4427915359597604
375395,0.117459026352549,8,0.24829189176122488
188282,-2.14231312430294,8,-0.34593521553843354
188083,-0.9240011822104142,8,-0.28316025109022547
188396,-0.020092321948219,8,0.05459626803265574
374706,-0.8257502191384358,8,-0.4193356271367473
189753,1.43402193151705,8,0.5052775875114597
283839,1.68947443550419,8,0.1831126425760727
375791,0.0585084485093628,8,0.2512943372996168
188786,-0.020092321948219,8,0.029696554633548283
373743,-0.314845211164152,8,-0.18634950543925852
375444,-1.80825984985821,8,0.1594504225940633
188927,-2.2209138947605203,8,0.0017777126982002622
188419,1.70912462811859,8,0.0018678119148899108
187495,-0.37379578900734,8,-0.7263942091438986
188445,-2.12266293168854,8,-0.14496007113057746
188218,0.667664419555625,8,0.19081409287996778
187949,-0.020092321948219,8,0.179445485105764
190037,-0.865050604367228,8,-0.23001859710193148
375557,-0.432746366850526,8,-0.0046701114835631385
188698,-0.020092321948219,8,0.13879645496955464
373481,-3.5964273777682103,8,-0.7061036181660674
308253,0.196059796810131,8,-0.11102190761738501
189232,0.137109218966945,8,0.31217702439209394
190045,0.569413456483647,8,0.5224067379199012
189000,0.706964804784415,8,0.4024598086277662
188999,0.15675941158134102,8,0.4302935951479805
190703,0.471162493411669,8,0.27951031639225754
188497,0.431862108182878,8,-0.35768589647944005
375707,0.313960952496504,8,0.20327645604757308
189801,-1.10085291573997,8,-0.3322763984132875
190797,0.451512300797274,8,0.09903945211343276
375752,1.6108736650466102,8,0.10010393417685334
188492,-0.0986930924058023,8,-0.6779608244278944
188121,-1.33665522711272,8,0.12890171839335265
189390,-2.8890204436499705,8,0.47205551348892005
374532,-1.29735484188393,8,-0.037155067858728325
190198,-0.7471494486808551,8,-0.4387646793547919
189294,-0.393445981621735,8,0.049680813344149366
283178,-2.14231312430294,8,-0.011856572759348538
2437377,-1.14015330096877,8,-0.5043680701233614
189624,0.549763263869251,8,0.34031928433603675
188957,1.4929725093602402,8,0.4110780919287321
188110,-0.13799347763459302,8,0.12772866511211836
188895,-0.0986930924058023,8,0.25433165086435827
374652,-0.020092321948219,8,-0.09608183028367143
374992,1.2178698127587,8,-0.40582461666920455
188325,-1.4545563827990902,8,-0.17357729642191616
376012,0.0781586411237587,8,0.13186430130325325
375502,-0.41309617423613,8,0.3062841186873645
187886,-0.432746366850526,8,0.12417513555266971
190163,-1.1205031083543702,8,0.3711717121825624
284277,-0.020092321948219,8,-0.4468145122623277
375608,1.33577096844507,8,-0.3132377394360588
187941,1.70912462811859,8,0.324335949873946
187563,0.255010374653318,8,0.04704574621312865
283802,-1.29735484188393,8,-0.03294879026928363
189029,-0.41309617423613,8,-0.08840753609946339
283449,1.27682039060189,8,-0.3518253382867583
188785,-0.511347137308108,8,-0.03721873641721643
187510,-0.020092321948219,8,0.11795222117907281
375857,-0.157643670248988,8,-0.18781805350884226
189956,-0.688198870837669,8,-0.3117676216765334
374467,0.255010374653318,8,0.019615287439552653
187589,0.90346673092837,8,-0.012691431016703003
187505,-0.020092321948219,8,0.05643122024792882
188992,1.68947443550419,8,-0.2638947013319414
189756,0.392561722954086,8,-0.12168738142240557
187980,0.353261337725296,8,0.26961381195680556
375579,-0.020092321948219,8,-0.298090089782454
283139,-0.295195018549758,8,0.3646169944090062
283202,-0.020092321948219,8,0.1785051679252763
189715,-2.02441196861656,8,-0.1340498873918987
374643,-0.530997329922503,8,-0.2827565322851031
283615,-0.0986930924058023,8,0.06037355439142403
188197,-1.002601952668,8,-0.030327421159772577
375773,-1.27770464926953,8,0.4351859695108581
190816,-0.118343285020197,8,0.03916526570036552
374110,0.274660567267714,8,-0.37290939774404674
374599,-0.8847007969816241,8,-0.22752629982098957
375461,-0.020092321948219,8,-0.2831440025122812
190819,-0.33449540377854803,8,0.5454974693083673
190167,-0.020092321948219,8,-0.35891209378196354
374517,2.39688136962243,8,0.2486664876604158
187783,-0.118343285020197,8,0.14001430952370506
189667,-2.1619633169173302,8,-0.5910040191009325
374395,-0.020092321948219,8,0.5350776836997461
375705,-0.157643670248988,8,-0.3908044876231598
283603,0.29431075988210803,8,0.20653882686059075
190815,-0.570297715151295,8,-0.48397217942228665
375499,-0.0593927071770107,8,-0.10425679088749149
187838,0.942767116157162,8,0.33004850818144515
190173,-0.982951760053602,8,-0.40156898787593087
187846,0.883816538313975,8,0.005338302819542645
283781,1.33577096844507,8,0.527550806508005
374183,-0.37379578900734,8,0.07079662106168072
187853,1.59122347243221,8,0.40409187228175847
375688,-1.72965907940063,8,0.024504085674660753
375823,-0.020092321948219,8,-0.32430938885678073
283667,1.4143717389026498,8,0.14114988878956883
188945,-0.255894633320966,8,0.35742530311682796
189076,-0.963301567439206,8,0.13282365654064268
283598,0.4122119155684821,8,0.14163712857690255
375692,-2.02441196861656,9,-0.08142235638550341
187833,-0.865050604367228,9,-0.0737178234416937
188038,-0.255894633320966,9,0.21621202809039872
189979,-0.17729386286338394,9,-0.13993528388833937
187681,0.4122119155684821,9,0.11902509026365146
376010,-2.37811543567568,9,0.04917326819960241
190728,0.0192080632805712,9,0.003924986210167625
189797,-0.472046752079317,9,-0.421096548990054
283118,-0.020092321948219,9,0.3823695462748544
190057,0.392561722954086,9,0.5591065063816224
2437268,-0.491696944693713,9,-0.28033436559202785
375697,-0.17729386286338394,9,-0.03159856376135997
187551,-0.76679964129525,9,0.14687939741191017
187845,-0.255894633320966,9,0.37514901273414214
375825,-0.6685486782232729,9,-0.08464342991873292
187507,-1.29735484188393,9,-0.650698427478554
284262,-0.216594248092174,9,-0.3083269685684581
187767,0.8248659604707891,9,0.2602105241226298
375965,-0.609598100380085,9,-0.36649479841089394
188345,-0.3541455963929439,9,0.03786280585121646
189697,-1.39560580495591,9,-0.4435333044643581
190098,-0.255894633320966,9,0.3254102946537951
187649,1.35542116105947,9,0.07905496666776143
190807,1.00171769400035,9,0.15163773453498755
374186,1.80737559119057,9,0.49984789118767425
283796,0.451512300797274,9,-0.1264913835840496
187814,-0.0986930924058023,9,0.29514158766973364
188031,-0.8847007969816241,9,0.05933145109858726
375973,-0.020092321948219,9,0.2556404480838681
189862,-0.865050604367228,9,-0.3382432380722079
375620,-1.23840426404074,9,-0.39780551941414266
376048,0.29431075988210803,9,0.019667269148107208
375997,1.0999686570723302,9,-0.40421560047697835
188630,-0.020092321948219,9,-0.22876079911551128
375474,-0.020092321948219,9,0.025057017965455924
283114,-0.020092321948219,9,0.2004760978269269
375659,-0.255894633320966,9,-0.13396615006041138
188407,1.76807520596177,9,0.1468664740180963
188988,0.51046287864046,9,-0.3415101337276414
189343,-0.020092321948219,9,0.005210941196107294
189760,0.726614997398811,9,-0.0007715718223557377
375780,1.27682039060189,9,0.1434833416672943
283201,-0.19694405547778,9,0.2390086666038724
187696,-1.29735484188393,9,-0.04181281328046335
187786,0.608713841712437,9,0.3179020356984523
284209,0.3336111451109,9,-0.1719820535810861
319781,2.14142886563529,9,0.26727788687713394
187826,0.805215767856393,9,0.5202010477564782
190196,-0.432746366850526,9,-0.35516356705831353
188472,1.31612077583068,9,-0.4399419615760253
187674,-0.41309617423613,9,0.011404526211193727
187645,-0.020092321948219,9,-0.1713585234818172
374361,-0.0397425145626149,9,0.13898996273263423
188466,2.3182805991648503,9,0.11158236119115386
284002,-1.04190233789679,9,0.08664557605082548
188286,-0.295195018549758,9,-0.2833362333905276
187548,1.1392690423011202,9,0.011956506249446136
187778,0.392561722954086,9,0.27038876887873486
189858,0.8248659604707891,9,0.5406127842356927
188848,-1.1598034935831598,9,0.044621154571984484
188075,-2.7514690953492003,9,-0.2295660482663277
374394,-0.020092321948219,9,0.06813366339323901
189035,-1.80825984985821,9,-0.5088942173665489
189972,-0.76679964129525,9,0.2911151612482604
375550,-0.020092321948219,9,0.03511390157500935
375370,0.962417308771558,9,0.6604192314706765
374474,0.29431075988210803,9,0.28938504421977207
190800,1.27682039060189,9,-0.020768759483545368
283128,-0.76679964129525,9,-0.060823416973889766
375940,-1.33665522711272,9,-0.3579940977429932
190203,-0.020092321948219,9,-0.44467698780807274
189238,0.274660567267714,9,0.09004502144657581
375024,0.313960952496504,9,0.13706352333363828
375421,-0.020092321948219,9,-0.2825954503372249
188226,-1.4545563827990902,9,-0.39026513021456377
284338,-0.609598100380085,9,0.0013256378001710034
187686,-0.41309617423613,9,-0.05607654919404764
189224,-0.020092321948219,9,-0.31662215884345923
188349,0.8445161530851841,9,0.32659483751900675
373739,-0.8257502191384358,9,-0.5777462683759174
374392,-0.020092321948219,9,-0.34776484862802093
189937,1.00171769400035,9,0.49983166700199244
375094,-1.19910387881195,9,-0.16292975093799647
374941,0.667664419555625,9,-0.4345592300706632
2437250,-0.0397425145626149,9,0.04929616288799879
283823,0.372911530339692,9,0.06343100710797545
283145,0.471162493411669,9,0.7679985099545985
189006,-0.530997329922503,9,-0.5489775188787294
189234,0.726614997398811,9,0.3999758119754645
187978,0.6283640343268331,9,0.29603854807574037
189050,-0.020092321948219,9,0.12312971796496167
318550,1.78772539857617,9,0.7768566681319908
189913,-1.25805445665514,9,-0.4536219834173212
374669,0.4122119155684821,9,-0.3835325268769908
374086,-0.432746366850526,9,0.14880388278980314
374659,-0.3541455963929439,9,0.16804057324603053
188733,0.648014226941229,9,0.1621702114105064
188211,0.215709989424527,9,0.06205356929361197
188237,-0.982951760053602,9,0.15503402459296858
189047,1.3947215462882598,9,0.18647335773806947
187769,-0.33449540377854803,9,0.2384934093208083
190782,-0.118343285020197,9,-0.14951027465271166
284279,-1.92616100554459,9,-0.4074960754918132
319783,0.589063649098042,9,0.10782269424449045
188359,0.4908126860260639,9,0.1083810852814717
283665,-2.43706601351887,9,0.13037865430127052
187636,0.0192080632805712,9,0.11292490612508907
189392,2.1021284804065,9,0.09934878264586391
375788,-0.020092321948219,9,0.06107026032082888
187951,0.431862108182878,9,0.4041382572182799
283767,-0.020092321948219,9,-0.2301381840363836
189670,0.353261337725296,9,-0.17328967007347107
190731,1.53227289458903,9,-0.10866045940318575
283964,1.02136788661474,9,0.07245008881634671
189309,-0.33449540377854803,9,0.2736448192896719
187954,-1.08120272312558,9,0.11205845184617477
189010,-1.53315715325668,9,-0.5099089974442982
319784,-0.865050604367228,9,0.31309144408265965
187731,-0.0397425145626149,9,-0.03199060711791804
375016,-1.5724575384854702,9,-0.8855966966338641
190006,0.29431075988210803,9,0.46676814811946676
374536,0.942767116157162,9,0.3738571200730507
283083,-1.1598034935831598,9,-0.14630214283293527
374382,-0.020092321948219,9,-0.6263578329431432
373754,-0.020092321948219,9,0.17273871637307028
190076,0.29431075988210803,9,-0.09471646302940903
375547,-0.020092321948219,9,0.024039415742192122
375716,-0.786449833909646,9,-0.2980016009703502
374741,1.59122347243221,9,0.42489022445402147
374944,0.0585084485093628,9,0.44724935037594715
188160,0.3336111451109,9,0.016351788186869082
188640,-0.688198870837669,9,0.03177941258725947
188267,2.7898852219103394,9,0.7656526241237163
188006,0.176409604195736,9,0.2601857441440233
189615,0.117459026352549,9,0.19232547963807664
187718,0.29431075988210803,9,0.07296744177177503
190702,-0.393445981621735,9,0.3532341589603498
187584,-1.7886096572438202,9,-0.17943964007130164
187760,-0.5899479077656911,9,-0.18007521142942645
284247,-0.17729386286338394,9,0.2581878940761465
187823,0.038858255894967,9,0.10723731513656251
375710,-0.000442129333824614,9,0.05088510008197619
187667,-0.688198870837669,9,0.32824757641651936
187709,-0.8257502191384358,9,0.05576188366240961
189152,-0.020092321948219,9,0.09276151541885494
373980,0.746265190013207,9,-0.01171032329975405
373672,0.0781586411237587,9,0.38674520898579523
284024,0.726614997398811,9,-0.09631326390356593
374742,0.0978088337381531,9,0.2882002373537167
187854,1.08031846445793,9,-0.21981611959029307
375564,-0.020092321948219,9,-0.15705080664062696
187603,-1.23840426404074,9,-0.2582946557973904
187469,-0.76679964129525,9,-0.5386566769410223
187757,-0.94365137482481,9,0.009978868972520344
188382,0.313960952496504,9,0.15877182699903722
188423,1.0999686570723302,9,-0.7633198651402457
283126,0.8641663456995801,9,0.03270299534124341
189017,0.883816538313975,9,-0.09095512967707614
187484,-1.23840426404074,9,0.19715775553497886
189250,1.25717019798749,9,0.3418220108709621
375565,0.0978088337381531,9,0.2762878326193754
375767,-1.69035869417184,9,0.4037567503997893
189034,-1.1794536861975602,9,-0.4755663082303734
189909,0.0585084485093628,9,0.5136552058055124
375932,-1.08120272312558,9,-0.5537794697952203
375917,-1.65105830894305,9,-1.1411367574760225
188982,0.235360182038922,9,0.21360655964779088
188418,-0.020092321948219,9,0.3758511274457721
2437244,0.137109218966945,9,-0.3935523585931383
187945,-0.609598100380085,9,0.13516003611502878
189023,2.0628280951777103,9,0.06425403521601372
187702,-0.8454004117528321,9,-0.6458726980191851
187920,0.038858255894967,9,0.5532808197356862
190039,-0.000442129333824614,9,0.38682085389636844
284278,-0.020092321948219,9,-0.004017992680706045
190177,-1.74930927201503,9,0.3683045795298312
187867,-2.71216871012041,9,0.12237434839345043
188317,2.04317790256331,9,0.07137193827293511
189091,0.313960952496504,9,-0.3515002033167264
187818,-2.59426755443404,9,-0.18080337765892
375740,0.235360182038922,9,0.12040722071715373
376023,-0.0986930924058023,9,0.19253149094023644
188220,0.255010374653318,9,0.038602899056901535
189133,-0.295195018549758,9,-0.3385499178749052
189868,0.4908126860260639,9,-0.0949630397275105
188268,-0.314845211164152,9,0.007652195316774996
2437252,-0.020092321948219,9,0.00926476278213309
190101,-0.472046752079317,9,0.32173246147466594
374614,-0.216594248092174,9,-0.555093421049588
2437409,0.4908126860260639,9,0.1771880239280544
375434,2.5540829105376,9,0.17056250713926255
187998,-2.33881505044689,9,-0.38702613666405705
187936,-0.3541455963929439,9,0.15166832132358157
284336,0.765915382627603,9,0.28161449469464217
187713,-0.020092321948219,9,-0.0312881387901682
189233,0.176409604195736,9,0.33119020934478427
336478,2.1217786730208896,9,0.7169581225265735
283748,-0.020092321948219,9,-0.07058777712267902
283722,-0.550647522536899,9,0.0934562284520277
373758,-1.4152559975703,9,-0.40500319542572893
