id,PHT,kfold,SVR_pred
373851,-0.707849063452063,0,-0.04510445721968322
188064,0.117459026352549,0,-0.15042435161525686
188374,-1.19910387881195,0,0.056030411031923036
187863,-0.550647522536899,0,0.49025001857373435
187989,2.04317790256331,0,-0.1940603997881642
190707,2.1021284804065,0,0.4544146632151211
284161,-0.020092321948219,0,-0.3933272219057606
190164,-0.020092321948219,0,0.15974135442753873
190160,-0.020092321948219,0,-0.48785843528000933
187537,-0.707849063452063,0,0.002001533648596468
188633,1.78772539857617,0,0.3540532571206528
374686,1.5126227019746297,0,0.11614778663479643
190817,0.451512300797274,0,-0.44087772902895334
189958,-1.37595561234151,0,-0.1368612716021595
283777,-1.71000888678624,0,-0.19107888831350844
3624697,-0.020092321948219,0,-0.06935541781866254
283776,0.176409604195736,0,0.26031008428889574
373764,0.706964804784415,0,0.04564962362012899
375759,-0.3541455963929439,0,0.1836511015806449
188932,-1.1598034935831598,0,-0.3342871192771941
308007,-0.314845211164152,0,0.6032463009374248
190789,-0.609598100380085,0,0.4111588751928844
188146,-0.530997329922503,0,0.19076399369129615
188157,-0.000442129333824614,0,0.17984316345431528
189027,0.648014226941229,0,-0.05016622436967762
190783,-0.020092321948219,0,-0.1427104681615899
375500,-0.6488984856088771,0,-0.011384971371371885
187493,1.78772539857617,0,-0.17753285810112163
375745,-0.4523965594649211,0,0.0813651698799563
374533,0.589063649098042,0,0.3484936816729954
189229,-1.1205031083543702,0,0.24439315085590485
188899,-1.1205031083543702,0,0.5582947901128035
283815,-1.25805445665514,0,-0.110512002548441
190808,1.25717019798749,0,0.476377638155611
188909,-0.020092321948219,0,-0.27032484111627697
189301,-0.982951760053602,0,-0.42762177974246696
188792,-1.94581119815898,0,0.448947147805505
2437378,-2.18161350953173,0,-0.08965752490579627
374740,-0.020092321948219,0,0.1805927856876015
283625,0.392561722954086,0,0.08457399344173928
283199,0.608713841712437,0,0.01701399087935078
189107,-0.275544825935362,0,0.011019752566428911
375674,0.215709989424527,0,0.028229322170859508
187852,2.14142886563529,0,0.18533879817547338
374567,0.274660567267714,0,0.39021086780462594
188429,1.45367212413145,0,0.2201043472660792
373773,-0.17729386286338394,0,-0.7624822331752639
189287,0.235360182038922,0,-0.37764264476545606
189225,0.392561722954086,0,0.11781085831647127
188156,-0.8847007969816241,0,0.21039222626171844
188316,-0.33449540377854803,0,-0.002004266168348909
283515,-0.23624444070657,0,0.17910466159628924
188526,0.451512300797274,0,-0.22150142483129348
374504,-0.0397425145626149,0,0.5869414182220083
283892,-0.020092321948219,0,-0.31746916026771227
374699,0.117459026352549,0,-0.15493179208964053
374391,-1.06155253051118,0,0.6124570170812529
188818,-0.6292482929944809,0,0.15250039147625893
188340,-0.020092321948219,0,-0.04653691044113549
375518,-0.020092321948219,0,0.292612624049439
187820,0.4908126860260639,0,0.13619524547751222
188401,-0.609598100380085,0,0.0501535953094044
375895,0.196059796810131,0,-0.02087836915605261
376000,-0.7274992560664592,0,0.11446402950577346
190129,-1.04190233789679,0,-0.44422954444972856
2437287,-0.000442129333824614,0,-0.13994485478822705
375546,0.3336111451109,0,0.09748286989859424
187574,-2.14231312430294,0,-0.19900730190959343
188546,0.471162493411669,0,-0.2232836556688525
189081,-2.39776562829008,0,-0.5635950905826385
283677,1.37507135367386,0,0.25639307705189857
188328,1.5519230872034198,0,0.5610335423800201
373623,2.0628280951777103,0,0.12073212295776499
187791,0.353261337725296,0,-0.09037057099058297
190711,0.549763263869251,0,0.5483862245457841
188545,-0.020092321948219,0,-0.018291318010373522
189077,-0.020092321948219,0,-0.04752931953616289
189455,-0.020092321948219,0,-0.09638736297428042
188320,-2.39776562829008,0,-0.9755087127898987
375640,-0.6292482929944809,0,0.05013016378521713
375576,-0.491696944693713,0,0.0020196138654548085
284334,-1.1205031083543702,0,-0.2870340808767602
373734,0.6283640343268331,0,0.07716507865287288
374472,0.451512300797274,0,0.6080987028217197
188254,-0.118343285020197,0,0.040690888642221604
375504,0.3336111451109,0,0.07729625029149097
190071,0.038858255894967,0,0.21330219944685413
190157,-1.29735484188393,0,0.3646227069343027
373770,-0.865050604367228,0,0.10108555161777273
188825,1.7484250133473798,0,0.13454829249348843
188405,0.8445161530851841,0,0.09203900280978923
187475,1.6501740502754,0,-0.3100884434266264
189059,-0.020092321948219,0,0.19232407139703017
283721,-0.118343285020197,0,-0.3863603585874735
187971,-0.432746366850526,0,-0.21352928024542223
189116,-0.19694405547778,0,-0.3875769280067866
283774,-0.8061000265240409,0,-0.27537136253828626
283755,-0.0790428997914065,0,0.5354889354949877
373725,-0.19694405547778,0,-0.33090859524363164
375682,0.3336111451109,0,0.2315967384040094
189851,2.1217786730208896,0,0.01540776960917882
374697,0.982067501385952,0,-0.008202071201888136
189932,-1.74930927201503,0,-0.2478003080594844
188506,-0.3541455963929439,0,-0.13439614262591165
188028,1.3947215462882598,0,0.2271729935636168
187958,1.37507135367386,0,0.29530386889668453
187911,1.17856942752991,0,0.0063109198985553255
374759,-0.020092321948219,0,-0.48259096643342664
374640,-0.33449540377854803,0,-0.31847419601085036
189078,-0.570297715151295,0,-0.44127610555670554
283138,-0.7274992560664592,0,0.12741691138658473
187462,-0.0397425145626149,0,0.08270306788760241
283579,-0.0986930924058023,0,0.4371065459909036
284231,0.353261337725296,0,-0.055735586950465474
190472,-0.020092321948219,0,0.13181239274883216
189099,-0.020092321948219,0,0.005192313143895025
188163,-0.76679964129525,0,-0.11028066437515245
284291,0.4908126860260639,0,-0.1519003131424761
374978,1.17856942752991,0,-0.2907369247297132
187526,0.137109218966945,0,-0.2954343931076086
187464,0.726614997398811,0,0.24531004479396606
187564,-0.3541455963929439,0,-0.14007320550881358
374436,-0.020092321948219,0,-0.24905057918048434
373656,0.648014226941229,0,-0.18453764363415337
375995,0.431862108182878,0,0.18549564267601837
189698,1.11961884968672,0,0.5367825117170648
375962,-0.020092321948219,0,-0.16968346320444633
189040,-0.020092321948219,0,0.1363226530834471
187556,0.982067501385952,0,0.4097883754321653
284241,-0.511347137308108,0,-0.182014691812026
375169,-1.37595561234151,0,0.24489701555200805
283655,2.2593300213216603,0,0.056415931022191126
374165,0.038858255894967,0,-0.27804778648073997
189811,0.982067501385952,0,-0.09411253619409728
374531,-1.47420657541349,0,0.17057564911209944
187544,0.667664419555625,0,-0.15528688376601435
2437410,2.5737331031519903,0,-0.30606350959653505
375666,-0.8257502191384358,0,-0.2176216756352924
375815,-0.020092321948219,0,0.13282853464614397
190190,-0.157643670248988,0,-0.1488528733488314
188102,0.942767116157162,0,-0.14351871661517235
187541,0.706964804784415,0,-0.10552457521981819
189637,0.372911530339692,0,0.2117967174709427
283849,1.35542116105947,0,-0.048354146881658164
375939,0.687314612170019,0,0.025202642950075307
283600,-0.020092321948219,0,-0.07559479358240172
375661,0.549763263869251,0,0.034063513207904086
189070,-0.020092321948219,0,-0.026960788125262022
373642,1.1982196201443,0,0.04318816104480973
375957,0.0978088337381531,0,-0.33179180374749445
375838,-3.1444729476371096,0,-1.2404772738048258
188956,0.038858255894967,0,0.4978364765091044
188187,-0.472046752079317,0,-0.13192437603359625
190036,0.15675941158134102,0,-0.0694552929962841
375696,0.0192080632805712,0,-0.4251701188262479
319284,-1.39560580495591,0,-0.2463356833058043
188145,0.313960952496504,0,0.1647629615997116
188232,1.3947215462882598,0,-0.09573883906576573
187996,0.274660567267714,0,0.19575144092534508
374678,0.805215767856393,0,0.24393564198161427
375006,0.4122119155684821,0,0.33006500171659475
190130,-1.14015330096877,0,-0.5717641277441229
375845,-0.020092321948219,0,-0.5327165318407526
283727,-1.08120272312558,0,0.3353065888438612
188086,0.923116923542766,0,0.38530616017749314
374743,-1.80825984985821,0,0.3758081650588167
373675,0.746265190013207,0,0.15038212344602814
373690,0.687314612170019,0,-0.12499223424488219
376002,-0.33449540377854803,0,-0.006499125730200214
188000,0.0192080632805712,0,0.16794550760274335
283817,0.0585084485093628,0,0.3164039303371643
283109,0.805215767856393,0,0.800831183261613
283844,-1.25805445665514,0,-0.4111998702176561
189046,0.6283640343268331,0,0.3510420918948266
189115,0.4122119155684821,0,-0.11431924889405727
318175,1.94492693949133,0,0.8523885795744593
283177,-1.4152559975703,0,0.04013724545239562
188101,-0.393445981621735,0,-0.5857217187539355
188250,1.1392690423011202,0,-0.08760309755522831
188549,-0.33449540377854803,0,0.034057219524718144
190132,-0.020092321948219,0,0.20136839698953446
284015,1.63052385766101,0,0.31535326441528577
190818,-0.020092321948219,0,-0.25111031654814575
189892,0.608713841712437,0,0.627944222533614
375018,0.4908126860260639,0,0.014566848453346229
375935,0.117459026352549,0,-0.28022813275303804
188876,-0.7471494486808551,0,0.1552492477561162
189804,-1.25805445665514,0,-0.034979861820578814
373694,-2.06371235384536,0,0.04865384071927177
375274,-0.0593927071770107,0,-0.08812303933212916
188040,-0.9240011822104142,0,-0.0075456008632437815
374632,-0.020092321948219,0,0.445390406787593
188398,-0.157643670248988,0,0.41105996390967203
187973,0.942767116157162,0,0.5831595026812453
190803,1.6698242428898,0,-0.25733101961635746
189008,1.7484250133473798,0,-0.1725424970375592
188974,-1.6314081163286498,0,-0.4052471556042418
308254,0.392561722954086,0,-0.10021951567285019
374374,-0.216594248092174,0,0.6583524326357709
374914,-0.13799347763459302,0,0.05211252649893415
374385,1.57157327981782,1,-0.17255267091842535
375335,0.15675941158134102,1,0.1250409699942966
188339,0.765915382627603,1,0.13736547232747665
190191,2.5737331031519903,1,0.12997421369650575
189759,1.06066827184354,1,0.5950240263969457
190000,-0.491696944693713,1,-0.32983279069760224
374694,-1.59210773109986,1,-0.30802725203252845
187736,-1.67070850155745,1,-0.16074354987217349
375810,-0.94365137482481,1,-0.1474164994064508
187671,-1.1598034935831598,1,-0.14054500212098847
189245,-0.17729386286338394,1,0.28480472989379807
375521,0.667664419555625,1,-0.09725507185618877
190238,-0.020092321948219,1,-0.11583018581100356
190137,1.94492693949133,1,0.5020950232856334
187834,-0.157643670248988,1,0.20011283237780209
2437248,-2.71216871012041,1,0.13703976533662265
187654,-1.39560580495591,1,0.03924077443218969
187665,-0.275544825935362,1,-0.08390070302000573
188764,-0.314845211164152,1,-0.30979597327411673
188742,-3.02657179195074,1,-1.1650111626807504
190158,1.72877482073298,1,0.08340053608786095
189282,2.84883579975353,1,0.326789568844049
374553,1.08031846445793,1,-0.0505230993384604
374912,0.431862108182878,1,0.1999751212769656
188913,0.0781586411237587,1,0.25780965037031073
187699,-0.000442129333824614,1,0.09337944382665743
308006,0.51046287864046,1,0.2929697806199581
283230,-0.020092321948219,1,-0.1806369786540991
283110,-0.020092321948219,1,-0.5341450067905099
373654,0.313960952496504,1,0.22140047197642115
187766,0.196059796810131,1,0.21616431389874713
187523,-0.4523965594649211,1,-0.06096947746056712
375896,0.117459026352549,1,0.04730594556150068
283773,0.746265190013207,1,-0.1679709397693525
375645,-0.157643670248988,1,-0.3795710157504374
188034,1.84667597641936,1,0.2817057117963331
374617,1.86632616903375,1,0.13545968777357997
190780,-0.020092321948219,1,-0.17712480197763075
318177,0.7855655752419971,1,0.47516609306444185
188901,0.353261337725296,1,0.06279468406719478
187656,1.2375200053731,1,-0.12114857005795844
188464,-2.45671620613327,1,-0.3543618702332085
188425,1.86632616903375,1,0.28319460976669125
284239,0.3336111451109,1,-0.2195732403165241
188105,-2.2209138947605203,1,-0.10324593224275684
375738,0.353261337725296,1,0.12814638700631487
283194,-0.020092321948219,1,-0.11858974414944724
375830,0.962417308771558,1,0.3023307324156081
374629,-0.020092321948219,1,0.05816843169152518
188996,-0.0986930924058023,1,-0.19410659046384077
188239,0.137109218966945,1,-0.19139695688239672
283715,0.648014226941229,1,0.06605361300048816
187691,-0.6488984856088771,1,0.1534359706915912
284309,-0.020092321948219,1,-0.28716363291485203
190733,-1.47420657541349,1,-0.3918409790153335
189822,-1.53315715325668,1,0.08190660627626321
188319,0.805215767856393,1,0.05332552761839575
374551,-1.3170050344983202,1,-0.26835362256655027
319282,-0.6685486782232729,1,-0.10029760296752498
187984,-1.80825984985821,1,0.27947793489524364
190344,-0.020092321948219,1,-0.13740940297120202
187924,-3.75362891868337,1,0.05621221434705996
187787,0.549763263869251,1,0.3396063382087191
188246,-1.1598034935831598,1,-0.6126725871195114
189871,-0.33449540377854803,1,-0.21716471127584747
189894,0.4122119155684821,1,0.058837811816737404
188076,1.68947443550419,1,0.2005421935124212
283819,0.0781586411237587,1,0.027147225092314778
283828,-1.59210773109986,1,-0.5145489080630359
189766,-0.23624444070657,1,-0.08897410873941987
375590,0.176409604195736,1,-0.42178768984947435
187822,-0.157643670248988,1,0.14994995003374095
187711,1.02136788661474,1,0.0830413829067717
187662,-0.8847007969816241,1,-0.31687412839053436
188777,-0.020092321948219,1,-0.32120326738632116
187717,-0.511347137308108,1,-0.05660510100309958
375467,-1.35630541972712,1,0.07351534946230052
374646,-0.6488984856088771,1,-0.32042948759895645
187765,0.0781586411237587,1,0.16294340879327313
375905,-0.688198870837669,1,-0.2495078721172444
188413,0.255010374653318,1,0.016137403472874554
283712,1.31612077583068,1,0.01644533384762613
188292,0.0585084485093628,1,-0.014944235670757991
188998,-1.71000888678624,1,-0.432873036094628
375503,0.667664419555625,1,-0.3443310865630816
284132,0.569413456483647,1,0.20232152929044572
375456,1.2375200053731,1,-0.010593920254604441
284222,0.451512300797274,1,-0.08489924017695073
283471,0.274660567267714,1,0.289844963495839
375581,-0.0397425145626149,1,0.23819993545102636
190199,-0.020092321948219,1,-0.11900227816995419
374662,-0.609598100380085,1,0.1751307555097767
190734,-0.6488984856088771,1,0.5499989838103404
318552,0.746265190013207,1,0.43568663794887424
188117,0.90346673092837,1,0.03087778331193526
190148,-0.020092321948219,1,0.1126819877941994
187582,0.313960952496504,1,-0.022072263712788573
187905,0.608713841712437,1,0.10093467660966814
187470,-0.33449540377854803,1,0.13789209618895143
336484,2.2986304065504504,1,0.6939401616570243
2437249,0.883816538313975,1,-0.13033049295858062
375695,0.530113071254856,1,0.22495174372248267
187518,-0.4523965594649211,1,0.3989457285731784
188222,-0.23624444070657,1,0.1405919380489271
283668,-0.19694405547778,1,0.3109623068382259
375471,0.431862108182878,1,-0.1095913212854764
188846,-0.020092321948219,1,0.24880708370930782
373780,-2.04406216123096,1,-0.6322744473392793
189872,-1.29735484188393,1,-0.384209913812469
373629,0.215709989424527,1,-0.324768431887215
187805,-0.491696944693713,1,-0.4614402906376754
284025,-1.37595561234151,1,-0.0055238721985254174
188311,-0.020092321948219,1,-0.04735585639677371
187876,-1.08120272312558,1,0.05735271525088469
188153,0.313960952496504,1,-0.06617876067868696
188386,1.4143717389026498,1,0.16460381620171766
187690,-0.216594248092174,1,-0.30608706470590336
283448,-0.432746366850526,1,0.017567204085457575
284216,1.3947215462882598,1,0.25581475086369765
374156,0.549763263869251,1,0.25421739632923995
2437256,-0.020092321948219,1,-0.2333093766036699
188235,0.431862108182878,1,-0.16057965204864316
375553,-0.8061000265240409,1,-0.26439523054652425
375952,-0.37379578900734,1,-0.4919696582311757
189030,-0.432746366850526,1,-0.3744184820259688
283736,1.63052385766101,1,0.14146831085081063
190805,-2.06371235384536,1,-0.05392647280984729
187888,1.11961884968672,1,-0.058779404149566575
188376,1.08031846445793,1,-0.007688419146716516
373986,0.805215767856393,1,0.2829137465197887
375708,-1.4938567680278798,1,-0.2220911421779943
187485,0.313960952496504,1,-0.7701508744173929
375397,-0.157643670248988,1,0.23340207062656865
190170,-0.020092321948219,1,-0.2916167297523418
374154,1.2178698127587,1,-0.10637969994022196
189164,-0.020092321948219,1,0.1797590176654537
187587,-0.020092321948219,1,-0.21320337310348725
374147,-1.6314081163286498,1,0.16455782433746868
375411,0.8445161530851841,1,0.19020261396391064
187566,-0.6488984856088771,1,-0.08838617437731962
188448,-0.8257502191384358,1,-0.9954717171888954
283444,-0.020092321948219,1,-0.02178719065573649
188204,-0.020092321948219,1,-0.13265746303405695
189063,-0.020092321948219,1,-0.1396033054652953
375835,1.25717019798749,1,0.05404237903876978
375687,-0.118343285020197,1,-0.025761595511483118
188577,1.15891923491551,1,0.17975443572150124
374613,-0.020092321948219,1,-0.12038022402527306
374451,1.98422732472012,1,-0.5679905389514736
187502,1.4143717389026498,1,0.09444983493017352
283176,2.2986304065504504,1,0.43839889758469347
190296,0.15675941158134102,1,-0.19448877404569692
374530,0.648014226941229,1,-0.09868588677937944
374988,-3.3409748737810703,1,-0.4139124679581421
187904,-0.6685486782232729,1,-0.11820199648397002
189049,0.215709989424527,1,0.04408607309823799
188227,1.2178698127587,1,0.07820705407746552
317953,1.84667597641936,1,0.1622449458730279
190403,1.37507135367386,1,0.32678116460244677
374590,0.235360182038922,1,0.23554701809074124
188362,-0.020092321948219,1,0.02617499222228685
188536,-0.5899479077656911,1,-0.07251904130803465
187824,0.255010374653318,1,0.0980712202174706
188058,-0.275544825935362,1,-0.14855933741053523
283117,-0.8257502191384358,1,0.21694363028623792
188894,-0.8847007969816241,1,0.32678527141997066
374062,1.53227289458903,1,0.40872520383514277
188061,-0.000442129333824614,1,-0.23689017843175347
283938,1.4143717389026498,1,0.3169331555402152
187725,1.90562655426254,1,0.20265167710288973
283107,-0.688198870837669,1,-0.0013080051074445959
374171,0.235360182038922,1,-0.13652088776143906
189247,-1.29735484188393,1,0.34608661480149766
373730,-1.002601952668,1,0.1448431377809733
189703,0.942767116157162,1,0.1922498673319155
317891,0.117459026352549,1,-0.029867070624619643
188558,-1.8672104277014,1,-1.0032494933795464
189421,-0.76679964129525,1,0.2875535023461721
374547,-0.0790428997914065,1,-0.31271886164150287
375589,-0.982951760053602,1,-0.07096697343114496
375711,1.78772539857617,1,0.0658066284698237
374396,0.51046287864046,1,0.5731784097854987
283432,-0.5899479077656911,1,0.7353136232638399
373850,-0.0790428997914065,1,0.04036704397206829
283967,-0.020092321948219,1,-0.20793756764561738
187678,0.942767116157162,1,-0.05100509124150078
189859,-0.8257502191384358,1,-0.5822450639313789
187770,-0.76679964129525,1,-0.04245285841357706
375794,-0.020092321948219,1,0.245911733356248
188969,-1.04190233789679,1,0.08492352065066901
375449,1.92527674687694,1,0.3172293465229049
375802,0.51046287864046,1,-0.2688465593465219
374527,-0.13799347763459302,1,-0.4978034427745475
189290,-0.904350989596018,1,-0.17513769467248103
189221,-0.020092321948219,1,-0.003297368403275505
375663,-1.37595561234151,1,-0.3303679243201159
375922,-0.020092321948219,1,-0.09215488741910761
375933,-0.020092321948219,1,-0.3435140924079712
189790,-0.6292482929944809,1,-0.1834292277792129
187794,0.8248659604707891,1,0.12484498626819489
187666,0.0978088337381531,2,0.25730519267724605
189254,1.2178698127587,2,0.4900556845612076
336482,2.69163425883836,2,0.8610116008888014
283639,-2.2602142799893103,2,0.0561174139231335
188449,0.15675941158134102,2,0.04970309745264729
283220,0.4122119155684821,2,0.18605313212592908
189961,1.2178698127587,2,0.1697769923989195
375976,-0.020092321948219,2,-0.23051060852298116
284215,0.15675941158134102,2,0.20373962298578827
374956,-0.216594248092174,2,-0.38413474956145854
189700,-0.94365137482481,2,0.37260670139286056
187763,-0.020092321948219,2,-0.06978740617799875
189997,0.8248659604707891,2,0.47444784233236437
308266,0.313960952496504,2,0.2592974118109076
374253,-0.020092321948219,2,-0.16313018496915146
375455,0.117459026352549,2,0.09344437620456106
187855,-0.295195018549758,2,0.1888724528598789
283723,0.215709989424527,2,0.4819942129002319
375295,-0.020092321948219,2,0.14586422435187976
187655,0.569413456483647,2,0.23837719464586568
189809,0.4908126860260639,2,0.544008929016991
374638,-0.472046752079317,2,-0.41462671325997896
189039,-0.020092321948219,2,0.0844488039737453
375943,-1.72965907940063,2,-0.45824668882997077
283209,-0.020092321948219,2,0.29249155938289617
188434,-3.04622198456513,2,-0.786161105300358
190121,-1.02225214528239,2,-0.5170996290187704
187730,0.117459026352549,2,0.0144390690528187
190669,-0.8847007969816241,2,0.20973276885068595
374414,-0.491696944693713,2,-0.3984206962076497
319279,0.4908126860260639,2,-0.10988817480569613
336781,1.63052385766101,2,0.07289306178248775
188152,0.392561722954086,2,-0.06691562750976923
374066,2.00387751733452,2,-0.014449653220330115
189757,-0.3541455963929439,2,0.07825101007012022
373744,-0.23624444070657,2,-0.1419384282064535
189944,-0.570297715151295,2,-0.12540293003995998
188672,-1.19910387881195,2,-0.11278676776365915
375447,1.29647058321628,2,0.2614041440050251
189236,0.706964804784415,2,0.062026078572151956
189964,-2.8890204436499705,2,-0.17886743640345232
187607,0.353261337725296,2,-0.23424647994824843
375441,-0.020092321948219,2,-0.09709100650576655
188231,0.942767116157162,2,0.306407600814274
188008,0.0585084485093628,2,0.15690516317703
283732,-0.020092321948219,2,0.37721661729821626
187471,0.392561722954086,2,-0.0856766230325684
374155,-0.8061000265240409,2,-0.1236390772131076
188015,0.15675941158134102,2,0.007889032060526137
188922,0.235360182038922,2,-0.10464512422097286
189949,1.4143717389026498,2,-0.23006246256960455
2437282,0.137109218966945,2,-0.2974674688051134
2437245,-0.020092321948219,2,-0.08668386221014487
375736,-0.020092321948219,2,-0.03148579180949664
187658,0.0781586411237587,2,0.058803200907267185
374681,-0.216594248092174,2,-0.34351965051371447
284368,-1.06155253051118,2,-0.14760001426628602
375728,-2.45671620613327,2,-0.14879753778891577
375747,-0.5899479077656911,2,0.12873859668405865
187560,-0.0593927071770107,2,-0.05972058744512756
189084,0.392561722954086,2,-0.058386955146577456
187647,1.80737559119057,2,-0.07668797539315367
190213,-0.020092321948219,2,-0.2992196371860732
187573,0.313960952496504,2,-0.20726903336050986
188872,0.0781586411237587,2,0.032977288961463215
187956,-0.020092321948219,2,0.16711853309479194
189853,-1.35630541972712,2,-0.20860042091824638
2437340,0.923116923542766,2,0.23416566740192532
374719,0.3336111451109,2,-0.2806534326076218
374641,0.687314612170019,2,-0.16718196439990476
190732,1.37507135367386,2,0.44422667008376804
187669,-1.7886096572438202,2,0.35090089053831147
187550,0.0781586411237587,2,0.03894101519811336
189085,-0.020092321948219,2,-0.08454625339232355
187816,-0.904350989596018,2,0.27287043726906635
188190,-0.020092321948219,2,-0.1914094077790584
375556,1.0999686570723302,2,-0.1899312892645785
283119,-0.020092321948219,2,0.18904771267178394
189248,-0.17729386286338394,2,0.24534041061321119
375998,0.235360182038922,2,-0.3735644764356596
375956,-0.8454004117528321,2,-0.3752092355230616
374331,0.0585084485093628,2,-0.0484434968425135
188907,-0.4523965594649211,2,0.0025301005164787074
189689,0.7855655752419971,2,0.5159186193818726
187663,-0.6685486782232729,2,-0.3075846963757431
188202,0.0781586411237587,2,-0.06446500963162086
190810,-0.020092321948219,2,-0.11046888806718103
190035,0.196059796810131,2,0.503955567619252
375340,-0.020092321948219,2,0.22975790717094266
189400,-0.0397425145626149,2,0.0041838101507384665
284280,-0.020092321948219,2,0.20608716268549168
374003,0.923116923542766,2,0.2395804720644288
187522,0.392561722954086,2,0.15675375845588632
189024,-0.7471494486808551,2,0.01798659760971203
188415,-0.432746366850526,2,-0.8398351488920575
375371,-0.688198870837669,2,0.020668191645506463
374744,1.06066827184354,2,0.5708524606807293
189189,-1.04190233789679,2,0.2438627301604052
373509,-0.904350989596018,2,0.27141792577564955
189842,0.962417308771558,2,0.5709380510911549
188111,1.06066827184354,2,0.510737673703298
375376,0.15675941158134102,2,0.13872846813293674
375800,0.530113071254856,2,0.22956954909493946
375894,-2.49601659136206,2,-0.08719786935055035
189246,-1.80825984985821,2,0.3851367637768068
375923,-0.41309617423613,2,-0.5592925060960322
375817,-0.491696944693713,2,0.22326572435277328
188029,-1.1205031083543702,2,-0.3671229761786264
187576,-1.02225214528239,2,-0.24960482801439668
187944,1.72877482073298,2,0.23526123188758705
188463,-2.20126370214612,2,-0.8346665308037873
187687,-0.020092321948219,2,-0.21732696771832688
374592,-0.020092321948219,2,0.1779211691583677
190162,-0.020092321948219,2,-0.1018819030400265
187714,0.4122119155684821,2,0.02618798621602029
190195,-2.1619633169173302,2,0.820104214414092
375457,-0.020092321948219,2,0.010338969171560498
190085,-1.80825984985821,2,-0.45061893589500923
188137,0.648014226941229,2,0.1987190962699145
283224,-0.688198870837669,2,0.1707711417354744
319779,1.00171769400035,2,0.15847828006640088
187803,-0.295195018549758,2,-0.1724241894952682
190140,-0.17729386286338394,2,-0.5832354423750857
188052,-1.39560580495591,2,0.3195899477665421
188134,1.0999686570723302,2,-0.017904656331027634
283163,-0.13799347763459302,2,-0.041137802439455994
189009,-0.688198870837669,2,-0.39523123821811723
375409,0.137109218966945,2,0.01646892919459584
283762,1.17856942752991,2,-0.5027766174184917
189268,-0.020092321948219,2,-0.19622186310347314
188849,-0.6685486782232729,2,0.038037179365256725
187704,0.471162493411669,2,0.3926706861118532
375545,0.942767116157162,2,0.28506273283170236
188383,1.2178698127587,2,0.05676657475843142
187530,-0.41309617423613,2,0.07823849196093183
188321,-1.55280734587107,2,0.2612358584330155
188923,0.569413456483647,2,0.4014891956516688
188780,-0.020092321948219,2,-0.0169858282845888
283838,-0.393445981621735,2,-0.5139418921618983
374204,-0.020092321948219,2,-0.42156839343679176
190792,1.2178698127587,2,0.058005038465214466
374145,0.4908126860260639,2,0.6597286097834383
283656,-0.530997329922503,2,0.08879848603558119
187796,0.392561722954086,2,0.039277363640614994
373793,-0.865050604367228,2,-0.9547305883666776
188530,-0.6685486782232729,2,-0.4115584340531019
188517,-1.5724575384854702,2,0.018039012058882344
190802,-2.5156667839764504,2,-0.3368877587815134
284090,0.648014226941229,2,0.20028158274306482
283125,-0.020092321948219,2,-0.030937093212855725
187677,0.137109218966945,2,-0.0025282222224574866
374363,1.11961884968672,2,0.315763393298921
188541,-0.41309617423613,2,0.24854054827534952
189628,-0.94365137482481,2,0.39354294626799513
374746,0.255010374653318,2,0.5975567606321699
374368,0.451512300797274,2,0.09353624743658925
373655,-0.020092321948219,2,0.29598921933270367
187850,0.530113071254856,2,-0.07443234113550476
375551,-0.216594248092174,2,0.08831255025982201
188906,-0.020092321948219,2,0.08450527108334863
336483,2.6326836809951804,2,0.6883067828314307
188172,-0.6292482929944809,2,0.24267558442626633
2437280,-0.0986930924058023,2,-0.3025365965947193
375795,-1.4349061901847,2,-0.925753782313352
374177,-0.314845211164152,2,-0.4568121609275933
373571,0.706964804784415,2,0.4648177694897613
188051,1.29647058321628,2,0.20984286405521826
190159,-1.08120272312558,2,-0.45340668940149675
187848,0.0781586411237587,2,-0.19213885071983247
190804,1.4143717389026498,2,-0.27519148000745175
283144,-0.020092321948219,2,0.20641799079522025
376021,-0.511347137308108,2,0.05260581057328926
188170,1.08031846445793,2,0.02027325431380953
375921,-1.27770464926953,2,-0.30922755242966693
375678,0.6283640343268331,2,-0.06504649570430746
189684,-1.19910387881195,2,-0.04947372835868415
2437048,1.08031846445793,2,0.16304468116300766
375724,1.04101807922914,2,0.08172859179532185
375389,0.589063649098042,2,0.07338532607545692
190139,-0.020092321948219,2,0.1886146390667688
283843,-1.67070850155745,2,-0.5387210762270853
374398,-0.8061000265240409,2,0.12165083128477164
374609,-1.1205031083543702,2,0.4539359072537471
374412,0.8248659604707891,2,0.5201879028647689
375731,-0.41309617423613,2,-0.15234209579203736
188759,1.02136788661474,2,0.16856550816875723
190111,-0.020092321948219,2,-0.5057239188030722
188993,0.0585084485093628,2,-0.0007077934047598974
284068,-0.511347137308108,2,0.35816209212743433
375373,0.0781586411237587,2,0.5465440597293878
188496,0.117459026352549,2,-0.0816394635374193
188543,0.353261337725296,2,0.48470715967275835
189829,-0.0593927071770107,2,0.5063713320806151
189889,0.353261337725296,2,-0.41792989585979456
189109,-0.020092321948219,2,-0.0855808229424089
187819,1.63052385766101,2,0.09854017524850661
284120,-0.17729386286338394,2,0.0429364949253345
188458,-2.00476177600217,2,0.14162011593673288
374624,0.137109218966945,2,-0.25323955679524257
374620,0.255010374653318,2,0.07462699419651095
187752,0.176409604195736,3,0.22900467216748624
284322,-0.020092321948219,3,-0.23061634648303908
284069,0.255010374653318,3,0.2778191534644117
190134,-0.3541455963929439,3,-0.46651763077740394
189629,0.667664419555625,3,0.17043800334938305
375391,1.27682039060189,3,-0.043130645784278644
284236,0.196059796810131,3,0.22931965404003277
189626,-0.13799347763459302,3,-0.5110984056612013
373759,-0.7471494486808551,3,0.013604456871993346
188930,-0.19694405547778,3,-0.621751463385803
283779,1.33577096844507,3,-0.11184079468618406
375004,0.431862108182878,3,-0.17246341483476044
188357,-1.96546139077338,3,-0.10842566196576238
189732,0.0978088337381531,3,0.16294757326448803
187990,0.765915382627603,3,0.3670137618229313
189832,1.33577096844507,3,-0.18362897581190984
375524,1.43402193151705,3,0.2175914073367116
374969,-0.020092321948219,3,-0.013629756982566167
189712,-0.020092321948219,3,0.1261767848103821
375549,0.569413456483647,3,0.2988165723765414
188636,-1.25805445665514,3,-0.19966687715375642
189754,-1.8672104277014,3,-0.21820043433340483
284324,-0.13799347763459302,3,0.07134389484326552
375538,-0.33449540377854803,3,-0.36673269843717377
375607,-0.393445981621735,3,-0.003212014589371073
336476,2.43618175485122,3,0.8802213175468558
375755,0.29431075988210803,3,0.2626866119627013
190143,-1.8672104277014,3,0.16799324451179434
188258,-0.118343285020197,3,0.4035823974420117
375591,0.15675941158134102,3,0.5062497861574116
187977,-1.21875407142635,3,0.14878085463375448
374239,1.5126227019746297,3,-0.026103437006692105
284067,0.137109218966945,3,0.20091978788665163
373952,-0.6685486782232729,3,-0.026776431840209315
374545,-0.020092321948219,3,-0.41079920484520893
336782,-0.6292482929944809,3,0.012411106835702033
187543,1.17856942752991,3,0.006888468451268246
189751,-0.020092321948219,3,0.17144485323660202
187629,-0.393445981621735,3,-0.1410744141581924
374185,-1.55280734587107,3,-0.5108120359820584
190058,0.765915382627603,3,-0.13002341717935254
375453,2.9667369554399,3,0.3165268532402083
375571,1.7484250133473798,3,-0.029125202990660883
189320,-0.982951760053602,3,-0.022420718096202503
188035,-0.275544825935362,3,-0.041892260054449716
375851,-1.51350696064228,3,-0.04858380195516452
375642,0.0978088337381531,3,-0.006060615596985571
374160,0.8445161530851841,3,-0.031111485673040347
188326,0.4122119155684821,3,-0.06942183341772566
374534,-0.393445981621735,3,-0.10235986999604878
319955,0.667664419555625,3,-0.033512701711849564
374004,1.27682039060189,3,0.45505951711749804
187985,-0.020092321948219,3,0.005958797586058293
375410,-0.020092321948219,3,0.3042545948496095
375062,0.0192080632805712,3,0.30078675841473274
188704,0.51046287864046,3,0.29188502901660596
2437415,0.0192080632805712,3,0.02412988987866884
187866,1.29647058321628,3,0.005138307683563956
374631,1.31612077583068,3,-0.23928184605739852
283735,0.372911530339692,3,0.3423090735374476
373506,0.392561722954086,3,0.3284560919516192
188306,1.25717019798749,3,0.3093477307625409
2437266,-0.020092321948219,3,-0.045985180529784765
189299,0.431862108182878,3,-0.5907688761680796
188494,-0.472046752079317,3,-0.46342875869232286
190015,0.4122119155684821,3,-0.007223515952759698
189865,-1.37595561234151,3,0.5652336403828515
373726,1.6108736650466102,3,0.6539669782317159
375585,-0.020092321948219,3,0.2782460761320829
318548,-0.9240011822104142,3,0.6949325881279138
189041,-0.157643670248988,3,-0.11056126902987527
283130,0.667664419555625,3,0.7674868456949606
374665,-2.02441196861656,3,-0.2952030472663532
283770,0.176409604195736,3,0.10560754135292595
187868,-0.020092321948219,3,-0.11813445324537679
187561,-0.216594248092174,3,-0.009927714210015239
190774,0.942767116157162,3,0.17777634919943155
188468,0.29431075988210803,3,0.21028187835963927
187675,0.883816538313975,3,0.19790340452278302
2437408,-0.0790428997914065,3,0.19407196966190174
2437258,-0.76679964129525,3,-0.4731679561580837
283166,-1.84756023508701,3,-0.26738703171026657
190102,-1.4349061901847,3,-0.29104526134134817
190054,-2.04406216123096,3,0.73225879298213
375779,-0.530997329922503,3,0.1484379469468249
188943,-0.5899479077656911,3,0.17686211027747453
190175,0.667664419555625,3,0.12917955429541042
375790,0.4908126860260639,3,0.004282995573005119
373939,-0.432746366850526,3,0.2938204392692527
188554,0.431862108182878,3,0.11005326818609541
374537,-1.8279100424726105,3,-0.34832391044430716
376049,-0.609598100380085,3,0.12737560355892477
187508,0.942767116157162,3,-0.3358442899798201
375243,-1.25805445665514,3,0.19305514674333937
189239,-0.94365137482481,3,-0.1225983991310436
375930,1.27682039060189,3,0.3842204341363878
375781,0.4908126860260639,3,-0.011323140249928788
2437263,-0.786449833909646,3,-0.3173529181024388
375577,-0.118343285020197,3,-0.18924802052850484
190097,1.06066827184354,3,0.590633177440144
374063,-0.314845211164152,3,-0.269227620499829
187501,-0.0790428997914065,3,0.292033979858808
188026,-0.020092321948219,3,-0.23984359948075656
188940,1.63052385766101,3,0.5769687219374987
283132,0.137109218966945,3,0.09967536386216262
374535,-0.3541455963929439,3,0.23739148481293362
374124,-0.530997329922503,3,-0.21189771692454
374386,-0.491696944693713,3,0.1916744536008125
190051,-0.020092321948219,3,-0.21596685085765716
375717,0.215709989424527,3,0.13911151515703188
188363,0.648014226941229,3,-0.07287817670171319
188702,-0.94365137482481,3,0.22011430892106584
375974,0.8445161530851841,3,0.33887739899986424
375742,-0.865050604367228,3,0.1773223531746181
189237,-0.19694405547778,3,0.019587681819159868
375368,-0.963301567439206,3,0.05378044189462463
375560,0.962417308771558,3,-0.016271219025642637
189784,-0.550647522536899,3,0.07492721260909531
373835,-0.393445981621735,3,0.3745042541690334
374612,-1.002601952668,3,-0.4173090698384755
190125,1.27682039060189,3,0.3466640370680166
283741,-0.530997329922503,3,-0.20369900272810124
284319,-1.002601952668,3,-0.27642158604732275
188346,0.706964804784415,3,0.03548260866028843
374814,0.471162493411669,3,0.35022782193093643
308265,-0.472046752079317,3,-0.05723097114363249
190278,0.451512300797274,3,-0.1019936872183519
336684,0.451512300797274,3,0.21730820619968397
188243,-0.511347137308108,3,-0.22661145927852105
373628,-0.216594248092174,3,-0.2045402573145176
190142,-0.216594248092174,3,-0.3882911822585043
374407,-0.020092321948219,3,-0.2596771173583779
189919,0.0978088337381531,3,0.5588302563794989
373769,-0.118343285020197,3,0.28071539600530887
375993,-1.1205031083543702,3,-0.23333140346701817
187869,-0.020092321948219,3,-0.037326648473606096
283105,-1.08120272312558,3,0.2557260966572332
187955,1.57157327981782,3,0.313299827916258
373674,-0.020092321948219,3,0.07334345009122813
374011,0.608713841712437,3,-0.11840010745358918
187975,2.1021284804065,3,0.4813653802504529
374108,0.0585084485093628,3,0.26338598755395193
375899,1.08031846445793,3,0.0004699561437083921
189230,-0.020092321948219,3,0.006510980312556112
190769,0.589063649098042,3,0.7013423142398016
375540,-0.37379578900734,3,0.19448543059277282
188048,0.0978088337381531,3,0.2271479170056955
187801,-1.69035869417184,3,-0.09516290572321391
283638,-0.570297715151295,3,0.21445513867785423
189288,-1.35630541972712,3,-0.06433268285457548
283757,-0.020092321948219,3,0.11256526509442107
375597,0.4122119155684821,3,0.05492823640248259
283822,0.176409604195736,3,0.11680971427588892
373756,1.1982196201443,3,0.218681705179875
189013,-0.41309617423613,3,-0.7261611715646962
283214,1.11961884968672,3,-0.03541580158929548
189856,1.15891923491551,3,0.6242609345191574
187946,0.392561722954086,3,0.1804696703350495
283232,0.765915382627603,3,-0.332669202382952
285674,-0.393445981621735,3,0.08713964521596508
375623,-1.04190233789679,3,-0.21029223916503811
284164,-0.020092321948219,3,0.27604659001461107
374917,-0.020092321948219,3,-0.12126193300481868
373991,-0.295195018549758,3,0.26479552560234515
373925,-0.23624444070657,3,-0.2875517644492059
188452,2.47548214008002,3,0.06306063414185377
187878,0.038858255894967,3,-0.2632930627496593
308212,-0.157643670248988,3,0.18884340649280038
189980,-1.6314081163286498,3,-0.06918255439462433
375598,0.038858255894967,3,0.2685984813677048
189138,1.2178698127587,3,-0.3496572190302737
375572,-1.71000888678624,3,-0.04936966016131864
187535,-0.000442129333824614,3,-0.38250873017345327
187545,-2.37811543567568,3,-0.19864861805329218
188092,-2.18161350953173,3,-0.32626994122616176
374607,0.038858255894967,3,-0.2241427117788707
375994,0.137109218966945,3,0.265637686850548
373782,2.9077863775967097,3,0.3355821489583777
188379,0.313960952496504,3,-0.16046606416539608
189042,-0.41309617423613,3,0.2120323876070381
374024,-2.02441196861656,3,-0.0642011224364185
188997,-0.020092321948219,3,0.06467686883931147
373832,-0.0986930924058023,3,-0.3262818781049355
187772,0.726614997398811,3,0.12049071070360486
375832,-2.04406216123096,3,-0.9259991679354198
187682,-1.61175792371426,3,0.11107256379704801
190811,0.7855655752419971,3,0.06308294298425794
187988,-0.295195018549758,3,0.14398738067446756
190073,-0.020092321948219,3,-0.29369040848910033
190174,-0.8061000265240409,3,-0.09148569343172451
188912,1.59122347243221,3,0.49343922640447185
284327,-0.020092321948219,3,-0.36515067076475943
188975,-1.47420657541349,3,-0.1444385238241596
283634,3.59554311910056,3,0.006752693001400487
190063,-0.76679964129525,3,0.5825523091973868
284100,1.00171769400035,3,0.24041526594626453
187952,0.8641663456995801,3,0.27156679063020606
187527,-0.020092321948219,3,0.06308119285020793
188669,2.1217786730208896,3,0.3130438748031984
189244,1.17856942752991,3,0.311805572452899
284190,-2.45671620613327,4,0.19587800833392097
283300,-0.020092321948219,4,0.020295525147296968
374658,-0.8847007969816241,4,0.06168374934774321
187482,0.372911530339692,4,0.03671822673992551
187754,0.706964804784415,4,-0.0134225100208429
188596,-0.904350989596018,4,0.136541761275942
190778,-1.1205031083543702,4,-0.1620908157078096
375628,-0.275544825935362,4,0.541899136605537
187979,0.687314612170019,4,0.07041886690385395
373795,-0.688198870837669,4,-0.19305971313838013
189840,-1.6314081163286498,4,-0.3119271967860702
188970,-0.707849063452063,4,-0.2038622943493332
188476,-0.020092321948219,4,0.27818773048658024
187857,0.648014226941229,4,-0.5828069283621677
188229,-0.94365137482481,4,0.09445214218961366
187583,-1.14015330096877,4,0.40784271864593735
283801,0.51046287864046,4,0.1370434316536239
187648,-0.982951760053602,4,-0.4903009699356337
188375,-0.020092321948219,4,-0.8145887962671942
189337,-0.020092321948219,4,-0.15995092643408923
308009,-0.0593927071770107,4,0.9190696915282575
188898,2.47548214008002,4,0.35677683057329174
189222,-0.020092321948219,4,-0.037646510837749024
188893,1.25717019798749,4,0.5127163226162653
188454,1.11961884968672,4,0.22490182042425064
189090,-1.25805445665514,4,-0.5249396494321414
189668,0.746265190013207,4,0.3660180011943774
189927,0.530113071254856,4,0.5860097095914052
190046,-0.020092321948219,4,-0.2760824053327566
187729,-0.0986930924058023,4,0.17147629695678795
188209,0.3336111451109,4,0.5683460037103552
187631,-1.4349061901847,4,-0.33496716807055293
374017,-0.6292482929944809,4,-0.18793235922595022
283602,-0.020092321948219,4,-0.007827677085706716
188155,-0.275544825935362,4,-0.2984246987439851
375850,-0.609598100380085,4,-0.352720497017505
190018,-0.216594248092174,4,-0.11180134335930599
376040,1.63052385766101,4,0.20189051858517706
189631,0.274660567267714,4,0.6045478262690951
189996,-2.77111928796359,4,-0.1579588868533039
374747,-0.393445981621735,4,0.4040649091665939
187751,-0.33449540377854803,4,0.1577745171204369
187473,1.43402193151705,4,0.26862403231807674
188816,1.1392690423011202,4,0.07582384671548985
187562,0.0585084485093628,4,0.2571003522098098
189666,0.274660567267714,4,-0.4333435744526977
188942,-0.020092321948219,4,0.07723073693342729
375569,-0.020092321948219,4,-0.0724555183732259
188552,-0.020092321948219,4,-0.3542080987529072
375583,0.274660567267714,4,0.15717587272442493
190458,-0.020092321948219,4,-0.028195955274425553
188467,1.68947443550419,4,0.6086707636291576
284192,0.0978088337381531,4,-0.10504100743465587
284162,-0.020092321948219,4,-0.12129927085666069
187728,-0.0593927071770107,4,0.2917971225797254
375704,0.6283640343268331,4,0.0809978023225617
374927,0.372911530339692,4,0.46185003659475626
3646845,0.0978088337381531,4,0.44612826778164133
188421,-0.786449833909646,4,-0.007480609972469762
188510,0.8445161530851841,4,-0.08839521598912876
283162,-0.688198870837669,4,-0.25650239980862527
188469,0.608713841712437,4,0.19720107271501044
283670,-2.20126370214612,4,0.21379074115260735
374139,0.765915382627603,4,0.3371416749723634
283968,-0.020092321948219,4,-0.10201884379412711
2437194,1.78772539857617,4,0.292802926117615
283808,-1.06155253051118,4,0.10505909954806485
190799,-0.020092321948219,4,0.0208127123024782
187840,-1.33665522711272,4,0.22316266211280236
318178,1.0999686570723302,4,0.6931830969795588
188055,0.038858255894967,4,0.0728614663828318
283876,0.667664419555625,4,0.03868578765392953
284066,0.706964804784415,4,0.24559146490181424
284219,-0.118343285020197,4,-0.10063258457666073
283719,1.92527674687694,4,0.6818469708313568
375970,0.530113071254856,4,0.26640501422734997
375511,-0.8454004117528321,4,-0.2838563589226379
375594,1.37507135367386,4,0.8036413092660449
187784,0.137109218966945,4,0.13959207796931103
188009,-0.19694405547778,4,-0.04612236747525774
284110,-0.8257502191384358,4,0.07485344450156671
190499,-0.020092321948219,4,-0.25354455223312566
188601,-0.020092321948219,4,0.02472900465717285
375726,-1.21875407142635,4,0.18853612088450358
375743,-0.6685486782232729,4,0.10188053462471401
375451,-2.39776562829008,4,-0.7538923345146903
188563,1.6698242428898,4,0.3221344644297504
374197,-0.020092321948219,4,0.3624009003794297
190150,-0.020092321948219,4,-0.10555227114862738
190561,-0.9240011822104142,4,0.04302934822083799
374151,-0.020092321948219,4,-0.2961995886366639
187776,0.706964804784415,4,0.04008195138120855
188757,0.648014226941229,4,-0.3152052847207769
374655,0.0781586411237587,4,-0.3715899024201312
187995,1.00171769400035,4,0.37591982201786955
283769,-1.06155253051118,4,-0.21878736502177318
283962,-0.020092321948219,4,0.016850840925552703
374588,-0.255894633320966,4,0.15586378841733137
283158,0.274660567267714,4,-0.03514573678526358
189289,-1.35630541972712,4,-0.008356036219033766
190064,-0.020092321948219,4,-0.2652389895702916
190070,-2.18161350953173,4,0.31150357059807643
189384,-0.707849063452063,4,0.21479310232851415
375230,-0.0397425145626149,4,0.2039362851097937
283803,-0.41309617423613,4,0.4543218765019718
374103,-0.157643670248988,4,0.4219387999644819
189280,-0.13799347763459302,4,-0.1577642934750709
283756,-0.707849063452063,4,0.22364474838355378
187555,1.0999686570723302,4,0.37128306839981
375437,-0.020092321948219,4,-0.26801630565687584
375460,-0.020092321948219,4,0.05895575056962985
190116,-0.0986930924058023,4,0.5920401310753953
283183,-1.61175792371426,4,0.1375344913761594
376033,-0.33449540377854803,4,-0.45461837714953085
189955,-0.020092321948219,4,0.3622204021227043
308004,-0.76679964129525,4,0.6775876472380472
189723,1.0999686570723302,4,0.4898504516335745
375820,-0.020092321948219,4,0.08017407205175402
188934,-1.4545563827990902,4,0.04637517742374734
283121,2.04317790256331,4,0.10480734796885018
187489,-0.8061000265240409,4,-0.4854961072596304
283766,-1.1205031083543702,4,-0.061970749825247855
283778,-0.511347137308108,4,0.06542031495017762
187839,0.706964804784415,4,0.24379780824928723
376001,0.530113071254856,4,-0.25671366335019424
375020,0.176409604195736,4,0.1834656449070344
375842,-0.530997329922503,4,-0.08211466016466383
2437251,-0.020092321948219,4,-0.01610776527092391
375567,0.962417308771558,4,0.1269072408321926
283790,-0.020092321948219,4,0.05452921777777687
373912,0.15675941158134102,4,0.03646348777883077
188324,2.16107905824968,4,0.16155158647997978
375404,1.35542116105947,4,0.07407635150810969
283221,0.215709989424527,4,0.1172637337499605
188236,-0.432746366850526,4,0.2056302490228322
374475,-0.8847007969816241,4,0.18054934314061677
188436,0.648014226941229,4,0.011873114917096675
187938,-1.61175792371426,4,0.05151070835873787
188444,2.02352770994892,4,0.17330939674284948
373716,-0.570297715151295,4,0.2781473166440251
187987,0.15675941158134102,4,0.24127716347071523
187972,1.31612077583068,4,0.6591443012424147
2437308,1.1982196201443,4,-0.026569402580715044
190059,-1.25805445665514,4,-0.2762791709154497
283597,0.962417308771558,4,-0.034817985869139166
188114,1.43402193151705,4,0.23666686016812497
374608,0.648014226941229,4,0.13196080429138032
189971,2.20037944347848,4,0.17735694411071337
375664,-0.8257502191384358,4,0.13173663616959566
188053,-0.688198870837669,4,-0.33952571553689076
188500,-2.10301273907415,4,-0.1975798258586702
374484,-0.393445981621735,4,-0.0008908099065068811
375342,0.176409604195736,4,0.24562912445401383
187914,-0.020092321948219,4,-0.06980997576365051
190127,-0.511347137308108,4,-0.518703244632104
283772,0.51046287864046,4,0.23810787731792685
283763,-1.94581119815898,4,-0.05572606813595001
375807,0.0585084485093628,4,0.08083744230501037
375813,-0.020092321948219,4,-0.18818851050687038
374663,0.8641663456995801,4,0.28420680509155255
188113,0.765915382627603,4,0.7141950953453485
283229,-0.41309617423613,4,0.28137174979784246
189223,0.313960952496504,4,-0.09162172815419421
318174,1.33577096844507,4,0.5264337384323489
374763,-1.4152559975703,4,0.4861001219636361
375519,-0.432746366850526,4,-0.007548679109366149
375766,1.45367212413145,4,0.18864207038660438
187500,-0.275544825935362,4,-0.4303513086394401
336685,-0.23624444070657,4,0.331578961713158
189887,1.2375200053731,4,0.44406609282695914
374568,0.883816538313975,4,0.035745357434711335
373872,-0.314845211164152,4,-0.03703695232799558
190081,0.274660567267714,4,-0.038919464952684606
374445,-2.41741582090448,4,-0.11070836186563522
187795,0.313960952496504,4,0.3065105571375749
373777,0.3336111451109,4,-0.36052399036380656
374377,0.765915382627603,4,0.5154265716140929
283054,1.92527674687694,4,-0.08407931917303886
187585,-0.000442129333824614,4,-0.21508101131431615
188758,-0.216594248092174,4,0.2456246823751502
374213,0.038858255894967,4,0.10612924774065245
188540,-0.5899479077656911,4,-0.14180712480259633
188224,-0.8847007969816241,4,0.02453536575398655
188094,2.35758098439364,4,0.09054532244471115
190055,1.68947443550419,4,0.20889245266032966
374174,-0.020092321948219,4,-0.16410571327369144
189647,-0.9240011822104142,4,-0.18195454956089677
190086,-1.10085291573997,4,-0.03608004767730979
374401,1.33577096844507,4,0.2241495962258299
283311,-0.020092321948219,4,-0.03225659750018422
190806,-0.8257502191384358,4,0.581167217140159
374500,0.726614997398811,4,0.20212420476905865
283989,-1.76895946462942,4,0.12896627091790822
190813,-1.23840426404074,4,-0.2237491206275568
187539,-0.8257502191384358,4,0.1699609653189499
187983,0.962417308771558,4,0.1899415318361741
187935,0.883816538313975,4,0.07480563508410847
308010,1.47332231674584,4,-0.1836794677573918
188501,0.038858255894967,4,0.07031939847415707
374589,1.3947215462882598,4,0.20323324262280199
374479,-0.020092321948219,5,-0.32074686691564747
188984,0.4122119155684821,5,-0.7050151487628844
189881,-0.157643670248988,5,-0.17898817534585296
336783,-0.314845211164152,5,0.015565981703066754
284248,-0.020092321948219,5,0.03435514749407001
375746,-0.295195018549758,5,-0.3006183538287609
187710,0.608713841712437,5,0.2286587215983004
187474,-0.020092321948219,5,-0.5804950808513788
376027,1.29647058321628,5,0.18866169832447552
374623,1.08031846445793,5,-0.02995598236441088
188355,0.706964804784415,5,0.053196019842368464
375778,-0.020092321948219,5,0.2704377300442497
373467,-0.0397425145626149,5,0.25519902361886265
188978,-2.8497200584211804,5,0.02684426680190233
283792,-0.6488984856088771,5,0.02082103659760493
189022,-0.7274992560664592,5,-0.028200627972540356
374768,0.7855655752419971,5,0.531475733378178
283813,-0.020092321948219,5,-0.18122015998229543
188603,0.196059796810131,5,0.3266701371466644
189193,-0.020092321948219,5,-0.10832611916067644
375573,-0.94365137482481,5,-0.09303407533624808
188781,-0.491696944693713,5,0.27875668745536925
375809,0.4908126860260639,5,0.2096841113400719
283969,0.3336111451109,5,-0.026465088176367415
190364,-0.020092321948219,5,-0.14645173487453783
189776,-1.55280734587107,5,0.007910283724888976
375254,0.471162493411669,5,0.3242653150241469
189001,-0.0397425145626149,5,-0.011435938534857023
189786,-0.020092321948219,5,-0.28802396573137456
336485,1.90562655426254,5,0.7951208746690239
375875,-0.5899479077656911,5,-0.14782520529282542
187511,0.746265190013207,5,-0.21548240674448796
283235,-0.982951760053602,5,-0.18800285976667838
187590,-1.19910387881195,5,-0.5675272503114126
188987,0.451512300797274,5,-0.4830218287627509
375454,-0.255894633320966,5,0.087115962973049
188734,-0.5899479077656911,5,0.07540402777264726
284304,1.35542116105947,5,-0.13360013497966686
375775,0.431862108182878,5,0.06823542757739612
189188,-0.020092321948219,5,-0.024603303170296322
375596,-0.570297715151295,5,0.18164426923402563
373615,-1.39560580495591,5,-0.229436175556605
190062,-0.609598100380085,5,0.3873161532183339
283759,-1.35630541972712,5,-0.12629445976714507
189755,-0.982951760053602,5,-0.27296870403151285
373485,1.1982196201443,5,0.3932979834657088
187712,-0.020092321948219,5,-0.07844501922514735
375015,-1.4938567680278798,5,0.14694691184363132
187610,-1.4938567680278798,5,-0.3343163432618358
283312,-0.020092321948219,5,-0.24617789675864934
283760,0.431862108182878,5,0.1060856001845997
374610,-0.020092321948219,5,0.44793937506693876
319957,-0.020092321948219,5,0.039132337071139583
190434,1.31612077583068,5,0.36847581152313064
190252,0.883816538313975,5,0.34667451028239
187749,-0.865050604367228,5,0.09339262757912589
283215,-0.432746366850526,5,0.22335481616594663
284312,-0.020092321948219,5,-0.4944070921768534
187877,1.31612077583068,5,0.24733301300892227
283252,-2.2995146652181,5,-0.08004659037609613
187458,0.196059796810131,5,-0.029800373925585318
308269,0.117459026352549,5,0.019446927728471095
283325,-0.020092321948219,5,0.19127413261664297
190016,0.8248659604707891,5,0.5359179887140344
190274,-1.61175792371426,5,-0.2986050188901502
187604,1.80737559119057,5,0.06856669528259587
283676,-2.10301273907415,5,-1.0525730452131166
375799,-0.0986930924058023,5,0.04689485329647289
187771,-0.393445981621735,5,0.36390907316767573
283825,-1.002601952668,5,-0.4317531977508656
187716,-0.020092321948219,5,0.017712069009684837
189153,-0.020092321948219,5,-0.06545067151130926
187986,0.471162493411669,5,0.25120857093306775
188259,-1.61175792371426,5,-0.501693358277811
190794,0.255010374653318,5,-0.011959382849977742
190787,1.0999686570723302,5,0.7996843447585937
374092,-1.04190233789679,5,0.2604256201274407
188708,-0.982951760053602,5,0.2179806318125892
375383,-0.530997329922503,5,0.14548046553335367
375458,-1.59210773109986,5,-0.7380083493300267
188201,-0.020092321948219,5,-0.014859996531796728
375934,-0.020092321948219,5,-0.38662289778247005
190791,-0.275544825935362,5,-0.038146540064598944
187549,-0.020092321948219,5,0.16022975726188907
374148,0.274660567267714,5,-0.049292509147185304
188336,-0.020092321948219,5,-0.12838214243184495
187992,-1.25805445665514,5,0.061539295633036034
190757,0.706964804784415,5,0.04088824060456772
188174,-0.275544825935362,5,0.054031377331689806
374825,-3.22307371809469,5,-1.2391014135853944
189043,-0.707849063452063,5,0.1615545018048107
308008,1.00171769400035,5,0.19897033486344487
187703,0.805215767856393,5,0.23939016397274895
188911,-0.020092321948219,5,0.1159095415815331
188025,1.37507135367386,5,0.42690279917733726
190008,-0.275544825935362,5,-0.4325197798282602
373861,-0.570297715151295,5,-0.08727849987065803
189346,-0.020092321948219,5,0.17185355258262883
373578,-0.3541455963929439,5,0.14583293689506963
374191,-0.020092321948219,5,0.3002535183038175
375498,-0.904350989596018,5,0.02236826926556876
189808,-1.6314081163286498,5,-0.2595544763568936
317829,-0.216594248092174,5,0.048271433698554106
374001,-2.9676212141075498,5,0.019495267440561268
374037,-1.002601952668,5,0.25749050393136574
375372,1.35542116105947,5,0.7815706465050106
283427,-0.8257502191384358,5,0.22091474485386245
188365,-1.47420657541349,5,0.041771955787491294
189690,0.8641663456995801,5,-0.1660789635199747
375954,0.8248659604707891,5,-0.06895902507018539
373900,-0.8257502191384358,5,0.030288857281084467
188027,-0.786449833909646,5,-0.0318862244266995
374961,0.667664419555625,5,0.3043046017449177
190790,-0.020092321948219,5,-0.22833375592378255
187685,1.33577096844507,5,0.30893808260365224
375901,1.72877482073298,5,0.0694377282939275
187707,-0.19694405547778,5,0.06607680079336745
187457,-0.23624444070657,5,0.07440789615337329
188947,2.0824782877921,5,0.0398918886908588
284182,1.82702578380496,5,0.1287747427456792
375527,-1.27770464926953,5,0.11070159861310466
189623,0.6283640343268331,5,0.31892716678797245
375548,0.431862108182878,5,0.1433831401004043
190067,-0.295195018549758,5,0.21823338041098184
373651,0.274660567267714,5,0.06783051111259511
374894,-0.020092321948219,5,0.3236652453387954
374622,1.35542116105947,5,-0.4883161152734471
374505,0.6283640343268331,5,0.2459949160857746
189274,-0.020092321948219,5,-0.3072785405945117
375205,0.589063649098042,5,0.31679075121624173
283726,-0.157643670248988,5,0.1827444249363195
284202,0.549763263869251,5,-0.13956903192707248
283812,-0.020092321948219,5,-0.07604837918352739
284080,-0.688198870837669,5,0.10428473634558758
375691,-0.3541455963929439,5,0.009199604605856036
374745,0.0781586411237587,5,0.5261746912144045
189292,0.7855655752419971,5,0.36958897807915736
188079,0.451512300797274,5,0.01393276760579951
283182,-0.0790428997914065,5,-0.2478677036139342
188018,1.1982196201443,5,0.1716978666743109
188493,0.117459026352549,5,-0.7332577998237737
187921,1.06066827184354,5,0.10382801676417822
283205,2.6719840662239704,5,0.22318343097868878
190184,-0.295195018549758,5,0.10987106561117782
375949,-0.8847007969816241,5,-0.22705198110599087
187807,1.08031846445793,5,0.5371730520832237
375784,-0.530997329922503,5,-0.006494258373449938
189319,1.37507135367386,5,0.32782037980904605
283707,0.0192080632805712,5,0.09368058127965437
187812,-0.020092321948219,5,0.0058182108808212145
374416,0.549763263869251,5,0.023991362967282607
375310,0.7855655752419971,5,0.07998790805034786
283553,-0.020092321948219,5,0.1681338507647903
189744,-1.27770464926953,5,0.40920999444175477
187741,0.942767116157162,5,0.09151877605523748
375539,0.215709989424527,5,-0.04674086725740276
190082,-1.37595561234151,5,-0.04912259872188535
308211,-0.13799347763459302,5,0.6438117970273461
187755,0.8445161530851841,5,0.07366745445823866
189201,-0.020092321948219,5,-0.07958529726813587
373626,-0.020092321948219,5,0.5083389032526878
283143,1.1392690423011202,5,0.09753248268161488
284168,0.6283640343268331,5,0.0578133026780093
189038,-0.020092321948219,5,-0.002021221946201493
189749,0.530113071254856,5,0.029939498841668275
283664,0.4908126860260639,5,-0.04332183003536452
187893,0.648014226941229,5,0.19969218451921864
190040,0.6283640343268331,5,0.2560011419735545
2437286,-0.020092321948219,5,0.11357299637692767
375847,-0.472046752079317,5,-0.5513347835569574
189068,-0.707849063452063,5,0.12930838215169468
374693,-0.570297715151295,5,0.12083079523860304
189005,0.137109218966945,5,-0.6795556303643339
284357,0.215709989424527,5,-0.09957773668490402
373682,-1.4349061901847,5,0.12274683397944516
283359,-1.25805445665514,5,-0.22902059022138135
375355,-0.020092321948219,5,-0.10020249118533467
188989,-0.6292482929944809,5,-0.7435450959850708
374591,-1.76895946462942,5,0.26987953320999236
187756,-0.314845211164152,5,0.16846822127682462
373745,0.29431075988210803,5,-0.24896567125799088
187999,-0.020092321948219,5,0.21791061094910633
189669,-0.275544825935362,5,-0.5667777234691062
375315,-1.27770464926953,5,0.11981126559901781
189014,0.667664419555625,5,-0.08218379444214913
375871,-0.020092321948219,5,-0.05054599093644668
375582,-0.0397425145626149,5,0.48514362422788815
374937,-0.6488984856088771,5,0.10686273013017711
189242,-1.8672104277014,5,0.40336699148440097
283742,-0.020092321948219,5,0.08582804669282515
188122,-0.9240011822104142,5,-0.3001668551264788
190149,1.3947215462882598,5,-0.22166294831558755
189630,0.15675941158134102,5,-0.474796897887806
189012,0.451512300797274,5,-0.2701174463934641
375816,-1.33665522711272,5,0.23930593467423136
375037,-0.295195018549758,5,-0.15990345203107378
375634,-1.1598034935831598,5,-0.25067342103607876
190114,-1.29735484188393,5,-0.459126600679045
190022,-0.020092321948219,5,-0.4527661639974205
187901,0.15675941158134102,5,-0.0202645545249073
187536,0.353261337725296,6,-0.10552277105625382
283106,0.471162493411669,6,0.8251032278048327
189433,2.20037944347848,6,-0.04907628478137039
187780,0.549763263869251,6,-0.048234876609636886
189018,-0.3541455963929439,6,0.043499106606737635
188377,-2.08336254645975,6,0.14523157900130496
190115,1.15891923491551,6,0.11846136550181766
189834,-1.27770464926953,6,0.7000064860912625
188408,2.37723117700804,6,0.26743085931781546
374190,-0.020092321948219,6,0.5391246065398893
188330,-0.41309617423613,6,0.5938321524913043
374397,0.608713841712437,6,0.6469817511661767
319956,0.255010374653318,6,0.09602223591625286
187735,-0.76679964129525,6,-0.28978031491483364
337841,0.6283640343268331,6,0.16398545594465752
2437395,0.215709989424527,6,-0.2370808864838166
188019,-0.511347137308108,6,0.07398121910317751
374680,-0.020092321948219,6,-0.07436158392739073
188861,2.0628280951777103,6,-0.11974353340416433
374158,-1.21875407142635,6,-0.5193880675300999
188402,-0.000442129333824614,6,0.3572822930577893
188341,-0.020092321948219,6,-0.049569138737073144
187879,0.235360182038922,6,-0.20212371351481476
190796,1.27682039060189,6,0.19490894836930028
284335,-0.5899479077656911,6,-0.4647932516929119
373733,-0.020092321948219,6,0.11276054596847346
283751,-2.18161350953173,6,0.2118376239526269
187981,0.0978088337381531,6,0.25506859741550975
189021,-0.530997329922503,6,-0.1675728316521683
374339,-0.020092321948219,6,-0.219029143447795
188096,0.038858255894967,6,-0.5029879252832513
374371,-1.7886096572438202,6,-0.4576856038923476
283978,0.3336111451109,6,0.13902085222840727
188012,-0.118343285020197,6,-0.1328731726690751
188189,-0.020092321948219,6,-0.08808652761968425
375452,-3.5964273777682103,6,-0.7973698306217254
187764,0.313960952496504,6,-0.1932675378577005
189293,-1.53315715325668,6,-0.2375735137448305
374513,0.0585084485093628,6,0.6263658502103705
189340,-0.020092321948219,6,0.07765115225540109
283120,-0.570297715151295,6,-0.0012427939411043878
187842,0.942767116157162,6,0.23693645523289786
187588,-1.1205031083543702,6,0.04914409314821005
187919,-1.002601952668,6,-0.2206934690753909
374365,-0.19694405547778,6,0.3967621808997868
374616,-0.020092321948219,6,-0.07241867494542437
188980,0.392561722954086,6,-0.31316805753890464
283416,-0.982951760053602,6,0.23760593397648316
375446,-0.13799347763459302,6,-0.05452697020642983
283313,-1.35630541972712,6,0.05675951399979414
189803,0.6283640343268331,6,0.34010963853375914
188104,0.982067501385952,6,-0.1589235926206029
375679,1.37507135367386,6,0.20681755525175716
187858,-0.491696944693713,6,0.2786308184613404
283179,1.53227289458903,6,-0.07550584418480388
189970,-0.314845211164152,6,0.5273281277989691
375796,-0.020092321948219,6,-0.012288543123018587
319285,-0.491696944693713,6,-0.08500842287363261
375839,-0.020092321948219,6,-0.3262701438161662
188410,-2.94797102149316,6,-0.2417652992185511
190126,-1.06155253051118,6,-0.5212851629220037
188287,0.530113071254856,6,0.030433561438983812
375739,-0.216594248092174,6,-0.20388406289628724
374696,0.8641663456995801,6,0.11704078327764478
189015,-0.020092321948219,6,-0.19179435912945345
374067,0.608713841712437,6,0.14755369346602054
189020,-0.5899479077656911,6,0.028424346889977962
187491,-1.29735484188393,6,-0.37373366165167904
188270,0.235360182038922,6,0.4933469939980561
374604,0.4908126860260639,6,0.05790839799445085
189079,0.274660567267714,6,-0.1357704475279235
190189,-0.0397425145626149,6,-0.6186073572796829
373522,0.667664419555625,6,-0.0314987237399394
374013,-0.982951760053602,6,-0.27596688578503636
190814,2.49513233269441,6,0.43968798272439846
374918,-0.020092321948219,6,-0.6029442880827096
190784,-0.904350989596018,6,0.4831696729839772
283279,-1.33665522711272,6,0.21324969713510417
283445,-1.39560580495591,6,-0.061894905139153085
187664,1.1982196201443,6,0.023609235931925203
189864,1.06066827184354,6,0.6155467017228102
188369,1.08031846445793,6,0.23505178504841084
283768,-0.020092321948219,6,0.485532782038637
187881,1.5126227019746297,6,0.11666815461444058
187481,-0.8061000265240409,6,-1.3380377033394144
374429,-0.020092321948219,6,-0.4237411311072822
187982,1.45367212413145,6,0.2601561857969022
283633,-2.27986447260371,6,-1.24154567020407
187739,0.15675941158134102,6,0.1277550985892401
187637,-1.39560580495591,6,0.04014432708536147
189928,1.4929725093602402,6,0.640860845939007
187611,-0.0986930924058023,6,-0.18785238021180137
374718,-0.020092321948219,6,-0.6816602975714582
188994,-0.118343285020197,6,-0.3472575744613667
374473,-0.0397425145626149,6,0.5572162479937611
189957,-0.020092321948219,6,0.6279422669956968
187676,-0.19694405547778,6,-0.28579666161878653
189869,1.5519230872034198,6,-0.13574890980286436
374715,-0.020092321948219,6,-0.25126893238719583
375505,0.569413456483647,6,0.18015608122233057
187733,-0.41309617423613,6,0.4088095114153706
187874,0.137109218966945,6,-0.24307847016709178
189683,-0.0397425145626149,6,-0.520053812230513
375689,-0.530997329922503,6,-0.3659798342370287
375744,1.04101807922914,6,-0.17623568602487585
376018,-0.020092321948219,6,-0.13530722812042956
188373,-0.020092321948219,6,0.08720522810629044
187606,-1.37595561234151,6,0.06579316158446047
187875,0.313960952496504,6,-0.05468495286952891
336688,1.06066827184354,6,0.07701946118935027
284265,0.589063649098042,6,0.028787168695111047
375341,0.0585084485093628,6,0.23468512779685907
188043,0.15675941158134102,6,0.2045262637892315
189241,-1.06155253051118,6,-0.5020762624637907
187844,-0.9240011822104142,6,0.34790036245343386
190141,-0.020092321948219,6,0.20918351812269803
375626,-0.255894633320966,6,0.6860128902449013
373904,3.37939100034221,6,0.35154308032524
188095,-0.688198870837669,6,0.24201597984172368
189028,1.08031846445793,6,-0.2321288561859065
187880,-2.59426755443404,6,0.20463703080020207
188976,1.5519230872034198,6,-0.4620048692001941
189625,-0.0593927071770107,6,0.09004290879171606
375846,0.137109218966945,6,-0.025718313008500866
189947,-0.020092321948219,6,0.20494855802465478
188225,0.215709989424527,6,0.19452730532865925
375417,1.25717019798749,6,0.05796574736095949
375941,0.431862108182878,6,-0.48954567312918884
374611,1.29647058321628,6,0.2693864578040264
284373,-0.020092321948219,6,-0.5422559236795432
283753,0.15675941158134102,6,0.2067661051010941
373627,1.02136788661474,6,-0.026316724109987373
374683,-0.020092321948219,6,-0.12286926222726985
188214,-0.472046752079317,6,-0.014888811769758932
190029,-0.17729386286338394,6,-0.3455580505397095
189048,-0.904350989596018,6,-0.3460550092498175
190100,0.8248659604707891,6,0.5908777007631808
189002,-0.255894633320966,6,-0.34511532641413306
283431,-0.255894633320966,6,-0.03320649526442138
375681,0.0781586411237587,6,-0.4547705426080935
374739,0.353261337725296,6,0.051348297103228906
187930,0.530113071254856,6,0.19414653054272119
190103,1.53227289458903,6,0.5869257352026473
187832,1.68947443550419,6,-0.1809745587666324
375748,0.451512300797274,6,-0.1894602783626943
189032,1.53227289458903,6,-0.12972930578328945
283914,-0.020092321948219,6,0.21225062678324608
189706,0.8445161530851841,6,0.46712643869213505
187918,1.2375200053731,6,-0.06918687153592656
283782,1.17856942752991,6,0.1476418252978769
284369,-0.275544825935362,6,-0.16510207012804812
187810,0.4122119155684821,6,0.20474757317584263
187456,0.8248659604707891,6,0.4508713783047867
375991,1.2178698127587,6,-0.14279869651642896
375890,0.530113071254856,6,0.11383564838108634
284251,0.569413456483647,6,-0.028897585941465694
375765,1.15891923491551,6,0.3364329463751201
190795,-0.8061000265240409,6,0.10505396678318457
188944,-0.020092321948219,6,0.07179810293737382
187599,-1.7886096572438202,6,-0.18786746768609547
375749,-0.020092321948219,6,-0.02276925620136539
375013,-0.8847007969816241,6,0.026656508911615133
283784,1.11961884968672,6,0.1923944844411627
283805,0.608713841712437,6,0.40045096940717506
308011,-0.8847007969816241,6,0.022559740006015898
283859,-0.865050604367228,6,-0.012170263457455206
189302,-1.29735484188393,6,0.3412912134117381
189277,-0.020092321948219,6,-0.29244807911860715
375975,0.549763263869251,6,0.13334920036352738
188958,0.923116923542766,6,-0.31953968350013157
283616,-0.7471494486808551,6,0.10483660972610648
188154,0.608713841712437,6,-0.14551287052274658
375513,0.942767116157162,6,0.396275823629425
188384,-0.3541455963929439,6,0.26327314688254355
374442,-0.020092321948219,6,-0.14461125315471496
374621,-0.020092321948219,6,-0.10271544757083473
374688,-0.786449833909646,6,-0.30968004130855215
187887,0.313960952496504,6,0.18006785335151804
187928,0.8445161530851841,6,0.18518968739813263
375693,-0.707849063452063,6,-0.26610126268736045
374935,-0.000442129333824614,6,0.12971092211534008
375509,-0.37379578900734,6,-0.10761597346127971
284372,-0.020092321948219,6,-0.10228315462596424
375694,0.313960952496504,6,-0.3684839100577008
375859,0.313960952496504,6,-0.22025397717568823
188054,1.1392690423011202,6,0.0882266008722935
190096,0.471162493411669,6,0.17829896316933572
188335,-1.08120272312558,6,-0.9460575435704297
283160,-0.491696944693713,6,0.06180155012150334
188443,-0.550647522536899,6,-0.09871196467972457
375288,1.06066827184354,6,0.19300811628552073
190144,2.88813618498232,6,0.16819573118245162
283731,-0.7274992560664592,6,0.25173472532579827
187546,-0.982951760053602,6,-0.08015162942472626
189045,-0.0593927071770107,6,0.5013982019506747
188475,0.90346673092837,6,-0.006187352062890457
187700,2.7505848366815497,6,0.16612543160596438
188185,0.648014226941229,6,0.10549386335820654
187742,-0.4523965594649211,6,0.2794892586420087
189016,-1.21875407142635,6,-0.39739805352783847
189231,-0.255894633320966,7,-0.4097629599355929
188991,-2.24056408737492,7,-0.5344151490734528
188248,-1.02225214528239,7,-0.17709973517357044
188036,0.431862108182878,7,0.14165970070484832
189031,-0.314845211164152,7,0.0035718824072610497
374359,-0.000442129333824614,7,0.296385840901852
190056,-0.314845211164152,7,-0.41480333479210013
283456,-0.020092321948219,7,-0.10524158708741332
375883,-0.020092321948219,7,0.179216540524991
188532,0.569413456483647,7,-0.39803339501648405
189991,1.6108736650466102,7,0.5759514250338257
187883,0.137109218966945,7,-0.01187270710804509
283604,-0.393445981621735,7,0.3271612922377411
283127,0.883816538313975,7,-0.7532886128968734
188331,-1.9851115833877704,7,-0.9986192278372024
187628,-1.002601952668,7,0.02202524239010125
187907,-0.8061000265240409,7,-0.15065941767239274
373635,0.6283640343268331,7,0.5429485418381782
375432,1.27682039060189,7,-0.2766919224693148
189168,-0.020092321948219,7,-0.05838716479556381
190069,0.038858255894967,7,0.23603760695615003
188067,1.15891923491551,7,0.11701196564269187
188033,-0.786449833909646,7,0.4824343349200591
283846,0.137109218966945,7,0.04118120784724812
375017,2.04317790256331,7,-0.5169559725588151
189844,-0.020092321948219,7,0.03462555787593776
188482,-0.963301567439206,7,-0.29063764707909867
189792,0.0781586411237587,7,-0.4710508772197026
283447,-0.13799347763459302,7,-0.004866598514411714
374945,0.29431075988210803,7,0.3714583615327289
375578,0.0585084485093628,7,0.08027763680523228
283089,-0.0593927071770107,7,-0.4787729127645068
187567,0.196059796810131,7,-0.12671130811765455
375698,0.4122119155684821,7,-0.020500749205428805
188037,0.8445161530851841,7,0.41301827646077477
374362,-0.255894633320966,7,-0.307758151476255
187993,1.02136788661474,7,0.3407466046424461
188329,0.117459026352549,7,0.26708434163514577
189139,-0.275544825935362,7,0.03496997076089955
190709,-0.393445981621735,7,0.6211824618950788
189291,0.765915382627603,7,-0.07566262882708302
376034,0.90346673092837,7,0.10647354279347168
283157,-0.020092321948219,7,-0.12327819067983148
187594,0.8641663456995801,7,-0.08738046723002182
188981,-3.08552236979392,7,-0.7365994451659791
189895,1.00171769400035,7,0.5964009561723838
187906,-1.23840426404074,7,-0.3141474816686568
187579,-0.020092321948219,7,-0.15634138715711068
375494,1.47332231674584,7,-0.01174401403072204
190138,-0.020092321948219,7,0.29933479389850204
376013,-0.570297715151295,7,0.1811001600798157
376015,0.589063649098042,7,0.13824451585954137
374471,-0.13799347763459302,7,-0.19843998123435108
374635,0.0978088337381531,7,0.18452816906324868
187514,-0.020092321948219,7,0.18476497140604367
187497,-0.275544825935362,7,0.2280184568639381
374703,-0.020092321948219,7,0.11114833357664486
284371,-0.020092321948219,7,-0.16699621666404588
188099,-0.511347137308108,7,-0.0017197122592244388
189974,-1.02225214528239,7,0.0410657564447813
374202,-0.37379578900734,7,0.1980052571546765
189003,0.372911530339692,7,-0.21829892871908685
319283,1.6108736650466102,7,-0.13373825680379736
336686,0.372911530339692,7,-0.01817057005153464
189885,-0.94365137482481,7,-0.5705944819407837
375394,-1.6314081163286498,7,-0.23490084033703743
283171,-0.33449540377854803,7,-0.32250546363791693
375916,-0.020092321948219,7,-0.17343779984932017
283116,-0.23624444070657,7,0.32000847274516603
188093,-0.000442129333824614,7,-0.2209836114716676
188990,-1.5724575384854702,7,-0.5320219138798583
284189,0.8445161530851841,7,-0.2671032239850263
187591,0.883816538313975,7,-0.265166859495283
375475,0.0192080632805712,7,0.1099751028060319
284176,0.962417308771558,7,0.14744319853590768
187957,0.392561722954086,7,-0.08120917103364769
189243,0.765915382627603,7,-0.04021186109644293
374603,1.6698242428898,7,0.2901288446780865
375465,-1.90651081293019,7,-0.03464728061627318
283671,-0.6488984856088771,7,-0.6089516485630125
373649,-1.61175792371426,7,0.22258841584871972
374515,0.0978088337381531,7,0.13856435234140416
318176,-0.550647522536899,7,0.7624170529911677
2437214,-0.020092321948219,7,-0.28356984079317665
319280,1.06066827184354,7,-0.19570376931087205
187515,2.73093464406716,7,0.778788933692457
373575,-0.020092321948219,7,0.14861048239186478
2436902,1.11961884968672,7,0.5111251014229506
188822,-1.74930927201503,7,-0.3871476045033404
187889,0.235360182038922,7,-0.04531992535857341
188412,0.530113071254856,7,0.024461791570198864
189137,0.883816538313975,7,0.0772683776510511
284203,-2.59426755443404,7,-0.2678148385959241
284059,0.51046287864046,7,0.04477908235855579
2437412,1.5519230872034198,7,-0.024099686755137996
2436999,0.0978088337381531,7,-0.22403646273239
188327,0.726614997398811,7,0.31546736492377775
283830,-0.020092321948219,7,-0.7596599831712854
375714,-0.530997329922503,7,-0.030918133012001893
2436958,1.02136788661474,7,0.16785595339799345
374419,-0.3541455963929439,7,-0.30483295442978775
187781,-0.37379578900734,7,-0.049234647033355984
187705,-0.609598100380085,7,0.1918789242061247
283623,0.667664419555625,7,-0.01025752973889208
376047,0.196059796810131,7,0.13902263495450476
188056,-0.570297715151295,7,-0.38415801454420845
190187,-0.020092321948219,7,-0.2085018803307454
374178,-0.7471494486808551,7,-0.7409276536212218
374974,-0.020092321948219,7,-0.014727633896613891
188840,-0.19694405547778,7,0.07420960442534966
188521,-3.164123140251509,7,-0.07191501223422211
374378,0.196059796810131,7,-0.23983726041546521
189977,0.6283640343268331,7,-0.41143830492062633
187903,-0.020092321948219,7,-0.43094158930025206
187817,1.04101807922914,7,0.20020258678330569
374546,-0.020092321948219,7,-0.19586629564768523
375950,-0.491696944693713,7,-0.34796766680293817
190092,0.883816538313975,7,0.7830094910176862
187758,0.372911530339692,7,-0.21012655042710818
187860,0.51046287864046,7,0.08375529181445421
375977,-0.491696944693713,7,0.25329394901667823
283789,1.27682039060189,7,0.38745270890564654
336477,1.35542116105947,7,0.7859128706079076
283752,-0.020092321948219,7,0.010261523284084827
376022,-0.020092321948219,7,-0.2539940406398917
190186,-0.530997329922503,7,-0.6587355130899513
188255,0.117459026352549,7,-0.08351645346567413
283231,-0.020092321948219,7,-0.049082752400610476
2437267,-0.020092321948219,7,-0.0625764527488715
374807,0.353261337725296,7,-0.27391520393753316
319954,-2.06371235384536,7,0.3145995256981564
188979,2.00387751733452,7,-0.7552251592691717
336481,2.20037944347848,7,0.3734826296032575
190708,0.90346673092837,7,0.2911617205825484
373863,1.76807520596177,7,-0.09547407482390327
187461,-0.609598100380085,7,0.18963587623200975
188244,-0.020092321948219,7,0.2594566835648546
375625,-1.21875407142635,7,-0.3077401452456777
284370,-0.275544825935362,7,-0.05410977501124565
374548,-0.8257502191384358,7,-0.29729080719969914
374598,0.883816538313975,7,0.2507203923008563
375735,0.549763263869251,7,-0.08529629020274929
188427,0.942767116157162,7,0.1059543157936225
283775,0.923116923542766,7,-0.14828852147228222
373903,-1.21875407142635,7,0.29116594561029535
187892,-1.02225214528239,7,-0.3940670057814318
188291,-0.020092321948219,7,0.11270806558466137
188768,1.06066827184354,7,0.30914830351817196
283165,-0.020092321948219,7,0.7150245796064256
188774,1.29647058321628,7,0.11642748166429642
375627,0.530113071254856,7,-0.0704982340375176
374689,0.706964804784415,7,-0.3130304734168796
189240,-0.157643670248988,7,-0.3076387570730953
189278,1.04101807922914,7,-0.030006486951610796
374995,-1.14015330096877,7,-0.3289476811317259
318549,2.22002963609287,7,0.7637127212295604
374516,-0.0986930924058023,7,-0.10261362778136479
283833,0.353261337725296,7,-0.04752530927470026
188715,-1.4938567680278798,7,-0.26758735640664294
375719,0.313960952496504,7,0.20310647138067892
338067,1.04101807922914,7,-0.06975165319506002
190124,-1.39560580495591,7,0.33528601240012545
187605,1.2375200053731,7,0.17580010835183033
375706,-0.393445981621735,7,-0.19395595776805882
189093,-1.27770464926953,7,-0.3660652635957958
189833,-2.2995146652181,7,-0.15001421675300727
188378,-0.41309617423613,7,-0.4705658325149827
189308,1.96457713210573,7,0.03707984824497811
373482,1.8859763616481495,7,-0.08691072778377851
188441,-0.41309617423613,7,-0.09194463608367959
189094,0.608713841712437,7,-0.13038900427029385
374367,0.274660567267714,7,0.19382606866303223
376032,0.726614997398811,7,0.20040025900297678
284224,0.0781586411237587,7,-0.33742966207585856
187609,1.86632616903375,7,-0.11656906056835412
188269,-2.20126370214612,7,-0.5418999766225197
188312,1.08031846445793,7,0.3357541777572344
189157,0.746265190013207,7,0.20416238624062424
188529,-0.0593927071770107,7,0.07305243547261545
189734,-0.020092321948219,7,-0.31433562982201496
188302,-0.020092321948219,7,0.059543408932110985
284245,-0.020092321948219,7,-0.037944418471898646
283718,0.648014226941229,7,0.2977756313800554
318173,0.0781586411237587,7,0.4603206539863008
187974,0.589063649098042,7,0.38626884447990634
375727,-0.020092321948219,7,-0.36568052615663105
188765,-1.94581119815898,7,0.2443980949129673
188249,0.4122119155684821,7,-0.2904111071819113
317951,1.29647058321628,7,0.39498788973868537
189267,-0.020092321948219,7,-0.26145098748163403
373799,-2.41741582090448,7,-0.6194129633642798
374064,0.392561722954086,7,0.09619255266029797
190068,1.2178698127587,7,0.16115310208702685
188370,0.667664419555625,7,-0.3555607192897326
189253,1.72877482073298,7,0.5206943961659206
189632,-0.020092321948219,7,0.2660520515700447
190007,-0.13799347763459302,7,0.5594723641467209
375972,-0.0593927071770107,7,-0.32330006388067484
190089,0.0978088337381531,7,-0.15336302981575758
373621,-1.1794536861975602,7,-0.144776468936612
187653,-0.020092321948219,8,-0.026609955935370917
283950,3.3597408077278104,8,-0.04822593305144252
375641,-0.7274992560664592,8,-0.5049502787280438
188338,0.883816538313975,8,-0.4595666265262421
374913,-0.020092321948219,8,-0.31017573406773197
284328,-0.020092321948219,8,-0.3929935881873024
189819,-0.688198870837669,8,-0.15542469198414832
376050,0.235360182038922,8,0.19596196519127007
374595,0.726614997398811,8,0.1815704548761765
373760,1.43402193151705,8,0.5916472820015719
188256,0.648014226941229,8,-0.030898003834812622
374413,-1.65105830894305,8,-0.27791451772845893
375931,0.6283640343268331,8,0.34181991773520604
189883,-1.08120272312558,8,-0.46921069111917724
188314,-1.51350696064228,8,-0.5511681568176163
187856,-0.020092321948219,8,0.3824751719294821
374712,0.883816538313975,8,0.05356830648129051
375702,-1.9851115833877704,8,-0.22026435285442908
374691,-0.000442129333824614,8,0.14483531270188688
284281,-1.27770464926953,8,-0.10140128000617571
284272,-1.33665522711272,8,-0.0053350015564597245
374541,-0.020092321948219,8,-0.05314147859729352
374934,-0.020092321948219,8,-0.11216812735502979
374109,1.33577096844507,8,-0.020412917024243367
375662,1.11961884968672,8,-0.02601273391966514
375665,-0.5899479077656911,8,0.02501325168551998
187968,0.569413456483647,8,0.24514792668828084
375392,-0.7274992560664592,8,0.19260705800924816
374388,1.1982196201443,8,0.3842688717176473
188897,-0.020092321948219,8,0.040223810959227106
188001,0.0585084485093628,8,-0.13867285502095464
189025,-0.472046752079317,8,-0.1833268237431216
188215,0.4122119155684821,8,-0.18879186285840832
187793,-1.25805445665514,8,0.03126903454069612
375971,0.648014226941229,8,0.38664127892273437
283641,-0.4523965594649211,8,0.16434000114455977
188820,1.00171769400035,8,0.13164483919719427
189210,-0.020092321948219,8,0.2548468417698712
374483,-0.020092321948219,8,-0.4234596069292292
189004,-0.6292482929944809,8,-0.4270932893577433
187528,-1.84756023508701,8,-0.12934356640761813
374112,-0.020092321948219,8,0.22758748685092434
189854,0.687314612170019,8,0.5590277762286281
284165,1.04101807922914,8,-0.14956366295354329
374476,-0.020092321948219,8,-0.30935375740221416
189805,1.37507135367386,8,-0.07339559231183773
189686,0.392561722954086,8,-0.5193606883145224
187472,-1.61175792371426,8,-0.08946716666512272
187753,-0.393445981621735,8,0.21349401521734485
375621,-0.786449833909646,8,-0.45166288665503196
190280,-0.41309617423613,8,-0.5421302757723212
188507,0.15675941158134102,8,0.3789330478011353
188103,0.471162493411669,8,-0.32815212957173573
375690,0.549763263869251,8,-0.2158620992229614
187960,0.765915382627603,8,0.2781604717966775
284354,0.8641663456995801,8,0.10921767282002032
190277,0.962417308771558,8,0.5982274822765827
374630,-0.8454004117528321,8,-0.17334050496768838
284303,-0.020092321948219,8,0.1672026454229758
283791,-0.020092321948219,8,0.13972508707804265
375552,-0.020092321948219,8,-0.11234743844261619
190005,0.431862108182878,8,-0.3138486996105446
187976,-0.8454004117528321,8,0.0525705937241519
187804,-1.4152559975703,8,-0.24123181918337536
318179,0.982067501385952,8,0.8804326636662626
187612,-1.1205031083543702,8,-0.16002023768016624
284145,-0.511347137308108,8,0.10843751384395672
373468,0.726614997398811,8,-0.17204169637019498
190088,-0.275544825935362,8,0.47978991219192496
375433,-1.8868606203158,8,-0.4615123672840946
283599,-0.020092321948219,8,0.03270101072699643
283740,-0.7274992560664592,8,0.24125400102027095
189696,0.90346673092837,8,0.5410164957614523
374600,-1.76895946462942,8,-0.2690120812214782
283754,-0.020092321948219,8,0.0745119305071793
156377,1.35542116105947,8,-0.1054999274623897
187479,-0.157643670248988,8,-0.8397007069209667
375772,0.746265190013207,8,0.3067617303079887
189708,-0.020092321948219,8,-0.406195074542893
336479,2.0824782877921,8,0.0785769200962155
373948,1.2178698127587,8,0.39350483124708335
188142,0.942767116157162,8,-0.33350477023305497
376004,-0.33449540377854803,8,-0.013096232558751815
187895,-0.707849063452063,8,-0.014060712247030822
283970,-0.020092321948219,8,-0.03395813073211019
188667,-0.020092321948219,8,0.00939815615526867
284305,-0.020092321948219,8,-0.008280581915671471
374749,1.11961884968672,8,0.5388552526725962
188896,-1.74930927201503,8,0.11019433936750284
188972,1.25717019798749,8,-0.07383797485411142
375393,-1.3170050344983202,8,0.15602421075645617
189857,-1.23840426404074,8,-0.425026057855328
189194,-0.020092321948219,8,-0.004875424178835026
374702,1.43402193151705,8,0.2354816769264758
283104,2.16107905824968,8,-0.384136489660048
187692,1.6698242428898,8,0.7024826459346886
189134,-0.020092321948219,8,-0.08924874047016607
190072,0.274660567267714,8,0.4338259996447214
375395,0.117459026352549,8,0.23710180621447025
188282,-2.14231312430294,8,-0.3030566071932761
188083,-0.9240011822104142,8,-0.29168696157004814
188396,-0.020092321948219,8,0.029052184568210286
374706,-0.8257502191384358,8,-0.39402674539643406
189753,1.43402193151705,8,0.5582622285548797
283839,1.68947443550419,8,0.1614124675756306
375791,0.0585084485093628,8,0.3033775299800756
188786,-0.020092321948219,8,-0.027282013912032395
373743,-0.314845211164152,8,-0.18646258573270924
375444,-1.80825984985821,8,0.17174827843701734
188927,-2.2209138947605203,8,-0.03891922666548218
188419,1.70912462811859,8,-0.020380473351529822
187495,-0.37379578900734,8,-0.7099191092425762
188445,-2.12266293168854,8,-0.14266631383940775
188218,0.667664419555625,8,0.1704500981535988
187949,-0.020092321948219,8,0.14006644313919425
190037,-0.865050604367228,8,-0.2089420196353959
375557,-0.432746366850526,8,-0.0076263899777864255
188698,-0.020092321948219,8,0.14889402513488248
373481,-3.5964273777682103,8,-0.6944311263563231
308253,0.196059796810131,8,-0.09670668554458775
189232,0.137109218966945,8,0.28430973364855494
190045,0.569413456483647,8,0.5622579496816122
189000,0.706964804784415,8,0.38817077430832164
188999,0.15675941158134102,8,0.40705920371492904
190703,0.471162493411669,8,0.2782256178668438
188497,0.431862108182878,8,-0.34992610044111644
375707,0.313960952496504,8,0.20986855586468078
189801,-1.10085291573997,8,-0.2508899291955855
190797,0.451512300797274,8,0.09673081443711656
375752,1.6108736650466102,8,0.1403048568940331
188492,-0.0986930924058023,8,-0.6800502911632497
188121,-1.33665522711272,8,0.12586166834746315
189390,-2.8890204436499705,8,0.4434299338401608
374532,-1.29735484188393,8,-0.08387211356192042
190198,-0.7471494486808551,8,-0.41023511476985497
189294,-0.393445981621735,8,0.07661557823661927
283178,-2.14231312430294,8,0.005061962405203811
2437377,-1.14015330096877,8,-0.47380529291905715
189624,0.549763263869251,8,0.3367907953225126
188957,1.4929725093602402,8,0.3961537227426748
188110,-0.13799347763459302,8,0.09363502416991154
188895,-0.0986930924058023,8,0.22288729547720637
374652,-0.020092321948219,8,-0.10642019352781873
374992,1.2178698127587,8,-0.40008797249299505
188325,-1.4545563827990902,8,-0.15336156173381255
376012,0.0781586411237587,8,0.14878505912208395
375502,-0.41309617423613,8,0.3205809967332059
187886,-0.432746366850526,8,0.15863232080639617
190163,-1.1205031083543702,8,0.34985310682060017
284277,-0.020092321948219,8,-0.41209827302841595
375608,1.33577096844507,8,-0.30210732385523287
187941,1.70912462811859,8,0.31210780833341156
187563,0.255010374653318,8,0.06913515752996963
283802,-1.29735484188393,8,-0.00016833849027120956
189029,-0.41309617423613,8,-0.05532771919430383
283449,1.27682039060189,8,-0.3290269684833376
188785,-0.511347137308108,8,-0.03331197962861077
187510,-0.020092321948219,8,0.1650224793024866
375857,-0.157643670248988,8,-0.14347828145479774
189956,-0.688198870837669,8,-0.3155224286739781
374467,0.255010374653318,8,-0.032938088288613644
187589,0.90346673092837,8,-0.049952519828949306
187505,-0.020092321948219,8,0.02739645234681331
188992,1.68947443550419,8,-0.24030986659515277
189756,0.392561722954086,8,-0.1599860606926222
187980,0.353261337725296,8,0.24365601028263184
375579,-0.020092321948219,8,-0.28582356885015875
283139,-0.295195018549758,8,0.34227897704747406
283202,-0.020092321948219,8,0.18955526854321086
189715,-2.02441196861656,8,-0.15838876385429607
374643,-0.530997329922503,8,-0.26855832267701735
283615,-0.0986930924058023,8,0.05592221522439433
188197,-1.002601952668,8,0.015653934984533206
375773,-1.27770464926953,8,0.412579591145695
190816,-0.118343285020197,8,0.10072099254748906
374110,0.274660567267714,8,-0.3810153139557369
374599,-0.8847007969816241,8,-0.1909940963409789
375461,-0.020092321948219,8,-0.21884926864102167
190819,-0.33449540377854803,8,0.5397559893019703
190167,-0.020092321948219,8,-0.3436917266308757
374517,2.39688136962243,8,0.2820962798671367
187783,-0.118343285020197,8,0.17222205796240614
189667,-2.1619633169173302,8,-0.5748171435637759
374395,-0.020092321948219,8,0.6025467521701443
375705,-0.157643670248988,8,-0.38646566101857105
283603,0.29431075988210803,8,0.17625364905532087
190815,-0.570297715151295,8,-0.48332798661920523
375499,-0.0593927071770107,8,-0.09752137660657045
187838,0.942767116157162,8,0.3402182591764585
190173,-0.982951760053602,8,-0.3746839134597075
187846,0.883816538313975,8,0.04151059884318536
283781,1.33577096844507,8,0.5905811989957396
374183,-0.37379578900734,8,0.10328550709719289
187853,1.59122347243221,8,0.4128037437483523
375688,-1.72965907940063,8,0.038540379595665024
375823,-0.020092321948219,8,-0.25048298805891916
283667,1.4143717389026498,8,0.1134465996853018
188945,-0.255894633320966,8,0.3056656246341651
189076,-0.963301567439206,8,0.07658588887239687
283598,0.4122119155684821,8,0.10650229449307963
375692,-2.02441196861656,9,0.013765881163242358
187833,-0.865050604367228,9,0.011056656989835281
188038,-0.255894633320966,9,0.1991488557613547
189979,-0.17729386286338394,9,-0.040200630056956135
187681,0.4122119155684821,9,0.12217721145918711
376010,-2.37811543567568,9,0.04225371435560604
190728,0.0192080632805712,9,0.03634232995467429
189797,-0.472046752079317,9,-0.31057553325579124
283118,-0.020092321948219,9,0.3408078335339575
190057,0.392561722954086,9,0.6210681529875088
2437268,-0.491696944693713,9,-0.32091423045990686
375697,-0.17729386286338394,9,-0.03641837649501713
187551,-0.76679964129525,9,0.1729665680135243
187845,-0.255894633320966,9,0.3126887654538596
375825,-0.6685486782232729,9,-0.04619964868058914
187507,-1.29735484188393,9,-0.5754657159269027
284262,-0.216594248092174,9,-0.31091460875380206
187767,0.8248659604707891,9,0.2953996999863516
375965,-0.609598100380085,9,-0.38411898788535725
188345,-0.3541455963929439,9,0.06741405456200733
189697,-1.39560580495591,9,-0.4086503564057131
190098,-0.255894633320966,9,0.3257557271573436
187649,1.35542116105947,9,0.08569696721113969
190807,1.00171769400035,9,0.14882212408703946
374186,1.80737559119057,9,0.5214702430799946
283796,0.451512300797274,9,-0.07756114849339335
187814,-0.0986930924058023,9,0.30894592141352384
188031,-0.8847007969816241,9,0.11448862480678482
375973,-0.020092321948219,9,0.36248049090188705
189862,-0.865050604367228,9,-0.2845970292919605
375620,-1.23840426404074,9,-0.3832314093606709
376048,0.29431075988210803,9,0.06849802780698318
375997,1.0999686570723302,9,-0.40195193194236023
188630,-0.020092321948219,9,-0.21623702258180025
375474,-0.020092321948219,9,0.057248573601801175
283114,-0.020092321948219,9,0.21117303742923274
375659,-0.255894633320966,9,-0.07162220496377326
188407,1.76807520596177,9,0.1664675164118595
188988,0.51046287864046,9,-0.30913457456083526
189343,-0.020092321948219,9,-0.02718360342210706
189760,0.726614997398811,9,-0.0010768226266777148
375780,1.27682039060189,9,0.13142600837525714
283201,-0.19694405547778,9,0.26294066793141313
187696,-1.29735484188393,9,-0.022868606750340262
187786,0.608713841712437,9,0.28431521089080003
284209,0.3336111451109,9,-0.10461634281816563
319781,2.14142886563529,9,0.2858928161137242
187826,0.805215767856393,9,0.5443558507292501
190196,-0.432746366850526,9,-0.3467964987832107
188472,1.31612077583068,9,-0.36516929681382215
187674,-0.41309617423613,9,-0.06799017543801497
187645,-0.020092321948219,9,-0.1392777362332498
374361,-0.0397425145626149,9,0.12857239727938044
188466,2.3182805991648503,9,0.11827967887420346
284002,-1.04190233789679,9,0.09537315684735825
188286,-0.295195018549758,9,-0.24940440072839495
187548,1.1392690423011202,9,0.02888473803021438
187778,0.392561722954086,9,0.3013081759459746
189858,0.8248659604707891,9,0.610392472050449
188848,-1.1598034935831598,9,0.09618543190187585
188075,-2.7514690953492003,9,-0.2564575816662537
374394,-0.020092321948219,9,0.037373558821482564
189035,-1.80825984985821,9,-0.4676174274117155
189972,-0.76679964129525,9,0.2425183389457011
375550,-0.020092321948219,9,0.07676652861860526
375370,0.962417308771558,9,0.6864114910392966
374474,0.29431075988210803,9,0.28244252108916656
190800,1.27682039060189,9,0.020194112310303436
283128,-0.76679964129525,9,-0.028690750675896673
375940,-1.33665522711272,9,-0.30404967561325835
190203,-0.020092321948219,9,-0.381770214806022
189238,0.274660567267714,9,0.06403393914407914
375024,0.313960952496504,9,0.16049831699925546
375421,-0.020092321948219,9,-0.24436503404403973
188226,-1.4545563827990902,9,-0.35353290889267897
284338,-0.609598100380085,9,0.005324724418631632
187686,-0.41309617423613,9,-0.05406569858995279
189224,-0.020092321948219,9,-0.25980022644724776
188349,0.8445161530851841,9,0.3140270595965049
373739,-0.8257502191384358,9,-0.5271468036048755
374392,-0.020092321948219,9,-0.2609388106340107
189937,1.00171769400035,9,0.5499795798726026
375094,-1.19910387881195,9,-0.14788903356023192
374941,0.667664419555625,9,-0.4527227094372499
2437250,-0.0397425145626149,9,0.05941383817203941
283823,0.372911530339692,9,0.12825814433123164
283145,0.471162493411669,9,0.8030050074164767
189006,-0.530997329922503,9,-0.5456292081014422
189234,0.726614997398811,9,0.38628559195078027
187978,0.6283640343268331,9,0.3255061439351514
189050,-0.020092321948219,9,0.09246950166787832
318550,1.78772539857617,9,0.8472371448412956
189913,-1.25805445665514,9,-0.38520979820091705
374669,0.4122119155684821,9,-0.3902028357235431
374086,-0.432746366850526,9,0.12160718193992148
374659,-0.3541455963929439,9,0.20562008375787813
188733,0.648014226941229,9,0.17882557951289144
188211,0.215709989424527,9,0.10602821237688306
188237,-0.982951760053602,9,0.1868587102070761
189047,1.3947215462882598,9,0.14529071041100206
187769,-0.33449540377854803,9,0.2656441416849449
190782,-0.118343285020197,9,-0.1304587927024151
284279,-1.92616100554459,9,-0.3239127008330298
319783,0.589063649098042,9,0.12206960268772277
188359,0.4908126860260639,9,0.11768870170669501
283665,-2.43706601351887,9,0.181798391772401
187636,0.0192080632805712,9,0.16596011511551625
189392,2.1021284804065,9,0.056316394931152605
375788,-0.020092321948219,9,0.07259605829454102
187951,0.431862108182878,9,0.3485221620692738
283767,-0.020092321948219,9,-0.1722088394146071
189670,0.353261337725296,9,-0.20791397943897913
190731,1.53227289458903,9,-0.07268208935756246
283964,1.02136788661474,9,0.08012540507494385
189309,-0.33449540377854803,9,0.2718094981589184
187954,-1.08120272312558,9,0.1421857877391367
189010,-1.53315715325668,9,-0.4651130418785753
319784,-0.865050604367228,9,0.33551226807599865
187731,-0.0397425145626149,9,-0.03008729229285105
375016,-1.5724575384854702,9,-0.861658771641789
190006,0.29431075988210803,9,0.5301149393978293
374536,0.942767116157162,9,0.3614827855534728
283083,-1.1598034935831598,9,-0.13862673708308249
374382,-0.020092321948219,9,-0.5863156476558432
373754,-0.020092321948219,9,0.17543167275123991
190076,0.29431075988210803,9,-0.05312451524598065
375547,-0.020092321948219,9,-0.013371605320221136
375716,-0.786449833909646,9,-0.32085482044026603
374741,1.59122347243221,9,0.441003419515441
374944,0.0585084485093628,9,0.4393688094459073
188160,0.3336111451109,9,0.01133793790687393
188640,-0.688198870837669,9,0.03614841321529649
188267,2.7898852219103394,9,0.7984769370660632
188006,0.176409604195736,9,0.23123632541160835
189615,0.117459026352549,9,0.17229609575098434
187718,0.29431075988210803,9,0.08046854895363667
190702,-0.393445981621735,9,0.3594140680221477
187584,-1.7886096572438202,9,-0.14891928903441604
187760,-0.5899479077656911,9,-0.11365199101694148
284247,-0.17729386286338394,9,0.2866561427993889
187823,0.038858255894967,9,0.13029326352656426
375710,-0.000442129333824614,9,0.02206323256701595
187667,-0.688198870837669,9,0.3471977092007502
187709,-0.8257502191384358,9,0.07120069030015903
189152,-0.020092321948219,9,0.03327075619508697
373980,0.746265190013207,9,-0.06570086421678495
373672,0.0781586411237587,9,0.3470978215480788
284024,0.726614997398811,9,-0.10864489891844574
374742,0.0978088337381531,9,0.27747464244828624
187854,1.08031846445793,9,-0.20595967959639175
375564,-0.020092321948219,9,-0.17594536043894146
187603,-1.23840426404074,9,-0.17286515925132778
187469,-0.76679964129525,9,-0.4391730594148626
187757,-0.94365137482481,9,0.058083714078546636
188382,0.313960952496504,9,0.15942824380462325
188423,1.0999686570723302,9,-0.703027645957272
283126,0.8641663456995801,9,0.022450316741378026
189017,0.883816538313975,9,-0.09214785365317887
187484,-1.23840426404074,9,0.21163382150397023
189250,1.25717019798749,9,0.2860689353066779
375565,0.0978088337381531,9,0.3027031215288517
375767,-1.69035869417184,9,0.45084563325257254
189034,-1.1794536861975602,9,-0.44337977003941464
189909,0.0585084485093628,9,0.5677883595116776
375932,-1.08120272312558,9,-0.47616047849385934
375917,-1.65105830894305,9,-1.0990599410322792
188982,0.235360182038922,9,0.17371139368958927
188418,-0.020092321948219,9,0.38116056667283416
2437244,0.137109218966945,9,-0.3835318131791704
187945,-0.609598100380085,9,0.15645622043397336
189023,2.0628280951777103,9,0.054765925122677694
187702,-0.8454004117528321,9,-0.652725230921532
187920,0.038858255894967,9,0.6004906879592452
190039,-0.000442129333824614,9,0.3769957860336143
284278,-0.020092321948219,9,0.013844168963545678
190177,-1.74930927201503,9,0.34002760480287364
187867,-2.71216871012041,9,0.11513958733731885
188317,2.04317790256331,9,0.03219311114148199
189091,0.313960952496504,9,-0.3548656239282273
187818,-2.59426755443404,9,-0.17304383396050324
375740,0.235360182038922,9,0.14049496271260134
376023,-0.0986930924058023,9,0.27310994243490105
188220,0.255010374653318,9,0.04601938994420254
189133,-0.295195018549758,9,-0.34115780984071375
189868,0.4908126860260639,9,-0.0036711716443155115
188268,-0.314845211164152,9,0.021387510505907717
2437252,-0.020092321948219,9,-0.0032280160922652373
190101,-0.472046752079317,9,0.3000082733318855
374614,-0.216594248092174,9,-0.5711770648294731
2437409,0.4908126860260639,9,0.18292592501314117
375434,2.5540829105376,9,0.18995936662945498
187998,-2.33881505044689,9,-0.35193143733428656
187936,-0.3541455963929439,9,0.20866902188880534
284336,0.765915382627603,9,0.3123722917229027
187713,-0.020092321948219,9,-0.07493223929365976
189233,0.176409604195736,9,0.3031552668510177
336478,2.1217786730208896,9,0.7747734986539697
283748,-0.020092321948219,9,0.016449797432040447
283722,-0.550647522536899,9,0.08801963366555228
373758,-1.4152559975703,9,-0.383703923304747
