id,Hard,kfold,GBDT_pred
283796,-0.0933512651585855,0,0.20406677271061757
318176,-1.45472388205463,0,-1.2304991161095997
375748,-0.8712784748134691,0,-0.34871269540304445
283449,-0.676796672399749,0,0.12603414213454495
188500,-0.28783306757230603,0,-0.3092066866086555
375461,-0.8712784748134691,0,-0.3864151526901627
189287,0.879057746910019,0,0.15411571027771254
189829,0.6845759444962989,0,0.3490577579359365
374530,-0.8712784748134691,0,-0.12749079653827466
188849,2.2404303638060696,0,1.402821241362508
190818,-1.06576027722719,0,-0.3586932725985525
190817,-1.06576027722719,0,-1.0758811595098385
189756,-0.676796672399749,0,-0.5313236176509863
189034,1.26802135173746,0,0.8719353551440281
188018,-0.482314869986027,0,-0.4714294941803098
374516,0.490094142082578,0,1.0963934650717837
283849,0.490094142082578,0,0.5412335791799946
188012,0.490094142082578,0,0.387746778413088
374913,-0.0933512651585855,0,0.19301327561397816
190070,1.07353954932374,0,0.42649079593001227
190129,0.101130537255136,0,0.09220516417801759
373675,-0.28783306757230603,0,0.025454980170417942
187555,0.490094142082578,0,0.3465639105421884
283128,-0.8712784748134691,0,-0.39245351850292853
189244,0.101130537255136,0,0.07653456367320062
375465,-0.676796672399749,0,-0.24974919677399945
189819,0.879057746910019,0,-0.5678630321939799
308004,-1.45472388205463,0,-0.9201835751587483
283313,-0.482314869986027,0,0.12374214696292166
187612,-0.0933512651585855,0,0.3803193209522732
308211,-0.8712784748134691,0,-0.7575892749461747
374712,0.101130537255136,0,-0.16209505588534864
187839,0.6845759444962989,0,0.6017387763727381
375552,-0.8712784748134691,0,-0.595675033081744
283600,-0.8712784748134691,0,-0.5052236470859826
373872,0.879057746910019,0,1.051595258031594
374598,-1.06576027722719,0,-0.23566909315485518
376021,0.879057746910019,0,-0.4142421891888454
374614,-1.26024207964091,0,-0.6683601085057478
283753,-2.0381692892958,0,-0.25947010884838034
2437048,-0.0933512651585855,0,-0.7691090831758969
188894,0.490094142082578,0,0.050128834205086396
188549,1.85146675897862,0,1.6394335824716044
187703,0.101130537255136,0,-0.014885756709805605
375437,-0.676796672399749,0,-0.3532036091644071
375717,0.101130537255136,0,0.6872413562933906
188197,-1.26024207964091,0,-0.5209446430534966
374365,0.879057746910019,0,0.7732486291995485
188987,0.490094142082578,0,0.7201162346680279
188244,1.26802135173746,0,0.9283171390864032
375551,-0.28783306757230603,0,-0.8909793379173915
374475,0.101130537255136,0,0.8247043067244196
187458,1.4625031541511797,0,0.18218383310105246
187674,-0.0933512651585855,0,0.20502368830673845
284369,0.879057746910019,0,0.2202795235703174
374629,1.07353954932374,0,-0.009220284075924203
374988,-2.62161469653696,0,-1.175921943968077
190140,-1.26024207964091,0,-0.9758774601067556
189822,-0.8712784748134691,0,-0.5613368391018418
190144,0.879057746910019,0,0.2960850354091928
374612,-2.0381692892958,0,-0.756927788302548
375816,-0.676796672399749,0,-0.40485716202679006
187832,-0.482314869986027,0,0.5846797119776381
187995,-0.28783306757230603,0,-0.4841929588385345
188255,0.295612339668857,0,0.2726265783078304
187714,0.101130537255136,0,0.18136659861700213
374515,-0.482314869986027,0,-0.31556037085693256
374186,-0.676796672399749,0,-0.6760918879393732
189250,1.6569849565649,0,1.2232631984599698
189018,-0.0933512651585855,0,0.11219534769743585
374183,-0.482314869986027,0,-0.2591611059335233
190040,1.07353954932374,0,0.7797677473898696
187464,1.26802135173746,0,0.7288042980877057
375923,0.879057746910019,0,-0.22599620474635643
283633,-1.45472388205463,0,0.5447430762800469
283676,-0.676796672399749,0,-0.08465363209032581
189319,1.4625031541511797,0,1.246498263801082
187764,0.6845759444962989,0,0.3344706364066381
187783,-0.8712784748134691,0,-0.9490184349299875
189289,2.2404303638060696,0,1.307226437670584
190143,-0.482314869986027,0,-0.28264085369040504
188764,0.879057746910019,0,-0.12538580394062437
190062,-0.28783306757230603,0,-0.29936177595676877
188383,-0.482314869986027,0,-0.6039079312462324
284312,0.879057746910019,0,0.5362606818336869
188232,0.879057746910019,0,0.4179893868989752
187676,0.879057746910019,0,0.4559615616814646
188034,0.295612339668857,0,-0.5483041167398878
375569,-0.676796672399749,0,-0.42455969015883505
188704,1.4625031541511797,0,0.8503988894622613
187583,-0.8712784748134691,0,-0.6142990409558524
283843,-0.0933512651585855,0,-0.0718219992049029
190787,-1.26024207964091,0,-1.170885970266057
188101,1.07353954932374,0,1.2687478577578757
375585,-2.23265109170952,0,-0.8011280711949575
374691,0.6845759444962989,0,-0.4140400819637159
283813,-0.0933512651585855,0,0.3788311586023743
188320,-0.0933512651585855,0,0.0477154261751555
188427,0.879057746910019,0,0.15634173761334713
374505,-0.8712784748134691,0,-0.31381273934611387
188110,2.43491216621979,0,1.3231418619953434
187875,1.26802135173746,0,0.6376677380354698
283723,-0.676796672399749,0,-0.41871596928336374
2437308,-0.28783306757230603,0,0.307953488254479
190277,-0.0933512651585855,0,0.05474435432890362
373730,-0.676796672399749,0,0.027077015108157014
187585,1.07353954932374,0,0.5703933725732065
374914,0.6845759444962989,0,0.7909677908442485
190103,0.101130537255136,0,0.13303407077205423
283781,0.101130537255136,0,0.13040641681510706
308254,-0.676796672399749,0,-0.3580571376696454
375702,-1.26024207964091,0,-0.7940611515190041
188991,1.4625031541511797,0,1.0407873602422018
374213,-0.676796672399749,0,-0.4782202712009327
187658,0.879057746910019,0,-0.03246851152373697
375372,-1.26024207964091,0,-0.9346814924943931
374807,-1.06576027722719,0,-0.3059147157993103
188250,-0.0933512651585855,0,0.12720728110791013
187980,2.2404303638060696,0,0.3868038541557086
188940,0.6845759444962989,0,0.15832106622325243
188099,1.85146675897862,0,0.1505987613843249
374004,-0.28783306757230603,0,-0.3956429228125501
375659,-1.45472388205463,0,-0.9321016423718657
283846,-1.26024207964091,0,-0.7426610327207002
190811,1.07353954932374,0,0.988162079967517
375205,-0.482314869986027,0,-0.8997699080209958
188346,-0.676796672399749,0,-0.1937119900296806
374011,1.6569849565649,0,0.30416914307369386
188054,0.879057746910019,0,-0.5333955621963274
283109,-0.8712784748134691,0,-0.8985597810895317
189024,1.26802135173746,0,0.9241954766601648
374551,0.101130537255136,0,0.33992537077203244
188992,1.4625031541511797,0,0.7748221593230031
336782,0.879057746910019,0,0.29298846564876885
187678,1.26802135173746,0,0.4639118170761338
189872,-0.0933512651585855,0,0.023559295441577574
284278,0.101130537255136,0,-0.23546837746616187
190158,-0.676796672399749,0,0.3876980688854942
188758,1.85146675897862,0,0.5773944066133303
283670,0.101130537255136,0,-0.2395155239771526
283177,-0.8712784748134691,0,-0.20987866673817926
375355,-0.28783306757230603,0,0.06285904367914422
189964,0.879057746910019,0,0.5672262737926735
283805,-1.45472388205463,0,-0.6138657291573634
189670,0.101130537255136,0,1.1304243315593594
284304,0.6845759444962989,0,0.514680057761779
188493,0.490094142082578,0,1.3181730436618906
375971,0.879057746910019,0,0.3280009375630585
188009,1.4625031541511797,0,0.3915013787068228
284248,-0.28783306757230603,0,0.017581177241300476
190769,-1.26024207964091,0,-1.0656527028644571
187551,-0.676796672399749,0,-0.10306973626409403
188172,-0.482314869986027,0,-0.3603400120002663
283719,-0.676796672399749,0,-0.40214004556210325
284066,-1.26024207964091,0,-0.778371350614095
187906,0.6845759444962989,0,0.5266828483297413
2437340,-0.482314869986027,0,-0.16013138168024696
375791,-1.26024207964091,0,-0.4007477296250246
373575,-1.26024207964091,0,-0.17000111563349873
189706,-0.0933512651585855,0,-0.037192953245161996
187907,1.07353954932374,0,0.5865878016743497
2437252,-0.8712784748134691,0,-0.30717053251633075
375383,-0.482314869986027,0,-0.386526119650193
188517,0.295612339668857,0,0.2654636518273045
375973,-0.28783306757230603,0,-0.02111121302574567
187653,-0.28783306757230603,0,-0.16599962432846482
188174,-0.482314869986027,0,1.02584038742988
375017,-1.26024207964091,0,-0.1797133908946652
187514,1.4625031541511797,0,-0.23412956059907755
188269,1.85146675897862,0,0.23145337940230037
284370,-0.676796672399749,0,-0.16415680168993715
189856,0.879057746910019,0,0.1972331347431497
187700,0.295612339668857,0,0.33248083169309506
187502,0.295612339668857,0,0.4191052170649978
188897,1.26802135173746,0,-0.08654061594115744
187756,0.101130537255136,0,-0.4279376479849708
375627,-0.28783306757230603,0,0.0335204495174735
283427,-0.482314869986027,0,-0.8983753804567639
189223,0.101130537255136,0,0.05100109314248415
375728,0.490094142082578,0,-0.1353987209764837
187852,0.101130537255136,0,0.3619449472273463
3646845,0.6845759444962989,0,0.6361823334985333
190364,-0.482314869986027,0,-0.7597839277684675
187951,1.07353954932374,0,0.9225956277661331
374944,1.07353954932374,0,0.745853854570616
374592,1.26802135173746,0,0.4824083131826216
190170,-0.28783306757230603,0,0.1534472147686664
283054,-2.23265109170952,0,0.11075376003416329
188359,-0.0933512651585855,0,-0.37934357606431063
373764,-1.45472388205463,0,-1.3536539541758028
188532,1.26802135173746,0,0.565049197268296
283639,-0.676796672399749,0,-0.9788351115751229
187845,0.295612339668857,0,0.8396021872409992
374937,-0.482314869986027,0,0.3889779695689125
374697,-0.28783306757230603,0,-0.1035395747030072
375315,-0.8712784748134691,0,0.025620531819051207
190114,0.101130537255136,0,0.06884401663458577
336478,-1.06576027722719,0,-1.2825802579507282
188536,0.6845759444962989,0,-0.13570317220851436
189063,0.490094142082578,0,0.270688435388579
374535,-0.676796672399749,1,-0.24718626138142347
187691,1.4625031541511797,1,1.1976189818714356
284203,-0.28783306757230603,1,-0.09120009149211929
374474,-0.8712784748134691,1,0.1166164046622929
188094,1.26802135173746,1,1.021853101633909
187823,1.07353954932374,1,0.9139580256757737
283892,-0.28783306757230603,1,-0.1578464934449282
189972,-0.676796672399749,1,0.37409707643342305
188227,1.26802135173746,1,0.7593846279440515
373481,-0.0933512651585855,1,0.4194838405103037
187664,0.295612339668857,1,-0.2577860693893261
373795,-0.28783306757230603,1,-0.0833034162035284
375455,-1.06576027722719,1,-0.46713078498491806
375899,-0.28783306757230603,1,0.10013336343698312
376012,0.490094142082578,1,0.45546676081663745
189031,2.04594856139235,1,1.6776361942122124
189669,-0.482314869986027,1,0.1658985955479198
283968,-2.0381692892958,1,-0.7741696445277105
189004,2.04594856139235,1,0.8932157864427632
187888,-0.28783306757230603,1,-0.3479037467383138
374719,0.101130537255136,1,0.7072762362415924
375409,-2.0381692892958,1,-0.2966313540674054
375935,0.6845759444962989,1,0.7469886722369606
373773,-0.0933512651585855,1,0.2550230451666928
188026,0.6845759444962989,1,0.4443316816372704
319956,-1.26024207964091,1,-0.5065101110732014
188501,0.879057746910019,1,0.1221140251035145
188258,-0.0933512651585855,1,0.32842322492603565
283615,-0.482314869986027,1,-0.5574620764338641
189237,2.04594856139235,1,1.5428479916866047
189971,-0.482314869986027,1,-0.26970336292212943
284164,-2.23265109170952,1,-1.3121112418551373
375682,1.26802135173746,1,0.3518498305947454
375970,-0.0933512651585855,1,-0.16581433961936243
374640,-0.8712784748134691,1,-0.44161366374888095
187493,0.295612339668857,1,0.10838382496807077
189277,-1.26024207964091,1,1.1026197838009684
283162,-0.28783306757230603,1,1.237065762778842
188355,0.295612339668857,1,-0.27842568278957935
283830,-0.676796672399749,1,0.3659773278492929
319957,-1.45472388205463,1,-0.5480517420013085
376048,0.879057746910019,1,-0.13192174962630474
187736,-0.8712784748134691,1,-0.6786353043240271
188043,0.879057746910019,1,-0.5163243865222289
190054,-2.0381692892958,1,-0.7004561139532302
375452,1.6569849565649,1,0.6137679682395424
188633,0.879057746910019,1,0.5435904598291268
374616,-0.8712784748134691,1,-0.484989350520191
374702,0.879057746910019,1,0.6048134157552548
188231,-0.28783306757230603,1,-0.19723748843658723
189008,-0.482314869986027,1,-0.007731318189975071
188386,-1.45472388205463,1,-0.551181151239319
188774,0.295612339668857,1,-0.39381106024923485
188340,1.4625031541511797,1,1.3763248776754182
375243,-1.26024207964091,1,-0.7412258685205464
374445,-0.0933512651585855,1,0.06377473305713846
188117,1.07353954932374,1,-0.05586467954696071
283579,-0.676796672399749,1,-0.9571990609572353
187510,1.4625031541511797,1,-0.16081969365069743
375941,0.6845759444962989,1,0.6407893817236938
374745,0.879057746910019,1,0.8387538949828253
188201,-0.482314869986027,1,0.0008236047797478101
284357,0.101130537255136,1,0.11278405305349916
190037,-0.0933512651585855,1,-0.03225235236864934
375688,-1.06576027722719,1,0.22069279012408888
375456,-0.482314869986027,1,-0.6253134850200923
187648,0.879057746910019,1,0.6479012791940287
189868,-0.28783306757230603,1,-0.02405977951527849
187867,-1.26024207964091,1,-0.7246801452057012
374624,-2.23265109170952,1,-0.362473171378998
283121,0.879057746910019,1,1.047014636643986
375993,-1.06576027722719,1,-0.46191614438201783
375567,-2.23265109170952,1,-1.2739357681171979
375802,-0.28783306757230603,1,-0.44197803828178456
187609,1.4625031541511797,1,0.8334472490476472
375744,-1.45472388205463,1,0.008088539968709786
374471,1.26802135173746,1,1.31147312567121
187816,0.295612339668857,1,-0.23728872439104193
188893,0.101130537255136,1,0.3912328616569504
188316,1.6569849565649,1,0.45330792532364006
187544,0.295612339668857,1,0.20522046461035603
187776,0.101130537255136,1,0.11042680045629896
374689,-0.676796672399749,1,-0.2567150941785686
189858,0.101130537255136,1,-0.03628956819900874
187819,0.6845759444962989,1,0.23421447324951195
374110,0.6845759444962989,1,0.3442754396194044
374442,0.101130537255136,1,0.08777482421236052
189700,-0.676796672399749,1,0.49026322610555556
187954,0.6845759444962989,1,-0.43271630581847775
375956,0.101130537255136,1,0.6853174333148728
189734,0.879057746910019,1,0.0920198260019575
190007,0.490094142082578,1,0.1380639145403497
375697,-1.06576027722719,1,-0.4854061993031101
188786,0.101130537255136,1,0.8892880815287195
283803,-0.676796672399749,1,-0.47482911474826134
189070,-1.06576027722719,1,-0.03178471188546275
375719,0.101130537255136,1,0.025779979113553925
374112,-0.676796672399749,1,-0.5549791644818874
375847,0.490094142082578,1,0.532835180239635
375773,-1.45472388205463,1,-1.152315928410315
373925,-0.676796672399749,1,-0.46401092851928283
187610,0.6845759444962989,1,0.6212735524657458
189309,1.4625031541511797,1,0.7638870687082687
374658,-0.8712784748134691,1,-0.13413156765158638
188930,1.07353954932374,1,1.214817334330996
283801,-1.45472388205463,1,-0.36432046994858386
283117,0.879057746910019,1,0.9043171739660706
188369,0.295612339668857,1,-0.28883083523444314
283602,-2.0381692892958,1,-0.5097304411061602
187857,0.6845759444962989,1,0.08121258804857795
189048,1.6569849565649,1,1.2250434150977947
188160,1.26802135173746,1,0.848324812114581
189242,1.26802135173746,1,1.0648686605329571
188370,0.6845759444962989,1,0.0829226398260237
373835,-0.8712784748134691,1,-1.0605914822182987
374396,-0.28783306757230603,1,-0.006671420536191968
374395,-0.482314869986027,1,0.08836480485821119
189094,1.07353954932374,1,0.9986506178593865
284239,-0.676796672399749,1,-0.0854574690949405
190810,-0.0933512651585855,1,-0.02837042820179315
188121,1.26802135173746,1,-0.23555108322612364
188027,1.26802135173746,1,0.5822468195435473
374397,-0.482314869986027,1,0.22108953821992178
375705,0.879057746910019,1,-0.31266645880119137
190190,0.879057746910019,1,0.09427416655132623
190159,0.879057746910019,1,0.21525336860621735
187758,0.490094142082578,1,0.3329861506092469
374413,-1.45472388205463,1,-0.6377930250237988
284241,-0.8712784748134691,1,-0.35923426232420463
284161,0.490094142082578,1,0.13627247355638752
318549,-1.45472388205463,1,-1.1899194852647965
284209,0.879057746910019,1,0.18277448422377693
188540,-0.28783306757230603,1,-0.27423460861759863
189188,0.879057746910019,1,0.8161765040588834
187986,0.879057746910019,1,-0.7504446450064115
189138,0.101130537255136,1,0.7129727099724734
375832,0.879057746910019,1,0.3987405291708483
187637,-0.482314869986027,1,0.2620466961280267
187629,0.101130537255136,1,-0.33824421737457633
187687,0.6845759444962989,1,0.557216719789829
2437410,-0.482314869986027,1,-0.4894781274799769
189949,-0.0933512651585855,1,0.07439649932364457
187921,-0.482314869986027,1,0.24389993025337156
187649,0.6845759444962989,1,0.057907187900872494
2437412,1.6569849565649,1,-0.2585952248920676
189857,-0.0933512651585855,1,0.33508887779425955
187988,-0.0933512651585855,1,0.1244224686824414
187892,0.295612339668857,1,0.6637534404209099
283962,-0.0933512651585855,1,0.04580860547676623
375690,-2.0381692892958,1,-0.5883725294261605
375004,-2.23265109170952,1,-0.9215266935790888
374151,1.07353954932374,1,0.5070150680207897
189078,1.4625031541511797,1,1.190038228337012
187911,1.07353954932374,1,0.4895104207476593
319784,-0.8712784748134691,1,-0.5264973750715904
189703,1.85146675897862,1,0.9791666924087684
308009,-1.45472388205463,1,-1.086102978265433
375949,0.879057746910019,1,0.26681297611434696
375835,0.101130537255136,1,-0.6693740232292418
283178,0.879057746910019,1,0.7211382810313175
374388,0.879057746910019,1,0.4858750749181035
189754,-0.28783306757230603,1,0.04801934575214041
376050,-0.28783306757230603,1,-0.5244706263884501
336482,-1.45472388205463,1,-1.4263733504925984
283989,-0.0933512651585855,1,-0.351803357927244
189343,1.6569849565649,1,0.6541407922589857
375800,-1.26024207964091,1,-0.2634154391623965
188031,-0.676796672399749,1,0.45004954080810333
373861,0.879057746910019,1,0.5334221030015935
188601,1.85146675897862,1,1.8542491681795104
284279,-0.676796672399749,1,0.7229367916391292
374595,0.490094142082578,1,0.5619752110160979
283731,-0.482314869986027,1,-0.2833013495667901
187549,-0.482314869986027,1,0.2126517025520384
189346,2.43491216621979,1,0.9527375243753892
188768,0.6845759444962989,1,0.7429286748124907
375434,0.101130537255136,1,-0.4485478679097424
187475,0.879057746910019,1,0.05276874578014599
375780,-1.45472388205463,1,-0.5598331741716862
187955,-0.28783306757230603,1,-0.13499885146300478
188349,-0.28783306757230603,1,0.0036006911453026467
189225,0.879057746910019,1,0.03228448352778683
373948,0.490094142082578,1,1.0488743766140691
189625,-0.676796672399749,1,1.149265811387549
187787,0.879057746910019,1,0.013771270089254557
190199,-0.28783306757230603,1,0.22127552961477076
375511,-1.26024207964091,1,-1.108797859204714
375939,-0.482314869986027,1,0.03152253572533798
190121,-0.0933512651585855,1,0.26549106197707917
283833,-0.28783306757230603,1,-0.4069429868808618
189803,-1.45472388205463,1,-0.6028802638293511
374935,-0.28783306757230603,1,0.18971023858086913
188448,0.101130537255136,1,-0.12394681718520088
308253,-0.8712784748134691,1,-0.4356854379835609
375596,-1.26024207964091,1,-0.047017386312810654
190008,-0.0933512651585855,1,0.01584705560294286
373509,-0.28783306757230603,1,-0.8956918041421817
373690,-0.8712784748134691,1,-0.1539078295305219
188104,0.490094142082578,1,0.18597419897530582
374148,-0.0933512651585855,1,0.28909433526056594
375565,-2.0381692892958,2,-1.0196717471136132
189927,-0.0933512651585855,2,0.07190441447240292
189980,0.101130537255136,2,0.14745381203091623
189853,-0.8712784748134691,2,0.025712466066368157
375594,-1.45472388205463,2,-0.680060849977583
375553,-0.8712784748134691,2,-0.7149951928684701
189760,-0.8712784748134691,2,-0.28910199588506114
375499,-1.26024207964091,2,-0.39095950382471895
190702,-0.28783306757230603,2,0.08245507935810295
188142,-0.8712784748134691,2,0.1295722841863416
284189,-0.0933512651585855,2,0.6560155922780121
373571,-1.06576027722719,2,-0.40290248605868073
374599,-1.26024207964091,2,-0.5004974836163398
187817,-1.26024207964091,2,-0.6377166323472281
188170,0.6845759444962989,2,0.8418302077947944
190814,-0.676796672399749,2,0.1793149658164223
284190,-1.06576027722719,2,-0.30011544919663297
283104,0.490094142082578,2,0.41609900428583896
188976,0.490094142082578,2,0.6648343878319969
189025,1.26802135173746,2,-0.36628690956888293
189243,1.6569849565649,2,1.067012078426211
190799,-0.482314869986027,2,-0.3152882686064269
375524,-0.8712784748134691,2,-1.1549964847314815
284059,-2.23265109170952,2,-0.6117907273492059
187604,-0.482314869986027,2,-0.06194687395135348
319955,-1.06576027722719,2,-0.2588302426906002
283828,-0.28783306757230603,2,-0.3634831809379387
283825,-0.482314869986027,2,0.4264132884566297
189840,-0.0933512651585855,2,-0.11910999745638205
373651,-2.0381692892958,2,-0.3854576946955107
188943,2.04594856139235,2,1.4377012865541658
189894,-2.0381692892958,2,-0.9415482349220732
283655,-2.0381692892958,2,-0.6907524485253047
187999,1.26802135173746,2,0.4182516695743811
375933,0.101130537255136,2,-0.11151380550982536
375707,1.07353954932374,2,0.4774762076773557
188314,0.101130537255136,2,0.05230278709554971
375681,-1.26024207964091,2,-0.5503703599178403
2437377,1.07353954932374,2,0.6110959119863998
188111,1.85146675897862,2,1.0496413700473968
189776,-1.26024207964091,2,-0.45982789674503605
188901,0.6845759444962989,2,0.02452239376451449
189239,-0.28783306757230603,2,0.3733467079985887
375896,-1.26024207964091,2,-0.18131336316445362
188215,0.295612339668857,2,-0.17348042644910627
283777,-0.8712784748134691,2,-0.3805572663652526
188015,0.879057746910019,2,0.49134147547340407
374092,0.879057746910019,2,-0.20124027996133342
187690,-0.28783306757230603,2,-0.6175417533741709
189626,-0.676796672399749,2,0.20270152818205317
189947,-0.8712784748134691,2,-0.22116457652441374
187795,-0.0933512651585855,2,-0.23551840251746448
189246,0.101130537255136,2,0.20663146653799902
189833,-2.23265109170952,2,-0.5804919898130805
375905,-0.8712784748134691,2,-0.5532372283823405
189045,1.4625031541511797,2,1.3484702457280404
187561,-0.482314869986027,2,0.4519494193537265
375851,-0.482314869986027,2,-0.20030904145659906
188051,0.101130537255136,2,-0.460562197563764
187576,0.490094142082578,2,0.050525779865815246
283741,-1.06576027722719,2,-0.5946844367762774
375716,-0.482314869986027,2,-0.20764748939529623
189002,0.295612339668857,2,0.9075142900760574
187930,0.490094142082578,2,-0.12065685688651176
188452,0.490094142082578,2,0.17176220965354116
375746,-0.676796672399749,2,-0.14593892610336298
188384,0.879057746910019,2,-0.013193296489055584
189689,-0.8712784748134691,2,0.20762787047755993
188282,1.4625031541511797,2,-0.2208494240651679
187527,-0.28783306757230603,2,0.0403261256431241
190213,-0.8712784748134691,2,-0.4037716342858104
188056,-0.482314869986027,2,-1.0465803242392666
375546,-0.0933512651585855,2,-1.0570163115473075
336476,-1.45472388205463,2,-1.187273246481638
283844,0.879057746910019,2,-0.3789961907478114
189288,2.6293939686335097,2,0.432843535512861
190709,-0.0933512651585855,2,0.027288838835480653
374500,-1.06576027722719,2,-0.40705749211802417
374588,-0.8712784748134691,2,-0.23830732241520647
189090,1.85146675897862,2,1.1223455402212124
188291,0.490094142082578,2,-0.4126546631520705
189221,2.2404303638060696,2,1.9651351529097945
283768,-1.26024207964091,2,-0.5671832680825669
374472,0.879057746910019,2,0.16716823455030463
374669,-0.676796672399749,2,-0.560792544669723
376004,-0.676796672399749,2,-0.18719717301004019
189137,2.04594856139235,2,1.1951771447523811
376018,-0.482314869986027,2,-0.4322715665710829
188335,-0.28783306757230603,2,0.09304946492108576
187699,1.26802135173746,2,0.9343803532196647
187599,-0.0933512651585855,2,0.14227590295464368
375411,-0.0933512651585855,2,-0.48056384383036976
374662,-1.26024207964091,2,-0.8665099186043934
284202,-0.0933512651585855,2,0.9329378162027315
374156,-0.0933512651585855,2,0.5437457812018838
188376,0.6845759444962989,2,0.4430851963351902
375749,-0.8712784748134691,2,-0.2924862046600447
188006,0.6845759444962989,2,-0.024566071548110788
187880,1.26802135173746,2,-0.12373857178354424
188947,-0.482314869986027,2,0.05053271816186026
375509,0.101130537255136,2,-0.7019537719863215
187757,-0.676796672399749,2,0.2795841157939405
375607,-1.06576027722719,2,-0.6096204981004117
187507,0.295612339668857,2,0.4818604873848475
187766,-0.28783306757230603,2,-0.4505001756420591
188981,1.07353954932374,2,1.0482440725125604
187628,-0.482314869986027,2,-0.5630938034538708
189049,0.490094142082578,2,0.497443030420351
189039,1.85146675897862,2,0.9446431851536425
375519,-0.8712784748134691,2,-0.22785921264442438
189784,-1.26024207964091,2,-0.46564483907191984
375444,-1.26024207964091,2,-0.6053705668043815
284309,0.879057746910019,2,0.38434102400401776
187881,0.295612339668857,2,-0.2901485337531518
187855,0.6845759444962989,2,0.2981251585354696
190757,-0.8712784748134691,2,-0.20390891864068153
188339,0.101130537255136,2,-0.18422204578416312
375767,-2.62161469653696,2,-0.37407702049997227
375460,-0.482314869986027,2,-0.26317027018661077
375550,0.879057746910019,2,-0.07426305003584159
188302,0.295612339668857,2,0.06686045296914382
189030,-0.8712784748134691,2,0.08338815611939868
375692,0.879057746910019,2,0.13249233836252586
190780,-0.28783306757230603,2,-0.6059962625346447
374533,-1.26024207964091,2,-0.3469091128665761
189757,-1.45472388205463,2,-0.34326890081636036
283938,-2.23265109170952,2,-0.5501569515994206
187796,1.26802135173746,2,0.40584227750500657
187998,-0.482314869986027,2,-0.35456030894428586
188114,-0.28783306757230603,2,1.3083923372442108
375991,0.6845759444962989,2,-0.10538777748649622
375954,0.879057746910019,2,-0.6698456010415206
283616,-2.42713289412324,2,-0.9256800409073143
188818,0.879057746910019,2,-0.11961354329203622
187469,0.490094142082578,2,0.4417226316957483
283641,-2.0381692892958,2,-0.6778232804465393
188526,0.879057746910019,2,0.2787915195963388
375591,-1.06576027722719,2,0.2235155989889858
284354,-0.482314869986027,2,0.506963812143791
283727,-0.8712784748134691,2,-0.6959003737265489
375392,0.879057746910019,2,0.24895309336199456
190203,0.879057746910019,2,0.5201345418697596
188541,1.07353954932374,2,0.04808625859810215
187579,0.101130537255136,2,-0.3288983356144486
374894,0.879057746910019,2,-0.511423174061292
2437286,0.490094142082578,2,-0.3372678568459296
188224,0.879057746910019,2,0.800082608850445
374398,-1.06576027722719,2,-0.3009694695112242
189320,1.4625031541511797,2,1.2144601892206504
283163,0.879057746910019,2,0.9829892845527696
375474,-2.23265109170952,2,-0.7249395996166618
373674,0.879057746910019,2,0.03839127545571579
375475,-0.676796672399749,2,0.4925989502998476
2437248,-0.482314869986027,2,-0.20784746781863153
188075,2.04594856139235,2,0.18072311300613872
188325,1.26802135173746,2,0.17616420875416738
188436,-0.0933512651585855,2,-0.07244663781602842
283432,-1.45472388205463,2,-0.8975755419293833
187786,0.295612339668857,2,-0.0626264568887098
189684,-0.482314869986027,2,0.26196168600476694
308011,-0.8712784748134691,2,-0.35929118708465235
187489,-0.28783306757230603,2,-0.013237642424312952
188048,-0.482314869986027,2,-0.4654909237851981
373468,-0.8712784748134691,2,-0.1504217920240381
373482,0.6845759444962989,2,0.24071842304379262
308265,-1.26024207964091,2,-0.3038403607592435
374646,-1.06576027722719,2,-0.5594088653015741
187535,-0.0933512651585855,2,-0.28268528066781773
187981,-0.482314869986027,2,0.16228182817612824
283767,-0.28783306757230603,2,0.30662370034281694
190102,-0.28783306757230603,2,0.22295007279034992
317891,-1.45472388205463,2,-0.7649665717369578
188102,1.4625031541511797,2,1.1048925283309112
375505,0.879057746910019,2,-0.2916649499561737
283604,-0.482314869986027,2,-0.6439674129902219
188329,0.101130537255136,2,0.5320724593973268
187924,1.07353954932374,2,0.049450240809661504
373912,-2.42713289412324,2,-1.3015820415350063
374715,0.101130537255136,2,0.02764257703539295
190116,-0.482314869986027,2,0.08818230559863482
375727,-0.8712784748134691,2,-0.13815886945846217
190187,-0.28783306757230603,2,0.17183132768466536
187958,-1.06576027722719,2,-0.7444089177330353
375950,0.879057746910019,2,0.5331839135579074
188913,1.07353954932374,2,0.41933840303915465
189732,0.879057746910019,2,0.43404262081326983
318548,-2.23265109170952,2,-1.0528653684750546
374992,-2.23265109170952,2,-0.9638720219170377
190039,0.6845759444962989,2,0.7512042758181097
318550,-1.26024207964091,2,-1.182421923303455
187728,-0.28783306757230603,2,0.5724473525756794
189046,1.6569849565649,2,0.5564437826785444
188341,1.26802135173746,2,1.7866603208577856
189164,1.07353954932374,2,1.3786101729413525
375706,-0.676796672399749,2,-0.008194903349069266
283224,-1.06576027722719,2,-0.484120716601121
187729,0.295612339668857,2,0.43507383482717366
284145,-1.45472388205463,2,-0.5976920218389034
189919,0.101130537255136,2,0.10908087668927365
375687,-1.06576027722719,2,-0.4831150540483995
374641,0.879057746910019,3,-0.12581867703059166
374394,0.879057746910019,3,-0.16856688956035065
374139,0.879057746910019,3,0.2843625551505505
374744,-0.8712784748134691,3,0.1602024286398865
190111,-0.0933512651585855,3,0.12647800306896295
187960,-0.0933512651585855,3,-0.3047403213873336
187805,1.6569849565649,3,1.167914617041616
190150,1.26802135173746,3,0.4207255373755282
188317,0.879057746910019,3,0.736920562753711
189292,2.2404303638060696,3,0.4851988524934834
374638,-0.8712784748134691,3,-0.6244797637574202
284265,0.879057746910019,3,0.1767297515015284
375500,-1.06576027722719,3,-1.0671044798621063
188235,0.6845759444962989,3,-0.26191627216048685
373656,-0.28783306757230603,3,-0.44154261045174215
189085,2.04594856139235,3,1.8978413894955874
374683,0.101130537255136,3,-0.002937801185220358
375547,-0.0933512651585855,3,-0.6598317995696987
188993,0.879057746910019,3,1.1829234681837884
2437282,0.879057746910019,3,-0.43940167995726725
375665,-1.06576027722719,3,0.21928820077783046
283970,-0.28783306757230603,3,-0.40990610260651017
375628,0.490094142082578,3,0.14100600836418298
317829,-0.482314869986027,3,-0.592390705753811
189231,-0.28783306757230603,3,-0.6845314939559638
374202,-0.8712784748134691,3,-0.5710084291176434
188382,-0.482314869986027,3,-0.7477612976364582
375453,-1.26024207964091,3,-0.7257769632480284
375815,-1.06576027722719,3,-0.7223169084370406
189016,1.85146675897862,3,1.0686333459901651
374912,0.6845759444962989,3,0.9485984110519288
284069,-1.26024207964091,3,-1.0597014361946004
283138,-1.06576027722719,3,-0.36944475732434506
374917,1.85146675897862,3,1.9451794044376223
283598,-1.26024207964091,3,-0.758123593088903
284168,0.490094142082578,3,-0.23644188479056558
189139,1.07353954932374,3,0.6963573171264628
189801,-0.676796672399749,3,0.41945244902973833
374037,0.879057746910019,3,0.4751089793143083
190802,0.490094142082578,3,0.5565711626678962
189301,0.295612339668857,3,0.3106204513606039
187479,0.101130537255136,3,0.2793629624005154
375895,-1.26024207964091,3,-0.2390465564348151
188402,-0.0933512651585855,3,-0.9857263162080243
188028,-0.482314869986027,3,-0.35562121762523174
189068,0.490094142082578,3,0.025728783760051555
187946,1.4625031541511797,3,-0.08279503212108631
190790,-0.676796672399749,3,0.04079916148617943
374553,-0.8712784748134691,3,-0.40814351270174903
373578,-0.482314869986027,3,-0.04098473708993353
187858,-0.0933512651585855,3,-0.12327784437097876
284245,-0.8712784748134691,3,-0.12293075138488835
284162,-0.0933512651585855,3,0.111309078961434
187539,-0.676796672399749,3,-0.09894814869713607
187589,-0.28783306757230603,3,-0.15377654818421382
187941,-0.0933512651585855,3,-0.2383974119363099
283677,-1.26024207964091,3,-0.7429611574686795
375691,-0.482314869986027,3,-0.2629026950020525
190015,0.879057746910019,3,0.08041042962783096
374608,0.101130537255136,3,-0.3683312153271253
187993,1.07353954932374,3,0.01670294631612311
283114,0.879057746910019,3,1.064954347660654
373756,1.07353954932374,3,1.0031839345840494
284231,-1.06576027722719,3,0.2007928502802281
283119,0.490094142082578,3,0.9803494714979338
2437258,0.879057746910019,3,0.5547171239726371
189683,-2.23265109170952,3,-1.0674014111585708
188994,1.85146675897862,3,0.7981497548917387
190057,0.490094142082578,3,0.0279846906725498
308269,0.101130537255136,3,-0.2839101248807123
187752,-0.28783306757230603,3,-0.3907255428283796
190132,0.879057746910019,3,0.8952891202539871
308007,-2.23265109170952,3,-1.1859824548639533
319280,-0.676796672399749,3,-0.2969636803869163
284303,0.879057746910019,3,0.3752759840498331
283202,-1.06576027722719,3,-0.7428647112096081
187887,-0.676796672399749,3,-0.04578701863914384
283772,-1.45472388205463,3,-1.0617138067853726
188396,-0.482314869986027,3,-0.23864281168736298
190175,0.879057746910019,3,0.36373513736511864
375598,-0.676796672399749,3,-0.2491037445230653
336483,-1.45472388205463,3,-1.1174821687719603
375441,-0.28783306757230603,3,-0.13351930960776984
283145,-0.8712784748134691,3,-0.7884546473276932
187526,1.26802135173746,3,0.4462593790120986
156377,-0.482314869986027,3,0.05817970029015656
189944,-1.26024207964091,3,-1.0543115024075027
187977,0.295612339668857,3,-0.2773772748612165
375577,-2.0381692892958,3,-0.5510244767241603
188412,-1.06576027722719,3,-0.4918295427715391
375694,-0.8712784748134691,3,-0.5994130207350885
188846,0.101130537255136,3,-0.45269093110196557
188927,1.26802135173746,3,1.1671152908503868
190029,-0.28783306757230603,3,-0.38899025535118054
283120,-0.482314869986027,3,0.11032730357876709
374385,-0.0933512651585855,3,0.10272960722852333
374694,-0.676796672399749,3,-0.703736915280003
188363,0.879057746910019,3,0.07463036922065044
190067,-0.0933512651585855,3,0.12446748327866933
283231,0.6845759444962989,3,-0.5392789614733358
188324,1.26802135173746,3,-0.033139273617068234
188328,-0.8712784748134691,3,-0.4698150473527284
190807,-0.28783306757230603,3,-0.2647233004962709
190126,0.490094142082578,3,0.1898273480159833
374589,-0.28783306757230603,3,-0.47196291645521055
319779,-0.8712784748134691,3,-0.3551029147164537
374377,0.6845759444962989,3,0.2280383757137873
374945,0.879057746910019,3,0.817648347735833
284216,0.490094142082578,3,-0.014256639784869563
187971,0.101130537255136,3,-0.5066437852616344
373744,-0.0933512651585855,3,-0.23324348388332
187765,-0.0933512651585855,3,-0.5733774305667091
284222,-0.676796672399749,3,-0.014665811071230994
375571,-1.06576027722719,3,-0.9156279445100851
188163,0.879057746910019,3,0.6813461118514151
187760,0.6845759444962989,3,0.591868338922966
283447,-1.45472388205463,3,-0.641345766270419
187820,0.101130537255136,3,-0.17142175723658923
374763,1.07353954932374,3,0.72091880523865
190101,0.879057746910019,3,0.8768525448274558
190138,1.07353954932374,3,0.9120050723468506
188708,0.6845759444962989,3,-0.04870997363339884
189892,0.101130537255136,3,0.061661201599847316
188239,-0.482314869986027,3,-0.07020938373810388
188506,0.101130537255136,3,0.1329397283692205
283736,-2.0381692892958,3,0.8532073860167888
374814,1.4625031541511797,3,0.5094339255375065
317951,-1.06576027722719,3,-0.9370861061690927
188052,0.295612339668857,3,-0.3718030593015743
188998,1.6569849565649,3,1.257516064250091
284110,-1.26024207964091,3,-1.1908883556007812
188025,-0.0933512651585855,3,-0.23987320820224609
375620,-1.26024207964091,3,-0.7809830152623741
188189,1.26802135173746,3,1.7318346665748217
189632,-1.06576027722719,3,0.44038429486442987
190803,0.101130537255136,3,0.4384136363067147
190022,0.490094142082578,3,0.451299951986854
374145,-1.06576027722719,3,-0.8305113340183065
187834,-1.06576027722719,3,-0.38071756234515425
189790,-0.482314869986027,3,0.5238322209780458
283089,-0.8712784748134691,3,-0.9681155190429435
308266,1.6569849565649,3,-0.24823616149077352
188463,-0.0933512651585855,3,-0.0250592819783448
375013,-2.42713289412324,3,-1.1025804997463593
190072,-0.28783306757230603,3,0.250533737482283
188909,1.6569849565649,3,0.07514473634736646
374479,-0.28783306757230603,3,0.3512242964245681
188698,1.26802135173746,3,0.8721878334155435
283822,0.101130537255136,3,0.522717228788148
284067,-1.06576027722719,3,-1.3139975528048973
187751,1.07353954932374,3,-0.11191000135157651
187754,1.26802135173746,3,0.0004114231289284579
189804,0.101130537255136,3,0.19874817331636707
188153,0.101130537255136,3,0.4000843298139754
188563,1.4625031541511797,3,0.6345855127435373
187594,-0.482314869986027,3,0.17530612800695541
375498,-2.0381692892958,3,-0.517168453481895
375024,-1.45472388205463,3,0.2174537997363123
188375,0.879057746910019,3,0.5240383099442235
189623,0.6845759444962989,3,0.5784407351445855
188103,0.879057746910019,3,-0.3164421204173063
375795,1.4625031541511797,3,0.2810972298253103
190278,-0.28783306757230603,3,-0.18436348742134245
283756,-0.676796672399749,3,-0.05155628730344077
188256,-0.676796672399749,3,-0.06939136658264344
189889,0.101130537255136,3,0.09025796830371102
187530,0.6845759444962989,3,-0.11922364982093736
283776,-1.45472388205463,3,-0.23483487568249867
2437408,-0.0933512651585855,3,0.8808486492903874
188546,2.04594856139235,3,1.5118187911347145
373900,-0.482314869986027,3,-0.4876307590200653
187919,-1.26024207964091,3,-0.2931835973944304
188037,0.101130537255136,3,-0.041217381968947676
187655,-0.676796672399749,3,-0.3258655745980135
284224,-1.45472388205463,3,-0.8196796171708095
189115,0.879057746910019,3,0.909945768862916
283252,-2.23265109170952,3,-1.0365731559937623
188019,0.6845759444962989,3,0.03837435482816504
189851,-0.676796672399749,3,-0.317384356251599
373832,-1.06576027722719,3,-0.6086307150444814
188822,0.879057746910019,3,0.149604358688933
374374,0.490094142082578,3,0.45665116466332606
375458,1.6569849565649,3,0.6423996111768299
374484,0.101130537255136,3,0.29792911579226994
189792,-0.676796672399749,3,0.45218948180485496
188944,1.4625031541511797,3,0.7803985783263064
190167,-0.28783306757230603,3,0.48433275854500496
190499,-0.8712784748134691,3,-0.39478565606899246
189020,2.2404303638060696,3,1.269114607960295
190819,0.879057746910019,3,0.2115449860319509
189970,0.490094142082578,3,-0.32036880411246055
319285,-1.26024207964091,3,-0.5402439170852106
283359,-2.0381692892958,3,-0.9036811747928185
284192,0.6845759444962989,3,0.22657865538353086
187807,0.6845759444962989,3,-0.21240286705240355
190139,0.6845759444962989,3,0.8654923992838911
319283,-1.45472388205463,3,-0.6320736630487244
374412,0.490094142082578,3,0.008501028806833314
188759,-0.8712784748134691,3,-0.44657346820154403
187973,0.879057746910019,3,-0.20679150567987467
376000,0.879057746910019,4,0.6204832025454153
376001,1.6569849565649,4,-0.1655731494508998
375995,0.6845759444962989,4,0.7920487572393875
374154,-0.28783306757230603,4,0.03647858335108442
283625,-2.42713289412324,4,-0.4142464026228995
283107,-1.06576027722719,4,-0.03818810930630709
283792,0.101130537255136,4,-0.30907583092659213
187928,0.101130537255136,4,-0.11591861722595329
375766,-0.8712784748134691,4,-0.9380717754031038
283220,0.101130537255136,4,0.12334350953316842
318173,-1.06576027722719,4,-0.49283694852829446
375765,1.07353954932374,4,-1.0810185999046011
190162,0.101130537255136,4,0.0848705447099005
187675,0.295612339668857,4,-0.1935717060926508
187818,1.6569849565649,4,0.28613907264755467
187984,0.6845759444962989,4,0.0026642991441746056
188980,0.879057746910019,4,0.759422386588404
189895,-0.482314869986027,4,0.0633987323386965
283214,-0.676796672399749,4,-0.07188092681427413
188922,0.879057746910019,4,-0.09064595067577894
189116,0.6845759444962989,4,1.0034598440281384
188415,-0.0933512651585855,4,-0.09030261591485955
188472,0.295612339668857,4,0.23537082041948557
188379,-0.482314869986027,4,0.17199479510480395
374768,0.6845759444962989,4,0.5670578544347931
283839,-1.45472388205463,4,-0.8746484289543128
284368,0.6845759444962989,4,0.17179471601896437
375813,1.07353954932374,4,0.21985638251377176
375708,-1.26024207964091,4,-0.7647242573397718
187878,1.6569849565649,4,0.34846223910337537
375663,-1.26024207964091,4,-0.612720357283559
187682,-0.0933512651585855,4,0.06969026719688856
375016,1.07353954932374,4,0.8174333696961049
374941,0.490094142082578,4,0.22454538003091346
188407,-0.0933512651585855,4,-0.480176891716515
375454,-0.28783306757230603,4,-0.32452439062569166
188820,-0.0933512651585855,4,-0.41577362450070854
373726,-0.0933512651585855,4,-0.21082540138225062
373522,-0.482314869986027,4,-0.2809623025004479
188507,0.295612339668857,4,0.07651442147037232
189421,-2.0381692892958,4,-0.09703722215126313
189766,-0.28783306757230603,4,-0.3711386890706791
283815,-0.28783306757230603,4,0.11009211820204846
374699,-1.26024207964091,4,-0.2852207329514057
284090,-1.26024207964091,4,-1.2470181579428503
188467,-0.482314869986027,4,-0.28466540987025457
374155,0.879057746910019,4,0.5791275568225555
188923,-0.482314869986027,4,-0.30455576535251117
188204,-0.482314869986027,4,-0.2151923440846064
375457,1.26802135173746,4,-0.46121753584796166
374548,-1.45472388205463,4,-0.9944541100570095
283715,-1.45472388205463,4,-0.5178160312756929
374718,-0.0933512651585855,4,0.633979146450961
2436999,-1.26024207964091,4,-0.895814901840904
283634,-2.62161469653696,4,-0.6290777361020186
375557,-2.0381692892958,4,-0.6634049425503541
319284,-0.8712784748134691,4,-0.5360863298731543
308010,-0.8712784748134691,4,-0.7631311806127777
188530,0.879057746910019,4,0.7405811987018571
189042,0.101130537255136,4,1.07646504230759
187844,-0.0933512651585855,4,-0.12077350396550018
374174,0.879057746910019,4,0.08938187120049305
189000,0.879057746910019,4,0.3675353820716691
188225,1.07353954932374,4,-0.0073739676921264425
188466,1.4625031541511797,4,-0.004009635732428175
187826,-0.482314869986027,4,-0.3232636529398919
187656,-0.676796672399749,4,-0.004282775736890273
189832,-0.676796672399749,4,0.019007226112795032
187840,0.101130537255136,4,-0.04722806359756573
376002,-0.0933512651585855,4,-0.2519301234786182
375817,-1.06576027722719,4,-0.4926180658935237
189280,1.85146675897862,4,0.8298466699841442
189021,2.43491216621979,4,-0.4839381236755188
373626,-0.676796672399749,4,-0.7771149915107292
187588,-0.0933512651585855,4,0.06941007829822046
374534,1.85146675897862,4,1.30113696969276
187696,1.07353954932374,4,0.3054909153421836
190006,-0.0933512651585855,4,0.17361951239690893
284336,-0.482314869986027,4,-0.24450668924170033
375288,-0.482314869986027,4,-0.3417600698129493
188899,1.07353954932374,4,-0.03975644238856709
375342,-0.676796672399749,4,-0.692566639346115
374124,0.6845759444962989,4,0.3209671270861946
284319,1.4625031541511797,4,0.4425683046597048
188497,1.26802135173746,4,0.26483964728161946
376010,-0.676796672399749,4,-0.20016185313928986
190115,-0.8712784748134691,4,0.08513757883549573
187869,0.490094142082578,4,0.8199437117870882
188792,0.879057746910019,4,0.05164254452307613
188146,-0.482314869986027,4,-0.5955139953843637
187903,0.879057746910019,4,0.4503140941690986
188494,1.4625031541511797,4,1.0845083184783169
189240,1.85146675897862,4,1.3021431488064183
190800,-0.28783306757230603,4,-0.07747184771661617
374746,-0.482314869986027,4,0.22382402426198472
374063,1.07353954932374,4,0.13762836445743723
375952,0.879057746910019,4,0.4925514798612664
189047,1.85146675897862,4,1.2067936810353401
190728,-1.26024207964091,4,-0.5558815810719728
374617,-1.45472388205463,4,-0.6416875410010628
190792,0.490094142082578,4,-0.05987255907136473
373863,-0.8712784748134691,4,-0.26923497865023754
190063,-0.0933512651585855,4,0.051808242249499085
187781,0.879057746910019,4,0.02222116607691659
188190,-0.8712784748134691,4,0.44096719567885356
283664,-0.8712784748134691,4,-0.9476260538575847
188292,0.295612339668857,4,-0.03869307471777244
373672,-0.0933512651585855,4,-0.3063598086964841
373745,-0.8712784748134691,4,-0.3680031463434842
374546,-0.28783306757230603,4,-0.10011947743733406
188033,0.490094142082578,4,-0.3228316715944968
189690,-1.45472388205463,4,-0.10041868985926707
187893,1.4625031541511797,4,0.29730982148768353
190018,0.101130537255136,4,0.07800377376275215
374686,-0.676796672399749,4,-0.2714934571678212
374419,-0.482314869986027,4,-0.2632544396186978
373628,0.490094142082578,4,0.36718475043392046
188733,1.85146675897862,4,-0.22477218954239345
188554,1.26802135173746,4,-0.08531904613536241
374609,0.101130537255136,4,-0.015044686813131005
283597,-2.0381692892958,4,-1.1479848915740771
190789,-0.676796672399749,4,0.45851938508457013
190051,-1.26024207964091,4,0.34576250716776685
376040,-0.8712784748134691,4,-0.4019803933768831
189282,1.6569849565649,4,0.7500977377956526
375997,0.490094142082578,4,-0.6398812569225136
374147,-0.0933512651585855,4,-0.17154045711559307
188434,0.6845759444962989,4,0.20918430027199633
373799,-0.0933512651585855,4,-0.007900516190660158
375932,0.6845759444962989,4,0.5416350547314236
187716,1.6569849565649,4,-0.09842223071617542
188336,2.04594856139235,4,1.2206483609711218
187582,0.295612339668857,4,0.6243823736586966
190005,-0.482314869986027,4,-0.08697539805180644
187904,1.6569849565649,4,0.44831636244019185
187987,-0.0933512651585855,4,0.1111869977197191
187793,0.879057746910019,4,0.3840085481132161
283969,-1.06576027722719,4,-1.0027788184337658
187491,1.4625031541511797,4,1.1881572175702446
374742,1.26802135173746,4,0.4089378983911423
187854,0.6845759444962989,4,0.3787359664642674
283126,1.07353954932374,4,0.9325916089359196
375662,0.879057746910019,4,0.004477714896486094
375295,-1.26024207964091,4,-0.39185014191430656
374103,-0.676796672399749,4,-0.2779234775220216
189091,-0.0933512651585855,4,-0.6330361497473602
375230,-1.06576027722719,4,-0.6046529880243672
187778,-0.676796672399749,4,-0.08915126345512915
187725,0.490094142082578,4,0.29997412903120735
374017,-1.06576027722719,4,-1.037273435790972
189392,0.490094142082578,4,0.9638179364295493
336781,-1.06576027722719,4,-0.1694436477366724
374185,0.879057746910019,4,0.022251438876705307
187996,0.6845759444962989,4,0.33533339746600155
336484,-1.06576027722719,4,-1.0402339458291865
190056,0.6845759444962989,4,0.26347546484696555
189937,0.879057746910019,4,0.014466104456348494
375781,-1.45472388205463,4,-1.2815506961492096
375502,-0.0933512651585855,4,-0.34859257779388325
284002,-2.0381692892958,4,-0.6839788627513131
374688,-1.06576027722719,4,-0.6612406393682023
375642,-0.8712784748134691,4,1.163223064491187
373642,1.07353954932374,4,0.10270544656990775
187603,0.101130537255136,4,-0.21008398662855188
284120,-1.06576027722719,4,-0.436870220164541
375850,0.879057746910019,4,0.4393525374501409
338067,-1.26024207964091,4,-0.5507189100647066
374064,1.26802135173746,4,0.8264340339151923
188423,-0.28783306757230603,4,-0.01072670808383891
283445,-0.0933512651585855,4,-0.5529145792224444
375449,-0.482314869986027,4,-0.5288220098818482
308212,-0.8712784748134691,4,-0.1034993661581953
189844,-1.06576027722719,4,-0.3016683922918523
2437280,-0.482314869986027,4,-0.6406320372401226
3624697,0.879057746910019,4,-0.1997158986047913
284335,0.879057746910019,4,0.5034963191647674
375645,-2.42713289412324,4,-1.1400411731755618
375564,-1.26024207964091,4,-0.5514827800181753
189956,-0.0933512651585855,4,-0.04345659083905665
188053,0.295612339668857,4,0.2859647674529037
187901,-0.8712784748134691,4,0.3737630317947826
374013,-1.26024207964091,4,-0.773387732848348
187548,0.879057746910019,4,0.5512954858085419
187662,0.101130537255136,4,-0.4890562269451497
318177,-1.06576027722719,4,-0.9947833750401676
189928,0.101130537255136,4,-0.001097365960203895
376013,1.07353954932374,4,0.4547691977340129
187671,0.490094142082578,4,0.28504242040177163
2437245,-0.0933512651585855,4,-0.3888039924979493
189667,0.101130537255136,4,0.2009647260131999
190711,-0.0933512651585855,4,0.048782215933367686
375640,-1.26024207964091,4,-0.30400251350736823
375447,-0.676796672399749,4,-0.2121873461018131
188243,-0.0933512651585855,4,0.21466205668732533
190783,-1.45472388205463,4,-0.46100257042650294
283515,-1.45472388205463,4,-0.8960169461251631
187920,-1.06576027722719,4,-0.46957514885337726
374253,-0.8712784748134691,4,-0.6179924808232896
188496,0.490094142082578,4,0.9900233492506689
375540,-0.8712784748134691,4,-0.6627454979624489
375094,-2.0381692892958,5,-0.9483986559606963
375417,-0.8712784748134691,5,-0.4222855031405596
188742,1.85146675897862,5,0.11317935949506736
188957,0.295612339668857,5,0.6283068684456274
189996,-1.06576027722719,5,-0.6264262650252972
190808,-0.0933512651585855,5,0.15074646810721812
188958,1.6569849565649,5,0.7401102632828458
188529,-0.0933512651585855,5,-0.5490177731535153
373615,-0.8712784748134691,5,-0.84258454684215
283599,-0.676796672399749,5,-0.42333274212395305
373991,0.6845759444962989,5,-0.20225871494470574
375018,-1.06576027722719,5,-0.9225419923536956
319282,0.101130537255136,5,-0.021412554617497234
187848,0.295612339668857,5,-0.18368877662321043
189854,0.101130537255136,5,-0.009243003269542303
284371,0.6845759444962989,5,-0.03079708522965966
283444,-1.45472388205463,5,-0.6618972600561581
188254,-0.8712784748134691,5,-0.5472733420844614
187856,-0.0933512651585855,5,0.3503882070860757
190160,-0.0933512651585855,5,0.04488401815848309
375975,0.879057746910019,5,0.4948656193204952
283667,-0.0933512651585855,5,-0.2547447214548294
375922,0.101130537255136,5,-0.3211300026560841
189194,2.04594856139235,5,1.7743342097448442
374706,-0.28783306757230603,5,-0.7686616422155557
188326,0.490094142082578,5,-0.7658876705166308
375641,0.101130537255136,5,-1.4248738970511239
283130,-0.8712784748134691,5,-0.4610534047745457
374178,-0.0933512651585855,5,0.22157967980664225
189043,-0.676796672399749,5,0.23584611686303275
374623,1.4625031541511797,5,0.2036880523324196
188636,0.295612339668857,5,0.17362591498642166
187456,1.4625031541511797,5,0.9872472548635964
284327,-0.676796672399749,5,-0.07377059010617099
284025,-2.23265109170952,5,-0.529432761897775
188079,0.295612339668857,5,-0.29277606412738927
374969,-0.8712784748134691,5,-0.27572278719843735
189744,-1.45472388205463,5,-0.5468838210704386
283456,-0.28783306757230603,5,-0.028015856713112804
374621,-0.8712784748134691,5,-0.6959727604004944
190734,0.879057746910019,5,0.002170929920063641
374451,-0.8712784748134691,5,-0.8074702243535802
374401,-0.676796672399749,5,1.0368398513794088
284305,0.490094142082578,5,0.744179042977695
188702,0.295612339668857,5,-0.3850999872494129
283182,-0.482314869986027,5,-0.3305895058681984
374239,-0.482314869986027,5,-0.4741930579210232
187838,0.101130537255136,5,0.3178643156872595
375711,-0.676796672399749,5,0.19898818524941767
283762,-0.8712784748134691,5,-0.4232132745818114
187611,0.295612339668857,5,0.2811755983074187
188113,1.07353954932374,5,0.7312919364536398
283201,-0.676796672399749,5,-0.07127725391560838
373986,-0.8712784748134691,5,-0.3684749964372844
188226,0.490094142082578,5,0.23406961364057485
188287,1.4625031541511797,5,0.6728885465328526
374631,-0.482314869986027,5,-0.42815722135389483
283171,-1.26024207964091,5,-0.6541218501088224
189299,2.04594856139235,5,0.09396217165871078
319279,-1.45472388205463,5,-0.4974303039545184
283199,-1.26024207964091,5,-0.20206038672054627
188999,1.4625031541511797,5,0.6606473446891531
188156,1.07353954932374,5,0.8244668836328694
189267,1.07353954932374,5,0.4840964914606027
188398,0.6845759444962989,5,-0.5750771802582557
375875,0.490094142082578,5,0.3177538289274045
374517,0.490094142082578,5,0.08130420084454712
283431,-1.06576027722719,5,-0.2726176792514576
375666,0.879057746910019,5,-0.5098566580420931
336686,-1.26024207964091,5,-0.3258602043091679
284322,0.879057746910019,5,0.4040506471488503
284373,0.101130537255136,5,0.6311041212584415
375521,-0.8712784748134691,5,-0.778900712614541
189233,0.6845759444962989,5,0.29778390423620005
190177,0.6845759444962989,5,0.26113200615321336
189079,1.85146675897862,5,0.7077968674197543
188064,0.101130537255136,5,-0.2664089697217721
375471,-0.0933512651585855,5,-0.44074965191252524
188248,-0.482314869986027,5,-0.7779710160324668
283230,-0.676796672399749,5,-0.590416464084306
283755,-1.26024207964091,5,-0.6834476900329325
375590,-1.45472388205463,5,-1.280259609922688
189913,0.101130537255136,5,0.14606157047957757
284182,-1.45472388205463,5,-0.5584048160345084
189647,-1.45472388205463,5,-0.22316431246788634
187989,1.6569849565649,5,0.6316399084561667
375015,-0.8712784748134691,5,-0.7645963224753203
189337,0.295612339668857,5,1.6758278132121223
283179,0.879057746910019,5,0.234438107179901
375581,-1.45472388205463,5,-1.4142918494056833
319783,-0.8712784748134691,5,-0.17787299991817596
283300,-0.28783306757230603,5,-0.009305939775893593
375823,1.26802135173746,5,0.2640572292492455
187645,-0.676796672399749,5,0.309171273793394
283808,-1.06576027722719,5,-0.8212831525957562
188449,1.26802135173746,5,0.3372505009832332
190296,-0.8712784748134691,5,-0.43161597843295035
189433,-0.0933512651585855,5,0.28847495339058055
283757,-0.676796672399749,5,0.06770019972296512
190088,-0.28783306757230603,5,-0.46988006608623606
375006,-2.42713289412324,5,-0.8857174124353877
189974,0.490094142082578,5,0.10422067790452554
189005,1.4625031541511797,5,1.2976808070291868
373623,-0.676796672399749,5,-0.13637720073203743
375998,-1.06576027722719,5,-0.9511893019165282
190141,0.6845759444962989,5,0.8207953350641795
188055,0.295612339668857,5,-0.0906402658170649
375397,-0.8712784748134691,5,-0.5310289370387962
187636,0.6845759444962989,5,-0.7171665230112546
187784,0.295612339668857,5,-0.2654137121336333
188895,1.4625031541511797,5,0.3779852887791311
283914,-0.8712784748134691,5,-0.210559000612318
188454,0.101130537255136,5,-0.40805188451790647
283143,0.490094142082578,5,0.8047035429275959
187495,0.490094142082578,5,0.4001238706177638
188373,-1.26024207964091,5,-0.6782656799200386
373793,-0.482314869986027,5,-0.1841447073616402
374567,-2.0381692892958,5,-0.1575696080298916
190191,-0.0933512651585855,5,0.38737460230540094
187935,1.26802135173746,5,0.4891162382526466
284165,-0.8712784748134691,5,0.3878450970567059
375845,0.490094142082578,5,0.6402767412249499
188413,-0.482314869986027,5,-0.4113300171398847
188218,1.26802135173746,5,-0.39168665481471804
283707,-0.8712784748134691,5,-0.44384074353184183
188408,0.879057746910019,5,-0.47651442712151454
187860,0.295612339668857,5,-0.5233837826254063
374741,0.6845759444962989,5,0.1967651962639003
375582,-1.26024207964091,5,-1.2345842365856756
190045,-0.0933512651585855,5,-0.006512521499661297
188083,0.6845759444962989,5,0.514060182025327
188996,1.26802135173746,5,0.6875370435784335
189153,2.04594856139235,5,1.6854541698060783
375341,-1.26024207964091,5,0.28832339050829947
187590,1.07353954932374,5,0.6363369689244027
375623,-0.676796672399749,5,-0.3516892298879838
187767,-0.28783306757230603,5,-0.0729212023956447
188220,-0.28783306757230603,5,0.2729498595194071
188545,1.85146675897862,5,1.605200468000282
187482,0.879057746910019,5,-0.6283399462125614
187895,-0.676796672399749,5,0.0411778223868688
374190,-0.0933512651585855,5,-0.0922926015803404
188552,1.85146675897862,5,0.14345679014479404
189076,1.85146675897862,5,1.8096229066248373
187846,-0.0933512651585855,5,-0.1040820964106123
189224,1.4625031541511797,5,0.5932321154834426
376033,0.6845759444962989,5,-0.6952207585635647
374476,0.490094142082578,5,0.040463596862204736
189022,0.879057746910019,5,0.20378656217482566
188669,-0.28783306757230603,5,-0.6445145626500056
283763,-0.482314869986027,5,-0.4191162437164253
190016,0.879057746910019,5,0.01884866182300929
187944,-1.45472388205463,5,-0.9745852766192546
318552,-1.45472388205463,5,-0.9069929613658262
376022,-1.06576027722719,5,-0.5392906647672927
188974,1.07353954932374,5,0.2628106876096392
189293,-1.45472388205463,5,-0.20191174461860026
375790,-1.06576027722719,5,-0.3190721403057849
375976,-0.676796672399749,5,0.1689266268802678
190035,-0.0933512651585855,5,0.14779529598989308
187511,-0.28783306757230603,5,0.09103051801914092
283760,-0.28783306757230603,5,-0.4523198357714701
188008,1.07353954932374,5,0.494520534281298
187474,-0.0933512651585855,5,0.48795193862719216
188229,1.07353954932374,5,0.1801999034712706
283748,-1.45472388205463,5,0.47347681070419634
188095,0.490094142082578,5,-0.5211590835712303
187877,1.85146675897862,5,0.5389107025397671
374407,0.490094142082578,5,-0.04974589860840394
187749,1.4625031541511797,5,-0.18899412041203142
374547,-0.8712784748134691,5,-0.48658400800628543
189708,-0.0933512651585855,5,0.22805968456639159
187545,0.295612339668857,5,-0.09197481600151214
187771,1.6569849565649,5,0.007989004116546525
187543,1.26802135173746,5,0.7447206932792936
283784,-0.28783306757230603,5,-0.17373967749634908
188443,-0.0933512651585855,5,0.19583587806181393
188237,1.85146675897862,5,0.4790448650192903
376049,1.26802135173746,5,0.3911853431061982
187462,-0.482314869986027,5,-0.4073838446995522
375839,-0.482314869986027,5,-0.16802773042937977
189629,0.879057746910019,5,0.25328590198191075
283812,-0.0933512651585855,5,0.3685325420536247
187685,-0.0933512651585855,5,-0.6698609724591589
375370,-0.676796672399749,5,-0.7944281126863572
188667,0.6845759444962989,5,-0.1528896428459035
188945,0.295612339668857,5,0.2908683923379628
319954,-2.23265109170952,5,-0.30250382823562105
283448,-0.8712784748134691,5,-0.5523354778779317
375810,-0.28783306757230603,5,-0.18137172193041745
189028,1.4625031541511797,5,0.7606209890961754
375695,2.43491216621979,5,0.7561939269452677
190274,0.879057746910019,5,0.07473590096367815
188137,-0.482314869986027,5,-0.85532376515614
373769,-0.8712784748134691,5,-0.4209360525452732
375513,-0.676796672399749,5,-1.0330568450620334
376027,-0.28783306757230603,5,-0.2454077850236008
283166,-0.676796672399749,5,0.11483572802260444
375724,0.879057746910019,5,0.6376984635912166
189631,-2.0381692892958,5,0.090454092819563
2437249,-0.0933512651585855,6,-0.21755403145453492
189017,1.6569849565649,6,0.9105602093866547
375625,-0.676796672399749,6,0.036019987090045516
375846,0.101130537255136,6,0.4059299679143827
188934,0.6845759444962989,6,0.5430657666294578
375940,-0.28783306757230603,6,-0.24031054860678625
190403,-0.676796672399749,6,-0.6772596301844517
187976,-1.06576027722719,6,-0.963485267871697
188152,1.4625031541511797,6,0.7227963522527119
187471,0.879057746910019,6,0.047181762809992984
375974,1.07353954932374,6,0.34392200682910795
283778,-2.0381692892958,6,-0.744860917253041
187705,-0.482314869986027,6,-0.23582356288073622
375772,-1.26024207964091,6,-0.9447426266138291
187712,1.85146675897862,6,0.369575070691847
188785,-0.0933512651585855,6,0.08457413112183976
283160,-0.482314869986027,6,-0.2759824394761321
375376,-0.28783306757230603,6,-0.4032178820048983
188185,1.4625031541511797,6,0.3552628685544573
188734,1.4625031541511797,6,0.11827524695746029
189248,1.85146675897862,6,1.0763018848506016
188421,0.295612339668857,6,-0.15183805071996576
188096,0.101130537255136,6,0.051970358010247304
187704,-0.0933512651585855,6,0.456193519354562
374655,-1.26024207964091,6,-0.4998872113105008
374197,-0.0933512651585855,6,-0.6002561295947181
188979,0.295612339668857,6,1.409892235989709
188267,-0.0933512651585855,6,-0.6901794814278631
374665,-0.482314869986027,6,-0.4050023087258258
187936,0.101130537255136,6,0.281597909637421
375962,-0.0933512651585855,6,-0.08722014869620956
188777,1.26802135173746,6,0.8791814930396594
188067,0.101130537255136,6,-0.04957750679989022
187868,-1.06576027722719,6,-0.653670859697084
188715,1.6569849565649,6,0.26680437878270763
2436902,-1.45472388205463,6,-1.018993000069925
189027,0.6845759444962989,6,0.6379277202473563
190089,0.879057746910019,6,0.24502787233947323
187957,-0.0933512651585855,6,0.4286419224008799
375957,0.490094142082578,6,0.5491633990303896
187972,0.101130537255136,6,-0.07222418334918891
284100,-2.0381692892958,6,-1.0658173546169443
189977,-0.482314869986027,6,0.24809407584793045
283770,-1.45472388205463,6,-0.8872255862454576
188086,-0.28783306757230603,6,0.03866988839997325
187702,0.490094142082578,6,0.6432096668810718
375934,0.490094142082578,6,0.5679097378465444
187905,-0.0933512651585855,6,-0.43089410398603073
375394,-0.0933512651585855,6,-0.3150855824815108
189003,0.490094142082578,6,0.7989968110326227
187556,0.101130537255136,6,0.5219717289226872
190085,-1.26024207964091,6,-0.6949188706996517
189050,0.6845759444962989,6,0.8917309906616031
190148,0.879057746910019,6,0.0255419656924508
188378,0.101130537255136,6,0.4709229228958286
283209,-2.0381692892958,6,-0.009022395502250891
190252,-0.28783306757230603,6,-0.8501359561362545
189193,1.6569849565649,6,1.7598967502601532
374414,-0.8712784748134691,6,-0.5596896498970652
190708,-0.28783306757230603,6,-0.11366385191089952
187801,-1.26024207964091,6,-1.2451554075791076
189859,-0.482314869986027,6,-0.1703600904443831
283759,-1.06576027722719,6,-0.32562469355106477
189759,0.101130537255136,6,0.14178282270653247
374392,-0.482314869986027,6,0.4769088816938737
188214,1.85146675897862,6,-0.16978404518760049
188458,0.490094142082578,6,0.04787928417055873
374680,0.490094142082578,6,-0.043597455104237647
188630,1.4625031541511797,6,-0.26856990352147997
375778,-0.482314869986027,6,-0.868798809045168
376023,-1.26024207964091,6,-0.034572519289468286
284247,-0.28783306757230603,6,-0.37453583128271345
187772,0.6845759444962989,6,0.004513866636045229
375373,-1.26024207964091,6,-0.8324876121202454
189842,0.101130537255136,6,0.05614448973635676
337841,-0.28783306757230603,6,-0.7068065317787231
187501,0.6845759444962989,6,-0.22628369774939117
374681,-0.8712784748134691,6,-0.5755820588106784
189864,-0.0933512651585855,6,0.16965538632843022
188861,1.85146675897862,6,1.89378840519416
374961,-0.482314869986027,6,-0.2720747496620477
283312,-1.45472388205463,6,-0.05908464698175803
189247,1.85146675897862,6,1.0051238324499567
336479,-1.06576027722719,6,-0.62474402300661
188134,1.26802135173746,6,0.027468608032515558
283158,-0.0933512651585855,6,-0.5799017084690563
375696,-0.482314869986027,6,-0.9894173565682505
188603,0.6845759444962989,6,0.08776350115634537
284280,1.6569849565649,6,-0.16249123222346568
187803,1.07353954932374,6,0.9694004023469637
187523,0.879057746910019,6,0.6123346085186624
375527,-0.676796672399749,6,-0.770691232201399
374545,-0.0933512651585855,6,0.3903758024514438
373655,-1.45472388205463,6,-1.2232035202043163
375740,-2.23265109170952,6,-0.4508850400565844
188596,0.6845759444962989,6,0.1968154632816229
375583,-2.42713289412324,6,-1.1042645606332755
283132,-0.28783306757230603,6,0.7000670109153586
189059,0.295612339668857,6,0.12990630034093623
374382,-0.482314869986027,6,0.1885243282518792
2437287,-0.676796672399749,6,-0.2341108213112492
189624,-1.26024207964091,6,0.1476669783744158
375930,-0.0933512651585855,6,-0.007664072585351527
190059,-0.482314869986027,6,0.11179923993012612
189384,-0.0933512651585855,6,-0.015153976255044544
189077,2.04594856139235,6,1.6099631709675535
283838,-2.0381692892958,6,-0.9061345481684878
189035,1.85146675897862,6,0.8001746859710819
188970,1.85146675897862,6,1.1112943909777688
189715,1.85146675897862,6,0.2850918065873338
190434,-0.676796672399749,6,-0.8437524281931393
188972,1.07353954932374,6,0.9877306618544665
283105,0.879057746910019,6,0.9183579908674929
187560,1.07353954932374,6,-0.042157811002130084
187508,0.6845759444962989,6,-0.19837688501855547
189615,-1.45472388205463,6,-0.12346990961057352
375825,-0.676796672399749,6,-0.2781112826947886
283205,-0.482314869986027,6,0.0955606058873215
374652,-0.482314869986027,6,-0.20251182412463772
187842,0.879057746910019,6,1.1089928347592912
373760,-0.8712784748134691,6,-0.9902194724000571
374703,1.07353954932374,6,-0.1884047239271047
375842,0.879057746910019,6,0.3704647261490337
374386,-0.0933512651585855,6,-0.34367068883757645
190130,0.101130537255136,6,0.5069637484625631
188942,1.4625031541511797,6,1.079152490530311
373621,0.879057746910019,6,0.20226309275941054
190733,0.490094142082578,6,0.1818162097121587
336684,0.101130537255136,6,0.034836514156837264
187735,0.879057746910019,6,-0.3302050786149526
190189,0.101130537255136,6,-0.05418908891675901
189222,1.85146675897862,6,1.834582409103889
190774,0.879057746910019,6,0.432097989851052
283718,-1.26024207964091,6,-0.30925972438516736
188956,0.490094142082578,6,0.7783607789975967
190238,-1.45472388205463,6,-0.6758712853826723
374527,-0.0933512651585855,6,-0.7111851923699369
187500,0.490094142082578,6,0.6005361279469233
189997,0.101130537255136,6,0.1763116377665332
283127,0.490094142082578,6,1.365952666459652
374607,0.6845759444962989,6,0.17752521304224606
375062,-0.8712784748134691,6,-0.7085364280869418
375883,-0.8712784748134691,6,-0.406978755992145
188306,1.6569849565649,6,0.24681896824818117
187733,-0.0933512651585855,6,-0.21153934461156873
373694,0.490094142082578,6,0.7602277558167867
187742,0.295612339668857,6,-0.1774190965741951
2437194,-0.28783306757230603,6,-0.38533216375332613
373903,-1.45472388205463,6,-0.5056949852770998
188345,-0.8712784748134691,6,-0.16647287944932973
189009,2.04594856139235,6,1.265842720631939
189862,-0.482314869986027,6,0.4782350822195349
374918,0.101130537255136,6,0.8383470063421837
375752,1.07353954932374,6,0.08315282472413175
373782,0.101130537255136,6,0.6198024849636625
190127,-0.0933512651585855,6,0.21474121572793203
190149,1.4625031541511797,6,0.5176661214455293
374749,-0.0933512651585855,6,0.1358209574996247
284251,-1.06576027722719,6,-0.7488245035506528
374483,0.879057746910019,6,0.6142528554164239
374363,0.879057746910019,6,-0.39502039097004193
283967,0.6845759444962989,6,-0.19469286389747148
189455,1.26802135173746,6,-0.12600768472999124
187974,0.295612339668857,6,0.07241875126823229
189236,2.04594856139235,6,1.116867495287277
375467,-0.8712784748134691,6,-0.8982870339956616
375573,0.490094142082578,6,0.21374391601862688
189210,1.6569849565649,6,0.7846649267239262
374177,0.879057746910019,6,0.16154979586932613
284236,0.879057746910019,6,-0.37713643371415095
190173,-0.28783306757230603,6,0.318413427480009
374934,0.101130537255136,6,-0.17891940035680262
188990,1.07353954932374,6,1.12122790094232
284132,-1.26024207964091,6,-0.9923901759128015
187945,1.6569849565649,6,-0.1900053672431462
375745,-0.676796672399749,6,0.0584269822432417
374600,-1.45472388205463,6,-0.5456277071757539
375689,0.6845759444962989,6,-0.17666421834283724
190068,-0.0933512651585855,6,0.22027654777752045
373770,-0.0933512651585855,6,-0.38734963566066305
283791,1.26802135173746,6,0.17817118603289117
188425,1.26802135173746,6,0.07724471713238909
373734,0.490094142082578,6,0.37253039821022077
373758,-1.06576027722719,6,-0.6928305211800194
189712,-0.676796672399749,6,0.01450744611913373
375742,1.07353954932374,6,-0.4214707983196819
283790,0.101130537255136,6,0.48192660430351303
375432,-0.28783306757230603,6,-0.17148827812729053
2437395,-0.482314869986027,6,-0.31331962138917263
190196,0.879057746910019,6,0.6171791866732124
2437251,0.490094142082578,6,-0.07964679958184634
283773,-2.42713289412324,6,-0.26082556994978273
188469,0.101130537255136,6,-0.6913064631465299
189189,1.6569849565649,6,0.9007631446977226
374108,-1.26024207964091,6,-0.7813808120317963
190796,-0.28783306757230603,6,-0.6839952976151829
188757,0.490094142082578,6,-0.4490556557996478
373759,0.6845759444962989,6,1.0300219659471168
187876,1.4625031541511797,6,0.7145493439636095
187718,-0.482314869986027,6,-0.13841907341971768
190164,-0.28783306757230603,7,0.010070763634857507
188331,-0.0933512651585855,7,-0.25414197597689236
189697,0.490094142082578,7,0.4321462385897815
374927,1.4625031541511797,7,0.5569101521555836
375560,-0.28783306757230603,7,-0.7954031413392258
375274,-1.06576027722719,7,-1.2518521913832281
374331,1.26802135173746,7,0.13182079362421034
189241,0.879057746910019,7,0.8213200671994609
190137,-0.676796672399749,7,0.029016935564085394
374590,0.879057746910019,7,0.8274237465377424
318179,-2.23265109170952,7,-1.3237202989614927
187710,1.26802135173746,7,0.5703594193701952
374467,1.6569849565649,7,1.3015152491858488
284215,0.490094142082578,7,-0.19229499258457006
374473,0.879057746910019,7,0.19571779610734372
189957,-1.26024207964091,7,-0.1732241924797985
190163,-0.0933512651585855,7,0.2948816165540584
283766,-0.28783306757230603,7,0.43713842914887635
187654,0.879057746910019,7,0.324428036648918
375674,-1.26024207964091,7,-0.1762951571755165
376032,-0.0933512651585855,7,-0.13500201535941808
189696,-1.45472388205463,7,0.207195537268819
187606,0.295612339668857,7,-0.14465582863375004
187833,0.490094142082578,7,0.8709954226198391
188444,1.26802135173746,7,0.22968651890762096
187457,0.879057746910019,7,0.03335569324401905
283769,-0.8712784748134691,7,-0.26425626344330033
190081,-0.0933512651585855,7,0.5788923528763028
2437267,1.6569849565649,7,0.05109937913600129
187665,0.295612339668857,7,0.056919752950751426
375788,0.101130537255136,7,-0.06818959754596035
374371,-0.0933512651585855,7,0.42110849356165786
375809,-1.26024207964091,7,-0.37343580101854673
189637,0.879057746910019,7,-0.35720166215433724
189749,-1.26024207964091,7,-0.4550455939863242
188058,-0.0933512651585855,7,0.16168499675433512
187975,0.6845759444962989,7,-0.016437834104998574
187874,0.490094142082578,7,0.023557450348421438
373743,-0.28783306757230603,7,0.12535284110416717
373506,0.490094142082578,7,0.44136767500693314
375548,-0.676796672399749,7,-0.7675299733140375
188640,0.101130537255136,7,-0.22530330662911396
188492,0.6845759444962989,7,0.21364101272731603
187850,0.879057746910019,7,0.8246520299828034
188896,0.490094142082578,7,0.44883878840890423
374368,0.879057746910019,7,-0.4117201636166125
190198,-1.26024207964091,7,-0.6585878849469615
284334,0.490094142082578,7,0.4188376407813026
189883,0.879057746910019,7,0.1850481781985403
188521,0.490094142082578,7,0.5665136693074238
188093,-0.0933512651585855,7,-0.2196950332652191
375169,-0.676796672399749,7,-0.5484973362054163
189201,1.4625031541511797,7,1.855105949876837
374693,-0.8712784748134691,7,-0.16866771245754128
374620,-0.28783306757230603,7,-0.45401864462333175
283221,-1.26024207964091,7,0.024445094645233482
187522,-0.482314869986027,7,-0.12479770349282256
283083,-0.0933512651585855,7,0.14369152282915668
375451,2.04594856139235,7,0.6885067782838338
189869,-0.0933512651585855,7,0.1078679453744257
187518,0.879057746910019,7,-0.08774753944840528
375859,-1.06576027722719,7,-0.5596109142726121
189133,-0.28783306757230603,7,-0.674438237292158
187889,0.490094142082578,7,0.12213770726850812
283775,-0.28783306757230603,7,-0.39632925463994023
375807,-0.8712784748134691,7,-0.3379179958301136
189107,1.4625031541511797,7,1.9420180476632616
375857,-1.06576027722719,7,-0.5469536021019624
188997,0.879057746910019,7,0.667575103420518
283802,1.07353954932374,7,-0.10130052570538656
283754,0.879057746910019,7,0.259375998566668
283732,-1.45472388205463,7,-0.3182294332083308
283125,0.490094142082578,7,-0.007671769213983938
190046,-0.0933512651585855,7,0.3180495875521907
283553,-2.23265109170952,7,-0.9584449714144059
375794,-1.45472388205463,7,-0.8739355007214488
188780,1.26802135173746,7,0.5614062601545482
284015,-1.26024207964091,7,-0.6977150963403338
375698,-0.482314869986027,7,0.00047280591211137067
187587,0.295612339668857,7,0.019664082997708377
373904,-0.676796672399749,7,-0.33628492739570826
284338,-2.0381692892958,7,-0.2235168499563882
190472,-0.0933512651585855,7,-0.6840857866154734
373739,-0.482314869986027,7,0.238729299615349
187564,1.07353954932374,7,0.23419605023288473
374643,-0.676796672399749,7,-0.6591046507131875
187497,0.490094142082578,7,-0.296111719706223
189038,2.04594856139235,7,1.5862928784052177
375965,0.879057746910019,7,0.6526619723428081
188319,-0.0933512651585855,7,-0.5120716943732048
283229,-1.06576027722719,7,-0.7064839058838243
187769,0.101130537255136,7,-0.0817191279171181
189909,0.101130537255136,7,0.15735198403924402
373629,0.101130537255136,7,0.2664515533122742
188816,1.26802135173746,7,0.4909461462776132
283638,-1.26024207964091,7,0.11642794517200505
189628,-0.8712784748134691,7,0.39183260829697153
374632,0.490094142082578,7,0.5383876695870102
375634,-0.482314869986027,7,0.08464792640353476
375916,0.101130537255136,7,0.38729548294769817
190000,0.101130537255136,7,-0.014815919381427163
283165,-2.0381692892958,7,-0.7272446025502761
374604,-1.26024207964091,7,-0.2132373016737034
188445,0.879057746910019,7,0.04049821005989964
188982,0.295612339668857,7,0.7141788680447932
374611,-1.06576027722719,7,-0.49850528505053565
188155,0.101130537255136,7,-0.18298095490163813
336477,-1.26024207964091,7,-1.3186417393680152
188029,0.101130537255136,7,-0.4379865486052832
188482,0.6845759444962989,7,0.0727218877490304
188036,0.6845759444962989,7,-0.15346533848218655
189294,1.07353954932374,7,0.6342822852375511
284176,-1.45472388205463,7,-0.27316715022954097
374678,-0.0933512651585855,7,-0.2215792527886912
373627,-0.8712784748134691,7,-0.1901852956163293
375538,-0.482314869986027,7,-1.0621793008564933
375608,-0.8712784748134691,7,-0.0641067358458988
189229,1.6569849565649,7,1.40437058008429
190124,-0.0933512651585855,7,-0.07270737389387807
375738,-0.0933512651585855,7,0.4275019923603479
374663,0.879057746910019,7,-0.2099095692877973
2437378,0.490094142082578,7,0.2754825460246486
188249,0.490094142082578,7,0.1487903693723706
189099,-1.06576027722719,7,0.1291478018503762
375755,-1.06576027722719,7,-0.8274128242025462
188187,-0.0933512651585855,7,-0.17007000734422448
187470,0.295612339668857,7,-0.30868517991744715
375731,0.101130537255136,7,0.0302425102833011
375679,0.490094142082578,7,0.6631159334902148
190184,-0.28783306757230603,7,-0.08950247327112343
317953,-2.23265109170952,7,-0.8517664844643297
374531,-0.676796672399749,7,-0.21601523822876986
283823,0.101130537255136,7,0.5671470903815681
375972,-1.06576027722719,7,-0.788541267737543
188825,1.85146675897862,7,-0.28269557638648324
188038,0.490094142082578,7,-0.24088943482482378
283215,-0.676796672399749,7,-0.10525409371899179
187528,0.6845759444962989,7,-0.05998867968769474
375739,0.101130537255136,7,-0.5060759345194232
189887,-0.0933512651585855,7,0.040556902808158955
190797,-1.26024207964091,7,-0.7629096149058471
374974,0.101130537255136,7,-0.13776220307605885
374610,-0.8712784748134691,7,-0.14882705881081565
189029,1.4625031541511797,7,0.8041774157738895
374359,0.490094142082578,7,0.35906521700683564
374747,0.6845759444962989,7,0.5954481384392619
187979,1.6569849565649,7,0.3448800316626991
188911,-0.28783306757230603,7,-0.09114209877373346
374171,0.490094142082578,7,0.5353997483287475
189871,-0.28783306757230603,7,-0.17320938779337056
283139,0.879057746910019,7,0.7070861953962083
375576,-0.676796672399749,7,-0.806825460750826
283183,0.879057746910019,7,0.40386683672599216
284277,0.879057746910019,7,0.47876077389767996
189253,0.879057746910019,7,0.9363709732197444
189093,-1.26024207964091,7,0.13425523474556525
188848,-0.0933512651585855,7,-0.13146605697315564
284281,0.879057746910019,7,0.29346544307550665
190058,-0.28783306757230603,7,0.08865699936331918
187956,-0.0933512651585855,7,-0.0338080815078373
189865,0.879057746910019,7,0.11750190567281113
190816,0.101130537255136,7,-0.4325026816618331
374024,-0.8712784748134691,7,-0.7033731411457071
375572,-0.482314869986027,7,-0.9399722513030592
187605,-0.0933512651585855,7,-0.2776600345004795
375775,-0.676796672399749,7,-1.1295551207965628
188365,0.490094142082578,7,0.2021034247006192
375714,-2.42713289412324,7,-0.11353811877007759
374759,-0.0933512651585855,7,0.5928747612161849
189797,0.6845759444962989,7,0.15061135602137068
190064,-0.0933512651585855,7,0.009885396991782001
188419,-0.0933512651585855,7,-0.15374996402745092
187541,-0.28783306757230603,7,0.3620053712002111
283110,-0.8712784748134691,7,-0.6521901781051834
189006,1.85146675897862,7,1.235596274975506
336783,-1.26024207964091,7,0.26790339703506694
373952,0.101130537255136,7,-0.3043814935231132
190732,0.879057746910019,7,0.04614686916517187
189015,1.4625031541511797,7,1.3305704176790416
189961,-0.28783306757230603,7,-0.049296758663056106
187755,-0.0933512651585855,7,-0.5026913568703274
375518,-1.26024207964091,7,-1.0861313239324355
375921,-0.482314869986027,7,-0.27231573607164605
373635,-1.45472388205463,7,-0.8525335894180246
375894,1.07353954932374,7,-0.2864944543579217
283194,-0.0933512651585855,7,-0.4052725309057469
336688,1.26802135173746,7,-0.6979338783497073
284262,0.490094142082578,7,-0.42643483940176596
374165,1.6569849565649,7,0.44013665904349336
189234,-0.28783306757230603,7,0.3979951807937748
187914,-0.0933512651585855,7,-0.11184454912115313
189630,-0.0933512651585855,7,0.0041561012188076965
374429,-0.482314869986027,7,0.28056664287366206
188268,0.295612339668857,7,0.42327910679012165
189340,0.101130537255136,7,0.46594906081683113
374591,-0.0933512651585855,7,-0.2660833474452028
374659,-0.676796672399749,7,-0.5010668005043707
189302,0.6845759444962989,7,0.5120507758518433
375693,-0.0933512651585855,7,-0.17099300065957818
190098,-0.28783306757230603,7,0.16473806757323184
187983,-0.0933512651585855,8,-0.09344137175491678
373725,0.879057746910019,8,0.20054121477748807
190100,0.101130537255136,8,-0.04868510165406965
188040,0.101130537255136,8,-0.36230747837346533
189755,0.101130537255136,8,0.026364259607125788
188092,0.6845759444962989,8,0.33627385233797347
374978,-0.676796672399749,8,0.7899486348516498
374622,-0.676796672399749,8,0.09621309558380715
284068,-2.0381692892958,8,-1.137218943099305
190731,-2.0381692892958,8,-0.09847320584617451
190782,-0.28783306757230603,8,-0.5585428669908201
189134,1.4625031541511797,8,1.7580476330765136
187481,-0.0933512651585855,8,-0.020938360338077496
187731,-0.676796672399749,8,0.021882814984754407
375736,-0.482314869986027,8,-0.5255702309372875
188286,0.101130537255136,8,0.915892771094466
318175,-2.0381692892958,8,-1.3092316966733935
373682,-0.676796672399749,8,0.01927082668466749
187692,-0.676796672399749,8,-0.6377458459637276
189001,1.4625031541511797,8,1.0622408932150893
336485,-1.06576027722719,8,-1.0799650938781902
283789,-0.28783306757230603,8,-0.2695667639303384
189400,-0.0933512651585855,8,-0.03511751577992412
374532,0.6845759444962989,8,1.2115741509814997
375368,-1.26024207964091,8,-0.11579792551298633
375871,0.101130537255136,8,0.30257079830695827
283740,-0.0933512651585855,8,-0.16972251612835831
375494,0.490094142082578,8,0.24877400125644292
187562,0.879057746910019,8,-0.06316901256508349
187968,1.07353954932374,8,0.19303670469917328
375678,-1.45472388205463,8,-0.6500916663365006
187485,0.101130537255136,8,0.5370712923837254
189238,2.2404303638060696,8,1.4881952036241812
188000,0.295612339668857,8,-0.13691025894599215
187667,0.879057746910019,8,-0.5729797798689331
375371,-0.8712784748134691,8,-0.701866480048925
188338,-1.26024207964091,8,-0.1073311338735375
188912,-0.28783306757230603,8,0.3956823405090073
375310,1.07353954932374,8,-0.2779374142133283
189023,2.04594856139235,8,0.8543939287644889
374635,-1.45472388205463,8,-0.6364941239837731
189081,1.4625031541511797,8,1.3812452002113118
187780,-0.28783306757230603,8,-0.23607615071107543
374339,0.879057746910019,8,-0.008495338909727309
374158,0.490094142082578,8,1.1137424216150236
187879,0.490094142082578,8,0.3749850808128559
188906,0.490094142082578,8,-0.3091979912504078
189390,1.07353954932374,8,0.18060052266314627
189723,-0.28783306757230603,8,0.14408087570014685
374109,-0.482314869986027,8,-0.732077334109162
189278,-0.0933512651585855,8,0.49733846233894835
284024,1.26802135173746,8,-0.10280919137792723
375395,-1.06576027722719,8,-0.7684505362019849
375743,-0.676796672399749,8,-0.5196773681311676
187886,-0.28783306757230603,8,-0.5605110192841216
188543,0.490094142082578,8,0.3196619306737385
375735,-0.0933512651585855,8,-0.12961948329598594
189808,0.101130537255136,8,0.2587255178857823
190096,-0.482314869986027,8,0.38346178134709596
375664,-0.676796672399749,8,-1.1227466028169872
283964,1.26802135173746,8,-0.1581085688578791
189979,-0.0933512651585855,8,0.035263643034886404
374086,0.6845759444962989,8,-0.23114377003419478
187938,-0.482314869986027,8,-0.1822863002991063
373733,1.26802135173746,8,0.3940821187350789
189012,2.2404303638060696,8,0.31284168951270774
283950,-0.482314869986027,8,-0.35498596512219227
188377,0.490094142082578,8,-0.011841846287243211
187918,-0.482314869986027,8,-0.269490009246441
189230,1.85146675897862,8,1.8937398115737996
375726,1.26802135173746,8,-0.28976692229701967
283722,-2.0381692892958,8,-0.4625309716276374
189991,-0.28783306757230603,8,0.09945378819031983
283416,-2.0381692892958,8,-0.7533673253496883
188464,1.6569849565649,8,0.5928713876073761
336481,-1.45472388205463,8,-0.7092404881179403
374995,-2.42713289412324,8,-1.3955275701778358
188781,1.07353954932374,8,0.337996272470853
374504,-1.06576027722719,8,-0.7559182513353644
375335,-0.0933512651585855,8,-0.17016800878006103
283726,-0.28783306757230603,8,-0.106711280636467
284328,0.879057746910019,8,0.6219694631773074
188311,2.2404303638060696,8,1.3252119056818539
336685,-0.0933512651585855,8,0.08544902129664073
188330,-0.0933512651585855,8,-0.6545339063883511
283471,-1.45472388205463,8,-0.6615572320893184
188157,1.26802135173746,8,0.8145394745376378
189032,0.879057746910019,8,0.8482350998647463
283232,-0.676796672399749,8,0.7040846048182461
189698,0.879057746910019,8,0.1370177153354495
374696,-0.482314869986027,8,-0.24351933999992653
189666,-0.28783306757230603,8,0.08088605214724255
373851,0.490094142082578,8,-0.14228450316677713
374362,0.879057746910019,8,0.5285404659307164
373716,0.101130537255136,8,-0.14835965950504595
374568,-0.8712784748134691,8,-0.20307124975157848
319781,-1.45472388205463,8,-0.6018119288560658
375994,0.6845759444962989,8,0.5575431651441138
187794,1.07353954932374,8,0.06334619192616933
284272,-0.482314869986027,8,0.30723438044697793
375626,-0.28783306757230603,8,0.2786394325688279
188876,0.879057746910019,8,0.38486351394881485
190669,-1.06576027722719,8,-1.1248162817701102
188357,-0.8712784748134691,8,-0.17524946122195786
188270,0.101130537255136,8,0.5337870826229916
373939,0.101130537255136,8,-0.5321266528820382
190707,-0.676796672399749,8,0.1842646991524546
190186,-0.28783306757230603,8,0.07399042468058861
283782,-0.28783306757230603,8,0.23112749487663398
188475,-0.0933512651585855,8,-0.03830830458354995
189932,0.101130537255136,8,-0.08904699208602458
188476,0.101130537255136,8,0.034206924178020355
374391,0.490094142082578,8,0.17610267478109298
190778,0.490094142082578,8,0.5496203341428503
283751,-2.42713289412324,8,0.07148857456427143
187550,-0.0933512651585855,8,-0.6159824257137838
2437409,0.101130537255136,8,-0.05151500424186122
283779,-0.28783306757230603,8,-0.001413258127971264
188840,-0.8712784748134691,8,0.24545908515551462
284372,0.490094142082578,8,0.41643036359477165
188246,0.295612339668857,8,0.32251921024982344
188035,-0.0933512651585855,8,-0.8951798059400591
375597,-1.45472388205463,8,-0.8921694903854012
374613,-0.676796672399749,8,-0.7347500968887615
190082,1.07353954932374,8,0.6689983832652665
374603,-0.676796672399749,8,-0.13327924383048037
187812,1.6569849565649,8,1.4643006296410763
189751,-0.28783306757230603,8,-0.20422774717704306
375759,-0.28783306757230603,8,-0.2725778207620419
189308,1.6569849565649,8,1.3097200006360554
190795,0.879057746910019,8,-0.3560004113523833
374541,-0.28783306757230603,8,0.6660629435721873
283978,-0.0933512651585855,8,-0.7340430379617987
308008,-1.06576027722719,8,-0.7597555933099046
190086,-1.26024207964091,8,-0.5565163619536747
187473,1.07353954932374,8,-0.297628701334258
375545,-1.26024207964091,8,-1.292261860220691
283752,0.490094142082578,8,-0.36136140438384196
284324,0.879057746910019,8,0.33834061131146964
190458,-0.0933512651585855,8,-0.10821058469357729
283876,-2.0381692892958,8,-1.1798742263545157
188202,0.295612339668857,8,0.41955846957148835
374367,-0.0933512651585855,8,-0.48735462385079975
283603,-0.676796672399749,8,-0.6786626094239274
283325,0.879057746910019,8,0.24251472746509975
189152,1.07353954932374,8,1.781565088239955
187992,2.04594856139235,8,-0.43022065237225365
187686,1.6569849565649,8,0.03711905453827271
187982,-0.676796672399749,8,0.19455628683551168
188932,0.490094142082578,8,0.7684783917414291
188872,0.101130537255136,8,-0.5750568362555418
190092,-0.8712784748134691,8,-0.9574150815993208
187631,-0.0933512651585855,8,-0.552085985916256
187863,-0.676796672399749,8,-0.8217846593784509
283671,-0.0933512651585855,8,0.21841652918906365
374630,-0.28783306757230603,8,-0.6516027151844636
189834,0.490094142082578,8,-0.011728741357452447
188975,0.6845759444962989,8,0.7322591441479008
284291,-0.28783306757230603,8,0.45903998490621106
283106,-1.45472388205463,8,-0.9033672423690692
2437263,0.490094142082578,8,-0.0427241993035069
187666,-0.482314869986027,8,-0.41262973905960926
189168,2.2404303638060696,8,1.7642862637414403
283668,-1.06576027722719,8,-0.5902445206694134
373850,-0.482314869986027,8,-0.4219106396908849
375433,-0.8712784748134691,8,-0.5170965855131947
375404,-2.0381692892958,8,-0.7480364144763967
190791,0.101130537255136,8,-0.07307696681750145
283735,-2.0381692892958,8,-0.2466614874317426
190815,-1.06576027722719,8,-0.07110130186827876
187707,0.295612339668857,8,0.06189402381985981
190157,0.879057746910019,8,0.06622322216370453
189274,1.4625031541511797,8,0.7002316614378075
188327,-0.676796672399749,8,-0.006319707734741774
187949,0.6845759444962989,8,1.3398929382050222
187717,0.879057746910019,8,-0.24292542830239044
374513,-0.28783306757230603,8,0.21080319654499619
190073,0.6845759444962989,8,0.18398691240914045
283817,-0.0933512651585855,8,-0.14463686654017116
187814,-0.8712784748134691,8,-0.19034258337079854
188907,1.85146675897862,8,1.6932315314828854
188145,0.490094142082578,8,0.8677617296302917
187484,-0.0933512651585855,8,-0.3244903245812377
188429,-1.06576027722719,8,-0.7995514144435802
375589,-0.676796672399749,8,-0.6665372577384433
189881,0.101130537255136,8,0.1613585539658624
188001,0.490094142082578,8,0.6483529611200063
374160,0.879057746910019,8,0.056252256530507985
187536,0.101130537255136,8,0.1174621799531698
189157,1.07353954932374,8,0.5185302097180127
190125,-0.8712784748134691,8,0.07932739966661034
189040,1.85146675897862,8,1.6742621647740732
190097,-0.28783306757230603,8,-0.04126956494975627
187563,-0.8712784748134691,8,-0.5278039425185675
187713,2.2404303638060696,8,1.5561268927835463
374062,-0.676796672399749,8,-0.9209929042942204
283311,0.879057746910019,8,0.7060245031572309
188969,1.26802135173746,8,0.8981975184797079
283665,-1.06576027722719,8,-0.8331481386291456
188984,1.07353954932374,8,1.3494767093941427
2437266,0.490094142082578,9,0.35586355094690814
374001,0.879057746910019,9,0.03213925005680355
283656,-1.26024207964091,9,-0.8713846487949233
190804,0.879057746910019,9,0.6146349430768652
188362,0.295612339668857,9,0.1030786345544016
187677,-0.28783306757230603,9,-0.1514905237910034
189805,-0.0933512651585855,9,-0.5286932861818532
374537,0.879057746910019,9,0.4558579926078559
285674,-1.26024207964091,9,-0.6461725532881208
373649,-0.0933512651585855,9,0.10985215645925885
189811,0.101130537255136,9,0.0988419632380106
188222,1.4625031541511797,9,0.7725387332850557
187763,0.101130537255136,9,-0.0023056892687352178
187866,0.101130537255136,9,-0.48017562024768695
188418,-0.0933512651585855,9,0.03082355980291125
190055,-1.06576027722719,9,-0.8962644396213032
189232,0.6845759444962989,9,0.375498038971321
189668,0.6845759444962989,9,0.5654557783885857
189109,2.04594856139235,9,1.8311306847748592
187730,-0.0933512651585855,9,0.03290458256163802
190142,-0.0933512651585855,9,0.3384788764502463
187822,1.4625031541511797,9,0.7345126049888052
318174,-1.26024207964091,9,-0.8315141705512089
284080,-1.45472388205463,9,-0.9871077605315765
190561,-2.23265109170952,9,-0.3480911876657927
188558,0.101130537255136,9,0.02519381008362167
374378,-0.0933512651585855,9,0.22463794950120838
374066,1.07353954932374,9,-0.16906294817321005
375943,0.879057746910019,9,0.6644908133987902
189013,0.101130537255136,9,0.12225504310061885
189014,0.490094142082578,9,0.6982193783752894
190703,-0.0933512651585855,9,0.045958184448092604
375504,1.07353954932374,9,-0.582420259570834
187741,1.26802135173746,9,-0.09930064546316966
375340,-1.26024207964091,9,-0.6889134365157153
373467,-0.0933512651585855,9,1.1793758595277348
189291,1.4625031541511797,9,0.5433664139526438
189010,2.04594856139235,9,1.0825714245805953
190806,0.879057746910019,9,0.035889962434705054
2437244,-0.28783306757230603,9,-0.6136343468149109
187711,0.879057746910019,9,0.4203963260632373
188259,0.879057746910019,9,0.250901290741458
375393,0.879057746910019,9,0.07205499348784007
374739,-1.45472388205463,9,-0.12804719413329635
187546,0.6845759444962989,9,0.07887905011359743
187591,1.6569849565649,9,0.29732799855805825
187985,-0.0933512651585855,9,0.06636339880563011
375539,-2.0381692892958,9,-0.6099136992032501
2437268,0.101130537255136,9,0.09199970062457391
283859,-0.28783306757230603,9,-0.33276352320810626
187883,1.26802135173746,9,0.8053500058680598
376015,0.490094142082578,9,-0.144501544943991
188209,-0.482314869986027,9,-0.9031418320937149
283176,0.879057746910019,9,0.406776693615626
189245,1.4625031541511797,9,1.60270774861655
187753,0.101130537255136,9,-0.285064946739046
190280,-0.28783306757230603,9,-0.3119315619189667
189268,1.6569849565649,9,0.3991658752596928
374956,-1.45472388205463,9,-0.5093737534450615
283279,-0.8712784748134691,9,-0.5446948408646823
190069,0.6845759444962989,9,0.20406616824094778
375704,0.879057746910019,9,0.35745679174578404
187573,0.879057746910019,9,-0.028430749611073208
188321,0.295612339668857,9,-0.06977093938064347
187567,0.101130537255136,9,-0.5209825282259669
187990,1.6569849565649,9,0.26514870491297526
187770,2.2404303638060696,9,0.2607032508732392
318178,-2.0381692892958,9,-1.2605138500105129
188405,-0.0933512651585855,9,-0.22552518479970898
373980,-0.676796672399749,9,-0.16421161451525543
283712,-0.8712784748134691,9,-0.7559679886653566
283144,0.879057746910019,9,0.7304715426942744
2437415,-1.45472388205463,9,-0.5375314941566499
374067,1.07353954932374,9,0.5757850859040877
375421,0.490094142082578,9,-0.02738707636373685
189786,0.101130537255136,9,0.7364751492226619
375784,-1.26024207964091,9,-0.014542642839090346
187853,-0.676796672399749,9,-0.3614300859425318
375556,-0.676796672399749,9,-0.9404069882926632
375779,-0.28783306757230603,9,-0.6080431413880139
375917,-0.482314869986027,9,0.07160978116307123
374743,-0.676796672399749,9,0.2514739020829818
187584,-0.0933512651585855,9,-0.3679945398273205
188401,0.879057746910019,9,0.049807479085843
188898,1.26802135173746,9,0.49047778057960656
375931,-0.28783306757230603,9,0.09362954914778049
190071,-0.676796672399749,9,-0.22876292973966858
283721,-1.06576027722719,9,-0.13036377700694662
187804,2.04594856139235,9,0.6766906022444865
283116,0.490094142082578,9,0.41076227565455325
187515,-0.0933512651585855,9,-0.8463667750924093
189958,-0.8712784748134691,9,-0.5135516836076406
283623,-2.42713289412324,9,-0.7153922650004306
188211,-0.0933512651585855,9,-0.47003139922389897
283235,-0.28783306757230603,9,0.13196435928686778
188978,1.26802135173746,9,0.8670464409070656
190134,-1.45472388205463,9,-0.4055026891847499
373777,-0.28783306757230603,9,-0.35495463481269346
375410,-0.28783306757230603,9,-0.31209178509227
187566,-0.482314869986027,9,-0.3851180062284591
188374,1.4625031541511797,9,0.3074823467149853
188312,-0.482314869986027,9,-1.1924321899645145
188122,0.295612339668857,9,0.15383710849177462
374204,0.6845759444962989,9,0.09304671765368124
375830,-1.06576027722719,9,-0.8858992535712326
283819,0.879057746910019,9,0.4194887531738592
375037,0.6845759444962989,9,-0.38506786254198705
374003,-0.676796672399749,9,-0.3423097923748293
284219,-0.0933512651585855,9,-0.38153998003987566
2436958,-1.06576027722719,9,-0.8501292149180985
374361,-0.0933512651585855,9,-0.18478612814345574
188441,1.07353954932374,9,0.03496389941202709
374536,0.490094142082578,9,0.5202964034873285
187952,0.101130537255136,9,-0.0582267127664555
187461,2.04594856139235,9,0.7450986788488627
373485,-0.28783306757230603,9,-0.8396117403759019
187978,0.879057746910019,9,-0.11713929275266863
375549,-0.28783306757230603,9,-0.42399349602607006
187810,1.26802135173746,9,-0.11094377000784458
188672,-0.8712784748134691,9,0.4107599596513228
187663,0.101130537255136,9,-0.4571528463726547
188061,-0.28783306757230603,9,-0.5922737854721973
375799,-1.26024207964091,9,0.21111257980028153
190174,-0.8712784748134691,9,0.4073416124174809
190805,0.101130537255136,9,0.4639091134228316
188236,-0.482314869986027,9,0.18226975170512102
190784,1.07353954932374,9,1.1830046751377306
189885,-0.28783306757230603,9,-0.19271408288785774
375621,-0.28783306757230603,9,-0.1085535236303317
375977,0.879057746910019,9,-0.12587293060356072
187574,-0.28783306757230603,9,-0.4924026845964088
373780,0.101130537255136,9,0.24837173817756214
190036,-0.482314869986027,9,0.1535791085374474
374191,1.6569849565649,9,0.8177116572225316
189955,-1.06576027722719,9,-0.4563089268473884
188765,-0.8712784748134691,9,-0.47331801691817804
190195,-0.676796672399749,9,-0.9407558055839262
190076,1.07353954932374,9,0.7994735388748739
187472,1.85146675897862,9,1.4373722840057357
187505,-2.0381692892958,9,-0.3175344192902613
2437214,-0.0933512651585855,9,-0.16057168914464412
187607,1.07353954932374,9,0.40363331180538475
308006,-0.676796672399749,9,-0.6169451932964406
375901,-0.8712784748134691,9,-0.4616475166725594
375820,0.101130537255136,9,0.290187098398651
375020,-1.26024207964091,9,-0.19763315819407112
189290,1.07353954932374,9,0.5630059711005889
187537,-0.0933512651585855,9,-1.0575392144983575
188154,1.26802135173746,9,0.503527858248858
188410,0.6845759444962989,9,-0.2817206106550624
374825,0.6845759444962989,9,0.41878860726003525
283742,-2.23265109170952,9,-0.4366252040704649
188510,0.101130537255136,9,-0.013876441930758975
283157,-0.482314869986027,9,0.2507779968975317
188468,1.26802135173746,9,0.22171771270379637
283118,0.490094142082578,9,1.2860160662006117
189686,-0.482314869986027,9,-0.030291753253608156
2437256,-1.26024207964091,9,-0.6253682931942769
187791,0.879057746910019,9,0.1710555097163674
375661,-0.8712784748134691,9,0.09283554415911412
376034,-1.06576027722719,9,-0.12703662678098662
189041,0.879057746910019,9,0.6742341744261937
187669,-0.482314869986027,9,-0.20865415619727473
187824,-0.28783306757230603,9,-0.22958522772909248
375446,-1.06576027722719,9,-0.7103359593244206
189084,1.6569849565649,9,1.9235018643227155
190813,-2.0381692892958,9,-0.5274194816770263
375254,-1.45472388205463,9,-0.6166922414479726
187709,1.07353954932374,9,-0.24013643361169337
375503,-2.0381692892958,9,-0.874772892200131
187681,-0.482314869986027,9,0.08435889257352572
375838,0.490094142082578,9,0.6141695432894071
189809,0.101130537255136,9,0.12481586622828929
189254,1.85146675897862,9,0.9547139520255314
375391,-1.26024207964091,9,-0.37632789114758625
375747,-1.45472388205463,9,-0.44169083418692784
374740,-0.8712784748134691,9,-0.2565521760115771
375710,-1.06576027722719,9,-0.4340397779679409
374416,0.490094142082578,9,1.0239962802471554
375389,-1.45472388205463,9,-0.07394288321072827
188105,0.879057746910019,9,0.6569397558843049
190794,-1.06576027722719,9,0.061827603025696835
373754,-0.0933512651585855,9,-0.6282890458103783
375578,-0.676796672399749,9,-0.6198930301377851
187739,0.6845759444962989,9,-0.11285338704007546
2437250,0.879057746910019,9,-0.37849019863178734
283774,-0.676796672399749,9,-0.09972106998606821
189753,-0.482314869986027,9,0.11257598035351304
188577,-0.676796672399749,9,-0.2379202586767193
374436,0.101130537255136,9,0.2604127963560254
375796,1.07353954932374,9,-0.00161147345427063
375890,-0.676796672399749,9,-0.37323127808644746
188989,2.04594856139235,9,1.3595916561336228
188076,0.101130537255136,9,-0.6421385421315294
187647,-0.0933512651585855,9,-0.35503687127538636
375579,-1.26024207964091,9,-0.6150718590591391
376047,1.07353954932374,9,-0.05132908017418819
188988,0.490094142082578,9,0.7878344624168026
373654,0.101130537255136,9,-0.32417659875834903
190344,1.07353954932374,9,0.6095600700609923
