"id","Hard","kfold","KRR_pred"
283796,-0.0933512651585855,0,0.25255152719879
318176,-1.45472388205463,0,-1.10503387926153
375748,-0.871278474813469,0,-0.549554474759788
283449,-0.676796672399749,0,0.232368552197727
188500,-0.287833067572306,0,-0.127924157823514
375461,-0.871278474813469,0,-0.469610759889235
189287,0.879057746910019,0,0.432788980800666
189829,0.684575944496299,0,0.263951496479706
374530,-0.871278474813469,0,-0.70258688049995
188849,2.24043036380607,0,1.8675658513291
190818,-1.06576027722719,0,-0.458140292604753
190817,-1.06576027722719,0,-1.40560812900618
189756,-0.676796672399749,0,-0.572501211984004
189034,1.26802135173746,0,1.0311294850617
188018,-0.482314869986027,0,-0.665593935739054
374516,0.490094142082578,0,1.17414396584631
283849,0.490094142082578,0,0.652677390544554
188012,0.490094142082578,0,-0.0820033339158641
374913,-0.0933512651585855,0,0.0325899337108524
190070,1.07353954932374,0,0.214335610290973
190129,0.101130537255136,0,-0.182959281927381
373675,-0.287833067572306,0,0.364455107241966
187555,0.490094142082578,0,0.691042829222326
283128,-0.871278474813469,0,-0.946214530102154
189244,0.101130537255136,0,0.392933911649337
375465,-0.676796672399749,0,-0.48005381770308
189819,0.879057746910019,0,-0.629676217284015
308004,-1.45472388205463,0,-1.20323353497496
283313,-0.482314869986027,0,-0.0365086472031777
187612,-0.0933512651585855,0,0.500658668372523
308211,-0.871278474813469,0,-0.837594544318918
374712,0.101130537255136,0,-0.3124502263191
187839,0.684575944496299,0,0.599059641019593
375552,-0.871278474813469,0,-0.674528519843591
283600,-0.871278474813469,0,-0.764582897412197
373872,0.879057746910019,0,1.12394361819159
374598,-1.06576027722719,0,0.0314958621228527
376021,0.879057746910019,0,0.0108264269695439
374614,-1.26024207964091,0,-0.757865017475311
283753,-2.0381692892958,0,-0.164080046186797
2437048,-0.0933512651585855,0,-1.17630416119636
188894,0.490094142082578,0,0.133680767412969
188549,1.85146675897862,0,1.58835702161362
187703,0.101130537255136,0,-0.0455871103332015
375437,-0.676796672399749,0,-0.716061340209592
375717,0.101130537255136,0,0.542995926385515
188197,-1.26024207964091,0,-0.547485139608625
374365,0.879057746910019,0,0.737514837484696
188987,0.490094142082578,0,0.682211307863653
188244,1.26802135173746,0,0.93264663577564
375551,-0.287833067572306,0,-1.09325680019225
374475,0.101130537255136,0,0.781699848300789
187458,1.46250315415118,0,0.260766907030757
187674,-0.0933512651585855,0,0.322411375453669
284369,0.879057746910019,0,-0.272623002907281
374629,1.07353954932374,0,-0.00662650339091897
374988,-2.62161469653696,0,-1.19800504152431
190140,-1.26024207964091,0,-1.11378840496978
189822,-0.871278474813469,0,-0.518080962922824
190144,0.879057746910019,0,0.224440786155412
374612,-2.0381692892958,0,-0.56317792971177
375816,-0.676796672399749,0,-0.590270432741761
187832,-0.482314869986027,0,0.682468889956695
187995,-0.287833067572306,0,-0.319205347776204
188255,0.295612339668857,0,0.664031537918149
187714,0.101130537255136,0,0.48995600933641
374515,-0.482314869986027,0,-0.630684090214842
374186,-0.676796672399749,0,-0.727571975258329
189250,1.6569849565649,0,1.43411060406221
189018,-0.0933512651585855,0,0.184111215877294
374183,-0.482314869986027,0,-0.0444919918123219
190040,1.07353954932374,0,1.16956191845993
187464,1.26802135173746,0,0.769315920626724
375923,0.879057746910019,0,-0.625722200763207
283633,-1.45472388205463,0,0.556671132319934
283676,-0.676796672399749,0,0.010515152602423
189319,1.46250315415118,0,1.74883437760217
187764,0.684575944496299,0,0.416114677011578
187783,-0.871278474813469,0,-1.41666370221712
189289,2.24043036380607,0,1.38187259185067
190143,-0.482314869986027,0,-0.0813913271602047
188764,0.879057746910019,0,-0.090423448762607
190062,-0.287833067572306,0,-0.664342216339506
188383,-0.482314869986027,0,-0.15163852745583
284312,0.879057746910019,0,0.552328788983914
188232,0.879057746910019,0,0.751658954565031
187676,0.879057746910019,0,0.51010976647936
188034,0.295612339668857,0,-0.826666516501064
375569,-0.676796672399749,0,-0.664901750100768
188704,1.46250315415118,0,0.963738630054522
187583,-0.871278474813469,0,-0.907370033553477
283843,-0.0933512651585855,0,0.000309700010433289
190787,-1.26024207964091,0,-1.58836828376988
188101,1.07353954932374,0,1.52303596679657
375585,-2.23265109170952,0,-0.906775046021863
374691,0.684575944496299,0,-0.602497963955003
283813,-0.0933512651585855,0,0.243646424291143
188320,-0.0933512651585855,0,0.338122807847569
188427,0.879057746910019,0,0.448717289709435
374505,-0.871278474813469,0,-0.603351417866179
188110,2.43491216621979,0,1.66828000211535
187875,1.26802135173746,0,0.531029492376632
283723,-0.676796672399749,0,-0.492109604905991
2437308,-0.287833067572306,0,0.300413950964682
190277,-0.0933512651585855,0,-0.405690135738283
373730,-0.676796672399749,0,-0.492997543309102
187585,1.07353954932374,0,0.57025473534614
374914,0.684575944496299,0,0.602328859170882
190103,0.101130537255136,0,-0.200708732459233
283781,0.101130537255136,0,0.303229381103378
308254,-0.676796672399749,0,-0.286590018824725
375702,-1.26024207964091,0,-0.762586432463692
188991,1.46250315415118,0,1.13493430275432
374213,-0.676796672399749,0,-0.567346236567062
187658,0.879057746910019,0,-0.274739297465445
375372,-1.26024207964091,0,-1.1475622086689
374807,-1.06576027722719,0,-0.0502238967913797
188250,-0.0933512651585855,0,0.222605065597747
187980,2.24043036380607,0,0.697887804297764
188940,0.684575944496299,0,0.266139584903229
188099,1.85146675897862,0,0.160072662672491
374004,-0.287833067572306,0,-0.544715858958725
375659,-1.45472388205463,0,-1.47176246555199
283846,-1.26024207964091,0,-0.606593066102533
190811,1.07353954932374,0,0.93882364931028
375205,-0.482314869986027,0,-1.03236176762179
188346,-0.676796672399749,0,-0.379304831012107
374011,1.6569849565649,0,-0.0134815044228702
188054,0.879057746910019,0,-0.36662477359279
283109,-0.871278474813469,0,-1.21684101726161
189024,1.26802135173746,0,1.17217113407547
374551,0.101130537255136,0,0.189213727846251
188992,1.46250315415118,0,0.882683438461257
336782,0.879057746910019,0,0.373287596667282
187678,1.26802135173746,0,0.790021572715375
189872,-0.0933512651585855,0,0.272291923807046
284278,0.101130537255136,0,-0.63601731112044
190158,-0.676796672399749,0,0.505242533260329
188758,1.85146675897862,0,0.73453793301087
283670,0.101130537255136,0,-0.43798268897784
283177,-0.871278474813469,0,-0.187721303765414
375355,-0.287833067572306,0,0.0565342302297722
189964,0.879057746910019,0,0.787830303956312
283805,-1.45472388205463,0,-1.05195711413009
189670,0.101130537255136,0,1.02922046313458
284304,0.684575944496299,0,0.554602507303969
188493,0.490094142082578,0,1.26632541596716
375971,0.879057746910019,0,0.461972070573637
188009,1.46250315415118,0,0.391874863944906
284248,-0.287833067572306,0,0.0964210539685268
190769,-1.26024207964091,0,-1.35033123087915
187551,-0.676796672399749,0,-0.326940926103561
188172,-0.482314869986027,0,-0.742243349783223
283719,-0.676796672399749,0,-0.652408561173033
284066,-1.26024207964091,0,-0.769809963817679
187906,0.684575944496299,0,0.842061860299367
2437340,-0.482314869986027,0,-0.110474582003462
375791,-1.26024207964091,0,-0.220289649683565
373575,-1.26024207964091,0,-0.00446870778928599
189706,-0.0933512651585855,0,-0.200996649804623
187907,1.07353954932374,0,0.788482080803504
2437252,-0.871278474813469,0,-0.300689133346083
375383,-0.482314869986027,0,-0.599123989075835
188517,0.295612339668857,0,0.540486497864748
375973,-0.287833067572306,0,-0.0969262758570011
187653,-0.287833067572306,0,-0.183840378435903
188174,-0.482314869986027,0,0.902632812853454
375017,-1.26024207964091,0,-0.383329552225064
187514,1.46250315415118,0,-0.139126291913101
188269,1.85146675897862,0,0.0298732994666722
284370,-0.676796672399749,0,-0.289431874194179
189856,0.879057746910019,0,0.0734630907906961
187700,0.295612339668857,0,0.0110394585855573
187502,0.295612339668857,0,-0.129956735377547
188897,1.26802135173746,0,0.347390929332164
187756,0.101130537255136,0,-0.374564966671429
375627,-0.287833067572306,0,0.271728390383018
283427,-0.482314869986027,0,-0.707875174990789
189223,0.101130537255136,0,-0.200956961090512
375728,0.490094142082578,0,-0.0899420778720383
187852,0.101130537255136,0,0.176101266462894
3646845,0.684575944496299,0,0.56055459912136
190364,-0.482314869986027,0,-1.09031618793693
187951,1.07353954932374,0,1.17225634277388
374944,1.07353954932374,0,0.270840984531446
374592,1.26802135173746,0,0.221250885272227
190170,-0.287833067572306,0,0.199941803783432
283054,-2.23265109170952,0,0.435438937932091
188359,-0.0933512651585855,0,-0.306024626747842
373764,-1.45472388205463,0,-1.65207759373129
188532,1.26802135173746,0,0.758043174940624
283639,-0.676796672399749,0,-1.25032710479138
187845,0.295612339668857,0,0.795231378607426
374937,-0.482314869986027,0,0.227278960923087
374697,-0.287833067572306,0,-0.203832563760429
375315,-0.871278474813469,0,0.23326694062736
190114,0.101130537255136,0,-0.212707950328721
336478,-1.06576027722719,0,-1.2033518439064
188536,0.684575944496299,0,-0.410507150911059
189063,0.490094142082578,0,0.0459419103638368
374535,-0.676796672399749,1,-0.129150475330576
187691,1.46250315415118,1,1.65211273416446
284203,-0.287833067572306,1,-0.147584449316881
374474,-0.871278474813469,1,0.585571301091761
188094,1.26802135173746,1,1.26259237018762
187823,1.07353954932374,1,1.44659239277624
283892,-0.287833067572306,1,-0.117595038614752
189972,-0.676796672399749,1,0.271050595958584
188227,1.26802135173746,1,0.969037645357574
373481,-0.0933512651585855,1,0.38251960526766
187664,0.295612339668857,1,-0.277902382210939
373795,-0.287833067572306,1,0.101685354285308
375455,-1.06576027722719,1,-1.01476675822346
375899,-0.287833067572306,1,0.576275261739283
376012,0.490094142082578,1,0.103802460955222
189031,2.04594856139235,1,1.57866324219457
189669,-0.482314869986027,1,0.082342925321214
283968,-2.0381692892958,1,-1.06424921756656
189004,2.04594856139235,1,0.955542151082398
187888,-0.287833067572306,1,-0.441878873093444
374719,0.101130537255136,1,0.475344144829009
375409,-2.0381692892958,1,-0.432787140885765
375935,0.684575944496299,1,0.858858330641709
373773,-0.0933512651585855,1,0.377178624835025
188026,0.684575944496299,1,0.551202553066091
319956,-1.26024207964091,1,-0.79736915541865
188501,0.879057746910019,1,0.134592020736719
188258,-0.0933512651585855,1,0.408807240087228
283615,-0.482314869986027,1,-0.702877079907168
189237,2.04594856139235,1,2.10752143363362
189971,-0.482314869986027,1,-0.214951831358292
284164,-2.23265109170952,1,-1.67706807091297
375682,1.26802135173746,1,0.675448225050147
375970,-0.0933512651585855,1,-0.477426478634101
374640,-0.871278474813469,1,-0.563997603225005
187493,0.295612339668857,1,0.391793516768018
189277,-1.26024207964091,1,1.38307528866206
283162,-0.287833067572306,1,1.31603593848497
188355,0.295612339668857,1,0.0303625835234698
283830,-0.676796672399749,1,0.354577190899903
319957,-1.45472388205463,1,-0.749634575961551
376048,0.879057746910019,1,-0.203331283783015
187736,-0.871278474813469,1,-0.991185566413066
188043,0.879057746910019,1,-0.853520207876542
190054,-2.0381692892958,1,-0.443327032401271
375452,1.6569849565649,1,0.973407778079334
188633,0.879057746910019,1,0.680769336205572
374616,-0.871278474813469,1,-1.04287481218583
374702,0.879057746910019,1,0.870744485927929
188231,-0.287833067572306,1,-0.369707422157319
189008,-0.482314869986027,1,-0.0861463858471438
188386,-1.45472388205463,1,-1.05769569197273
188774,0.295612339668857,1,-0.387896124311965
188340,1.46250315415118,1,1.73860370006781
375243,-1.26024207964091,1,-0.797575205171555
374445,-0.0933512651585855,1,0.322868106894092
188117,1.07353954932374,1,0.0353676142984796
283579,-0.676796672399749,1,-1.26200015909264
187510,1.46250315415118,1,-0.161580993784668
375941,0.684575944496299,1,0.320612844449812
374745,0.879057746910019,1,1.07528097931873
188201,-0.482314869986027,1,0.166892907147741
284357,0.101130537255136,1,0.273914850145374
190037,-0.0933512651585855,1,-0.48168034706066
375688,-1.06576027722719,1,0.0647354356745069
375456,-0.482314869986027,1,-0.884382382017606
187648,0.879057746910019,1,0.493421703338967
189868,-0.287833067572306,1,0.106867564642485
187867,-1.26024207964091,1,-0.723640463856356
374624,-2.23265109170952,1,-0.686505271212894
283121,0.879057746910019,1,1.29327003236951
375993,-1.06576027722719,1,-0.737104245726641
375567,-2.23265109170952,1,-1.53167937810609
375802,-0.287833067572306,1,-0.57194321067243
187609,1.46250315415118,1,0.714179800642412
375744,-1.45472388205463,1,-0.132081964887789
374471,1.26802135173746,1,1.13114568036657
187816,0.295612339668857,1,0.0843496121819811
188893,0.101130537255136,1,0.313504069839937
188316,1.6569849565649,1,0.497293610052211
187544,0.295612339668857,1,-0.366351838655646
187776,0.101130537255136,1,0.395624900397408
374689,-0.676796672399749,1,-0.328331939869386
189858,0.101130537255136,1,0.0534191834708082
187819,0.684575944496299,1,0.35954166992326
374110,0.684575944496299,1,0.528370962064528
374442,0.101130537255136,1,0.413934721576283
189700,-0.676796672399749,1,0.504568608539103
187954,0.684575944496299,1,-0.175431735643514
375956,0.101130537255136,1,0.785266788326496
189734,0.879057746910019,1,-0.456472587084434
190007,0.490094142082578,1,0.180709329481559
375697,-1.06576027722719,1,-0.480275753404754
188786,0.101130537255136,1,0.6948884017458
283803,-0.676796672399749,1,-0.595423689885692
189070,-1.06576027722719,1,-0.503185153051632
375719,0.101130537255136,1,-0.0742017665036201
374112,-0.676796672399749,1,-0.699716822449759
375847,0.490094142082578,1,0.459024061986412
375773,-1.45472388205463,1,-1.07331399510545
373925,-0.676796672399749,1,-0.331623244461824
187610,0.684575944496299,1,0.892373654980631
189309,1.46250315415118,1,0.609552683097078
374658,-0.871278474813469,1,-0.387127752768023
188930,1.07353954932374,1,0.896540036155329
283801,-1.45472388205463,1,-0.511998341558908
283117,0.879057746910019,1,0.993765240054245
188369,0.295612339668857,1,-0.375626860309083
283602,-2.0381692892958,1,-0.657448442551072
187857,0.684575944496299,1,0.499807726140503
189048,1.6569849565649,1,1.26264532968359
188160,1.26802135173746,1,0.875992618108086
189242,1.26802135173746,1,1.29564890666664
188370,0.684575944496299,1,0.254130607112927
373835,-0.871278474813469,1,-1.1544660977773
374396,-0.287833067572306,1,0.00882562582874868
374395,-0.482314869986027,1,0.249008393646363
189094,1.07353954932374,1,1.10832689831426
284239,-0.676796672399749,1,0.0703950090640859
190810,-0.0933512651585855,1,-0.0532510262262633
188121,1.26802135173746,1,0.0678356521816141
188027,1.26802135173746,1,0.643767354680108
374397,-0.482314869986027,1,0.376430258604344
375705,0.879057746910019,1,-0.539105799799586
190190,0.879057746910019,1,-0.0632346003896487
190159,0.879057746910019,1,0.162719934348601
187758,0.490094142082578,1,0.0130016426283248
374413,-1.45472388205463,1,-0.637843185951738
284241,-0.871278474813469,1,-0.208393748933261
284161,0.490094142082578,1,0.66311622967072
318549,-1.45472388205463,1,-1.30150097226182
284209,0.879057746910019,1,0.032302693164354
188540,-0.287833067572306,1,-0.241397572980176
189188,0.879057746910019,1,0.604257968591099
187986,0.879057746910019,1,-1.11484673301112
189138,0.101130537255136,1,0.655082630645666
375832,0.879057746910019,1,0.862457827872205
187637,-0.482314869986027,1,0.530640932210417
187629,0.101130537255136,1,-0.334842178732742
187687,0.684575944496299,1,0.28983599630044
2437410,-0.482314869986027,1,-0.0686795703284702
189949,-0.0933512651585855,1,0.041875986146465
187921,-0.482314869986027,1,-0.106466273958844
187649,0.684575944496299,1,0.1160139823062
2437412,1.6569849565649,1,-0.398531867148961
189857,-0.0933512651585855,1,0.113748545946905
187988,-0.0933512651585855,1,0.181718800278119
187892,0.295612339668857,1,0.872848661916251
283962,-0.0933512651585855,1,0.23693313827836
375690,-2.0381692892958,1,-0.660861059273472
375004,-2.23265109170952,1,-1.30170632704426
374151,1.07353954932374,1,0.676713215443016
189078,1.46250315415118,1,1.13435988288741
187911,1.07353954932374,1,1.05163213680171
319784,-0.871278474813469,1,-0.406701324139888
189703,1.85146675897862,1,0.937072563506021
308009,-1.45472388205463,1,-1.19776225738514
375949,0.879057746910019,1,0.411382756466281
375835,0.101130537255136,1,-0.588346905563824
283178,0.879057746910019,1,0.902616218664207
374388,0.879057746910019,1,0.473153267678569
189754,-0.287833067572306,1,-0.252346325850269
376050,-0.287833067572306,1,-0.512240935384256
336482,-1.45472388205463,1,-1.31699330764084
283989,-0.0933512651585855,1,-0.531632063695042
189343,1.6569849565649,1,0.539483642424386
375800,-1.26024207964091,1,-0.238145302482394
188031,-0.676796672399749,1,0.635723987170081
373861,0.879057746910019,1,0.594359823166926
188601,1.85146675897862,1,2.13676000559809
284279,-0.676796672399749,1,1.00496532701361
374595,0.490094142082578,1,0.774502495801386
283731,-0.482314869986027,1,-0.914967388302216
187549,-0.482314869986027,1,0.490265142484191
189346,2.43491216621979,1,0.959993888090224
188768,0.684575944496299,1,0.6856475158541
375434,0.101130537255136,1,-0.482986568520019
187475,0.879057746910019,1,0.111308636901313
375780,-1.45472388205463,1,-0.681998448416778
187955,-0.287833067572306,1,-0.0498938449761539
188349,-0.287833067572306,1,-0.212876869998567
189225,0.879057746910019,1,-0.417882419980614
373948,0.490094142082578,1,0.899624744126726
189625,-0.676796672399749,1,1.17379298482123
187787,0.879057746910019,1,0.379766905522345
190199,-0.287833067572306,1,0.336117316614661
375511,-1.26024207964091,1,-1.22643139914507
375939,-0.482314869986027,1,0.35900287013996
190121,-0.0933512651585855,1,0.267295478979506
283833,-0.287833067572306,1,-0.295418730457641
189803,-1.45472388205463,1,-0.752197935641021
374935,-0.287833067572306,1,-0.00668225230694475
188448,0.101130537255136,1,-0.395642855796041
308253,-0.871278474813469,1,-0.497022402501187
375596,-1.26024207964091,1,-0.305651820418234
190008,-0.0933512651585855,1,-0.425199210092387
373509,-0.287833067572306,1,-1.14333709831094
373690,-0.871278474813469,1,-0.0237597619007062
188104,0.490094142082578,1,0.57956410093847
374148,-0.0933512651585855,1,0.208757771986285
375565,-2.0381692892958,2,-1.0161156611225
189927,-0.0933512651585855,2,0.0426226722323264
189980,0.101130537255136,2,0.0117646671556741
189853,-0.871278474813469,2,-0.802700918896676
375594,-1.45472388205463,2,-0.679920353391154
375553,-0.871278474813469,2,-0.817479933408933
189760,-0.871278474813469,2,-0.335210558358071
375499,-1.26024207964091,2,-0.289913381719884
190702,-0.287833067572306,2,0.0245050675986818
188142,-0.871278474813469,2,0.221693955157349
284189,-0.0933512651585855,2,0.808965554780826
373571,-1.06576027722719,2,-0.554069111262265
374599,-1.26024207964091,2,-0.394244252694577
187817,-1.26024207964091,2,-0.528186398659059
188170,0.684575944496299,2,0.929259844012009
190814,-0.676796672399749,2,0.0192591612203472
284190,-1.06576027722719,2,-0.430592060802113
283104,0.490094142082578,2,0.767138051788734
188976,0.490094142082578,2,0.743965498564748
189025,1.26802135173746,2,-0.420132062927451
189243,1.6569849565649,2,0.82259019388043
190799,-0.482314869986027,2,-0.186951974029839
375524,-0.871278474813469,2,-1.16699053366713
284059,-2.23265109170952,2,-0.656503126139384
187604,-0.482314869986027,2,0.496081069510268
319955,-1.06576027722719,2,-0.552583550663115
283828,-0.287833067572306,2,-0.453804107026912
283825,-0.482314869986027,2,0.18428425276268
189840,-0.0933512651585855,2,-0.401311804451453
373651,-2.0381692892958,2,-0.713954316040827
188943,2.04594856139235,2,1.53812160839009
189894,-2.0381692892958,2,-1.27043559406913
283655,-2.0381692892958,2,-0.852259026703237
187999,1.26802135173746,2,0.514647844014874
375933,0.101130537255136,2,-0.407251551559469
375707,1.07353954932374,2,0.361903203862312
188314,0.101130537255136,2,0.361758991998741
375681,-1.26024207964091,2,-0.916631350255912
2437377,1.07353954932374,2,0.507786837156772
188111,1.85146675897862,2,1.20496391866979
189776,-1.26024207964091,2,-0.581047440850227
188901,0.684575944496299,2,0.315587565087455
189239,-0.287833067572306,2,1.05138290204374
375896,-1.26024207964091,2,-0.416198886547406
188215,0.295612339668857,2,-0.347676108562254
283777,-0.871278474813469,2,-0.710511935135209
188015,0.879057746910019,2,0.506166138646904
374092,0.879057746910019,2,-0.16157466175639
187690,-0.287833067572306,2,-0.642989356214699
189626,-0.676796672399749,2,0.44498459585374
189947,-0.871278474813469,2,-0.0657146595301867
187795,-0.0933512651585855,2,-0.104106867258182
189246,0.101130537255136,2,0.319100045034702
189833,-2.23265109170952,2,-0.888870263577559
375905,-0.871278474813469,2,-0.569241965188908
189045,1.46250315415118,2,1.56904475051303
187561,-0.482314869986027,2,0.546943067388867
375851,-0.482314869986027,2,-0.583303407738043
188051,0.101130537255136,2,-0.758823549652419
187576,0.490094142082578,2,0.0524032255162297
283741,-1.06576027722719,2,-0.810312794827524
375716,-0.482314869986027,2,-0.237924765225742
189002,0.295612339668857,2,1.04675908024601
187930,0.490094142082578,2,0.11961097894428
188452,0.490094142082578,2,0.732080444476225
375746,-0.676796672399749,2,-0.279591932462552
188384,0.879057746910019,2,0.42640557145495
189689,-0.871278474813469,2,0.448978296033673
188282,1.46250315415118,2,-0.389113753880764
187527,-0.287833067572306,2,0.329500485441486
190213,-0.871278474813469,2,-0.580622701211553
188056,-0.482314869986027,2,-1.06281435046066
375546,-0.0933512651585855,2,-1.15783635142685
336476,-1.45472388205463,2,-1.41313659124296
283844,0.879057746910019,2,-0.403269912982722
189288,2.62939396863351,2,0.409795357138449
190709,-0.0933512651585855,2,-0.0202400299418315
374500,-1.06576027722719,2,-0.557179470767608
374588,-0.871278474813469,2,-0.35492555437601
189090,1.85146675897862,2,1.03451703135872
188291,0.490094142082578,2,-0.728086016358219
189221,2.24043036380607,2,2.10869975528844
283768,-1.26024207964091,2,-0.758474543435611
374472,0.879057746910019,2,0.420098392279229
374669,-0.676796672399749,2,-0.814630089264888
376004,-0.676796672399749,2,-0.350649728937356
189137,2.04594856139235,2,1.24240902817469
376018,-0.482314869986027,2,-0.708495332846482
188335,-0.287833067572306,2,0.0500236005024277
187699,1.26802135173746,2,1.20233763678385
187599,-0.0933512651585855,2,0.189805610090232
375411,-0.0933512651585855,2,-1.06817745746312
374662,-1.26024207964091,2,-0.907353548028908
284202,-0.0933512651585855,2,0.916569659015366
374156,-0.0933512651585855,2,0.311921302207466
188376,0.684575944496299,2,0.561812725439381
375749,-0.871278474813469,2,-0.473031762004979
188006,0.684575944496299,2,0.64263530357681
187880,1.26802135173746,2,-0.0328595994573533
188947,-0.482314869986027,2,-0.364956115749933
375509,0.101130537255136,2,-0.68243730771124
187757,-0.676796672399749,2,0.664489471992084
375607,-1.06576027722719,2,-0.697191738632171
187507,0.295612339668857,2,0.87091895491416
187766,-0.287833067572306,2,-0.327586866173164
188981,1.07353954932374,2,0.954174029219388
187628,-0.482314869986027,2,-0.405157352003727
189049,0.490094142082578,2,0.483420313761798
189039,1.85146675897862,2,1.33862560827937
375519,-0.871278474813469,2,-0.466870834356186
189784,-1.26024207964091,2,-0.397325042899865
375444,-1.26024207964091,2,-0.81047768215862
284309,0.879057746910019,2,0.597547849814831
187881,0.295612339668857,2,-0.371235904596233
187855,0.684575944496299,2,0.704057507522847
190757,-0.871278474813469,2,0.331081010385944
188339,0.101130537255136,2,-0.227881700496269
375767,-2.62161469653696,2,-0.379247975092966
375460,-0.482314869986027,2,-0.519926411250907
375550,0.879057746910019,2,-0.0562473957870822
188302,0.295612339668857,2,0.280698887677886
189030,-0.871278474813469,2,-0.0471248157596165
375692,0.879057746910019,2,0.47360127034186
190780,-0.287833067572306,2,-1.00526332402968
374533,-1.26024207964091,2,-0.381574905812769
189757,-1.45472388205463,2,-0.439330889744518
283938,-2.23265109170952,2,-0.66741299083732
187796,1.26802135173746,2,0.410704060753005
187998,-0.482314869986027,2,-0.721591880724603
188114,-0.287833067572306,2,1.5876332023618
375991,0.684575944496299,2,-0.618913093150127
375954,0.879057746910019,2,-0.526683386179087
283616,-2.42713289412324,2,-1.23327715434367
188818,0.879057746910019,2,-0.151591050045113
187469,0.490094142082578,2,0.268892248201951
283641,-2.0381692892958,2,-1.06380774433345
188526,0.879057746910019,2,-0.0178487106190062
375591,-1.06576027722719,2,0.361932379427131
284354,-0.482314869986027,2,1.00926822119479
283727,-0.871278474813469,2,-0.667020206235506
375392,0.879057746910019,2,0.319157498793118
190203,0.879057746910019,2,0.53534008380403
188541,1.07353954932374,2,0.0758659662883332
187579,0.101130537255136,2,-0.0230573855277783
374894,0.879057746910019,2,-0.429519024346405
2437286,0.490094142082578,2,-0.227328854051564
188224,0.879057746910019,2,0.623155715466083
374398,-1.06576027722719,2,0.085576145479962
189320,1.46250315415118,2,1.0510846891212
283163,0.879057746910019,2,0.566229811092441
375474,-2.23265109170952,2,-0.69571705200849
373674,0.879057746910019,2,0.184561129454991
375475,-0.676796672399749,2,0.0446577557828363
2437248,-0.482314869986027,2,-0.270609487728237
188075,2.04594856139235,2,0.257269551340919
188325,1.26802135173746,2,0.387232412494583
188436,-0.0933512651585855,2,0.0670654581359713
283432,-1.45472388205463,2,-1.09941311226137
187786,0.295612339668857,2,0.0781980966772267
189684,-0.482314869986027,2,0.157989464962526
308011,-0.871278474813469,2,-0.427590806387244
187489,-0.287833067572306,2,0.0541373722815024
188048,-0.482314869986027,2,-0.636534368974665
373468,-0.871278474813469,2,-0.368662588125702
373482,0.684575944496299,2,0.224490603448686
308265,-1.26024207964091,2,-0.618079195490012
374646,-1.06576027722719,2,-0.536415491809677
187535,-0.0933512651585855,2,-0.0157012367055387
187981,-0.482314869986027,2,-0.1362808499198
283767,-0.287833067572306,2,0.134445168406913
190102,-0.287833067572306,2,0.345581052979881
317891,-1.45472388205463,2,-0.732374155541834
188102,1.46250315415118,2,1.00119888968673
375505,0.879057746910019,2,-0.522075195876639
283604,-0.482314869986027,2,-0.86944379055727
188329,0.101130537255136,2,0.510559524170304
187924,1.07353954932374,2,0.315593733914099
373912,-2.42713289412324,2,-1.57888755814284
374715,0.101130537255136,2,0.185736632717237
190116,-0.482314869986027,2,-0.262177404709576
375727,-0.871278474813469,2,-0.0615803392344105
190187,-0.287833067572306,2,0.20513475868627
187958,-1.06576027722719,2,-0.804523645326498
375950,0.879057746910019,2,0.59973031000537
188913,1.07353954932374,2,0.0110116586192532
189732,0.879057746910019,2,0.492378612774971
318548,-2.23265109170952,2,-1.2057480347174
374992,-2.23265109170952,2,-0.905199832875397
190039,0.684575944496299,2,0.693075707344605
318550,-1.26024207964091,2,-1.54752478721602
187728,-0.287833067572306,2,0.587050004449395
189046,1.6569849565649,2,0.684156357251155
188341,1.26802135173746,2,1.82496408402719
189164,1.07353954932374,2,2.15112817896801
375706,-0.676796672399749,2,0.263312502512875
283224,-1.06576027722719,2,-0.779146106481406
187729,0.295612339668857,2,0.472190065527542
284145,-1.45472388205463,2,-0.633732210574721
189919,0.101130537255136,2,-0.047987457696621
375687,-1.06576027722719,2,-0.57398473550144
374641,0.879057746910019,3,-0.0917966685544798
374394,0.879057746910019,3,-0.511299975214371
374139,0.879057746910019,3,0.187072305784625
374744,-0.871278474813469,3,0.32592078893488
190111,-0.0933512651585855,3,-0.0863808378537811
187960,-0.0933512651585855,3,-0.449620151238264
187805,1.6569849565649,3,1.55180167135484
190150,1.26802135173746,3,0.21456487486526
188317,0.879057746910019,3,0.98107104105793
189292,2.24043036380607,3,0.833484430149113
374638,-0.871278474813469,3,-0.63675666677733
284265,0.879057746910019,3,0.178813445974598
375500,-1.06576027722719,3,-1.18143689798238
188235,0.684575944496299,3,-0.12682309911601
373656,-0.287833067572306,3,-0.480976007748637
189085,2.04594856139235,3,1.69856572333462
374683,0.101130537255136,3,-0.449089013862732
375547,-0.0933512651585855,3,-0.687811047523027
188993,0.879057746910019,3,1.36328906654525
2437282,0.879057746910019,3,-0.65451502969519
375665,-1.06576027722719,3,0.313353857292284
283970,-0.287833067572306,3,-0.00926002901763923
375628,0.490094142082578,3,0.352909095241785
317829,-0.482314869986027,3,-0.64132555669417
189231,-0.287833067572306,3,-0.563168029459092
374202,-0.871278474813469,3,-0.836433029861482
188382,-0.482314869986027,3,-1.27445438070541
375453,-1.26024207964091,3,-0.697211534396104
375815,-1.06576027722719,3,-1.23979466821612
189016,1.85146675897862,3,0.893544477200237
374912,0.684575944496299,3,0.841737005125253
284069,-1.26024207964091,3,-1.49016447848555
283138,-1.06576027722719,3,-0.0567542704284563
374917,1.85146675897862,3,1.65104862582285
283598,-1.26024207964091,3,-1.28781514617553
284168,0.490094142082578,3,-0.385034155385128
189139,1.07353954932374,3,0.890235056180202
189801,-0.676796672399749,3,0.125801009715076
374037,0.879057746910019,3,1.27764700406031
190802,0.490094142082578,3,0.591813120585272
189301,0.295612339668857,3,0.628490303110681
187479,0.101130537255136,3,0.173785315353342
375895,-1.26024207964091,3,-0.381186540249359
188402,-0.0933512651585855,3,-0.867939284035231
188028,-0.482314869986027,3,-0.660793656029313
189068,0.490094142082578,3,0.575738512950238
187946,1.46250315415118,3,0.457223628300881
190790,-0.676796672399749,3,-0.149242636591296
374553,-0.871278474813469,3,-0.628398370123435
373578,-0.482314869986027,3,0.16993122350803
187858,-0.0933512651585855,3,-0.211569269025077
284245,-0.871278474813469,3,-0.476476218204368
284162,-0.0933512651585855,3,0.145217706295725
187539,-0.676796672399749,3,-0.362775060914046
187589,-0.287833067572306,3,-0.140476250612465
187941,-0.0933512651585855,3,0.245227788746945
283677,-1.26024207964091,3,-0.62938552482963
375691,-0.482314869986027,3,-0.708519629150473
190015,0.879057746910019,3,0.190994168151391
374608,0.101130537255136,3,-0.270290434321609
187993,1.07353954932374,3,0.152788455035576
283114,0.879057746910019,3,1.14197788387105
373756,1.07353954932374,3,0.987839195877598
284231,-1.06576027722719,3,-0.523769931746926
283119,0.490094142082578,3,1.19304298597152
2437258,0.879057746910019,3,0.566289806474302
189683,-2.23265109170952,3,-1.00876350131961
188994,1.85146675897862,3,0.928262585416149
190057,0.490094142082578,3,0.0917095909137799
308269,0.101130537255136,3,-0.196663836748584
187752,-0.287833067572306,3,-0.540124797042637
190132,0.879057746910019,3,0.795826529587742
308007,-2.23265109170952,3,-1.55106948315432
319280,-0.676796672399749,3,-0.306035057256693
284303,0.879057746910019,3,0.49911005207025
283202,-1.06576027722719,3,-1.34364764123305
187887,-0.676796672399749,3,-0.285456129197215
283772,-1.45472388205463,3,-1.41797577239636
188396,-0.482314869986027,3,-0.0148213809168141
190175,0.879057746910019,3,0.668712206197242
375598,-0.676796672399749,3,-0.0278372130053128
336483,-1.45472388205463,3,-1.63035310660794
375441,-0.287833067572306,3,0.0921907039701182
283145,-0.871278474813469,3,-0.763214389967629
187526,1.26802135173746,3,0.432070138000753
156377,-0.482314869986027,3,-0.0667043303119925
189944,-1.26024207964091,3,-1.12420661591258
187977,0.295612339668857,3,-0.313193746844888
375577,-2.0381692892958,3,-0.623598068690441
188412,-1.06576027722719,3,-0.840816180565085
375694,-0.871278474813469,3,-0.879145927562774
188846,0.101130537255136,3,-0.240113188251996
188927,1.26802135173746,3,1.5747335966729
190029,-0.287833067572306,3,-0.669201781430644
283120,-0.482314869986027,3,0.270234032137452
374385,-0.0933512651585855,3,0.0585784641088765
374694,-0.676796672399749,3,-0.797365330565498
188363,0.879057746910019,3,0.42493115682008
190067,-0.0933512651585855,3,0.119836375658437
283231,0.684575944496299,3,-0.708727915971537
188324,1.26802135173746,3,0.262099399367827
188328,-0.871278474813469,3,-0.320951041641592
190807,-0.287833067572306,3,-0.405235495085151
190126,0.490094142082578,3,0.270852939216354
374589,-0.287833067572306,3,-0.490378876378074
319779,-0.871278474813469,3,-0.499994815036459
374377,0.684575944496299,3,0.214981396988634
374945,0.879057746910019,3,0.673276015957327
284216,0.490094142082578,3,-0.0993337624921793
187971,0.101130537255136,3,-0.502982037041932
373744,-0.0933512651585855,3,-0.165946902127402
187765,-0.0933512651585855,3,-0.657540623357363
284222,-0.676796672399749,3,0.26658495942884
375571,-1.06576027722719,3,-0.797740125523319
188163,0.879057746910019,3,0.942219867885285
187760,0.684575944496299,3,1.16237843917541
283447,-1.45472388205463,3,-0.943765520817493
187820,0.101130537255136,3,-0.0844270670200871
374763,1.07353954932374,3,0.969199302505842
190101,0.879057746910019,3,0.843834667943355
190138,1.07353954932374,3,0.498331950634267
188708,0.684575944496299,3,-0.170365431681418
189892,0.101130537255136,3,0.0268176889618985
188239,-0.482314869986027,3,0.0584946435405982
188506,0.101130537255136,3,0.118359592043703
283736,-2.0381692892958,3,0.910363622122077
374814,1.46250315415118,3,0.962494455487189
317951,-1.06576027722719,3,-1.19859678221935
188052,0.295612339668857,3,-0.278905137105113
188998,1.6569849565649,3,1.01318725971709
284110,-1.26024207964091,3,-1.28532563484683
188025,-0.0933512651585855,3,0.254055867731822
375620,-1.26024207964091,3,-0.915368285801776
188189,1.26802135173746,3,1.51679271516312
189632,-1.06576027722719,3,0.569132581804695
190803,0.101130537255136,3,0.367155485094329
190022,0.490094142082578,3,0.237641407663247
374145,-1.06576027722719,3,-0.917281120715401
187834,-1.06576027722719,3,-0.573014925467206
189790,-0.482314869986027,3,0.676840041837707
283089,-0.871278474813469,3,-1.05100089130164
308266,1.6569849565649,3,0.0678511726200242
188463,-0.0933512651585855,3,-0.00354978194079081
375013,-2.42713289412324,3,-1.16889139100583
190072,-0.287833067572306,3,0.399644792667999
188909,1.6569849565649,3,-0.149516094072055
374479,-0.287833067572306,3,0.405664439010408
188698,1.26802135173746,3,1.28067387473556
283822,0.101130537255136,3,0.635967314472069
284067,-1.06576027722719,3,-1.27923262806557
187751,1.07353954932374,3,-0.0269224879358205
187754,1.26802135173746,3,-0.0987214165868693
189804,0.101130537255136,3,0.0461944219611752
188153,0.101130537255136,3,0.324993771312776
188563,1.46250315415118,3,0.650029696164765
187594,-0.482314869986027,3,0.53287360305896
375498,-2.0381692892958,3,-0.744650162275704
375024,-1.45472388205463,3,0.203790098629739
188375,0.879057746910019,3,0.588799397374899
189623,0.684575944496299,3,0.878862208592196
188103,0.879057746910019,3,-0.416388778683952
375795,1.46250315415118,3,0.649421195847097
190278,-0.287833067572306,3,-0.404735395038657
283756,-0.676796672399749,3,-0.117600433707054
188256,-0.676796672399749,3,-0.066697184377432
189889,0.101130537255136,3,0.0971403019408115
187530,0.684575944496299,3,-0.308353180667865
283776,-1.45472388205463,3,-0.433089835843973
2437408,-0.0933512651585855,3,0.959539734302879
188546,2.04594856139235,3,1.65358395944611
373900,-0.482314869986027,3,-1.08831473081494
187919,-1.26024207964091,3,-0.241274547543625
188037,0.101130537255136,3,0.179499321269361
187655,-0.676796672399749,3,-0.382720588687221
284224,-1.45472388205463,3,-0.856624378591448
189115,0.879057746910019,3,1.03032046512683
283252,-2.23265109170952,3,-1.95965913802216
188019,0.684575944496299,3,0.453976009989887
189851,-0.676796672399749,3,-0.640027500389891
373832,-1.06576027722719,3,-0.801113411711839
188822,0.879057746910019,3,0.0697608730667696
374374,0.490094142082578,3,0.816955764044963
375458,1.6569849565649,3,0.903805770934156
374484,0.101130537255136,3,-0.224874922987979
189792,-0.676796672399749,3,0.560391044977763
188944,1.46250315415118,3,1.06397301853102
190167,-0.287833067572306,3,0.488516475190323
190499,-0.871278474813469,3,-0.406931904246562
189020,2.24043036380607,3,1.59009699519103
190819,0.879057746910019,3,-0.11853180999158
189970,0.490094142082578,3,-0.22730443129872
319285,-1.26024207964091,3,-0.245698182888148
283359,-2.0381692892958,3,-0.848470528914618
284192,0.684575944496299,3,0.463617005751615
187807,0.684575944496299,3,-0.172002857695773
190139,0.684575944496299,3,0.673931148570844
319283,-1.45472388205463,3,-0.977040339801263
374412,0.490094142082578,3,0.125825267852733
188759,-0.871278474813469,3,-0.5809882631889
187973,0.879057746910019,3,-0.200038445143477
376000,0.879057746910019,4,0.576796906313561
376001,1.6569849565649,4,0.111866802706032
375995,0.684575944496299,4,1.03588286006166
374154,-0.287833067572306,4,0.414846478141527
283625,-2.42713289412324,4,-0.952953373360273
283107,-1.06576027722719,4,-0.148316809438185
283792,0.101130537255136,4,-0.511576481008376
187928,0.101130537255136,4,0.00955858548692845
375766,-0.871278474813469,4,-1.1676581358865
283220,0.101130537255136,4,0.347636651071994
318173,-1.06576027722719,4,-0.603095715825759
375765,1.07353954932374,4,-1.45749510515516
190162,0.101130537255136,4,0.31008709477851
187675,0.295612339668857,4,-0.0411929180129675
187818,1.6569849565649,4,0.742506840527284
187984,0.684575944496299,4,0.0376271916696851
188980,0.879057746910019,4,0.757912792005513
189895,-0.482314869986027,4,0.263805687419392
283214,-0.676796672399749,4,-0.137481908003451
188922,0.879057746910019,4,-0.105872292725977
189116,0.684575944496299,4,1.06174249473536
188415,-0.0933512651585855,4,0.10674262814824
188472,0.295612339668857,4,0.785409105187952
188379,-0.482314869986027,4,0.408672587840286
374768,0.684575944496299,4,0.836353601345607
283839,-1.45472388205463,4,-0.687628712959679
284368,0.684575944496299,4,0.0754879009973735
375813,1.07353954932374,4,0.638323308803635
375708,-1.26024207964091,4,-0.780283683113055
187878,1.6569849565649,4,0.362795273452122
375663,-1.26024207964091,4,-1.04473402014392
187682,-0.0933512651585855,4,0.183586723755866
375016,1.07353954932374,4,0.644593798494057
374941,0.490094142082578,4,0.651819462105479
188407,-0.0933512651585855,4,-0.793151328930392
375454,-0.287833067572306,4,-0.261812391913324
188820,-0.0933512651585855,4,-0.480050341115358
373726,-0.0933512651585855,4,-0.10114373501807
373522,-0.482314869986027,4,-0.233240451207919
188507,0.295612339668857,4,-0.0806058530816784
189421,-2.0381692892958,4,0.0808975896405997
189766,-0.287833067572306,4,-0.437324871389976
283815,-0.287833067572306,4,0.68345034502785
374699,-1.26024207964091,4,-0.278917110879817
284090,-1.26024207964091,4,-1.71390718354407
188467,-0.482314869986027,4,-0.0211954460638708
374155,0.879057746910019,4,0.341251402084481
188923,-0.482314869986027,4,-0.680261202451234
188204,-0.482314869986027,4,-0.36410248078414
375457,1.26802135173746,4,-0.29146121461298
374548,-1.45472388205463,4,-1.43425585754818
283715,-1.45472388205463,4,-0.557590572274592
374718,-0.0933512651585855,4,0.608214314396463
2436999,-1.26024207964091,4,-1.01055503603038
283634,-2.62161469653696,4,-0.27699696354172
375557,-2.0381692892958,4,-0.669818038811925
319284,-0.871278474813469,4,-0.796634382161315
308010,-0.871278474813469,4,-0.825430084422734
188530,0.879057746910019,4,0.899296199754417
189042,0.101130537255136,4,1.2770031279974
187844,-0.0933512651585855,4,-0.00795843961900289
374174,0.879057746910019,4,0.210420644528625
189000,0.879057746910019,4,0.572566289733359
188225,1.07353954932374,4,-0.207395939415349
188466,1.46250315415118,4,0.0278893168123204
187826,-0.482314869986027,4,-0.0684313683284046
187656,-0.676796672399749,4,-0.0555269896919981
189832,-0.676796672399749,4,-0.0570515526258504
187840,0.101130537255136,4,0.00981370852765906
376002,-0.0933512651585855,4,-0.234320137045444
375817,-1.06576027722719,4,-0.327308705706557
189280,1.85146675897862,4,0.935650445543558
189021,2.43491216621979,4,-0.658565874156196
373626,-0.676796672399749,4,-0.505683228398908
187588,-0.0933512651585855,4,0.369372333793535
374534,1.85146675897862,4,1.13889242577844
187696,1.07353954932374,4,0.871131999574075
190006,-0.0933512651585855,4,0.0276814061568444
284336,-0.482314869986027,4,-0.345884328442025
375288,-0.482314869986027,4,-0.437246013627188
188899,1.07353954932374,4,0.11397884951063
375342,-0.676796672399749,4,-0.69579207811141
374124,0.684575944496299,4,0.503369071766855
284319,1.46250315415118,4,0.75614023803044
188497,1.26802135173746,4,0.350934678440723
376010,-0.676796672399749,4,-0.751903126781983
190115,-0.871278474813469,4,-0.0550424005211596
187869,0.490094142082578,4,0.723665084974897
188792,0.879057746910019,4,0.311779645655918
188146,-0.482314869986027,4,-0.532081712692118
187903,0.879057746910019,4,0.533061638448515
188494,1.46250315415118,4,0.921203878634032
189240,1.85146675897862,4,1.20142604983468
190800,-0.287833067572306,4,0.0222315150948589
374746,-0.482314869986027,4,-0.158959638227998
374063,1.07353954932374,4,0.179331476792242
375952,0.879057746910019,4,0.491877303218246
189047,1.85146675897862,4,1.22250103198711
190728,-1.26024207964091,4,-0.619372642625521
374617,-1.45472388205463,4,-0.759117307778126
190792,0.490094142082578,4,-0.37526442195869
373863,-0.871278474813469,4,-0.785382020585672
190063,-0.0933512651585855,4,-0.158532041826859
187781,0.879057746910019,4,0.70969037157117
188190,-0.871278474813469,4,0.10394540366562
283664,-0.871278474813469,4,-1.0687383125383
188292,0.295612339668857,4,-0.0740301203448013
373672,-0.0933512651585855,4,-0.297451710327408
373745,-0.871278474813469,4,-0.392573893382433
374546,-0.287833067572306,4,-0.253022266735016
188033,0.490094142082578,4,-0.207092421529836
189690,-1.45472388205463,4,0.0291606384225105
187893,1.46250315415118,4,0.651437935552536
190018,0.101130537255136,4,0.262019298769133
374686,-0.676796672399749,4,-0.578043596858393
374419,-0.482314869986027,4,-0.466269772348227
373628,0.490094142082578,4,0.667520618647657
188733,1.85146675897862,4,-0.479095748658906
188554,1.26802135173746,4,0.29860373746962
374609,0.101130537255136,4,-0.141627315312149
283597,-2.0381692892958,4,-1.15628737127896
190789,-0.676796672399749,4,0.360656214710289
190051,-1.26024207964091,4,-0.293174272813786
376040,-0.871278474813469,4,-0.891076957500601
189282,1.6569849565649,4,1.27431103342026
375997,0.490094142082578,4,-0.689415285564451
374147,-0.0933512651585855,4,-0.434517058750302
188434,0.684575944496299,4,0.355020230612368
373799,-0.0933512651585855,4,-0.152993258211239
375932,0.684575944496299,4,0.451261084950133
187716,1.6569849565649,4,0.123694243050437
188336,2.04594856139235,4,1.41229601343758
187582,0.295612339668857,4,0.629487001502326
190005,-0.482314869986027,4,-0.112751804740455
187904,1.6569849565649,4,0.333151677382276
187987,-0.0933512651585855,4,0.40841070776392
187793,0.879057746910019,4,0.680819320318903
283969,-1.06576027722719,4,-1.20260199807603
187491,1.46250315415118,4,1.22020403321329
374742,1.26802135173746,4,0.459979302830476
187854,0.684575944496299,4,0.39554542028111
283126,1.07353954932374,4,0.98502067886993
375662,0.879057746910019,4,-0.103384010942392
375295,-1.26024207964091,4,-0.755957480426218
374103,-0.676796672399749,4,-0.0668718327981566
189091,-0.0933512651585855,4,-0.671742847628835
375230,-1.06576027722719,4,-0.43951489672969
187778,-0.676796672399749,4,-0.171884076942959
187725,0.490094142082578,4,0.0765156918306076
374017,-1.06576027722719,4,-1.22715950366747
189392,0.490094142082578,4,0.877104390802586
336781,-1.06576027722719,4,-0.513740328277947
374185,0.879057746910019,4,0.0821506302386865
187996,0.684575944496299,4,0.67564573688594
336484,-1.06576027722719,4,-1.41490672948368
190056,0.684575944496299,4,0.334140482761256
189937,0.879057746910019,4,-0.0820335408678829
375781,-1.45472388205463,4,-1.33699310687902
375502,-0.0933512651585855,4,-0.193081166509273
284002,-2.0381692892958,4,-0.901987041805256
374688,-1.06576027722719,4,-0.758939702694008
375642,-0.871278474813469,4,1.21946691033293
373642,1.07353954932374,4,-0.102389798817541
187603,0.101130537255136,4,-0.340265225420467
284120,-1.06576027722719,4,0.202007539058272
375850,0.879057746910019,4,0.505979409007224
338067,-1.26024207964091,4,-0.845135124843097
374064,1.26802135173746,4,0.817005199592103
188423,-0.287833067572306,4,-0.150097495541061
283445,-0.0933512651585855,4,-0.512013462034488
375449,-0.482314869986027,4,-0.0712414089812796
308212,-0.871278474813469,4,-0.0805092259861624
189844,-1.06576027722719,4,-0.375665891943967
2437280,-0.482314869986027,4,-0.746571121641182
3624697,0.879057746910019,4,-0.668085020608757
284335,0.879057746910019,4,0.500813755383845
375645,-2.42713289412324,4,-1.10905917655082
375564,-1.26024207964091,4,-0.469709080368645
189956,-0.0933512651585855,4,0.527518134441294
188053,0.295612339668857,4,0.55128781775457
187901,-0.871278474813469,4,0.728740847178486
374013,-1.26024207964091,4,-1.09818418629301
187548,0.879057746910019,4,1.06957657207855
187662,0.101130537255136,4,-0.337290225881731
318177,-1.06576027722719,4,-1.43938787437081
189928,0.101130537255136,4,0.199234225619193
376013,1.07353954932374,4,0.616702541236705
187671,0.490094142082578,4,0.00964697774533363
2437245,-0.0933512651585855,4,-0.446398902683669
189667,0.101130537255136,4,-0.281603617086546
190711,-0.0933512651585855,4,-0.114844480654781
375640,-1.26024207964091,4,-0.791369903682153
375447,-0.676796672399749,4,-0.367017593356735
188243,-0.0933512651585855,4,0.224949987984147
190783,-1.45472388205463,4,-0.878922764413147
283515,-1.45472388205463,4,-0.913177808353922
187920,-1.06576027722719,4,-0.579638625324193
374253,-0.871278474813469,4,-0.52705868558705
188496,0.490094142082578,4,0.962678833460487
375540,-0.871278474813469,4,-1.19193661439823
375094,-2.0381692892958,5,-0.796967424204951
375417,-0.871278474813469,5,-0.906230048793887
188742,1.85146675897862,5,-0.00597710558572828
188957,0.295612339668857,5,0.589783490548683
189996,-1.06576027722719,5,-1.077921675757
190808,-0.0933512651585855,5,0.0774000483375943
188958,1.6569849565649,5,1.19450391938418
188529,-0.0933512651585855,5,-0.643428631164326
373615,-0.871278474813469,5,-1.0642000660268
283599,-0.676796672399749,5,-0.0604086372792949
373991,0.684575944496299,5,-0.642464984499071
375018,-1.06576027722719,5,-1.25125352212859
319282,0.101130537255136,5,-0.150324389693139
187848,0.295612339668857,5,-0.212652300511841
189854,0.101130537255136,5,-0.0647256048956422
284371,0.684575944496299,5,0.238285645154136
283444,-1.45472388205463,5,-0.814144038937783
188254,-0.871278474813469,5,-0.887309857730862
187856,-0.0933512651585855,5,0.978041642056695
190160,-0.0933512651585855,5,-0.141386868160026
375975,0.879057746910019,5,0.556722463510809
283667,-0.0933512651585855,5,-0.211543002441104
375922,0.101130537255136,5,-0.871039674152286
189194,2.04594856139235,5,1.80077909749802
374706,-0.287833067572306,5,-0.721570341933159
188326,0.490094142082578,5,-0.24615718875566
375641,0.101130537255136,5,-1.3068825740397
283130,-0.871278474813469,5,-0.315145880807805
374178,-0.0933512651585855,5,0.271884321112566
189043,-0.676796672399749,5,0.139623676609304
374623,1.46250315415118,5,0.392812219559275
188636,0.295612339668857,5,0.363033313552663
187456,1.46250315415118,5,1.48680377147559
284327,-0.676796672399749,5,-0.459914855865236
284025,-2.23265109170952,5,-1.0695612100544
188079,0.295612339668857,5,0.0132247988822627
374969,-0.871278474813469,5,-0.963382067765522
189744,-1.45472388205463,5,-0.936550976134654
283456,-0.287833067572306,5,0.146231977750276
374621,-0.871278474813469,5,-1.02724807140558
190734,0.879057746910019,5,-0.06895108317363
374451,-0.871278474813469,5,-1.04832430286636
374401,-0.676796672399749,5,0.9872758914847
284305,0.490094142082578,5,1.0183097776552
188702,0.295612339668857,5,-0.289364768418892
283182,-0.482314869986027,5,-0.782707148986432
374239,-0.482314869986027,5,-0.348370090621387
187838,0.101130537255136,5,0.323307191369238
375711,-0.676796672399749,5,0.867296367704768
283762,-0.871278474813469,5,-0.459975512051827
187611,0.295612339668857,5,0.22446178870868
188113,1.07353954932374,5,1.15029796092514
283201,-0.676796672399749,5,0.182471177078384
373986,-0.871278474813469,5,-0.436538976915472
188226,0.490094142082578,5,0.10549597013285
188287,1.46250315415118,5,0.52694556583576
374631,-0.482314869986027,5,-0.245224219536247
283171,-1.26024207964091,5,-0.730216503649707
189299,2.04594856139235,5,0.191148701388443
319279,-1.45472388205463,5,-0.958399139179662
283199,-1.26024207964091,5,-0.0444446461781496
188999,1.46250315415118,5,0.398907294942589
188156,1.07353954932374,5,0.0534757404184276
189267,1.07353954932374,5,0.828860709266849
188398,0.684575944496299,5,-0.468119289763294
375875,0.490094142082578,5,0.342496426717929
374517,0.490094142082578,5,0.0714068927328526
283431,-1.06576027722719,5,-0.0253848472077891
375666,0.879057746910019,5,-0.542906049702871
336686,-1.26024207964091,5,-0.482783381569078
284322,0.879057746910019,5,0.271414592480937
284373,0.101130537255136,5,0.66506008326671
375521,-0.871278474813469,5,-0.949031793093226
189233,0.684575944496299,5,0.372978850216271
190177,0.684575944496299,5,0.133036198211315
189079,1.85146675897862,5,0.997228134612229
188064,0.101130537255136,5,-0.294620107572598
375471,-0.0933512651585855,5,-0.916118484396733
188248,-0.482314869986027,5,-0.786773855645812
283230,-0.676796672399749,5,-0.877650785764402
283755,-1.26024207964091,5,-0.459451151596085
375590,-1.45472388205463,5,-1.42843283846025
189913,0.101130537255136,5,-0.00723455598240719
284182,-1.45472388205463,5,-0.963220681074745
189647,-1.45472388205463,5,-0.674399136355277
187989,1.6569849565649,5,0.904935203878168
375015,-0.871278474813469,5,-1.1476022142725
189337,0.295612339668857,5,1.67822994953946
283179,0.879057746910019,5,0.276758676154031
375581,-1.45472388205463,5,-1.4836902801428
319783,-0.871278474813469,5,-0.78620701214804
283300,-0.287833067572306,5,-0.0805046474292084
375823,1.26802135173746,5,0.140773052302379
187645,-0.676796672399749,5,0.714130131412361
283808,-1.06576027722719,5,-0.783328355823429
188449,1.26802135173746,5,0.215820344192068
190296,-0.871278474813469,5,-0.356349973725315
189433,-0.0933512651585855,5,0.100264625548633
283757,-0.676796672399749,5,0.0698626834842599
190088,-0.287833067572306,5,-0.72142281075071
375006,-2.42713289412324,5,-1.06674564082336
189974,0.490094142082578,5,-0.217502037866566
189005,1.46250315415118,5,1.29095767844116
373623,-0.676796672399749,5,-0.355489385940984
375998,-1.06576027722719,5,-0.802296988818355
190141,0.684575944496299,5,0.930166483010794
188055,0.295612339668857,5,-0.306990546556733
375397,-0.871278474813469,5,-0.435132144587925
187636,0.684575944496299,5,-0.524967595816449
187784,0.295612339668857,5,0.0747819523828781
188895,1.46250315415118,5,0.00800433191896843
283914,-0.871278474813469,5,-0.631055194307777
188454,0.101130537255136,5,-0.554607488840723
283143,0.490094142082578,5,0.488922183256122
187495,0.490094142082578,5,0.150406208595911
188373,-1.26024207964091,5,-0.953436691239247
373793,-0.482314869986027,5,-0.398940911055561
374567,-2.0381692892958,5,-0.775943059022026
190191,-0.0933512651585855,5,0.520046497736558
187935,1.26802135173746,5,0.652221026818125
284165,-0.871278474813469,5,0.580561941359846
375845,0.490094142082578,5,0.554125133339525
188413,-0.482314869986027,5,0.0582054887100725
188218,1.26802135173746,5,-1.25652909106603
283707,-0.871278474813469,5,-0.668065420339857
188408,0.879057746910019,5,-0.332631496540884
187860,0.295612339668857,5,-0.514530292323855
374741,0.684575944496299,5,0.207643402458146
375582,-1.26024207964091,5,-1.37461649144856
190045,-0.0933512651585855,5,-0.325185841283044
188083,0.684575944496299,5,0.210574332430866
188996,1.26802135173746,5,0.834691115250521
189153,2.04594856139235,5,1.67695598346614
375341,-1.26024207964091,5,0.395842777359533
187590,1.07353954932374,5,0.738420431274037
375623,-0.676796672399749,5,-0.444209477113063
187767,-0.287833067572306,5,-0.0779451250178056
188220,-0.287833067572306,5,0.179160530064756
188545,1.85146675897862,5,1.20238072226137
187482,0.879057746910019,5,-0.259393616752448
187895,-0.676796672399749,5,-0.349431716263908
374190,-0.0933512651585855,5,-0.12354296016224
188552,1.85146675897862,5,0.322972014882197
189076,1.85146675897862,5,2.16662967985619
187846,-0.0933512651585855,5,-0.120899614106051
189224,1.46250315415118,5,0.901748244687141
376033,0.684575944496299,5,-0.666572211675948
374476,0.490094142082578,5,-0.0247728120032065
189022,0.879057746910019,5,0.0570690212440752
188669,-0.287833067572306,5,-0.9425659635844
283763,-0.482314869986027,5,-0.595514355440073
190016,0.879057746910019,5,0.0829380455297581
187944,-1.45472388205463,5,-1.25276401397878
318552,-1.45472388205463,5,-1.02479679433446
376022,-1.06576027722719,5,-0.957670482767767
188974,1.07353954932374,5,0.0730230447389744
189293,-1.45472388205463,5,-0.250567341058328
375790,-1.06576027722719,5,-0.4674466941186
375976,-0.676796672399749,5,0.815499691813358
190035,-0.0933512651585855,5,-0.0677562273890828
187511,-0.287833067572306,5,0.153442975298915
283760,-0.287833067572306,5,-0.242522310942888
188008,1.07353954932374,5,0.56137263819808
187474,-0.0933512651585855,5,0.391041353491033
188229,1.07353954932374,5,0.0666298196287585
283748,-1.45472388205463,5,0.219399724692579
188095,0.490094142082578,5,-0.517314156462362
187877,1.85146675897862,5,0.924063060983812
374407,0.490094142082578,5,-0.158248458171684
187749,1.46250315415118,5,-0.441763220985464
374547,-0.871278474813469,5,-0.227111059467951
189708,-0.0933512651585855,5,0.582746901407191
187545,0.295612339668857,5,0.260482281187365
187771,1.6569849565649,5,0.127062240015746
187543,1.26802135173746,5,0.338647681039134
283784,-0.287833067572306,5,-0.165057989070789
188443,-0.0933512651585855,5,0.431020308946501
188237,1.85146675897862,5,0.432566918240155
376049,1.26802135173746,5,0.647558903425093
187462,-0.482314869986027,5,-0.0826328797742661
375839,-0.482314869986027,5,-0.259822229602293
189629,0.879057746910019,5,0.126585388103223
283812,-0.0933512651585855,5,-0.188572816883621
187685,-0.0933512651585855,5,-0.886391036853581
375370,-0.676796672399749,5,-0.645655919802891
188667,0.684575944496299,5,-0.0720986796534078
188945,0.295612339668857,5,0.27853124855929
319954,-2.23265109170952,5,-0.455269231776128
283448,-0.871278474813469,5,-0.63373266458477
375810,-0.287833067572306,5,0.000590909528398242
189028,1.46250315415118,5,0.967868407913173
375695,2.43491216621979,5,0.86174959957286
190274,0.879057746910019,5,0.219057592750858
188137,-0.482314869986027,5,-0.792139513445818
373769,-0.871278474813469,5,-0.760643712004722
375513,-0.676796672399749,5,-1.09493324395818
376027,-0.287833067572306,5,-0.458779294610636
283166,-0.676796672399749,5,0.228526413299385
375724,0.879057746910019,5,0.964268254402171
189631,-2.0381692892958,5,-0.220904468640015
2437249,-0.0933512651585855,6,-0.275332817514403
189017,1.6569849565649,6,1.44651110841342
375625,-0.676796672399749,6,0.0790086887030341
375846,0.101130537255136,6,0.702063466476673
188934,0.684575944496299,6,0.73135474093732
375940,-0.287833067572306,6,0.129080213154097
190403,-0.676796672399749,6,-0.584265974404119
187976,-1.06576027722719,6,-1.04087903194377
188152,1.46250315415118,6,0.703755454416026
187471,0.879057746910019,6,0.328783855840371
375974,1.07353954932374,6,0.00824508155666592
283778,-2.0381692892958,6,-1.04020987922738
187705,-0.482314869986027,6,-0.332224098430515
375772,-1.26024207964091,6,-0.774987280324467
187712,1.85146675897862,6,0.598922757713282
188785,-0.0933512651585855,6,0.150022046963905
283160,-0.482314869986027,6,-0.521619685837919
375376,-0.287833067572306,6,-0.16533987933191
188185,1.46250315415118,6,0.607439577500216
188734,1.46250315415118,6,0.525744747508121
189248,1.85146675897862,6,1.00929761546669
188421,0.295612339668857,6,0.0519674913824915
188096,0.101130537255136,6,-0.335651826589526
187704,-0.0933512651585855,6,0.425503899704523
374655,-1.26024207964091,6,-0.202992331601308
374197,-0.0933512651585855,6,-0.799598573310547
188979,0.295612339668857,6,1.37309758246614
188267,-0.0933512651585855,6,-0.584006338343954
374665,-0.482314869986027,6,-0.576823312384342
187936,0.101130537255136,6,0.650210527543436
375962,-0.0933512651585855,6,0.10455678008524
188777,1.26802135173746,6,1.1340023980331
188067,0.101130537255136,6,0.194705481498943
187868,-1.06576027722719,6,-0.655382850887754
188715,1.6569849565649,6,0.0923879412266757
2436902,-1.45472388205463,6,-1.10894275185903
189027,0.684575944496299,6,1.22918906559369
190089,0.879057746910019,6,0.375232743357429
187957,-0.0933512651585855,6,0.346657505171436
375957,0.490094142082578,6,0.653899099117325
187972,0.101130537255136,6,0.253491756896253
284100,-2.0381692892958,6,-1.22283311215184
189977,-0.482314869986027,6,0.0796827225584309
283770,-1.45472388205463,6,-1.08207437896269
188086,-0.287833067572306,6,0.0929426486633247
187702,0.490094142082578,6,0.683115131985588
375934,0.490094142082578,6,0.727968740450024
187905,-0.0933512651585855,6,-0.487722871031018
375394,-0.0933512651585855,6,-0.448729281187482
189003,0.490094142082578,6,0.758019525410461
187556,0.101130537255136,6,0.800359080114582
190085,-1.26024207964091,6,-0.817757853758522
189050,0.684575944496299,6,0.917132138324163
190148,0.879057746910019,6,0.127522567536914
188378,0.101130537255136,6,0.581668808406903
283209,-2.0381692892958,6,0.0123927374738031
190252,-0.287833067572306,6,-1.35790516845628
189193,1.6569849565649,6,1.59990347242576
374414,-0.871278474813469,6,-0.512587532686169
190708,-0.287833067572306,6,-0.423690012225912
187801,-1.26024207964091,6,-2.03989369987669
189859,-0.482314869986027,6,-0.0975033856999232
283759,-1.06576027722719,6,-0.494602311648705
189759,0.101130537255136,6,0.243959575134312
374392,-0.482314869986027,6,0.576300089637542
188214,1.85146675897862,6,-0.124162350081626
188458,0.490094142082578,6,0.262619875107987
374680,0.490094142082578,6,0.062643187375798
188630,1.46250315415118,6,-0.260869807374121
375778,-0.482314869986027,6,-0.801522941406368
376023,-1.26024207964091,6,-0.172280099888127
284247,-0.287833067572306,6,-0.479059256086657
187772,0.684575944496299,6,0.328420968060506
375373,-1.26024207964091,6,-1.04868432296833
189842,0.101130537255136,6,0.164007298602542
337841,-0.287833067572306,6,-0.866575381792622
187501,0.684575944496299,6,-0.339941519270496
374681,-0.871278474813469,6,-0.391584530907878
189864,-0.0933512651585855,6,0.36860993816525
188861,1.85146675897862,6,2.08146796892335
374961,-0.482314869986027,6,-0.220626189302187
283312,-1.45472388205463,6,0.331534650896721
189247,1.85146675897862,6,0.767961632942246
336479,-1.06576027722719,6,-0.649311281528441
188134,1.26802135173746,6,0.0361092548467141
283158,-0.0933512651585855,6,-0.820666685263205
375696,-0.482314869986027,6,-1.02483421979039
188603,0.684575944496299,6,-0.349113241715607
284280,1.6569849565649,6,-0.339497272402681
187803,1.07353954932374,6,1.34652342220834
187523,0.879057746910019,6,0.488912206201718
375527,-0.676796672399749,6,-1.04752562054669
374545,-0.0933512651585855,6,0.366904046067845
373655,-1.45472388205463,6,-1.70466328485084
375740,-2.23265109170952,6,-0.511580778558439
188596,0.684575944496299,6,0.488286005135961
375583,-2.42713289412324,6,-1.23917097244607
283132,-0.287833067572306,6,0.108014719403855
189059,0.295612339668857,6,0.671060449808536
374382,-0.482314869986027,6,-0.298981536369467
2437287,-0.676796672399749,6,-0.301343465305443
189624,-1.26024207964091,6,0.16079865965834
375930,-0.0933512651585855,6,-0.216225447391153
190059,-0.482314869986027,6,0.666384438468924
189384,-0.0933512651585855,6,-0.332973441238707
189077,2.04594856139235,6,1.21944551367403
283838,-2.0381692892958,6,-1.4402563847761
189035,1.85146675897862,6,1.1408551079974
188970,1.85146675897862,6,1.22474343622808
189715,1.85146675897862,6,0.357400727579773
190434,-0.676796672399749,6,-1.34669430958456
188972,1.07353954932374,6,1.15704959854119
283105,0.879057746910019,6,1.07722190317571
187560,1.07353954932374,6,-0.215181136360371
187508,0.684575944496299,6,-0.225212334084816
189615,-1.45472388205463,6,-0.184137725228766
375825,-0.676796672399749,6,-0.665400984700199
283205,-0.482314869986027,6,-0.242081704226663
374652,-0.482314869986027,6,0.0685592981775471
187842,0.879057746910019,6,1.53283979641385
373760,-0.871278474813469,6,-0.957988440423179
374703,1.07353954932374,6,-0.189420947668012
375842,0.879057746910019,6,0.594997275486733
374386,-0.0933512651585855,6,-0.210421315873589
190130,0.101130537255136,6,0.457827725166084
188942,1.46250315415118,6,1.43094083593351
373621,0.879057746910019,6,0.303415750315011
190733,0.490094142082578,6,-0.0407106521521996
336684,0.101130537255136,6,0.267608525506787
187735,0.879057746910019,6,-0.563489820192274
190189,0.101130537255136,6,-0.167781546334282
189222,1.85146675897862,6,1.92792263698519
190774,0.879057746910019,6,0.276240318177344
283718,-1.26024207964091,6,-0.360702155716901
188956,0.490094142082578,6,1.07235163856627
190238,-1.45472388205463,6,-1.11385425981072
374527,-0.0933512651585855,6,-0.814496598622497
187500,0.490094142082578,6,0.384942509538945
189997,0.101130537255136,6,0.0396818288587042
283127,0.490094142082578,6,1.4621586904213
374607,0.684575944496299,6,0.0744511583140124
375062,-0.871278474813469,6,-0.357010906783202
375883,-0.871278474813469,6,-0.436015960806984
188306,1.6569849565649,6,0.741952912612618
187733,-0.0933512651585855,6,0.216714424342186
373694,0.490094142082578,6,1.15609686938798
187742,0.295612339668857,6,-0.191771501387024
2437194,-0.287833067572306,6,-0.604003259440447
373903,-1.45472388205463,6,-0.437259881996283
188345,-0.871278474813469,6,0.0218249127126455
189009,2.04594856139235,6,1.121913932051
189862,-0.482314869986027,6,0.828071327426869
374918,0.101130537255136,6,0.856782442805482
375752,1.07353954932374,6,0.616129703539258
373782,0.101130537255136,6,0.723529034735833
190127,-0.0933512651585855,6,-0.0946454378980945
190149,1.46250315415118,6,0.61154844664253
374749,-0.0933512651585855,6,-0.096984803097655
284251,-1.06576027722719,6,-1.00463267997061
374483,0.879057746910019,6,0.347291343437107
374363,0.879057746910019,6,-0.22110125082645
283967,0.684575944496299,6,0.184547416675969
189455,1.26802135173746,6,-0.463665473160347
187974,0.295612339668857,6,-0.0824107441089552
189236,2.04594856139235,6,0.873542049414027
375467,-0.871278474813469,6,-0.869758253399887
375573,0.490094142082578,6,-0.172436227659063
189210,1.6569849565649,6,1.47265438233221
374177,0.879057746910019,6,0.253214000372523
284236,0.879057746910019,6,-0.417142323649351
190173,-0.287833067572306,6,0.0240157951179469
374934,0.101130537255136,6,-0.241317687952929
188990,1.07353954932374,6,1.04821920185299
284132,-1.26024207964091,6,-1.18558369099643
187945,1.6569849565649,6,-0.355049822284847
375745,-0.676796672399749,6,0.175350233768199
374600,-1.45472388205463,6,-0.889824406447666
375689,0.684575944496299,6,0.328670948530416
190068,-0.0933512651585855,6,0.167671351604795
373770,-0.0933512651585855,6,-0.260803117758371
283791,1.26802135173746,6,0.410443502514283
188425,1.26802135173746,6,0.0320043454013614
373734,0.490094142082578,6,0.632078493502704
373758,-1.06576027722719,6,-0.425764676239055
189712,-0.676796672399749,6,0.43776456083701
375742,1.07353954932374,6,-0.44820258825402
283790,0.101130537255136,6,0.0882272416017003
375432,-0.287833067572306,6,-0.189574396192917
2437395,-0.482314869986027,6,-0.29825481592998
190196,0.879057746910019,6,0.962314917676196
2437251,0.490094142082578,6,0.117108993683999
283773,-2.42713289412324,6,-0.546595500630033
188469,0.101130537255136,6,-0.793815564201338
189189,1.6569849565649,6,0.753069422053045
374108,-1.26024207964091,6,-1.18943021804949
190796,-0.287833067572306,6,-1.02283425771155
188757,0.490094142082578,6,-0.432200136916336
373759,0.684575944496299,6,1.17217920124443
187876,1.46250315415118,6,0.862934129266961
187718,-0.482314869986027,6,0.0184526194262986
190164,-0.287833067572306,7,0.525651309844712
188331,-0.0933512651585855,7,-0.438432383664534
189697,0.490094142082578,7,0.890608659805054
374927,1.46250315415118,7,0.502202212236654
375560,-0.287833067572306,7,-0.441824598833868
375274,-1.06576027722719,7,-1.44222092390747
374331,1.26802135173746,7,-0.177476093255443
189241,0.879057746910019,7,0.717770826157057
190137,-0.676796672399749,7,-0.0234792481700907
374590,0.879057746910019,7,0.987722977036725
318179,-2.23265109170952,7,-1.18921987955496
187710,1.26802135173746,7,1.07882810263524
374467,1.6569849565649,7,1.16023979666341
284215,0.490094142082578,7,0.172312663716255
374473,0.879057746910019,7,0.210145559249547
189957,-1.26024207964091,7,0.0651766521508534
190163,-0.0933512651585855,7,0.434195756864817
283766,-0.287833067572306,7,0.153206046998513
187654,0.879057746910019,7,0.457311640135671
375674,-1.26024207964091,7,-0.121397669363255
376032,-0.0933512651585855,7,-0.0575387422047839
189696,-1.45472388205463,7,0.217990029045737
187606,0.295612339668857,7,-0.672456952383875
187833,0.490094142082578,7,1.58642653611722
188444,1.26802135173746,7,0.561370843829202
187457,0.879057746910019,7,-0.109513320847078
283769,-0.871278474813469,7,-0.0126496286050468
190081,-0.0933512651585855,7,0.548987645331835
2437267,1.6569849565649,7,0.172162044267147
187665,0.295612339668857,7,-0.0199132641408895
375788,0.101130537255136,7,-0.107840229878263
374371,-0.0933512651585855,7,0.376079192348904
375809,-1.26024207964091,7,-0.448488648308917
189637,0.879057746910019,7,-0.85507598435602
189749,-1.26024207964091,7,-0.611078221361993
188058,-0.0933512651585855,7,0.215658491247808
187975,0.684575944496299,7,0.129770056158037
187874,0.490094142082578,7,-0.0981419228052189
373743,-0.287833067572306,7,0.204074051714031
373506,0.490094142082578,7,0.629877897279592
375548,-0.676796672399749,7,-0.763846172802737
188640,0.101130537255136,7,-0.328062049932925
188492,0.684575944496299,7,0.228998813145743
187850,0.879057746910019,7,1.01321468523284
188896,0.490094142082578,7,0.77211283418044
374368,0.879057746910019,7,-0.75156747164587
190198,-1.26024207964091,7,-0.732677771657961
284334,0.490094142082578,7,0.0305007592680653
189883,0.879057746910019,7,0.371571834004158
188521,0.490094142082578,7,0.884289731947021
188093,-0.0933512651585855,7,-0.133202325245783
375169,-0.676796672399749,7,-0.487592142364399
189201,1.46250315415118,7,1.81801176447921
374693,-0.871278474813469,7,-0.104171907357532
374620,-0.287833067572306,7,-0.784785608682469
283221,-1.26024207964091,7,-0.429495334849932
187522,-0.482314869986027,7,-0.0977455052419245
283083,-0.0933512651585855,7,0.393446278851059
375451,2.04594856139235,7,1.55348443895356
189869,-0.0933512651585855,7,0.338080253200431
187518,0.879057746910019,7,0.117082539745319
375859,-1.06576027722719,7,-0.568508543500755
189133,-0.287833067572306,7,-0.728280372164036
187889,0.490094142082578,7,0.18947331203109
283775,-0.287833067572306,7,-0.561310919620567
375807,-0.871278474813469,7,-0.597136822968643
189107,1.46250315415118,7,2.00286083177365
375857,-1.06576027722719,7,-0.698679801894436
188997,0.879057746910019,7,1.08959704413973
283802,1.07353954932374,7,-0.251660262709152
283754,0.879057746910019,7,0.0973326422389675
283732,-1.45472388205463,7,-0.9332274220248
283125,0.490094142082578,7,-0.141096176200776
190046,-0.0933512651585855,7,0.127423262870003
283553,-2.23265109170952,7,-0.794194529456988
375794,-1.45472388205463,7,-1.03369696685695
188780,1.26802135173746,7,0.560667275927109
284015,-1.26024207964091,7,-0.261030599137278
375698,-0.482314869986027,7,-0.350556323638166
187587,0.295612339668857,7,-0.122077859043728
373904,-0.676796672399749,7,-0.75298926609441
284338,-2.0381692892958,7,-0.0960992961736196
190472,-0.0933512651585855,7,-0.748508021797633
373739,-0.482314869986027,7,0.305348636174401
187564,1.07353954932374,7,0.128917114995026
374643,-0.676796672399749,7,-0.622475472243543
187497,0.490094142082578,7,-0.379034561926971
189038,2.04594856139235,7,1.76984469403587
375965,0.879057746910019,7,0.244805458279423
188319,-0.0933512651585855,7,-0.445335720705522
283229,-1.06576027722719,7,-1.12737556291233
187769,0.101130537255136,7,-0.02792514892014
189909,0.101130537255136,7,0.31621612433451
373629,0.101130537255136,7,0.0392534371811166
188816,1.26802135173746,7,0.819178516731753
283638,-1.26024207964091,7,0.160724848752089
189628,-0.871278474813469,7,-0.209414304490799
374632,0.490094142082578,7,0.434495288139154
375634,-0.482314869986027,7,0.204248929952946
375916,0.101130537255136,7,0.0554673091886428
190000,0.101130537255136,7,-0.162120614348666
283165,-2.0381692892958,7,-0.935671003861771
374604,-1.26024207964091,7,-0.407742761546189
188445,0.879057746910019,7,0.238099531786801
188982,0.295612339668857,7,0.913313392347654
374611,-1.06576027722719,7,-0.513910080783972
188155,0.101130537255136,7,-0.265204572780959
336477,-1.26024207964091,7,-1.30682469559646
188029,0.101130537255136,7,-0.547651777037665
188482,0.684575944496299,7,0.224928785730413
188036,0.684575944496299,7,0.36573672696651
189294,1.07353954932374,7,0.547536224353379
284176,-1.45472388205463,7,-0.439303391587721
374678,-0.0933512651585855,7,-0.450204717954911
373627,-0.871278474813469,7,-0.0124931873792136
375538,-0.482314869986027,7,-1.16714055303552
375608,-0.871278474813469,7,-0.0322910851078788
189229,1.6569849565649,7,1.49283179286383
190124,-0.0933512651585855,7,-0.0201434840735004
375738,-0.0933512651585855,7,-0.0228039643402198
374663,0.879057746910019,7,-0.413518427362902
2437378,0.490094142082578,7,0.759954626763978
188249,0.490094142082578,7,0.0319764299440592
189099,-1.06576027722719,7,0.148803856418681
375755,-1.06576027722719,7,-0.682021403504343
188187,-0.0933512651585855,7,-0.15379096045946
187470,0.295612339668857,7,-0.325401707054716
375731,0.101130537255136,7,-0.164949831851381
375679,0.490094142082578,7,1.07827435973013
190184,-0.287833067572306,7,-0.342126349720729
317953,-2.23265109170952,7,-1.06097653136834
374531,-0.676796672399749,7,-0.307963805941974
283823,0.101130537255136,7,0.605765397533162
375972,-1.06576027722719,7,-1.37183488384029
188825,1.85146675897862,7,-0.107443484504749
188038,0.490094142082578,7,-0.101578333055222
283215,-0.676796672399749,7,-0.313568416997995
187528,0.684575944496299,7,0.196614568576251
375739,0.101130537255136,7,-0.615968119409644
189887,-0.0933512651585855,7,0.267724562356406
190797,-1.26024207964091,7,-0.940187715762576
374974,0.101130537255136,7,0.0990773539339713
374610,-0.871278474813469,7,-0.524575844465446
189029,1.46250315415118,7,0.931115390081963
374359,0.490094142082578,7,0.356610807414199
374747,0.684575944496299,7,0.538536804758223
187979,1.6569849565649,7,0.814236214955137
188911,-0.287833067572306,7,0.145371737944231
374171,0.490094142082578,7,0.711690317895439
189871,-0.287833067572306,7,-0.114182753274932
283139,0.879057746910019,7,0.0590233528490103
375576,-0.676796672399749,7,-0.935892528826315
283183,0.879057746910019,7,0.141028414530808
284277,0.879057746910019,7,0.688600755077445
189253,0.879057746910019,7,1.20244514965657
189093,-1.26024207964091,7,-0.229846679626007
188848,-0.0933512651585855,7,-0.20361846892969
284281,0.879057746910019,7,0.0289421290968335
190058,-0.287833067572306,7,0.135091558500235
187956,-0.0933512651585855,7,-0.0336186061152617
189865,0.879057746910019,7,0.39541155041146
190816,0.101130537255136,7,-0.499981944811594
374024,-0.871278474813469,7,-0.993497928375135
375572,-0.482314869986027,7,-1.33055229115755
187605,-0.0933512651585855,7,-0.627661319147684
375775,-0.676796672399749,7,-1.37982032178074
188365,0.490094142082578,7,0.235157043291487
375714,-2.42713289412324,7,-0.247928162793642
374759,-0.0933512651585855,7,0.519654715450677
189797,0.684575944496299,7,-0.00393464712520597
190064,-0.0933512651585855,7,-0.303682003943351
188419,-0.0933512651585855,7,0.159250928891609
187541,-0.287833067572306,7,0.393078482155786
283110,-0.871278474813469,7,-0.78656546539009
189006,1.85146675897862,7,1.41393835075766
336783,-1.26024207964091,7,0.341775982626444
373952,0.101130537255136,7,-0.476976956529342
190732,0.879057746910019,7,-0.297038362165189
189015,1.46250315415118,7,1.85439660574972
189961,-0.287833067572306,7,0.0128325731462695
187755,-0.0933512651585855,7,-0.644478570431708
375518,-1.26024207964091,7,-1.58083542450604
375921,-0.482314869986027,7,-0.0716464638018266
373635,-1.45472388205463,7,-1.15064134174618
375894,1.07353954932374,7,-0.70954714833875
283194,-0.0933512651585855,7,-0.133932324012363
336688,1.26802135173746,7,-0.709048030978131
284262,0.490094142082578,7,-0.32317761001417
374165,1.6569849565649,7,0.242918618982415
189234,-0.287833067572306,7,0.246320520694624
187914,-0.0933512651585855,7,0.24974386858198
189630,-0.0933512651585855,7,-0.288887838660557
374429,-0.482314869986027,7,0.61993020125324
188268,0.295612339668857,7,0.764699065111742
189340,0.101130537255136,7,0.565791553910785
374591,-0.0933512651585855,7,-0.237402370569413
374659,-0.676796672399749,7,-0.583060899901405
189302,0.684575944496299,7,0.706770108759159
375693,-0.0933512651585855,7,-0.331311659434725
190098,-0.287833067572306,7,0.149680649038672
187983,-0.0933512651585855,8,0.254602231258332
373725,0.879057746910019,8,-0.0247955034962928
190100,0.101130537255136,8,0.0874386450778388
188040,0.101130537255136,8,-0.0989065885160016
189755,0.101130537255136,8,0.438927654196434
188092,0.684575944496299,8,0.526177616563317
374978,-0.676796672399749,8,0.866589888320348
374622,-0.676796672399749,8,-0.273853915030145
284068,-2.0381692892958,8,-1.28559278920397
190731,-2.0381692892958,8,-0.373669479531117
190782,-0.287833067572306,8,-0.77630067733341
189134,1.46250315415118,8,1.70749868694597
187481,-0.0933512651585855,8,-0.205780330828404
187731,-0.676796672399749,8,-0.162929867203331
375736,-0.482314869986027,8,-0.491469006934594
188286,0.101130537255136,8,0.910040491784613
318175,-2.0381692892958,8,-1.70484293829968
373682,-0.676796672399749,8,0.466694418869409
187692,-0.676796672399749,8,-0.86100174771822
189001,1.46250315415118,8,0.951591900727578
336485,-1.06576027722719,8,-1.05375522889067
283789,-0.287833067572306,8,-0.352999822012151
189400,-0.0933512651585855,8,0.130132984763378
374532,0.684575944496299,8,1.38892472289058
375368,-1.26024207964091,8,-0.150307533700371
375871,0.101130537255136,8,0.401686849178262
283740,-0.0933512651585855,8,0.223343915842946
375494,0.490094142082578,8,0.0253864082352635
187562,0.879057746910019,8,-0.0807077036355679
187968,1.07353954932374,8,0.459263601177881
375678,-1.45472388205463,8,-0.785347009158528
187485,0.101130537255136,8,0.673548983348638
189238,2.24043036380607,8,1.52287579779201
188000,0.295612339668857,8,0.601654553495095
187667,0.879057746910019,8,-0.870867714261024
375371,-0.871278474813469,8,-0.769144735715273
188338,-1.26024207964091,8,-0.186491706440819
188912,-0.287833067572306,8,0.53443533865962
375310,1.07353954932374,8,-0.61732324322935
189023,2.04594856139235,8,0.789598658270961
374635,-1.45472388205463,8,-0.717463498786856
189081,1.46250315415118,8,1.59995961500475
187780,-0.287833067572306,8,-0.321319804726727
374339,0.879057746910019,8,-0.301815362242991
374158,0.490094142082578,8,1.33390548379253
187879,0.490094142082578,8,0.521473108072229
188906,0.490094142082578,8,-0.607215400530265
189390,1.07353954932374,8,-0.330029693670213
189723,-0.287833067572306,8,0.431858574794333
374109,-0.482314869986027,8,-0.780163425864771
189278,-0.0933512651585855,8,0.246437934199619
284024,1.26802135173746,8,-0.292598706564561
375395,-1.06576027722719,8,-0.6840033522776
375743,-0.676796672399749,8,-0.694039804275079
187886,-0.287833067572306,8,-0.635022263384442
188543,0.490094142082578,8,0.378565669664596
375735,-0.0933512651585855,8,-0.239413726177034
189808,0.101130537255136,8,0.376201343758069
190096,-0.482314869986027,8,0.695282640997718
375664,-0.676796672399749,8,-1.05198677800271
283964,1.26802135173746,8,0.12240936566829
189979,-0.0933512651585855,8,0.131330052581276
374086,0.684575944496299,8,-0.357586101834968
187938,-0.482314869986027,8,-0.294631456610063
373733,1.26802135173746,8,0.822475610938554
189012,2.24043036380607,8,0.7546155449417
283950,-0.482314869986027,8,-0.600193575578231
188377,0.490094142082578,8,-0.014005803107537
187918,-0.482314869986027,8,-0.220566037406442
189230,1.85146675897862,8,1.71288937824457
375726,1.26802135173746,8,-0.0149383606382116
283722,-2.0381692892958,8,-0.869375235566238
189991,-0.287833067572306,8,-0.0885471632188342
283416,-2.0381692892958,8,-0.888706650751942
188464,1.6569849565649,8,0.385641340106261
336481,-1.45472388205463,8,-0.770834160707025
374995,-2.42713289412324,8,-1.80740024595188
188781,1.07353954932374,8,1.01747987534092
374504,-1.06576027722719,8,-0.656485127374054
375335,-0.0933512651585855,8,-0.0102424162109287
283726,-0.287833067572306,8,-0.157219531110314
284328,0.879057746910019,8,1.04095687359478
188311,2.24043036380607,8,1.46551355818673
336685,-0.0933512651585855,8,-0.0737942103863531
188330,-0.0933512651585855,8,-0.932293375513026
283471,-1.45472388205463,8,-0.413782029493916
188157,1.26802135173746,8,1.10581799161417
189032,0.879057746910019,8,0.995088620609039
283232,-0.676796672399749,8,0.482589143110644
189698,0.879057746910019,8,0.26594812595313
374696,-0.482314869986027,8,-0.224329037547889
189666,-0.287833067572306,8,-0.0887136140226517
373851,0.490094142082578,8,-0.011407627120235
374362,0.879057746910019,8,0.436906976071697
373716,0.101130537255136,8,-0.0867421794247463
374568,-0.871278474813469,8,-0.755423203492015
319781,-1.45472388205463,8,-0.680073570282573
375994,0.684575944496299,8,0.460270896741463
187794,1.07353954932374,8,0.259480007746404
284272,-0.482314869986027,8,0.79492441773661
375626,-0.287833067572306,8,0.142967515164571
188876,0.879057746910019,8,0.419243073079329
190669,-1.06576027722719,8,-1.42256561653836
188357,-0.871278474813469,8,-0.199401772058707
188270,0.101130537255136,8,0.110446663955415
373939,0.101130537255136,8,-0.877088033494118
190707,-0.676796672399749,8,0.0607591812649559
190186,-0.287833067572306,8,0.0100885966725031
283782,-0.287833067572306,8,0.204488164338997
188475,-0.0933512651585855,8,0.530156882125809
189932,0.101130537255136,8,-0.311101761838714
188476,0.101130537255136,8,0.134779511755468
374391,0.490094142082578,8,0.210673426740954
190778,0.490094142082578,8,0.53220896169816
283751,-2.42713289412324,8,0.00377564503170902
187550,-0.0933512651585855,8,-0.85131067263768
2437409,0.101130537255136,8,0.115381958853703
283779,-0.287833067572306,8,0.149102387997416
188840,-0.871278474813469,8,0.172344928099349
284372,0.490094142082578,8,0.469880301521783
188246,0.295612339668857,8,0.451646945711445
188035,-0.0933512651585855,8,-0.98090568522538
375597,-1.45472388205463,8,-0.913394973026726
374613,-0.676796672399749,8,-1.25149606685751
190082,1.07353954932374,8,0.642617599586387
374603,-0.676796672399749,8,-0.443408020708191
187812,1.6569849565649,8,1.62526325925366
189751,-0.287833067572306,8,-0.258364893481968
375759,-0.287833067572306,8,-0.33483932940976
189308,1.6569849565649,8,1.82387173882215
190795,0.879057746910019,8,0.0879950467308248
374541,-0.287833067572306,8,0.75765395043571
283978,-0.0933512651585855,8,-1.20295541035274
308008,-1.06576027722719,8,-0.724015822047846
190086,-1.26024207964091,8,-0.81667870279307
187473,1.07353954932374,8,-0.133747541483558
375545,-1.26024207964091,8,-1.31584159729906
283752,0.490094142082578,8,-0.774118661863781
284324,0.879057746910019,8,0.638571817516819
190458,-0.0933512651585855,8,-0.164854782118908
283876,-2.0381692892958,8,-1.21740895771759
188202,0.295612339668857,8,0.708441750358858
374367,-0.0933512651585855,8,-0.363591524898254
283603,-0.676796672399749,8,-0.463579731807371
283325,0.879057746910019,8,0.260201130200088
189152,1.07353954932374,8,1.50224749076598
187992,2.04594856139235,8,-0.444596743735545
187686,1.6569849565649,8,0.69461747419146
187982,-0.676796672399749,8,0.167274559306946
188932,0.490094142082578,8,0.557444571251608
188872,0.101130537255136,8,-0.45536708543581
190092,-0.871278474813469,8,-1.20693441375627
187631,-0.0933512651585855,8,-0.428355709836396
187863,-0.676796672399749,8,-1.26159095626168
283671,-0.0933512651585855,8,-0.214936288505811
374630,-0.287833067572306,8,-0.62424950956553
189834,0.490094142082578,8,-0.0263578307814214
188975,0.684575944496299,8,0.9206322136083
284291,-0.287833067572306,8,0.506970281367018
283106,-1.45472388205463,8,-1.06592728439301
2437263,0.490094142082578,8,-0.244644578264712
187666,-0.482314869986027,8,-0.174027285096031
189168,2.24043036380607,8,1.96828297983191
283668,-1.06576027722719,8,-0.675280904364044
373850,-0.482314869986027,8,-0.494035228455843
375433,-0.871278474813469,8,-1.18333983668822
375404,-2.0381692892958,8,-1.09273211257074
190791,0.101130537255136,8,-1.19948430702908
283735,-2.0381692892958,8,-0.381830216345307
190815,-1.06576027722719,8,-0.541493780373983
187707,0.295612339668857,8,0.198413927410826
190157,0.879057746910019,8,-0.0585165358353805
189274,1.46250315415118,8,0.327113308489615
188327,-0.676796672399749,8,0.292692140582631
187949,0.684575944496299,8,1.28838500652463
187717,0.879057746910019,8,0.179573468991819
374513,-0.287833067572306,8,0.418010459168798
190073,0.684575944496299,8,-0.333685776728515
283817,-0.0933512651585855,8,0.049177543753089
187814,-0.871278474813469,8,-0.0972636769399742
188907,1.85146675897862,8,1.91456296837491
188145,0.490094142082578,8,0.860499132914327
187484,-0.0933512651585855,8,0.0428999731859108
188429,-1.06576027722719,8,-0.844607777603741
375589,-0.676796672399749,8,-0.644120833324763
189881,0.101130537255136,8,0.564316742605186
188001,0.490094142082578,8,0.640193297142005
374160,0.879057746910019,8,0.0427945330832529
187536,0.101130537255136,8,-0.132841894094483
189157,1.07353954932374,8,0.706244737081079
190125,-0.871278474813469,8,-0.436298870953237
189040,1.85146675897862,8,1.68573203322832
190097,-0.287833067572306,8,-0.196072824012361
187563,-0.871278474813469,8,-0.822133894422507
187713,2.24043036380607,8,1.65358419311349
374062,-0.676796672399749,8,-1.2451844883654
283311,0.879057746910019,8,1.10240486780665
188969,1.26802135173746,8,1.02537458653188
283665,-1.06576027722719,8,-0.766441174925532
188984,1.07353954932374,8,1.45946617634681
2437266,0.490094142082578,9,1.02076592459809
374001,0.879057746910019,9,-0.0366731381889736
283656,-1.26024207964091,9,-1.04843612315093
190804,0.879057746910019,9,0.559918375609158
188362,0.295612339668857,9,0.529899429444754
187677,-0.287833067572306,9,0.0459676952489048
189805,-0.0933512651585855,9,-0.684118514601465
374537,0.879057746910019,9,0.231260429274755
285674,-1.26024207964091,9,-0.258813384750525
373649,-0.0933512651585855,9,0.340767907505992
189811,0.101130537255136,9,0.0781763184358084
188222,1.46250315415118,9,0.790610800728544
187763,0.101130537255136,9,-0.213930623855958
187866,0.101130537255136,9,-0.341751161832377
188418,-0.0933512651585855,9,0.020012303582206
190055,-1.06576027722719,9,-0.739415114434756
189232,0.684575944496299,9,0.646833744875238
189668,0.684575944496299,9,0.658064903527219
189109,2.04594856139235,9,1.54972267089993
187730,-0.0933512651585855,9,0.22329707914168
190142,-0.0933512651585855,9,0.514250560263477
187822,1.46250315415118,9,1.07530704231743
318174,-1.26024207964091,9,-1.15503025217556
284080,-1.45472388205463,9,-1.09853790529505
190561,-2.23265109170952,9,-0.0377788019503598
188558,0.101130537255136,9,0.366348021600359
374378,-0.0933512651585855,9,0.232380272310337
374066,1.07353954932374,9,-0.113394708812919
375943,0.879057746910019,9,0.854425012167127
189013,0.101130537255136,9,0.262328543937045
189014,0.490094142082578,9,0.515473454303645
190703,-0.0933512651585855,9,-0.00783484760520992
375504,1.07353954932374,9,-0.691901413679588
187741,1.26802135173746,9,0.0291368953048874
375340,-1.26024207964091,9,-0.733106329438741
373467,-0.0933512651585855,9,1.32885285679379
189291,1.46250315415118,9,0.620367636240147
189010,2.04594856139235,9,1.05085443137939
190806,0.879057746910019,9,0.561157971370292
2437244,-0.287833067572306,9,-0.647376961691961
187711,0.879057746910019,9,0.536286199788051
188259,0.879057746910019,9,0.245041187059385
375393,0.879057746910019,9,0.443948579066578
374739,-1.45472388205463,9,0.11330354791582
187546,0.684575944496299,9,0.0588742468827235
187591,1.6569849565649,9,0.718932988164042
187985,-0.0933512651585855,9,0.757852767324259
375539,-2.0381692892958,9,-0.59746313100672
2437268,0.101130537255136,9,0.146982766777427
283859,-0.287833067572306,9,-0.261432877806442
187883,1.26802135173746,9,1.14905604691604
376015,0.490094142082578,9,-0.145747445412042
188209,-0.482314869986027,9,-0.707883261974743
283176,0.879057746910019,9,0.170607056371921
189245,1.46250315415118,9,1.66537320171541
187753,0.101130537255136,9,-0.477157689765107
190280,-0.287833067572306,9,-0.257806750369113
189268,1.6569849565649,9,0.494548818056018
374956,-1.45472388205463,9,-0.704767481394157
283279,-0.871278474813469,9,-0.728307139548356
190069,0.684575944496299,9,-0.151785290842554
375704,0.879057746910019,9,0.607507903403501
187573,0.879057746910019,9,0.0569591304058719
188321,0.295612339668857,9,-0.054228374384607
187567,0.101130537255136,9,-0.892859905091861
187990,1.6569849565649,9,0.44694768037283
187770,2.24043036380607,9,0.327257814564305
318178,-2.0381692892958,9,-1.44444601628468
188405,-0.0933512651585855,9,-0.235832094119289
373980,-0.676796672399749,9,-0.132468391193385
283712,-0.871278474813469,9,-0.778961009455728
283144,0.879057746910019,9,0.892660690825636
2437415,-1.45472388205463,9,-0.604909965454233
374067,1.07353954932374,9,0.633845851925685
375421,0.490094142082578,9,0.169821658457799
189786,0.101130537255136,9,1.03093418556622
375784,-1.26024207964091,9,0.313613666706814
187853,-0.676796672399749,9,-0.186381020296757
375556,-0.676796672399749,9,-0.880592684467778
375779,-0.287833067572306,9,-1.09070055678863
375917,-0.482314869986027,9,-0.00696960070683872
374743,-0.676796672399749,9,-0.131834689382032
187584,-0.0933512651585855,9,-0.618761935714289
188401,0.879057746910019,9,0.119831984690251
188898,1.26802135173746,9,0.331177689106653
375931,-0.287833067572306,9,0.107915364456858
190071,-0.676796672399749,9,-0.119244515322137
283721,-1.06576027722719,9,0.0461895178615208
187804,2.04594856139235,9,0.809463296064735
283116,0.490094142082578,9,0.614026264742861
187515,-0.0933512651585855,9,-0.523902285528507
189958,-0.871278474813469,9,-0.112986742534773
283623,-2.42713289412324,9,-0.839814475216009
188211,-0.0933512651585855,9,-0.98069492145558
283235,-0.287833067572306,9,-0.0306891106823173
188978,1.26802135173746,9,0.579861759754081
190134,-1.45472388205463,9,-0.471161408548724
373777,-0.287833067572306,9,-0.587416383666721
375410,-0.287833067572306,9,-0.533802342955376
187566,-0.482314869986027,9,-0.111183634543053
188374,1.46250315415118,9,0.572411244415377
188312,-0.482314869986027,9,-1.27994989207255
188122,0.295612339668857,9,0.463049177065415
374204,0.684575944496299,9,-0.144209515076639
375830,-1.06576027722719,9,-0.986557992955774
283819,0.879057746910019,9,0.453896583960059
375037,0.684575944496299,9,-0.435257983752138
374003,-0.676796672399749,9,-0.197122301345075
284219,-0.0933512651585855,9,-0.149392502803352
2436958,-1.06576027722719,9,-0.559796115441372
374361,-0.0933512651585855,9,-0.0690607955990217
188441,1.07353954932374,9,0.0587506305413541
374536,0.490094142082578,9,0.192874327294632
187952,0.101130537255136,9,0.520291384523254
187461,2.04594856139235,9,0.572863460886651
373485,-0.287833067572306,9,-0.935553847612297
187978,0.879057746910019,9,-0.204013129834195
375549,-0.287833067572306,9,-0.650925775303484
187810,1.26802135173746,9,0.332178662861701
188672,-0.871278474813469,9,0.532817933455192
187663,0.101130537255136,9,-0.656022278557259
188061,-0.287833067572306,9,-0.762007840392386
375799,-1.26024207964091,9,0.512120027184054
190174,-0.871278474813469,9,0.28034219835709
190805,0.101130537255136,9,0.43402195567198
188236,-0.482314869986027,9,0.301744371832342
190784,1.07353954932374,9,1.10154007366171
189885,-0.287833067572306,9,-0.314463409387841
375621,-0.287833067572306,9,-0.21870039924579
375977,0.879057746910019,9,-0.089147255407795
187574,-0.287833067572306,9,-0.778557939408941
373780,0.101130537255136,9,-0.09643120087037
190036,-0.482314869986027,9,0.232959613008632
374191,1.6569849565649,9,1.23940784700957
189955,-1.06576027722719,9,-0.58168276079023
188765,-0.871278474813469,9,-0.806447706876256
190195,-0.676796672399749,9,-1.26574814678205
190076,1.07353954932374,9,0.789162075644626
187472,1.85146675897862,9,1.62186798096647
187505,-2.0381692892958,9,-0.64044842917383
2437214,-0.0933512651585855,9,-0.156144297885746
187607,1.07353954932374,9,0.249169676877429
308006,-0.676796672399749,9,-0.615917154711838
375901,-0.871278474813469,9,-0.326838282540919
375820,0.101130537255136,9,0.555534276639321
375020,-1.26024207964091,9,0.0561986574154361
189290,1.07353954932374,9,0.928121730985069
187537,-0.0933512651585855,9,-1.17845947511801
188154,1.26802135173746,9,0.435695362201301
188410,0.684575944496299,9,0.00696102939583909
374825,0.684575944496299,9,0.595985992543774
283742,-2.23265109170952,9,-0.463480678825874
188510,0.101130537255136,9,0.0664456580569208
283157,-0.482314869986027,9,-0.100948204595426
188468,1.26802135173746,9,0.551121502340806
283118,0.490094142082578,9,1.15584740128148
189686,-0.482314869986027,9,-0.1428312487174
2437256,-1.26024207964091,9,-0.477747378000473
187791,0.879057746910019,9,0.416365315407432
375661,-0.871278474813469,9,0.146555738681471
376034,-1.06576027722719,9,-0.359065295260706
189041,0.879057746910019,9,0.845141964185274
187669,-0.482314869986027,9,0.0555811872274319
187824,-0.287833067572306,9,-0.0992506658249823
375446,-1.06576027722719,9,-0.949259092901471
189084,1.6569849565649,9,1.77668057400327
190813,-2.0381692892958,9,-0.922753279100178
375254,-1.45472388205463,9,-0.480969527439001
187709,1.07353954932374,9,-0.0061502418620023
375503,-2.0381692892958,9,-1.00248438882022
187681,-0.482314869986027,9,0.376553285901252
375838,0.490094142082578,9,0.432157061089569
189809,0.101130537255136,9,0.234766110227596
189254,1.85146675897862,9,1.16734269322669
375391,-1.26024207964091,9,-0.271250647712336
375747,-1.45472388205463,9,-0.918027773364116
374740,-0.871278474813469,9,-0.533103930298211
375710,-1.06576027722719,9,-1.12843345402958
374416,0.490094142082578,9,0.914979793000398
375389,-1.45472388205463,9,0.432470640744299
188105,0.879057746910019,9,0.818198102134446
190794,-1.06576027722719,9,0.491165519865383
373754,-0.0933512651585855,9,-0.443541677929481
375578,-0.676796672399749,9,-0.612853948613129
187739,0.684575944496299,9,0.421049160551462
2437250,0.879057746910019,9,0.0913711569092897
283774,-0.676796672399749,9,-0.0715594883331505
189753,-0.482314869986027,9,0.31551572420571
188577,-0.676796672399749,9,-0.267364570784707
374436,0.101130537255136,9,0.180888781192934
375796,1.07353954932374,9,0.188926856144406
375890,-0.676796672399749,9,-0.689448891818728
188989,2.04594856139235,9,1.40290397598456
188076,0.101130537255136,9,-0.803374481447001
187647,-0.0933512651585855,9,-0.312978644930581
375579,-1.26024207964091,9,-0.616178478745042
376047,1.07353954932374,9,0.242359748458966
188988,0.490094142082578,9,0.852754249172875
373654,0.101130537255136,9,-0.238064709720682
190344,1.07353954932374,9,0.525801194767553
