id,Hard,kfold,linearSVR_pred
283796,-0.0933512651585855,0,0.274245536672978
318176,-1.45472388205463,0,-1.0407678929218251
375748,-0.8712784748134691,0,-0.5827738866869603
283449,-0.676796672399749,0,0.32015391551583827
188500,-0.28783306757230603,0,-0.1108797396112695
375461,-0.8712784748134691,0,-0.4046483303323931
189287,0.879057746910019,0,0.42536976987143055
189829,0.6845759444962989,0,0.23334534936906143
374530,-0.8712784748134691,0,-0.5121531661755251
188849,2.2404303638060696,0,1.8376836129358594
190818,-1.06576027722719,0,-0.39844273154918214
190817,-1.06576027722719,0,-1.4357218568202477
189756,-0.676796672399749,0,-0.6971747646489356
189034,1.26802135173746,0,0.9851936137631233
188018,-0.482314869986027,0,-0.5920757492369318
374516,0.490094142082578,0,1.124027705069563
283849,0.490094142082578,0,0.5509074435765617
188012,0.490094142082578,0,-0.05696162502388622
374913,-0.0933512651585855,0,0.033970854965572984
190070,1.07353954932374,0,0.28036040446290805
190129,0.101130537255136,0,-0.17877410176921962
373675,-0.28783306757230603,0,0.22866127194972416
187555,0.490094142082578,0,0.6519279782154056
283128,-0.8712784748134691,0,-0.7892192220374489
189244,0.101130537255136,0,0.4100484699866795
375465,-0.676796672399749,0,-0.3811403938388933
189819,0.879057746910019,0,-0.6496045632490884
308004,-1.45472388205463,0,-1.1363556667420414
283313,-0.482314869986027,0,-0.0693013781037858
187612,-0.0933512651585855,0,0.5061504564422852
308211,-0.8712784748134691,0,-0.727551667955239
374712,0.101130537255136,0,-0.2719078340135133
187839,0.6845759444962989,0,0.6071065497935348
375552,-0.8712784748134691,0,-0.7501630788719311
283600,-0.8712784748134691,0,-0.8175651621417951
373872,0.879057746910019,0,1.0869798786478913
374598,-1.06576027722719,0,-0.028001900338155902
376021,0.879057746910019,0,-0.014765314043034553
374614,-1.26024207964091,0,-0.7247604892200324
283753,-2.0381692892958,0,-0.19735404823259103
2437048,-0.0933512651585855,0,-1.16081581177974
188894,0.490094142082578,0,0.16923014502516076
188549,1.85146675897862,0,1.5363435304708288
187703,0.101130537255136,0,0.046736341728763134
375437,-0.676796672399749,0,-0.6475169274142563
375717,0.101130537255136,0,0.6138246294861203
188197,-1.26024207964091,0,-0.533729587129033
374365,0.879057746910019,0,0.7210406128394113
188987,0.490094142082578,0,0.726216658125321
188244,1.26802135173746,0,0.9832654571660621
375551,-0.28783306757230603,0,-1.0404919586132209
374475,0.101130537255136,0,0.8409405532137127
187458,1.4625031541511797,0,0.4096297754048654
187674,-0.0933512651585855,0,0.44218229250579855
284369,0.879057746910019,0,-0.12882086764677822
374629,1.07353954932374,0,-0.036211952832265144
374988,-2.62161469653696,0,-1.1387332843471436
190140,-1.26024207964091,0,-1.0120460925728036
189822,-0.8712784748134691,0,-0.6490403416464094
190144,0.879057746910019,0,0.2150254508475363
374612,-2.0381692892958,0,-0.5355643409400153
375816,-0.676796672399749,0,-0.6907900747007656
187832,-0.482314869986027,0,0.7466098049676125
187995,-0.28783306757230603,0,-0.38691520401346224
188255,0.295612339668857,0,0.6597990446929801
187714,0.101130537255136,0,0.38804892341442004
374515,-0.482314869986027,0,-0.6845086120381005
374186,-0.676796672399749,0,-0.7250059618196605
189250,1.6569849565649,0,1.6289310767319236
189018,-0.0933512651585855,0,0.26972668757213797
374183,-0.482314869986027,0,-0.1009522970235401
190040,1.07353954932374,0,1.1597700738037575
187464,1.26802135173746,0,0.7156300509235485
375923,0.879057746910019,0,-0.6937373686435401
283633,-1.45472388205463,0,0.46528281803750615
283676,-0.676796672399749,0,-0.07433614473378111
189319,1.4625031541511797,0,1.6012718798313972
187764,0.6845759444962989,0,0.4601796082611618
187783,-0.8712784748134691,0,-1.3685089834626925
189289,2.2404303638060696,0,1.3938699806401678
190143,-0.482314869986027,0,-0.1903626431152418
188764,0.879057746910019,0,-0.1470018718435319
190062,-0.28783306757230603,0,-0.6385471073395034
188383,-0.482314869986027,0,-0.3187361561915968
284312,0.879057746910019,0,0.5644228125834039
188232,0.879057746910019,0,0.6824452281745034
187676,0.879057746910019,0,0.48178587615718194
188034,0.295612339668857,0,-0.7170529102666234
375569,-0.676796672399749,0,-0.6311447355171712
188704,1.4625031541511797,0,0.8749650747132711
187583,-0.8712784748134691,0,-0.8525104157109517
283843,-0.0933512651585855,0,0.03531417505528199
190787,-1.26024207964091,0,-1.49641069270051
188101,1.07353954932374,0,1.5204899717647593
375585,-2.23265109170952,0,-0.9823370253585866
374691,0.6845759444962989,0,-0.602857012357913
283813,-0.0933512651585855,0,0.382445691953985
188320,-0.0933512651585855,0,0.2573465846155291
188427,0.879057746910019,0,0.549326988050836
374505,-0.8712784748134691,0,-0.7244727089864315
188110,2.43491216621979,0,1.8040509532532296
187875,1.26802135173746,0,0.6593478317596425
283723,-0.676796672399749,0,-0.47358514896545745
2437308,-0.28783306757230603,0,0.25503653346414923
190277,-0.0933512651585855,0,-0.35436578038094757
373730,-0.676796672399749,0,-0.5096342650346273
187585,1.07353954932374,0,0.6431633938719882
374914,0.6845759444962989,0,0.6585811112450535
190103,0.101130537255136,0,-0.05387988455407681
283781,0.101130537255136,0,0.2687248172046059
308254,-0.676796672399749,0,-0.4014966425774591
375702,-1.26024207964091,0,-0.7314221192082373
188991,1.4625031541511797,0,1.1293969513617679
374213,-0.676796672399749,0,-0.36917067561514144
187658,0.879057746910019,0,-0.09920085814992247
375372,-1.26024207964091,0,-1.0186898806452758
374807,-1.06576027722719,0,-0.13217376355530588
188250,-0.0933512651585855,0,0.1800135159849354
187980,2.2404303638060696,0,0.7069600843886197
188940,0.6845759444962989,0,0.2643978421400147
188099,1.85146675897862,0,-0.025067841721183193
374004,-0.28783306757230603,0,-0.49993708975081486
375659,-1.45472388205463,0,-1.307400526409259
283846,-1.26024207964091,0,-0.6622739581975274
190811,1.07353954932374,0,0.9440729251090441
375205,-0.482314869986027,0,-1.015645933381364
188346,-0.676796672399749,0,-0.28351452126841314
374011,1.6569849565649,0,0.08618567953180127
188054,0.879057746910019,0,-0.4659435412226602
283109,-0.8712784748134691,0,-1.2563719782396472
189024,1.26802135173746,0,1.2550947104602665
374551,0.101130537255136,0,0.2176791358965713
188992,1.4625031541511797,0,0.9609416593942892
336782,0.879057746910019,0,0.30407538260305395
187678,1.26802135173746,0,0.8178937254396633
189872,-0.0933512651585855,0,0.28549854266749525
284278,0.101130537255136,0,-0.5504416813230683
190158,-0.676796672399749,0,0.5225899265452086
188758,1.85146675897862,0,0.8149727101187174
283670,0.101130537255136,0,-0.49795654496929226
283177,-0.8712784748134691,0,-0.022818037717965544
375355,-0.28783306757230603,0,-0.06277374044450303
189964,0.879057746910019,0,0.7717407197427999
283805,-1.45472388205463,0,-1.0089452243913317
189670,0.101130537255136,0,1.088021428763198
284304,0.6845759444962989,0,0.40508503691592734
188493,0.490094142082578,0,1.273216771805233
375971,0.879057746910019,0,0.49175239714910896
188009,1.4625031541511797,0,0.5329607108736074
284248,-0.28783306757230603,0,-0.012392991253302134
190769,-1.26024207964091,0,-1.2653071281687296
187551,-0.676796672399749,0,-0.2319706649711128
188172,-0.482314869986027,0,-0.7305416552252271
283719,-0.676796672399749,0,-0.6765906935270509
284066,-1.26024207964091,0,-0.7141269187932419
187906,0.6845759444962989,0,0.843236987378255
2437340,-0.482314869986027,0,-0.07715234736735778
375791,-1.26024207964091,0,-0.24676682511787096
373575,-1.26024207964091,0,-0.0426734293983178
189706,-0.0933512651585855,0,-0.14483115572760616
187907,1.07353954932374,0,0.7759266530573725
2437252,-0.8712784748134691,0,-0.280354340786804
375383,-0.482314869986027,0,-0.4505201334974958
188517,0.295612339668857,0,0.4625114377514344
375973,-0.28783306757230603,0,-0.10709868215460684
187653,-0.28783306757230603,0,-0.142019343734725
188174,-0.482314869986027,0,0.8716296724663836
375017,-1.26024207964091,0,-0.31578213125947324
187514,1.4625031541511797,0,-0.178716233152387
188269,1.85146675897862,0,0.011584480038479521
284370,-0.676796672399749,0,-0.2700386212985727
189856,0.879057746910019,0,0.12954691910516503
187700,0.295612339668857,0,-0.045582525660878406
187502,0.295612339668857,0,-0.12224269541877117
188897,1.26802135173746,0,0.2847039861539098
187756,0.101130537255136,0,-0.3463487951203869
375627,-0.28783306757230603,0,0.31048967369675085
283427,-0.482314869986027,0,-0.6149247039353456
189223,0.101130537255136,0,0.03986239553377992
375728,0.490094142082578,0,-0.1370249809346432
187852,0.101130537255136,0,0.2284769662540551
3646845,0.6845759444962989,0,0.7013743742192922
190364,-0.482314869986027,0,-1.0518350086692871
187951,1.07353954932374,0,1.0736816699846583
374944,1.07353954932374,0,0.3178880732020162
374592,1.26802135173746,0,0.3997926615420281
190170,-0.28783306757230603,0,0.14457488450632164
283054,-2.23265109170952,0,0.22658248663765254
188359,-0.0933512651585855,0,-0.38488629324456136
373764,-1.45472388205463,0,-1.4612944625529363
188532,1.26802135173746,0,0.8194909167631085
283639,-0.676796672399749,0,-1.0861612717219369
187845,0.295612339668857,0,0.8991162997730695
374937,-0.482314869986027,0,0.26579119520190436
374697,-0.28783306757230603,0,-0.09459602871887934
375315,-0.8712784748134691,0,0.3045024294538544
190114,0.101130537255136,0,-0.05395653163867074
336478,-1.06576027722719,0,-1.2184378631930968
188536,0.6845759444962989,0,-0.1959934235469889
189063,0.490094142082578,0,-0.0031936986913504713
374535,-0.676796672399749,1,-0.16742496995130177
187691,1.4625031541511797,1,1.6512626239426131
284203,-0.28783306757230603,1,-0.19743407502461727
374474,-0.8712784748134691,1,0.47812387380707
188094,1.26802135173746,1,1.2164976340322595
187823,1.07353954932374,1,1.4681116561940422
283892,-0.28783306757230603,1,-0.08681063406289412
189972,-0.676796672399749,1,0.23161681873093384
188227,1.26802135173746,1,0.9393905749814628
373481,-0.0933512651585855,1,0.43205707219487305
187664,0.295612339668857,1,-0.2916101514978364
373795,-0.28783306757230603,1,-0.06311421875167643
375455,-1.06576027722719,1,-0.8267890883788757
375899,-0.28783306757230603,1,0.4383568769377776
376012,0.490094142082578,1,0.2758665440917606
189031,2.04594856139235,1,1.5859542264242685
189669,-0.482314869986027,1,0.01721806627073673
283968,-2.0381692892958,1,-0.9920855517700616
189004,2.04594856139235,1,0.9127372965351593
187888,-0.28783306757230603,1,-0.39542742523510505
374719,0.101130537255136,1,0.5828856736202345
375409,-2.0381692892958,1,-0.39901756435395397
375935,0.6845759444962989,1,0.8348865666473116
373773,-0.0933512651585855,1,0.2992408941096416
188026,0.6845759444962989,1,0.6109193314713168
319956,-1.26024207964091,1,-0.6271380931122045
188501,0.879057746910019,1,0.28935740884965966
188258,-0.0933512651585855,1,0.42516360236129047
283615,-0.482314869986027,1,-0.6550183385372247
189237,2.04594856139235,1,2.005273260956919
189971,-0.482314869986027,1,-0.17498670070079275
284164,-2.23265109170952,1,-1.679055370085916
375682,1.26802135173746,1,0.5623421569511298
375970,-0.0933512651585855,1,-0.44577702303885375
374640,-0.8712784748134691,1,-0.5535643398450325
187493,0.295612339668857,1,0.27722923769420343
189277,-1.26024207964091,1,1.3004903886266297
283162,-0.28783306757230603,1,1.3141443901355785
188355,0.295612339668857,1,-0.16026409840697725
283830,-0.676796672399749,1,0.29128456754065407
319957,-1.45472388205463,1,-0.5715760130512687
376048,0.879057746910019,1,-0.04815614528378022
187736,-0.8712784748134691,1,-0.9239931528070029
188043,0.879057746910019,1,-0.5922294397133661
190054,-2.0381692892958,1,-0.4583903541059462
375452,1.6569849565649,1,1.1117413865317354
188633,0.879057746910019,1,0.7175929153088073
374616,-0.8712784748134691,1,-1.0764362318239293
374702,0.879057746910019,1,0.84378134674294
188231,-0.28783306757230603,1,-0.3877351740952201
189008,-0.482314869986027,1,-0.05836248615601495
188386,-1.45472388205463,1,-0.8995379707457788
188774,0.295612339668857,1,-0.5393781408285163
188340,1.4625031541511797,1,1.6997261737101845
375243,-1.26024207964091,1,-0.877598506106405
374445,-0.0933512651585855,1,0.33048440993253375
188117,1.07353954932374,1,-0.004103623183004171
283579,-0.676796672399749,1,-1.2665745342033425
187510,1.4625031541511797,1,-0.18471384616226635
375941,0.6845759444962989,1,0.4558488314906619
374745,0.879057746910019,1,0.968111722397828
188201,-0.482314869986027,1,0.19956698050802762
284357,0.101130537255136,1,0.22056209073686406
190037,-0.0933512651585855,1,-0.3641652495208758
375688,-1.06576027722719,1,0.18939862274766175
375456,-0.482314869986027,1,-0.9026724447639474
187648,0.879057746910019,1,0.4686029149549547
189868,-0.28783306757230603,1,0.02301865912771849
187867,-1.26024207964091,1,-0.6812709381876495
374624,-2.23265109170952,1,-0.8414509797439825
283121,0.879057746910019,1,1.1300423042685368
375993,-1.06576027722719,1,-0.6917196597185745
375567,-2.23265109170952,1,-1.6105841983782643
375802,-0.28783306757230603,1,-0.5017463968865764
187609,1.4625031541511797,1,0.7207276345539788
375744,-1.45472388205463,1,-0.12319328937890253
374471,1.26802135173746,1,1.1378987295532375
187816,0.295612339668857,1,0.07368189771517104
188893,0.101130537255136,1,0.4255724554590426
188316,1.6569849565649,1,0.4646532212175199
187544,0.295612339668857,1,-0.4490762703998125
187776,0.101130537255136,1,0.37841174325178273
374689,-0.676796672399749,1,-0.2846235922480754
189858,0.101130537255136,1,0.034010168929244466
187819,0.6845759444962989,1,0.4767192177254767
374110,0.6845759444962989,1,0.3978154769543624
374442,0.101130537255136,1,0.38956965207151245
189700,-0.676796672399749,1,0.4640583347741453
187954,0.6845759444962989,1,-0.2646605596451437
375956,0.101130537255136,1,0.8709331237140184
189734,0.879057746910019,1,-0.4664248725443703
190007,0.490094142082578,1,0.1094906193411092
375697,-1.06576027722719,1,-0.4936254130007855
188786,0.101130537255136,1,0.7078969182848588
283803,-0.676796672399749,1,-0.5700299335485656
189070,-1.06576027722719,1,-0.46167208650900016
375719,0.101130537255136,1,-0.03765352567690003
374112,-0.676796672399749,1,-0.6927420587566774
375847,0.490094142082578,1,0.5135539230634026
375773,-1.45472388205463,1,-1.1751263231850952
373925,-0.676796672399749,1,-0.34705031728848307
187610,0.6845759444962989,1,0.9071762763420567
189309,1.4625031541511797,1,0.6600398759220093
374658,-0.8712784748134691,1,-0.43277565603393586
188930,1.07353954932374,1,1.133478920409706
283801,-1.45472388205463,1,-0.3869735696596404
283117,0.879057746910019,1,0.8099216812609659
188369,0.295612339668857,1,-0.4365302572533011
283602,-2.0381692892958,1,-0.5145719512566308
187857,0.6845759444962989,1,0.44089753292568445
189048,1.6569849565649,1,1.300390022839791
188160,1.26802135173746,1,0.9724678323812724
189242,1.26802135173746,1,1.267206521047929
188370,0.6845759444962989,1,0.37646087097026937
373835,-0.8712784748134691,1,-1.0885864793385758
374396,-0.28783306757230603,1,0.06171162635891637
374395,-0.482314869986027,1,0.12286742690142818
189094,1.07353954932374,1,1.150636930880118
284239,-0.676796672399749,1,0.09286343289687178
190810,-0.0933512651585855,1,0.031902139146736376
188121,1.26802135173746,1,0.1031811850002464
188027,1.26802135173746,1,0.670268162162832
374397,-0.482314869986027,1,0.38646700366782055
375705,0.879057746910019,1,-0.4339095966769583
190190,0.879057746910019,1,0.017369332432650257
190159,0.879057746910019,1,0.2374412222018094
187758,0.490094142082578,1,0.12477630439700478
374413,-1.45472388205463,1,-0.6307174275343574
284241,-0.8712784748134691,1,-0.1483258353103804
284161,0.490094142082578,1,0.6943136648066375
318549,-1.45472388205463,1,-1.2982692625740846
284209,0.879057746910019,1,0.07539104630144883
188540,-0.28783306757230603,1,-0.22284555042107113
189188,0.879057746910019,1,0.67797458528438
187986,0.879057746910019,1,-1.0159815035206896
189138,0.101130537255136,1,0.7769201811505524
375832,0.879057746910019,1,0.8850632670860366
187637,-0.482314869986027,1,0.34959122362618383
187629,0.101130537255136,1,-0.4009941123805005
187687,0.6845759444962989,1,0.3118958100968908
2437410,-0.482314869986027,1,-0.0003734730147213531
189949,-0.0933512651585855,1,-0.032705330013189926
187921,-0.482314869986027,1,-0.18188946368126438
187649,0.6845759444962989,1,0.18365711300120283
2437412,1.6569849565649,1,-0.37266454737596716
189857,-0.0933512651585855,1,0.09309261391579995
187988,-0.0933512651585855,1,-0.06033398283531544
187892,0.295612339668857,1,0.7918725926468045
283962,-0.0933512651585855,1,0.2723383543646214
375690,-2.0381692892958,1,-0.7082298021215339
375004,-2.23265109170952,1,-1.2496971600468267
374151,1.07353954932374,1,0.6088324358215259
189078,1.4625031541511797,1,1.2210081781591067
187911,1.07353954932374,1,0.971563358202937
319784,-0.8712784748134691,1,-0.4091255743085156
189703,1.85146675897862,1,1.0304900186789392
308009,-1.45472388205463,1,-1.0481403826396805
375949,0.879057746910019,1,0.3455666156437112
375835,0.101130537255136,1,-0.6605575971154354
283178,0.879057746910019,1,0.7959895253000803
374388,0.879057746910019,1,0.5814557041855506
189754,-0.28783306757230603,1,-0.186622814376614
376050,-0.28783306757230603,1,-0.4275253503044555
336482,-1.45472388205463,1,-1.3272149846776908
283989,-0.0933512651585855,1,-0.46059262321085137
189343,1.6569849565649,1,0.5978274114048184
375800,-1.26024207964091,1,-0.2574606295426548
188031,-0.676796672399749,1,0.7278939599132653
373861,0.879057746910019,1,0.5539610936126542
188601,1.85146675897862,1,2.012563769697912
284279,-0.676796672399749,1,1.063726474527765
374595,0.490094142082578,1,0.9000727957264276
283731,-0.482314869986027,1,-0.9477422322449787
187549,-0.482314869986027,1,0.3413761734378782
189346,2.43491216621979,1,0.8427256044017767
188768,0.6845759444962989,1,0.822694971460186
375434,0.101130537255136,1,-0.3768404488935518
187475,0.879057746910019,1,0.14761017980221694
375780,-1.45472388205463,1,-0.7177864221408402
187955,-0.28783306757230603,1,0.01850730629437583
188349,-0.28783306757230603,1,-0.24047137056499573
189225,0.879057746910019,1,-0.37738724946406543
373948,0.490094142082578,1,0.9137243342671062
189625,-0.676796672399749,1,1.1476073230430175
187787,0.879057746910019,1,0.43567132515531903
190199,-0.28783306757230603,1,0.26336259398858897
375511,-1.26024207964091,1,-1.2439157591198762
375939,-0.482314869986027,1,0.2561795003604549
190121,-0.0933512651585855,1,0.2512262900070795
283833,-0.28783306757230603,1,-0.308479303438614
189803,-1.45472388205463,1,-0.6691979270518684
374935,-0.28783306757230603,1,-0.002967366965024162
188448,0.101130537255136,1,-0.3244960119172413
308253,-0.8712784748134691,1,-0.5667030500163327
375596,-1.26024207964091,1,-0.2799534609322122
190008,-0.0933512651585855,1,-0.3766133259829037
373509,-0.28783306757230603,1,-1.138915591139853
373690,-0.8712784748134691,1,-0.16962510273741188
188104,0.490094142082578,1,0.47625489789880987
374148,-0.0933512651585855,1,0.14161997567700452
375565,-2.0381692892958,2,-1.1407210490314401
189927,-0.0933512651585855,2,0.1018459933867908
189980,0.101130537255136,2,0.13102881965257707
189853,-0.8712784748134691,2,-0.5693211123014164
375594,-1.45472388205463,2,-0.6483008007218236
375553,-0.8712784748134691,2,-0.8525750236348044
189760,-0.8712784748134691,2,-0.2925635044805088
375499,-1.26024207964091,2,-0.3199313527996163
190702,-0.28783306757230603,2,0.05403854372301692
188142,-0.8712784748134691,2,0.2255822096691985
284189,-0.0933512651585855,2,0.8615505736806365
373571,-1.06576027722719,2,-0.570680221265385
374599,-1.26024207964091,2,-0.4084955936817607
187817,-1.26024207964091,2,-0.38025777842488345
188170,0.6845759444962989,2,0.8090059011021024
190814,-0.676796672399749,2,-0.05571663113081057
284190,-1.06576027722719,2,-0.36616641906961783
283104,0.490094142082578,2,0.5774863314210096
188976,0.490094142082578,2,0.745250358293386
189025,1.26802135173746,2,-0.42116405871872237
189243,1.6569849565649,2,0.8610432757369262
190799,-0.482314869986027,2,-0.20536830353621177
375524,-0.8712784748134691,2,-1.2240798101167953
284059,-2.23265109170952,2,-0.6476134194967071
187604,-0.482314869986027,2,0.520571964608114
319955,-1.06576027722719,2,-0.5659070410244801
283828,-0.28783306757230603,2,-0.4582576082987638
283825,-0.482314869986027,2,0.1630525567666432
189840,-0.0933512651585855,2,-0.41618652090100827
373651,-2.0381692892958,2,-0.720849824107692
188943,2.04594856139235,2,1.5721758469942464
189894,-2.0381692892958,2,-1.2599772515216128
283655,-2.0381692892958,2,-0.91406861976601
187999,1.26802135173746,2,0.575586319914631
375933,0.101130537255136,2,-0.3574098516276671
375707,1.07353954932374,2,0.3323067905692836
188314,0.101130537255136,2,0.2406409292627163
375681,-1.26024207964091,2,-0.8508287900583621
2437377,1.07353954932374,2,0.5401070868321505
188111,1.85146675897862,2,1.1458110658813903
189776,-1.26024207964091,2,-0.5891495289854817
188901,0.6845759444962989,2,0.2791258363349467
189239,-0.28783306757230603,2,0.8869943302497197
375896,-1.26024207964091,2,-0.42004888728245027
188215,0.295612339668857,2,-0.40102826082899534
283777,-0.8712784748134691,2,-0.5969425288146436
188015,0.879057746910019,2,0.6358922961466728
374092,0.879057746910019,2,-0.30885471417759797
187690,-0.28783306757230603,2,-0.5497192895180417
189626,-0.676796672399749,2,0.4490746855411496
189947,-0.8712784748134691,2,-0.09175190049085531
187795,-0.0933512651585855,2,-0.0392648239997292
189246,0.101130537255136,2,0.24527273919773296
189833,-2.23265109170952,2,-0.7896835187938127
375905,-0.8712784748134691,2,-0.521057034913341
189045,1.4625031541511797,2,1.4073497965715491
187561,-0.482314869986027,2,0.5175075727785625
375851,-0.482314869986027,2,-0.6676930181894152
188051,0.101130537255136,2,-0.7240084164396682
187576,0.490094142082578,2,0.19603498407602732
283741,-1.06576027722719,2,-0.8742804524629271
375716,-0.482314869986027,2,-0.2543102000758052
189002,0.295612339668857,2,1.2127879558945258
187930,0.490094142082578,2,-0.0035997028390854606
188452,0.490094142082578,2,0.6500818432685662
375746,-0.676796672399749,2,-0.17326304975680817
188384,0.879057746910019,2,0.3588509757140141
189689,-0.8712784748134691,2,0.3162535960847181
188282,1.4625031541511797,2,-0.3796249606182524
187527,-0.28783306757230603,2,0.3033646320139595
190213,-0.8712784748134691,2,-0.6496519997226194
188056,-0.482314869986027,2,-1.0245435982826823
375546,-0.0933512651585855,2,-1.2289233845119496
336476,-1.45472388205463,2,-1.430840774985147
283844,0.879057746910019,2,-0.3951504449330171
189288,2.6293939686335097,2,0.4501394850402324
190709,-0.0933512651585855,2,0.06678779561543832
374500,-1.06576027722719,2,-0.6041757116222445
374588,-0.8712784748134691,2,-0.36622330219643934
189090,1.85146675897862,2,0.9404526227030138
188291,0.490094142082578,2,-0.68244594415589
189221,2.2404303638060696,2,2.074234125849462
283768,-1.26024207964091,2,-0.820023592903268
374472,0.879057746910019,2,0.42252819190155566
374669,-0.676796672399749,2,-0.6780996355231401
376004,-0.676796672399749,2,-0.36292754071034056
189137,2.04594856139235,2,1.1689088858083838
376018,-0.482314869986027,2,-0.7466715337353931
188335,-0.28783306757230603,2,-0.10695755154747556
187699,1.26802135173746,2,1.256628960730228
187599,-0.0933512651585855,2,0.3398928114266818
375411,-0.0933512651585855,2,-0.9224747509579643
374662,-1.26024207964091,2,-1.0025210821677057
284202,-0.0933512651585855,2,0.8924444334379478
374156,-0.0933512651585855,2,0.24871770385495373
188376,0.6845759444962989,2,0.6055130318302988
375749,-0.8712784748134691,2,-0.49774611436814864
188006,0.6845759444962989,2,0.6082579098782139
187880,1.26802135173746,2,0.04834310104119262
188947,-0.482314869986027,2,-0.24277283546444434
375509,0.101130537255136,2,-0.7733733866696207
187757,-0.676796672399749,2,0.5269055206131956
375607,-1.06576027722719,2,-0.5489742449487328
187507,0.295612339668857,2,0.7275479406442871
187766,-0.28783306757230603,2,-0.376539124868983
188981,1.07353954932374,2,0.9556224064190253
187628,-0.482314869986027,2,-0.3210182909397833
189049,0.490094142082578,2,0.38239229988967294
189039,1.85146675897862,2,1.3665873159354633
375519,-0.8712784748134691,2,-0.43688167571034414
189784,-1.26024207964091,2,-0.20119194787515077
375444,-1.26024207964091,2,-0.8670404439469912
284309,0.879057746910019,2,0.556681959563607
187881,0.295612339668857,2,-0.43065155313050163
187855,0.6845759444962989,2,0.6954570784827996
190757,-0.8712784748134691,2,0.2737028069351926
188339,0.101130537255136,2,-0.1581539649907881
375767,-2.62161469653696,2,-0.48292634840990345
375460,-0.482314869986027,2,-0.3853946080424306
375550,0.879057746910019,2,-0.14122221836935095
188302,0.295612339668857,2,0.19221968415040402
189030,-0.8712784748134691,2,-0.06989941919159981
375692,0.879057746910019,2,0.3854087955380603
190780,-0.28783306757230603,2,-0.9184272932659674
374533,-1.26024207964091,2,-0.3648042497187412
189757,-1.45472388205463,2,-0.27971785356148693
283938,-2.23265109170952,2,-0.7559552011222375
187796,1.26802135173746,2,0.45438167599080276
187998,-0.482314869986027,2,-0.7628152671855656
188114,-0.28783306757230603,2,1.4605321441740693
375991,0.6845759444962989,2,-0.699879890142249
375954,0.879057746910019,2,-0.5785038969423865
283616,-2.42713289412324,2,-1.2740663133369454
188818,0.879057746910019,2,-0.16596887422545092
187469,0.490094142082578,2,0.2817206937453775
283641,-2.0381692892958,2,-1.0136488491330173
188526,0.879057746910019,2,0.046535941926443836
375591,-1.06576027722719,2,0.3355214929006927
284354,-0.482314869986027,2,0.9941597618554882
283727,-0.8712784748134691,2,-0.7221799016371725
375392,0.879057746910019,2,0.2343609026527229
190203,0.879057746910019,2,0.4827082874706307
188541,1.07353954932374,2,0.03873882871184463
187579,0.101130537255136,2,-0.05475332974620034
374894,0.879057746910019,2,-0.4807313057754893
2437286,0.490094142082578,2,-0.34058164366620963
188224,0.879057746910019,2,0.5885590704240301
374398,-1.06576027722719,2,0.008674307320982285
189320,1.4625031541511797,2,1.0809644112606236
283163,0.879057746910019,2,0.7297186441028823
375474,-2.23265109170952,2,-0.7216879247962589
373674,0.879057746910019,2,0.178688351855601
375475,-0.676796672399749,2,0.1894529383032736
2437248,-0.482314869986027,2,-0.31951666673339035
188075,2.04594856139235,2,0.21213435929861996
188325,1.26802135173746,2,0.3206706763694533
188436,-0.0933512651585855,2,0.21302995786484502
283432,-1.45472388205463,2,-1.0514035652556426
187786,0.295612339668857,2,0.09396531959900488
189684,-0.482314869986027,2,0.19362783285162716
308011,-0.8712784748134691,2,-0.2769890821953912
187489,-0.28783306757230603,2,-0.12253859060744869
188048,-0.482314869986027,2,-0.588390615983478
373468,-0.8712784748134691,2,-0.43503594845553506
373482,0.6845759444962989,2,0.21861421401590342
308265,-1.26024207964091,2,-0.6154969042353142
374646,-1.06576027722719,2,-0.6493334450500553
187535,-0.0933512651585855,2,-0.017057628883996284
187981,-0.482314869986027,2,-0.18379860571221368
283767,-0.28783306757230603,2,-0.0023280353970346716
190102,-0.28783306757230603,2,0.3529905629724912
317891,-1.45472388205463,2,-0.7337595301397378
188102,1.4625031541511797,2,0.9443268264254404
375505,0.879057746910019,2,-0.4550187357034691
283604,-0.482314869986027,2,-0.959496012816746
188329,0.101130537255136,2,0.4879664987221383
187924,1.07353954932374,2,0.19222684649527544
373912,-2.42713289412324,2,-1.692021950768589
374715,0.101130537255136,2,0.18082551495783739
190116,-0.482314869986027,2,-0.29559920990302446
375727,-0.8712784748134691,2,-0.10262645357041907
190187,-0.28783306757230603,2,0.15007872170682213
187958,-1.06576027722719,2,-0.9288329529842604
375950,0.879057746910019,2,0.6915061983572259
188913,1.07353954932374,2,0.05153233807823249
189732,0.879057746910019,2,0.398367091198172
318548,-2.23265109170952,2,-1.2455620852052771
374992,-2.23265109170952,2,-0.9834296210953271
190039,0.6845759444962989,2,0.717046647616376
318550,-1.26024207964091,2,-1.416729878466085
187728,-0.28783306757230603,2,0.721387083009841
189046,1.6569849565649,2,0.6968763230267965
188341,1.26802135173746,2,1.8323583767600284
189164,1.07353954932374,2,2.0439890294387615
375706,-0.676796672399749,2,0.36683956054422645
283224,-1.06576027722719,2,-0.7630484989426092
187729,0.295612339668857,2,0.5796142374333394
284145,-1.45472388205463,2,-0.5819547109325525
189919,0.101130537255136,2,0.024805824153041008
375687,-1.06576027722719,2,-0.6002035317581199
374641,0.879057746910019,3,-0.06727846975008582
374394,0.879057746910019,3,-0.6572973144856948
374139,0.879057746910019,3,0.29088559043085815
374744,-0.8712784748134691,3,0.23911312482421043
190111,-0.0933512651585855,3,0.037142643962426634
187960,-0.0933512651585855,3,-0.38238091558603454
187805,1.6569849565649,3,1.3898677103455415
190150,1.26802135173746,3,0.15372782389453343
188317,0.879057746910019,3,0.8715175959284515
189292,2.2404303638060696,3,0.8425616258507129
374638,-0.8712784748134691,3,-0.719281201700231
284265,0.879057746910019,3,0.170072179385495
375500,-1.06576027722719,3,-1.137464793382463
188235,0.6845759444962989,3,0.006134182139611854
373656,-0.28783306757230603,3,-0.5065691361969318
189085,2.04594856139235,3,1.589251869256152
374683,0.101130537255136,3,-0.38965440553762304
375547,-0.0933512651585855,3,-0.7259610224639569
188993,0.879057746910019,3,1.3457360458342338
2437282,0.879057746910019,3,-0.6493972290491841
375665,-1.06576027722719,3,0.305125546594549
283970,-0.28783306757230603,3,-0.0920938760604711
375628,0.490094142082578,3,0.31167834271719314
317829,-0.482314869986027,3,-0.4640282844535598
189231,-0.28783306757230603,3,-0.6190138256537236
374202,-0.8712784748134691,3,-0.9010785290832052
188382,-0.482314869986027,3,-1.279447029939234
375453,-1.26024207964091,3,-0.6137794930606261
375815,-1.06576027722719,3,-1.2936645501144939
189016,1.85146675897862,3,0.912743777265048
374912,0.6845759444962989,3,0.9506430048822467
284069,-1.26024207964091,3,-1.4396942251581661
283138,-1.06576027722719,3,0.0594603936659942
374917,1.85146675897862,3,1.646608827229025
283598,-1.26024207964091,3,-1.324170838267382
284168,0.490094142082578,3,-0.47059356504474115
189139,1.07353954932374,3,0.8705985606636981
189801,-0.676796672399749,3,0.18552712755302972
374037,0.879057746910019,3,1.2356302363929552
190802,0.490094142082578,3,0.6397488315624557
189301,0.295612339668857,3,0.7428425389567554
187479,0.101130537255136,3,0.19208775766564146
375895,-1.26024207964091,3,-0.34238658703903485
188402,-0.0933512651585855,3,-0.8685466166327686
188028,-0.482314869986027,3,-0.5279119611034302
189068,0.490094142082578,3,0.4981462968599635
187946,1.4625031541511797,3,0.372437668841245
190790,-0.676796672399749,3,-0.147295517857027
374553,-0.8712784748134691,3,-0.661248472420608
373578,-0.482314869986027,3,0.09534230110692145
187858,-0.0933512651585855,3,-0.2380539741096129
284245,-0.8712784748134691,3,-0.5181080272057882
284162,-0.0933512651585855,3,0.19838422286681542
187539,-0.676796672399749,3,-0.3735796419776141
187589,-0.28783306757230603,3,0.023506145770160664
187941,-0.0933512651585855,3,0.24420112605339672
283677,-1.26024207964091,3,-0.7522680468892906
375691,-0.482314869986027,3,-0.6693782618769215
190015,0.879057746910019,3,0.27369218661387745
374608,0.101130537255136,3,-0.2707388160412217
187993,1.07353954932374,3,0.15090989043553507
283114,0.879057746910019,3,1.1544405046971822
373756,1.07353954932374,3,1.0130077542443738
284231,-1.06576027722719,3,-0.5489333114199656
283119,0.490094142082578,3,1.2099668535799712
2437258,0.879057746910019,3,0.4821948978030627
189683,-2.23265109170952,3,-1.0738927766752508
188994,1.85146675897862,3,0.9098933038888081
190057,0.490094142082578,3,-0.007525262582545111
308269,0.101130537255136,3,-0.2230095945650285
187752,-0.28783306757230603,3,-0.4835768523423618
190132,0.879057746910019,3,0.8187292957096834
308007,-2.23265109170952,3,-1.5944697422040865
319280,-0.676796672399749,3,-0.3798066440319794
284303,0.879057746910019,3,0.5081268036312314
283202,-1.06576027722719,3,-1.1649511732989961
187887,-0.676796672399749,3,-0.3856867710890984
283772,-1.45472388205463,3,-1.2648559110961783
188396,-0.482314869986027,3,-0.0492041007691039
190175,0.879057746910019,3,0.64125809692822
375598,-0.676796672399749,3,-0.00611466338429946
336483,-1.45472388205463,3,-1.5995583358552712
375441,-0.28783306757230603,3,-0.03769997574484848
283145,-0.8712784748134691,3,-0.7433652636969241
187526,1.26802135173746,3,0.39874107062979836
156377,-0.482314869986027,3,0.01939106947812297
189944,-1.26024207964091,3,-1.1125405795755736
187977,0.295612339668857,3,-0.3510302450537808
375577,-2.0381692892958,3,-0.6748334745575995
188412,-1.06576027722719,3,-0.6907197588460181
375694,-0.8712784748134691,3,-0.8519987096361603
188846,0.101130537255136,3,-0.28002530536913073
188927,1.26802135173746,3,1.5620677488509846
190029,-0.28783306757230603,3,-0.7310690248784212
283120,-0.482314869986027,3,0.3017173476748883
374385,-0.0933512651585855,3,0.19210006859532258
374694,-0.676796672399749,3,-0.8774756804286147
188363,0.879057746910019,3,0.4389529293338721
190067,-0.0933512651585855,3,0.05246998171108183
283231,0.6845759444962989,3,-0.7237968596522341
188324,1.26802135173746,3,0.3750260170062628
188328,-0.8712784748134691,3,-0.21007212680345
190807,-0.28783306757230603,3,-0.3956245437122846
190126,0.490094142082578,3,0.258015653921114
374589,-0.28783306757230603,3,-0.5756005765931976
319779,-0.8712784748134691,3,-0.5255273908956799
374377,0.6845759444962989,3,0.1684446348658796
374945,0.879057746910019,3,0.6275421012759751
284216,0.490094142082578,3,-0.15125638344811598
187971,0.101130537255136,3,-0.372311882210795
373744,-0.0933512651585855,3,-0.18166034070536194
187765,-0.0933512651585855,3,-0.521503114796465
284222,-0.676796672399749,3,0.18801304606257466
375571,-1.06576027722719,3,-0.8770760513530816
188163,0.879057746910019,3,0.9612862410430888
187760,0.6845759444962989,3,1.0835578493101161
283447,-1.45472388205463,3,-0.8053682045239303
187820,0.101130537255136,3,-0.12775852049225692
374763,1.07353954932374,3,0.9226857653399644
190101,0.879057746910019,3,0.9473348270567173
190138,1.07353954932374,3,0.5545399169829128
188708,0.6845759444962989,3,-0.20264618966520004
189892,0.101130537255136,3,0.06493043742107318
188239,-0.482314869986027,3,-0.26560889876394783
188506,0.101130537255136,3,0.0049437551827023135
283736,-2.0381692892958,3,0.8478885270476573
374814,1.4625031541511797,3,0.9130776823018603
317951,-1.06576027722719,3,-1.1009275069257074
188052,0.295612339668857,3,-0.32852042921497193
188998,1.6569849565649,3,1.0723468018344116
284110,-1.26024207964091,3,-1.3833447033935746
188025,-0.0933512651585855,3,0.295605884543988
375620,-1.26024207964091,3,-0.8539243902258606
188189,1.26802135173746,3,1.5755865799714677
189632,-1.06576027722719,3,0.524068914069154
190803,0.101130537255136,3,0.3338478698223017
190022,0.490094142082578,3,0.2918153036495727
374145,-1.06576027722719,3,-0.9542384039555042
187834,-1.06576027722719,3,-0.5817903777262617
189790,-0.482314869986027,3,0.6286799662807837
283089,-0.8712784748134691,3,-1.0790435353244014
308266,1.6569849565649,3,0.09244581038066363
188463,-0.0933512651585855,3,-0.035249304662502916
375013,-2.42713289412324,3,-1.0808806522239804
190072,-0.28783306757230603,3,0.3182984054208136
188909,1.6569849565649,3,-0.12229989391113918
374479,-0.28783306757230603,3,0.28486934762279936
188698,1.26802135173746,3,1.1405316661207872
283822,0.101130537255136,3,0.6214764824950548
284067,-1.06576027722719,3,-1.3432106444654428
187751,1.07353954932374,3,-0.10889157270982602
187754,1.26802135173746,3,-0.12843155112742938
189804,0.101130537255136,3,0.035549181911735596
188153,0.101130537255136,3,0.3669101575667171
188563,1.4625031541511797,3,0.5064207603475268
187594,-0.482314869986027,3,0.4772030509750592
375498,-2.0381692892958,3,-0.756361102745664
375024,-1.45472388205463,3,0.035041529175818174
188375,0.879057746910019,3,0.520187330161754
189623,0.6845759444962989,3,0.9353688277487084
188103,0.879057746910019,3,-0.3746533484370462
375795,1.4625031541511797,3,0.6261442098601046
190278,-0.28783306757230603,3,-0.24872541121392666
283756,-0.676796672399749,3,-0.0884055677087427
188256,-0.676796672399749,3,-0.15851562900432706
189889,0.101130537255136,3,0.06377309710532218
187530,0.6845759444962989,3,-0.21361669088379265
283776,-1.45472388205463,3,-0.4708948409430033
2437408,-0.0933512651585855,3,0.9325177148550534
188546,2.04594856139235,3,1.6314853221729129
373900,-0.482314869986027,3,-1.1418467871410245
187919,-1.26024207964091,3,-0.42423999640706134
188037,0.101130537255136,3,0.2746690071156643
187655,-0.676796672399749,3,-0.40455154250197506
284224,-1.45472388205463,3,-0.9116324390955706
189115,0.879057746910019,3,1.0228841282646666
283252,-2.23265109170952,3,-1.8750025252467923
188019,0.6845759444962989,3,0.42394841700316294
189851,-0.676796672399749,3,-0.5267038119745847
373832,-1.06576027722719,3,-0.7555139180690431
188822,0.879057746910019,3,0.07003071968949064
374374,0.490094142082578,3,0.780445408023885
375458,1.6569849565649,3,0.9400628389016656
374484,0.101130537255136,3,-0.26606857533555534
189792,-0.676796672399749,3,0.6168120557610793
188944,1.4625031541511797,3,1.0901687923559007
190167,-0.28783306757230603,3,0.5672418471797476
190499,-0.8712784748134691,3,-0.35558842748779723
189020,2.2404303638060696,3,1.7543664339047285
190819,0.879057746910019,3,-0.08299785339408047
189970,0.490094142082578,3,-0.22056304294580548
319285,-1.26024207964091,3,-0.23274974648469962
283359,-2.0381692892958,3,-1.0382433292601738
284192,0.6845759444962989,3,0.3814907778918907
187807,0.6845759444962989,3,-0.2857452250639338
190139,0.6845759444962989,3,0.6653141833464383
319283,-1.45472388205463,3,-1.0618465172712466
374412,0.490094142082578,3,0.13027849178523784
188759,-0.8712784748134691,3,-0.6642212526182893
187973,0.879057746910019,3,-0.24610302362964678
376000,0.879057746910019,4,0.5339673132999326
376001,1.6569849565649,4,-0.0784674016322661
375995,0.6845759444962989,4,0.9839822433629448
374154,-0.28783306757230603,4,0.5646994437740479
283625,-2.42713289412324,4,-0.8885167639631747
283107,-1.06576027722719,4,0.012521353024836484
283792,0.101130537255136,4,-0.6324440223732485
187928,0.101130537255136,4,-0.020444418865727825
375766,-0.8712784748134691,4,-1.1322828273059844
283220,0.101130537255136,4,0.34278746523875764
318173,-1.06576027722719,4,-0.6525477012838277
375765,1.07353954932374,4,-1.3997165023672997
190162,0.101130537255136,4,0.2932861028941227
187675,0.295612339668857,4,0.11243636915282988
187818,1.6569849565649,4,0.6409011756013651
187984,0.6845759444962989,4,0.0183720842206955
188980,0.879057746910019,4,0.7360251197296257
189895,-0.482314869986027,4,0.17075420119506507
283214,-0.676796672399749,4,-0.08471323816144216
188922,0.879057746910019,4,-0.16609433598214915
189116,0.6845759444962989,4,0.9822815635570373
188415,-0.0933512651585855,4,0.0700038982238745
188472,0.295612339668857,4,0.6480395665672299
188379,-0.482314869986027,4,0.41594460123626786
374768,0.6845759444962989,4,0.835710733048755
283839,-1.45472388205463,4,-0.7412369280470994
284368,0.6845759444962989,4,0.051285424162064996
375813,1.07353954932374,4,0.4822313527145886
375708,-1.26024207964091,4,-0.8499225121993212
187878,1.6569849565649,4,0.2836930411045611
375663,-1.26024207964091,4,-1.1252112957791958
187682,-0.0933512651585855,4,0.2835665459667277
375016,1.07353954932374,4,0.6997058728397658
374941,0.490094142082578,4,0.6438308533770082
188407,-0.0933512651585855,4,-0.7303979065073174
375454,-0.28783306757230603,4,-0.18967170834211314
188820,-0.0933512651585855,4,-0.4882384547768701
373726,-0.0933512651585855,4,-0.1131745675575571
373522,-0.482314869986027,4,-0.19429903953239375
188507,0.295612339668857,4,-0.1864344921545617
189421,-2.0381692892958,4,-0.06165685403323147
189766,-0.28783306757230603,4,-0.40674432449098225
283815,-0.28783306757230603,4,0.6846592627502646
374699,-1.26024207964091,4,-0.309825432061967
284090,-1.26024207964091,4,-1.5655424404509994
188467,-0.482314869986027,4,-0.16759107332810758
374155,0.879057746910019,4,0.3087469018060896
188923,-0.482314869986027,4,-0.6403995504205328
188204,-0.482314869986027,4,-0.44777299430497686
375457,1.26802135173746,4,-0.3657940793834782
374548,-1.45472388205463,4,-1.5449879510285274
283715,-1.45472388205463,4,-0.6287691197814106
374718,-0.0933512651585855,4,0.5591845011872557
2436999,-1.26024207964091,4,-1.0558601894474622
283634,-2.62161469653696,4,-0.3105781254288396
375557,-2.0381692892958,4,-0.6703658235306142
319284,-0.8712784748134691,4,-0.8206168804780031
308010,-0.8712784748134691,4,-0.7827237431996846
188530,0.879057746910019,4,1.0071455718587952
189042,0.101130537255136,4,1.2195651764505842
187844,-0.0933512651585855,4,-0.13114800632139748
374174,0.879057746910019,4,0.29161085169947715
189000,0.879057746910019,4,0.5172761568615243
188225,1.07353954932374,4,-0.11097068674884555
188466,1.4625031541511797,4,0.09475992636699167
187826,-0.482314869986027,4,-0.032380756491812226
187656,-0.676796672399749,4,-0.03779764624054323
189832,-0.676796672399749,4,-0.028258813435000366
187840,0.101130537255136,4,-0.07844533922385363
376002,-0.0933512651585855,4,-0.16916100698354344
375817,-1.06576027722719,4,-0.36076099866002953
189280,1.85146675897862,4,0.9127014567914714
189021,2.43491216621979,4,-0.6008789945730985
373626,-0.676796672399749,4,-0.4638916416611633
187588,-0.0933512651585855,4,0.39484465119127177
374534,1.85146675897862,4,1.1966471140103034
187696,1.07353954932374,4,0.7956547194462257
190006,-0.0933512651585855,4,0.0292948943903929
284336,-0.482314869986027,4,-0.33531899884006966
375288,-0.482314869986027,4,-0.6295459310359723
188899,1.07353954932374,4,0.2017059790281203
375342,-0.676796672399749,4,-0.4857022009464035
374124,0.6845759444962989,4,0.7703314031425257
284319,1.4625031541511797,4,0.8784249481781178
188497,1.26802135173746,4,0.2719608466270924
376010,-0.676796672399749,4,-0.6808944957013591
190115,-0.8712784748134691,4,-0.07819187814411349
187869,0.490094142082578,4,0.6728267742741805
188792,0.879057746910019,4,0.4455535431361808
188146,-0.482314869986027,4,-0.6355222254508429
187903,0.879057746910019,4,0.410711127671096
188494,1.4625031541511797,4,0.9707947689608906
189240,1.85146675897862,4,1.2105289113850994
190800,-0.28783306757230603,4,-0.03497970036306004
374746,-0.482314869986027,4,-0.199788286966969
374063,1.07353954932374,4,0.07188769667379949
375952,0.879057746910019,4,0.33872349535733
189047,1.85146675897862,4,1.2296627743498352
190728,-1.26024207964091,4,-0.543728465579476
374617,-1.45472388205463,4,-0.7473158221596224
190792,0.490094142082578,4,-0.482819341644748
373863,-0.8712784748134691,4,-0.5926298098607699
190063,-0.0933512651585855,4,-0.09895222727578869
187781,0.879057746910019,4,0.6693378811546444
188190,-0.8712784748134691,4,0.19121919720828637
283664,-0.8712784748134691,4,-1.0529075791512976
188292,0.295612339668857,4,-0.0053688054119290195
373672,-0.0933512651585855,4,-0.21040344748977288
373745,-0.8712784748134691,4,-0.5116220060445359
374546,-0.28783306757230603,4,-0.23687941280521144
188033,0.490094142082578,4,-0.1976525158988539
189690,-1.45472388205463,4,0.007749413523571407
187893,1.4625031541511797,4,0.7106994736632577
190018,0.101130537255136,4,0.22587112638508947
374686,-0.676796672399749,4,-0.6589547695233268
374419,-0.482314869986027,4,-0.4025676208619647
373628,0.490094142082578,4,0.8091210909045202
188733,1.85146675897862,4,-0.44661761068540334
188554,1.26802135173746,4,0.2572849304157176
374609,0.101130537255136,4,-0.22015659484908776
283597,-2.0381692892958,4,-1.2055103059483747
190789,-0.676796672399749,4,0.3828563855664613
190051,-1.26024207964091,4,-0.2278405509073089
376040,-0.8712784748134691,4,-0.85481257946465
189282,1.6569849565649,4,1.1498873617424927
375997,0.490094142082578,4,-0.7062796210323333
374147,-0.0933512651585855,4,-0.43772730995477066
188434,0.6845759444962989,4,0.42593694011165867
373799,-0.0933512651585855,4,-0.12880860388105594
375932,0.6845759444962989,4,0.31361438325646185
187716,1.6569849565649,4,-0.04919880739212272
188336,2.04594856139235,4,1.3442551789900483
187582,0.295612339668857,4,0.6241234848537274
190005,-0.482314869986027,4,-0.13568083982049017
187904,1.6569849565649,4,0.5100634542835277
187987,-0.0933512651585855,4,0.30143347950299165
187793,0.879057746910019,4,0.566863005176151
283969,-1.06576027722719,4,-1.1130380343238209
187491,1.4625031541511797,4,1.2156261126975771
374742,1.26802135173746,4,0.4356433642764484
187854,0.6845759444962989,4,0.4589200472636762
283126,1.07353954932374,4,0.9431138043826139
375662,0.879057746910019,4,-0.06685908176245957
375295,-1.26024207964091,4,-0.6612095144461633
374103,-0.676796672399749,4,-0.05154613110814052
189091,-0.0933512651585855,4,-0.7007471027395806
375230,-1.06576027722719,4,-0.4944473708108972
187778,-0.676796672399749,4,-0.051964659809114605
187725,0.490094142082578,4,0.0967042528487196
374017,-1.06576027722719,4,-1.2950929881499476
189392,0.490094142082578,4,0.8210621452390381
336781,-1.06576027722719,4,-0.5794573985706987
374185,0.879057746910019,4,0.028384653929681748
187996,0.6845759444962989,4,0.5986370559003239
336484,-1.06576027722719,4,-1.4358254707441045
190056,0.6845759444962989,4,0.25926499114630963
189937,0.879057746910019,4,0.006426924989279051
375781,-1.45472388205463,4,-1.2689215892114392
375502,-0.0933512651585855,4,-0.1519405362982978
284002,-2.0381692892958,4,-1.1054216661840166
374688,-1.06576027722719,4,-0.695529257138564
375642,-0.8712784748134691,4,1.1822235001718544
373642,1.07353954932374,4,0.04069772533651703
187603,0.101130537255136,4,-0.3429465999609511
284120,-1.06576027722719,4,0.13448032147213937
375850,0.879057746910019,4,0.39896968472985844
338067,-1.26024207964091,4,-0.8137867808166136
374064,1.26802135173746,4,0.8453454119226436
188423,-0.28783306757230603,4,-0.3807903574131997
283445,-0.0933512651585855,4,-0.6331238974225182
375449,-0.482314869986027,4,-0.19453043361511452
308212,-0.8712784748134691,4,-0.1526970428247318
189844,-1.06576027722719,4,-0.656509773649181
2437280,-0.482314869986027,4,-0.6531849743191831
3624697,0.879057746910019,4,-0.6851311742199782
284335,0.879057746910019,4,0.4237205315592628
375645,-2.42713289412324,4,-1.1455257061528532
375564,-1.26024207964091,4,-0.4906452549230014
189956,-0.0933512651585855,4,0.32827956304311623
188053,0.295612339668857,4,0.4568858521346101
187901,-0.8712784748134691,4,0.7776808214379829
374013,-1.26024207964091,4,-1.0211781424914714
187548,0.879057746910019,4,0.9317749944862699
187662,0.101130537255136,4,-0.36600869463061025
318177,-1.06576027722719,4,-1.5900407282718647
189928,0.101130537255136,4,0.14038259744754025
376013,1.07353954932374,4,0.5641674357911007
187671,0.490094142082578,4,0.0035696188778359616
2437245,-0.0933512651585855,4,-0.46194653969870797
189667,0.101130537255136,4,-0.20189974430922872
190711,-0.0933512651585855,4,-0.1070480209053836
375640,-1.26024207964091,4,-0.8931857850517204
375447,-0.676796672399749,4,-0.28033617349671863
188243,-0.0933512651585855,4,0.29451230687427526
190783,-1.45472388205463,4,-0.7904354185758063
283515,-1.45472388205463,4,-0.9229517584561904
187920,-1.06576027722719,4,-0.45049100782391654
374253,-0.8712784748134691,4,-0.4870292497258094
188496,0.490094142082578,4,1.0239514090634616
375540,-0.8712784748134691,4,-1.2328760582728149
375094,-2.0381692892958,5,-0.8251596660437344
375417,-0.8712784748134691,5,-0.750004138591707
188742,1.85146675897862,5,0.11319951128175691
188957,0.295612339668857,5,0.5727023140372413
189996,-1.06576027722719,5,-1.085103156813209
190808,-0.0933512651585855,5,0.16056854886240335
188958,1.6569849565649,5,1.2903653706867817
188529,-0.0933512651585855,5,-0.5186548857815224
373615,-0.8712784748134691,5,-1.1857367546696076
283599,-0.676796672399749,5,-0.12044062809259184
373991,0.6845759444962989,5,-0.3927420956190442
375018,-1.06576027722719,5,-1.1777173342022478
319282,0.101130537255136,5,0.12827706419452006
187848,0.295612339668857,5,-0.2303972102329781
189854,0.101130537255136,5,-0.07756500328312461
284371,0.6845759444962989,5,0.2943503696068242
283444,-1.45472388205463,5,-0.8420776197991997
188254,-0.8712784748134691,5,-0.788234852689181
187856,-0.0933512651585855,5,0.8561912761432653
190160,-0.0933512651585855,5,-0.36498513712429925
375975,0.879057746910019,5,0.5567497676095682
283667,-0.0933512651585855,5,-0.15409807816043597
375922,0.101130537255136,5,-0.787355657099916
189194,2.04594856139235,5,1.7794396516081268
374706,-0.28783306757230603,5,-0.7554503381414759
188326,0.490094142082578,5,-0.38893452668748796
375641,0.101130537255136,5,-1.4032409064800109
283130,-0.8712784748134691,5,-0.33063401423895705
374178,-0.0933512651585855,5,0.24758935148756478
189043,-0.676796672399749,5,0.21497240264810613
374623,1.4625031541511797,5,0.3128025746555146
188636,0.295612339668857,5,0.28699219119248864
187456,1.4625031541511797,5,1.3417927586885185
284327,-0.676796672399749,5,-0.3391649518061698
284025,-2.23265109170952,5,-1.119302254842253
188079,0.295612339668857,5,-0.02417558422415455
374969,-0.8712784748134691,5,-0.9250363122795249
189744,-1.45472388205463,5,-0.9425129238359911
283456,-0.28783306757230603,5,-0.009664192960821856
374621,-0.8712784748134691,5,-0.9477041254019254
190734,0.879057746910019,5,-0.06908096671826323
374451,-0.8712784748134691,5,-0.9836438101510633
374401,-0.676796672399749,5,1.0220232399277103
284305,0.490094142082578,5,0.919851680170824
188702,0.295612339668857,5,-0.2883070437002891
283182,-0.482314869986027,5,-1.0529989001123141
374239,-0.482314869986027,5,-0.2532352055413618
187838,0.101130537255136,5,0.39623208444383284
375711,-0.676796672399749,5,0.6767663038431191
283762,-0.8712784748134691,5,-0.5544754709061918
187611,0.295612339668857,5,0.18678679779868618
188113,1.07353954932374,5,1.2164951968142697
283201,-0.676796672399749,5,-8.121726882492442e-05
373986,-0.8712784748134691,5,-0.4231861516913796
188226,0.490094142082578,5,0.19783874855237396
188287,1.4625031541511797,5,0.7207660724213399
374631,-0.482314869986027,5,-0.20830449026801376
283171,-1.26024207964091,5,-0.6809724306553852
189299,2.04594856139235,5,0.09721708145745009
319279,-1.45472388205463,5,-0.9533524992162241
283199,-1.26024207964091,5,-0.12478716544212089
188999,1.4625031541511797,5,0.3270483259326094
188156,1.07353954932374,5,0.2077049329955731
189267,1.07353954932374,5,0.7689734130422904
188398,0.6845759444962989,5,-0.36652084565336446
375875,0.490094142082578,5,0.28008808456740225
374517,0.490094142082578,5,-0.00814864819955548
283431,-1.06576027722719,5,-0.022821458836769015
375666,0.879057746910019,5,-0.543419726053577
336686,-1.26024207964091,5,-0.5036727616044409
284322,0.879057746910019,5,0.17825424378326368
284373,0.101130537255136,5,0.7136592087328228
375521,-0.8712784748134691,5,-0.915439298408292
189233,0.6845759444962989,5,0.35094326374652385
190177,0.6845759444962989,5,0.3175735973793921
189079,1.85146675897862,5,1.0568960316580298
188064,0.101130537255136,5,-0.3320310844082428
375471,-0.0933512651585855,5,-0.8858715636219278
188248,-0.482314869986027,5,-0.7384638314408176
283230,-0.676796672399749,5,-0.8612600256352563
283755,-1.26024207964091,5,-0.49777818640233307
375590,-1.45472388205463,5,-1.5369599450771168
189913,0.101130537255136,5,0.11326863339364455
284182,-1.45472388205463,5,-0.9184385971770429
189647,-1.45472388205463,5,-0.7243462956847423
187989,1.6569849565649,5,0.9401055770085777
375015,-0.8712784748134691,5,-1.1678092716149464
189337,0.295612339668857,5,1.6881237108171354
283179,0.879057746910019,5,0.20966992435931506
375581,-1.45472388205463,5,-1.4471689461542527
319783,-0.8712784748134691,5,-0.852834487624687
283300,-0.28783306757230603,5,-0.003447418009177148
375823,1.26802135173746,5,0.1099506189907273
187645,-0.676796672399749,5,0.6166627880594188
283808,-1.06576027722719,5,-0.7471127988667469
188449,1.26802135173746,5,0.36070426662794325
190296,-0.8712784748134691,5,-0.42260915882014255
189433,-0.0933512651585855,5,0.23463918119999913
283757,-0.676796672399749,5,0.11422340481465142
190088,-0.28783306757230603,5,-0.6641270232842307
375006,-2.42713289412324,5,-1.0825466096811245
189974,0.490094142082578,5,-0.2043385065714851
189005,1.4625031541511797,5,1.2723908969574098
373623,-0.676796672399749,5,-0.2846805683993876
375998,-1.06576027722719,5,-0.7610799236566623
190141,0.6845759444962989,5,0.9311818602747307
188055,0.295612339668857,5,-0.26927950399448913
375397,-0.8712784748134691,5,-0.475417915190745
187636,0.6845759444962989,5,-0.660930420161698
187784,0.295612339668857,5,0.13714086743028758
188895,1.4625031541511797,5,0.07807637387510774
283914,-0.8712784748134691,5,-0.5882055481256948
188454,0.101130537255136,5,-0.556884120548779
283143,0.490094142082578,5,0.5046401332988708
187495,0.490094142082578,5,0.2373149838618677
188373,-1.26024207964091,5,-0.9421865213964127
373793,-0.482314869986027,5,-0.3158098841426364
374567,-2.0381692892958,5,-0.7014806689787476
190191,-0.0933512651585855,5,0.4023051993661239
187935,1.26802135173746,5,0.59006530573048
284165,-0.8712784748134691,5,0.450410170074167
375845,0.490094142082578,5,0.5266090736373258
188413,-0.482314869986027,5,-0.10596839925915424
188218,1.26802135173746,5,-1.0978672504538731
283707,-0.8712784748134691,5,-0.6583529048487662
188408,0.879057746910019,5,-0.2643380998769902
187860,0.295612339668857,5,-0.42408276068739686
374741,0.6845759444962989,5,0.1734116408913512
375582,-1.26024207964091,5,-1.2659880996353519
190045,-0.0933512651585855,5,-0.2226506747758799
188083,0.6845759444962989,5,0.2195422931851839
188996,1.26802135173746,5,0.8453964617108487
189153,2.04594856139235,5,1.6750910196671915
375341,-1.26024207964091,5,0.39587618182057693
187590,1.07353954932374,5,0.6735137147477007
375623,-0.676796672399749,5,-0.45193221202088435
187767,-0.28783306757230603,5,-0.07583413913190862
188220,-0.28783306757230603,5,0.2689157696166505
188545,1.85146675897862,5,1.2963235730716842
187482,0.879057746910019,5,-0.3248153259142511
187895,-0.676796672399749,5,-0.33166173720789205
374190,-0.0933512651585855,5,0.026436321952932103
188552,1.85146675897862,5,0.43018215570798474
189076,1.85146675897862,5,2.116660657391073
187846,-0.0933512651585855,5,-0.09047220782205452
189224,1.4625031541511797,5,0.8958362668376884
376033,0.6845759444962989,5,-0.6295438337552739
374476,0.490094142082578,5,-0.05200060403274208
189022,0.879057746910019,5,0.17736161013388166
188669,-0.28783306757230603,5,-0.8941913317155967
283763,-0.482314869986027,5,-0.6541523630168533
190016,0.879057746910019,5,-0.0033208957323890764
187944,-1.45472388205463,5,-1.1502518805819222
318552,-1.45472388205463,5,-0.9308869535694887
376022,-1.06576027722719,5,-0.8975995466290297
188974,1.07353954932374,5,0.10024224967294605
189293,-1.45472388205463,5,-0.2794355722487293
375790,-1.06576027722719,5,-0.388057999644415
375976,-0.676796672399749,5,0.6662677909183017
190035,-0.0933512651585855,5,0.008820004539152672
187511,-0.28783306757230603,5,0.09295397844571969
283760,-0.28783306757230603,5,-0.2601281652556671
188008,1.07353954932374,5,0.5870682967067324
187474,-0.0933512651585855,5,0.4884086101658966
188229,1.07353954932374,5,0.027818001630184268
283748,-1.45472388205463,5,0.03579733066806751
188095,0.490094142082578,5,-0.5971720139835338
187877,1.85146675897862,5,0.8973086713664175
374407,0.490094142082578,5,-0.15987114666886812
187749,1.4625031541511797,5,-0.3828229251069996
374547,-0.8712784748134691,5,-0.31264760764975175
189708,-0.0933512651585855,5,0.5310994981200285
187545,0.295612339668857,5,0.2473855888294394
187771,1.6569849565649,5,-0.0585874062542494
187543,1.26802135173746,5,0.44442303645496717
283784,-0.28783306757230603,5,-0.11884025364849676
188443,-0.0933512651585855,5,0.5169131589243419
188237,1.85146675897862,5,0.41758450615503356
376049,1.26802135173746,5,0.6011832057709878
187462,-0.482314869986027,5,-0.10440782602483703
375839,-0.482314869986027,5,-0.2988219055933549
189629,0.879057746910019,5,0.24770820045279943
283812,-0.0933512651585855,5,-0.26477634852557197
187685,-0.0933512651585855,5,-0.9125233588454997
375370,-0.676796672399749,5,-0.6146576054184026
188667,0.6845759444962989,5,-0.3360783596898413
188945,0.295612339668857,5,0.24708064478867836
319954,-2.23265109170952,5,-0.7676600062082317
283448,-0.8712784748134691,5,-0.5619882429363976
375810,-0.28783306757230603,5,-0.12105172922689299
189028,1.4625031541511797,5,1.0838885535099254
375695,2.43491216621979,5,0.8311008912526116
190274,0.879057746910019,5,0.27984514076285044
188137,-0.482314869986027,5,-0.8256815226564574
373769,-0.8712784748134691,5,-0.6976826363781838
375513,-0.676796672399749,5,-1.0292228952583322
376027,-0.28783306757230603,5,-0.40872523670234284
283166,-0.676796672399749,5,0.3622544446343919
375724,0.879057746910019,5,0.9850311807823541
189631,-2.0381692892958,5,-0.2925979389544066
2437249,-0.0933512651585855,6,-0.25757660737521176
189017,1.6569849565649,6,1.385863131526755
375625,-0.676796672399749,6,0.07124406291081857
375846,0.101130537255136,6,0.7101423066467331
188934,0.6845759444962989,6,0.8588565868363838
375940,-0.28783306757230603,6,-0.0016049132518622805
190403,-0.676796672399749,6,-0.6732265608561041
187976,-1.06576027722719,6,-1.2279234302999313
188152,1.4625031541511797,6,0.6293372730887622
187471,0.879057746910019,6,0.34548322209132
375974,1.07353954932374,6,0.2308289937329705
283778,-2.0381692892958,6,-0.9747279272043899
187705,-0.482314869986027,6,-0.15845416048062222
375772,-1.26024207964091,6,-0.781574453785236
187712,1.85146675897862,6,0.6294507845553022
188785,-0.0933512651585855,6,0.23031875830411724
283160,-0.482314869986027,6,-0.42483525959885066
375376,-0.28783306757230603,6,-0.1946235997364187
188185,1.4625031541511797,6,0.45379336337983905
188734,1.4625031541511797,6,0.561365250307011
189248,1.85146675897862,6,1.0005133804919297
188421,0.295612339668857,6,0.11332836642248932
188096,0.101130537255136,6,-0.16643782452557734
187704,-0.0933512651585855,6,0.5385964697500775
374655,-1.26024207964091,6,-0.24107052356142053
374197,-0.0933512651585855,6,-0.8478643738026852
188979,0.295612339668857,6,1.342865634804466
188267,-0.0933512651585855,6,-0.5118722161357054
374665,-0.482314869986027,6,-0.6711456404139268
187936,0.101130537255136,6,0.6643879085468518
375962,-0.0933512651585855,6,0.025433856822205614
188777,1.26802135173746,6,1.1031256670145762
188067,0.101130537255136,6,0.18621425745173226
187868,-1.06576027722719,6,-0.6747320605316917
188715,1.6569849565649,6,0.07230650226853397
2436902,-1.45472388205463,6,-1.1185246979445629
189027,0.6845759444962989,6,1.1067601815950243
190089,0.879057746910019,6,0.4483613075630944
187957,-0.0933512651585855,6,0.27900010504552253
375957,0.490094142082578,6,0.6792110657270117
187972,0.101130537255136,6,0.23810755871845687
284100,-2.0381692892958,6,-1.178885481120064
189977,-0.482314869986027,6,-0.07866387686974445
283770,-1.45472388205463,6,-0.9565320663981364
188086,-0.28783306757230603,6,0.12977070067575935
187702,0.490094142082578,6,0.6053100637883942
375934,0.490094142082578,6,0.7088515974828322
187905,-0.0933512651585855,6,-0.33250190525629514
375394,-0.0933512651585855,6,-0.4184070256318408
189003,0.490094142082578,6,0.8890376419345297
187556,0.101130537255136,6,0.8048860370718444
190085,-1.26024207964091,6,-0.927056318504145
189050,0.6845759444962989,6,0.9829578985492645
190148,0.879057746910019,6,0.09763034411482463
188378,0.101130537255136,6,0.4479684234883215
283209,-2.0381692892958,6,-0.23069888948366546
190252,-0.28783306757230603,6,-1.1249659408648243
189193,1.6569849565649,6,1.6532856810327667
374414,-0.8712784748134691,6,-0.6041922970187832
190708,-0.28783306757230603,6,-0.2289909107498225
187801,-1.26024207964091,6,-2.012497440795704
189859,-0.482314869986027,6,-0.17962199337493545
283759,-1.06576027722719,6,-0.3852086568459175
189759,0.101130537255136,6,0.19308405897970796
374392,-0.482314869986027,6,0.4642499077808405
188214,1.85146675897862,6,-0.11836634964337056
188458,0.490094142082578,6,0.1927302018969344
374680,0.490094142082578,6,0.06580158732550773
188630,1.4625031541511797,6,-0.3283965729563525
375778,-0.482314869986027,6,-0.7798663621337659
376023,-1.26024207964091,6,-0.12492728726418006
284247,-0.28783306757230603,6,-0.37945338085906166
187772,0.6845759444962989,6,0.3452916852887611
375373,-1.26024207964091,6,-1.2450896015519557
189842,0.101130537255136,6,0.1746820156472944
337841,-0.28783306757230603,6,-0.7657353130927775
187501,0.6845759444962989,6,-0.3167962020880549
374681,-0.8712784748134691,6,-0.37039645903856067
189864,-0.0933512651585855,6,0.28146339715172364
188861,1.85146675897862,6,1.9683230874897284
374961,-0.482314869986027,6,-0.2446124590568317
283312,-1.45472388205463,6,0.2592548053930262
189247,1.85146675897862,6,0.7572468888288033
336479,-1.06576027722719,6,-0.6504785880724626
188134,1.26802135173746,6,0.10597537620933938
283158,-0.0933512651585855,6,-0.8736036893492694
375696,-0.482314869986027,6,-1.0256555507998335
188603,0.6845759444962989,6,-0.15431036131022083
284280,1.6569849565649,6,-0.2514163873719987
187803,1.07353954932374,6,1.4207665073302858
187523,0.879057746910019,6,0.5771093248916614
375527,-0.676796672399749,6,-1.018782922850456
374545,-0.0933512651585855,6,0.3937116411010443
373655,-1.45472388205463,6,-1.6937876849779474
375740,-2.23265109170952,6,-0.4595792175682772
188596,0.6845759444962989,6,0.4511467684945978
375583,-2.42713289412324,6,-1.2141485623407118
283132,-0.28783306757230603,6,0.2452031095187742
189059,0.295612339668857,6,0.572163194595339
374382,-0.482314869986027,6,-0.15225531917815463
2437287,-0.676796672399749,6,-0.22614488255206805
189624,-1.26024207964091,6,0.10595121744206339
375930,-0.0933512651585855,6,-0.1847797272671035
190059,-0.482314869986027,6,0.44852987378323406
189384,-0.0933512651585855,6,-0.34611335473186716
189077,2.04594856139235,6,1.4368546488718146
283838,-2.0381692892958,6,-1.4016368078545103
189035,1.85146675897862,6,1.1594700836766085
188970,1.85146675897862,6,1.207284616644089
189715,1.85146675897862,6,0.35970300079690687
190434,-0.676796672399749,6,-1.344846491249384
188972,1.07353954932374,6,1.0675514997694422
283105,0.879057746910019,6,1.1165968972462532
187560,1.07353954932374,6,-0.14282424382382078
187508,0.6845759444962989,6,-0.08066112893876302
189615,-1.45472388205463,6,-0.14257954209587687
375825,-0.676796672399749,6,-0.6064049883009461
283205,-0.482314869986027,6,-0.33171526141239144
374652,-0.482314869986027,6,0.14115449299551974
187842,0.879057746910019,6,1.4536023219961878
373760,-0.8712784748134691,6,-0.9970484167457896
374703,1.07353954932374,6,-0.2731771347320007
375842,0.879057746910019,6,0.6013858358273404
374386,-0.0933512651585855,6,-0.16066599835357745
190130,0.101130537255136,6,0.24915385012191646
188942,1.4625031541511797,6,1.3769533562761693
373621,0.879057746910019,6,0.32054087382671986
190733,0.490094142082578,6,-0.08272049934567545
336684,0.101130537255136,6,0.3197330026837881
187735,0.879057746910019,6,-0.5201109662647041
190189,0.101130537255136,6,-0.19129372684512927
189222,1.85146675897862,6,1.9008453192621673
190774,0.879057746910019,6,0.31971698396382164
283718,-1.26024207964091,6,-0.4737572006861466
188956,0.490094142082578,6,1.0988432952693499
190238,-1.45472388205463,6,-1.1454216547472962
374527,-0.0933512651585855,6,-0.8850063310029901
187500,0.490094142082578,6,0.38940330722364513
189997,0.101130537255136,6,-0.03723669267281481
283127,0.490094142082578,6,1.489770408608825
374607,0.6845759444962989,6,0.052670971457206145
375062,-0.8712784748134691,6,-0.34006074514487267
375883,-0.8712784748134691,6,-0.3824588854139312
188306,1.6569849565649,6,0.7041139645365438
187733,-0.0933512651585855,6,0.1599923668236103
373694,0.490094142082578,6,1.2249850263696418
187742,0.295612339668857,6,-0.2299158859390785
2437194,-0.28783306757230603,6,-0.6703727667389334
373903,-1.45472388205463,6,-0.30164117191431766
188345,-0.8712784748134691,6,-0.03493718350642566
189009,2.04594856139235,6,1.1106207724741752
189862,-0.482314869986027,6,0.787231850003379
374918,0.101130537255136,6,0.8850455611441477
375752,1.07353954932374,6,0.5115740762641474
373782,0.101130537255136,6,0.754410817594754
190127,-0.0933512651585855,6,-0.16094942793953534
190149,1.4625031541511797,6,0.6850927874931421
374749,-0.0933512651585855,6,-0.10878172841650495
284251,-1.06576027722719,6,-0.9758957228198124
374483,0.879057746910019,6,0.47430175166278066
374363,0.879057746910019,6,-0.12319057533242186
283967,0.6845759444962989,6,0.184102602092548
189455,1.26802135173746,6,-0.35887125458653624
187974,0.295612339668857,6,-0.10599639684561815
189236,2.04594856139235,6,1.0059743126404224
375467,-0.8712784748134691,6,-0.9905885972148339
375573,0.490094142082578,6,-0.1869010228847709
189210,1.6569849565649,6,1.3132150719392255
374177,0.879057746910019,6,0.06751884412608437
284236,0.879057746910019,6,-0.3961462296759159
190173,-0.28783306757230603,6,0.05301114117192002
374934,0.101130537255136,6,-0.35299710874537865
188990,1.07353954932374,6,0.9149814741552134
284132,-1.26024207964091,6,-1.1759034933853791
187945,1.6569849565649,6,-0.25456854201685686
375745,-0.676796672399749,6,0.0480900137485126
374600,-1.45472388205463,6,-0.8837351711963246
375689,0.6845759444962989,6,0.3076949226350903
190068,-0.0933512651585855,6,0.14949826920900855
373770,-0.0933512651585855,6,-0.18829643460467363
283791,1.26802135173746,6,0.5565075049111307
188425,1.26802135173746,6,0.043497741857030287
373734,0.490094142082578,6,0.7516952182532644
373758,-1.06576027722719,6,-0.46052615575538786
189712,-0.676796672399749,6,0.5877921755270631
375742,1.07353954932374,6,-0.4498160422830015
283790,0.101130537255136,6,0.1990423167742799
375432,-0.28783306757230603,6,-0.24483143745637664
2437395,-0.482314869986027,6,-0.31223550662839766
190196,0.879057746910019,6,0.8985525005262693
2437251,0.490094142082578,6,0.0702746561583916
283773,-2.42713289412324,6,-0.5222847192010613
188469,0.101130537255136,6,-0.8034709025111497
189189,1.6569849565649,6,0.813780720276447
374108,-1.26024207964091,6,-1.1646224205762115
190796,-0.28783306757230603,6,-0.9715240462671271
188757,0.490094142082578,6,-0.45758821365484903
373759,0.6845759444962989,6,1.0417901995204504
187876,1.4625031541511797,6,0.7700702031993565
187718,-0.482314869986027,6,-0.07596407622337785
190164,-0.28783306757230603,7,0.5630373226558126
188331,-0.0933512651585855,7,-0.35689192697760447
189697,0.490094142082578,7,0.875186318015046
374927,1.4625031541511797,7,0.6517626937551444
375560,-0.28783306757230603,7,-0.5620274075176097
375274,-1.06576027722719,7,-1.4806154470137256
374331,1.26802135173746,7,-0.08630867617637046
189241,0.879057746910019,7,0.6487730999655187
190137,-0.676796672399749,7,0.03233710614657359
374590,0.879057746910019,7,0.8731030169977096
318179,-2.23265109170952,7,-1.2228774229484212
187710,1.26802135173746,7,1.1339949783403311
374467,1.6569849565649,7,1.162728439633683
284215,0.490094142082578,7,0.08165100723269055
374473,0.879057746910019,7,0.2850236067801241
189957,-1.26024207964091,7,-0.023683507507658574
190163,-0.0933512651585855,7,0.3699136472564237
283766,-0.28783306757230603,7,0.34189322794156946
187654,0.879057746910019,7,0.5417848853887218
375674,-1.26024207964091,7,-0.2557025709787622
376032,-0.0933512651585855,7,-0.03759693157395052
189696,-1.45472388205463,7,0.2626017043052307
187606,0.295612339668857,7,-0.6618923409656394
187833,0.490094142082578,7,1.3311487836203535
188444,1.26802135173746,7,0.6071634163743608
187457,0.879057746910019,7,-0.04673063271697062
283769,-0.8712784748134691,7,-0.08523620460555015
190081,-0.0933512651585855,7,0.522958581593892
2437267,1.6569849565649,7,0.11386459480808855
187665,0.295612339668857,7,-0.012938572826930169
375788,0.101130537255136,7,-0.08452616196133797
374371,-0.0933512651585855,7,0.2778014475670687
375809,-1.26024207964091,7,-0.43552687575312443
189637,0.879057746910019,7,-0.7414643030657878
189749,-1.26024207964091,7,-0.6212673787897423
188058,-0.0933512651585855,7,0.3843785808319683
187975,0.6845759444962989,7,0.17398678722812014
187874,0.490094142082578,7,-0.12802862201431267
373743,-0.28783306757230603,7,0.16518796710184308
373506,0.490094142082578,7,0.49247319754063923
375548,-0.676796672399749,7,-0.8615206223500441
188640,0.101130537255136,7,-0.42585489237753704
188492,0.6845759444962989,7,0.4126028499019232
187850,0.879057746910019,7,0.8418557213800678
188896,0.490094142082578,7,0.7634083005388929
374368,0.879057746910019,7,-0.6483569930904128
190198,-1.26024207964091,7,-0.7493705115343238
284334,0.490094142082578,7,0.08587771203288669
189883,0.879057746910019,7,0.2996401301881442
188521,0.490094142082578,7,0.8618303100362119
188093,-0.0933512651585855,7,-0.2172975412723376
375169,-0.676796672399749,7,-0.5445396770262928
189201,1.4625031541511797,7,1.8864813801420752
374693,-0.8712784748134691,7,-0.13657526485176577
374620,-0.28783306757230603,7,-0.7726718717616589
283221,-1.26024207964091,7,-0.5814345831731893
187522,-0.482314869986027,7,0.006430820064362985
283083,-0.0933512651585855,7,0.471420815243173
375451,2.04594856139235,7,1.4740737859179598
189869,-0.0933512651585855,7,0.29604023441845706
187518,0.879057746910019,7,0.0752839736460451
375859,-1.06576027722719,7,-0.5718853176004629
189133,-0.28783306757230603,7,-0.7655185538101298
187889,0.490094142082578,7,0.15952164629458243
283775,-0.28783306757230603,7,-0.4890008879706338
375807,-0.8712784748134691,7,-0.5993202238997734
189107,1.4625031541511797,7,2.0357477856762896
375857,-1.06576027722719,7,-0.679646706947414
188997,0.879057746910019,7,0.9987329213970688
283802,1.07353954932374,7,-0.15626202607579187
283754,0.879057746910019,7,0.17433735670134845
283732,-1.45472388205463,7,-1.052647272438507
283125,0.490094142082578,7,-0.0454243621233493
190046,-0.0933512651585855,7,0.10972223599159747
283553,-2.23265109170952,7,-0.7521530468313962
375794,-1.45472388205463,7,-0.9503613908184313
188780,1.26802135173746,7,0.6272990303839143
284015,-1.26024207964091,7,-0.2773337064241874
375698,-0.482314869986027,7,-0.3182809958136378
187587,0.295612339668857,7,-0.07354109930326862
373904,-0.676796672399749,7,-0.8076138644615641
284338,-2.0381692892958,7,-0.25504010798000826
190472,-0.0933512651585855,7,-0.6390696056752537
373739,-0.482314869986027,7,0.20058009609427782
187564,1.07353954932374,7,0.04802229583665863
374643,-0.676796672399749,7,-0.6185496815165479
187497,0.490094142082578,7,-0.40891041088792374
189038,2.04594856139235,7,1.816165180439
375965,0.879057746910019,7,0.4494609813834126
188319,-0.0933512651585855,7,-0.39347326755101353
283229,-1.06576027722719,7,-1.115461194492135
187769,0.101130537255136,7,-0.11117368718456767
189909,0.101130537255136,7,0.3599501238880322
373629,0.101130537255136,7,0.08922648062085425
188816,1.26802135173746,7,0.804271317259033
283638,-1.26024207964091,7,0.1045578245347246
189628,-0.8712784748134691,7,-0.13941054605749215
374632,0.490094142082578,7,0.40355321880559814
375634,-0.482314869986027,7,0.1401901768876194
375916,0.101130537255136,7,0.1713828118017621
190000,0.101130537255136,7,-0.3546385521415954
283165,-2.0381692892958,7,-0.9250833506925824
374604,-1.26024207964091,7,-0.4803782776072151
188445,0.879057746910019,7,0.23026031342017733
188982,0.295612339668857,7,0.9174339990762777
374611,-1.06576027722719,7,-0.5279462849658989
188155,0.101130537255136,7,-0.2637165568605494
336477,-1.26024207964091,7,-1.2983216790916394
188029,0.101130537255136,7,-0.5933761030590897
188482,0.6845759444962989,7,0.18465049832788982
188036,0.6845759444962989,7,0.3004746428623032
189294,1.07353954932374,7,0.6574060898266244
284176,-1.45472388205463,7,-0.47501269091411347
374678,-0.0933512651585855,7,-0.47711654683181465
373627,-0.8712784748134691,7,-0.02260248616206394
375538,-0.482314869986027,7,-1.169421226967239
375608,-0.8712784748134691,7,-0.14401904703655508
189229,1.6569849565649,7,1.4433202093242663
190124,-0.0933512651585855,7,0.05012482534809094
375738,-0.0933512651585855,7,-0.04444890464818123
374663,0.879057746910019,7,-0.33771807771454826
2437378,0.490094142082578,7,0.6945564909542342
188249,0.490094142082578,7,-0.0022754185435832235
189099,-1.06576027722719,7,0.25218574703337443
375755,-1.06576027722719,7,-0.7313129468888034
188187,-0.0933512651585855,7,-0.14876783520310935
187470,0.295612339668857,7,-0.39416148624026565
375731,0.101130537255136,7,-0.1935805862812714
375679,0.490094142082578,7,1.211690481533481
190184,-0.28783306757230603,7,-0.37958323929870086
317953,-2.23265109170952,7,-0.9691686362155647
374531,-0.676796672399749,7,-0.29437064921842065
283823,0.101130537255136,7,0.48749733757620817
375972,-1.06576027722719,7,-1.3576494835155166
188825,1.85146675897862,7,-0.09646996962370484
188038,0.490094142082578,7,-0.012762997983161325
283215,-0.676796672399749,7,-0.2443135016409393
187528,0.6845759444962989,7,0.10804066092366525
375739,0.101130537255136,7,-0.5707667214660633
189887,-0.0933512651585855,7,0.1782479567177557
190797,-1.26024207964091,7,-0.8478714551616942
374974,0.101130537255136,7,0.11789581271583813
374610,-0.8712784748134691,7,-0.5506936355628747
189029,1.4625031541511797,7,0.9970211030474029
374359,0.490094142082578,7,0.5040128540694817
374747,0.6845759444962989,7,0.5118298265780623
187979,1.6569849565649,7,0.9207580248908503
188911,-0.28783306757230603,7,0.15036957121230718
374171,0.490094142082578,7,0.8158452338884878
189871,-0.28783306757230603,7,-0.1194141721451691
283139,0.879057746910019,7,0.12316459569359975
375576,-0.676796672399749,7,-1.0298315641097417
283183,0.879057746910019,7,0.222709723249249
284277,0.879057746910019,7,0.6747349916241021
189253,0.879057746910019,7,1.2425475323342545
189093,-1.26024207964091,7,-0.181314998954917
188848,-0.0933512651585855,7,-0.20497793570394715
284281,0.879057746910019,7,0.12052483404723031
190058,-0.28783306757230603,7,0.17474259696784708
187956,-0.0933512651585855,7,-0.17692341423113306
189865,0.879057746910019,7,0.37869181688271947
190816,0.101130537255136,7,-0.4813820592532943
374024,-0.8712784748134691,7,-0.9963811250958362
375572,-0.482314869986027,7,-1.2810791881024937
187605,-0.0933512651585855,7,-0.5624657140012478
375775,-0.676796672399749,7,-1.353505530280389
188365,0.490094142082578,7,0.14011522790438313
375714,-2.42713289412324,7,-0.27030975188974177
374759,-0.0933512651585855,7,0.5559371205371881
189797,0.6845759444962989,7,0.03679395608498753
190064,-0.0933512651585855,7,-0.40630806177478795
188419,-0.0933512651585855,7,0.0912879185713444
187541,-0.28783306757230603,7,0.335255282659739
283110,-0.8712784748134691,7,-0.7673392344962993
189006,1.85146675897862,7,1.375123199411433
336783,-1.26024207964091,7,0.3867974514460607
373952,0.101130537255136,7,-0.4522092397216729
190732,0.879057746910019,7,-0.27914979307721505
189015,1.4625031541511797,7,1.7160712825588211
189961,-0.28783306757230603,7,-0.08306172156390458
187755,-0.0933512651585855,7,-0.6819183647667791
375518,-1.26024207964091,7,-1.5469836861857647
375921,-0.482314869986027,7,-0.05869101418802853
373635,-1.45472388205463,7,-1.1376068758093796
375894,1.07353954932374,7,-0.7086300771683367
283194,-0.0933512651585855,7,-0.2657225710401821
336688,1.26802135173746,7,-0.7201404297029134
284262,0.490094142082578,7,-0.3774527956712726
374165,1.6569849565649,7,0.40744068303824715
189234,-0.28783306757230603,7,0.3149982989210479
187914,-0.0933512651585855,7,0.043764425105685206
189630,-0.0933512651585855,7,-0.28282999165699263
374429,-0.482314869986027,7,0.40983716703966555
188268,0.295612339668857,7,0.7507874889413262
189340,0.101130537255136,7,0.4998928441580395
374591,-0.0933512651585855,7,-0.37035911085747253
374659,-0.676796672399749,7,-0.671894666259016
189302,0.6845759444962989,7,0.5873172990425896
375693,-0.0933512651585855,7,-0.3071804167612965
190098,-0.28783306757230603,7,-0.04958425059068283
187983,-0.0933512651585855,8,0.24014366017588787
373725,0.879057746910019,8,0.16522379365199277
190100,0.101130537255136,8,-0.009300878000384273
188040,0.101130537255136,8,-0.055514201186981686
189755,0.101130537255136,8,0.46617444643689776
188092,0.6845759444962989,8,0.6035630541655573
374978,-0.676796672399749,8,0.7641671862122896
374622,-0.676796672399749,8,-0.22050890220081318
284068,-2.0381692892958,8,-1.3735831286444853
190731,-2.0381692892958,8,-0.24485389561716409
190782,-0.28783306757230603,8,-0.7183381380397391
189134,1.4625031541511797,8,1.696903197435627
187481,-0.0933512651585855,8,-0.2618338312482486
187731,-0.676796672399749,8,-0.09876185772131729
375736,-0.482314869986027,8,-0.48964026337097954
188286,0.101130537255136,8,0.8646975905529566
318175,-2.0381692892958,8,-1.7799593257208708
373682,-0.676796672399749,8,0.3886671068802641
187692,-0.676796672399749,8,-0.9243775577370391
189001,1.4625031541511797,8,1.0585310185567953
336485,-1.06576027722719,8,-1.1716451255212101
283789,-0.28783306757230603,8,-0.2960619167345005
189400,-0.0933512651585855,8,0.2730676240864722
374532,0.6845759444962989,8,1.3235039046116883
375368,-1.26024207964091,8,-0.18408389322891444
375871,0.101130537255136,8,0.40021278636205626
283740,-0.0933512651585855,8,0.31258500942546774
375494,0.490094142082578,8,0.02946549619852725
187562,0.879057746910019,8,-0.007994470202746531
187968,1.07353954932374,8,0.41121652445980994
375678,-1.45472388205463,8,-0.7031378480008272
187485,0.101130537255136,8,0.6239813783459701
189238,2.2404303638060696,8,1.5743932298914298
188000,0.295612339668857,8,0.5077978854163864
187667,0.879057746910019,8,-0.8210200988885112
375371,-0.8712784748134691,8,-0.8144066024559756
188338,-1.26024207964091,8,-0.16661296980338247
188912,-0.28783306757230603,8,0.5295520167150386
375310,1.07353954932374,8,-0.5779732271545501
189023,2.04594856139235,8,0.838597139557024
374635,-1.45472388205463,8,-0.711899978121977
189081,1.4625031541511797,8,1.568371826694783
187780,-0.28783306757230603,8,-0.43251989485233394
374339,0.879057746910019,8,-0.2939112347374855
374158,0.490094142082578,8,1.2344746944500646
187879,0.490094142082578,8,0.35457254878244415
188906,0.490094142082578,8,-0.7410632269599102
189390,1.07353954932374,8,-0.10019563109503883
189723,-0.28783306757230603,8,0.3879009042504006
374109,-0.482314869986027,8,-0.786148709228962
189278,-0.0933512651585855,8,0.2957568713622845
284024,1.26802135173746,8,-0.3235029686141219
375395,-1.06576027722719,8,-0.7570217714154667
375743,-0.676796672399749,8,-0.6108712753663568
187886,-0.28783306757230603,8,-0.5517030679914945
188543,0.490094142082578,8,0.4678088813064663
375735,-0.0933512651585855,8,-0.30791682595787795
189808,0.101130537255136,8,0.4250765891310159
190096,-0.482314869986027,8,0.6559604191903737
375664,-0.676796672399749,8,-0.9381599522171643
283964,1.26802135173746,8,0.13021107479429103
189979,-0.0933512651585855,8,0.09227187359742241
374086,0.6845759444962989,8,-0.3884998697599049
187938,-0.482314869986027,8,-0.34616319553463465
373733,1.26802135173746,8,0.8035716946617936
189012,2.2404303638060696,8,0.5868433141617667
283950,-0.482314869986027,8,-0.5977282023976719
188377,0.490094142082578,8,0.08663371986821794
187918,-0.482314869986027,8,-0.1780697404327116
189230,1.85146675897862,8,1.7363811491584238
375726,1.26802135173746,8,0.04864599316706734
283722,-2.0381692892958,8,-0.78409896059484
189991,-0.28783306757230603,8,-0.11871822425614482
283416,-2.0381692892958,8,-0.8845676413713248
188464,1.6569849565649,8,0.3496076201089326
336481,-1.45472388205463,8,-0.8969373828408391
374995,-2.42713289412324,8,-1.9777262819438042
188781,1.07353954932374,8,1.0711187003301776
374504,-1.06576027722719,8,-0.8027174908117914
375335,-0.0933512651585855,8,-0.08134988047561446
283726,-0.28783306757230603,8,-0.16239864225769637
284328,0.879057746910019,8,0.9638167276769627
188311,2.2404303638060696,8,1.4659275781281373
336685,-0.0933512651585855,8,-0.1557075788416712
188330,-0.0933512651585855,8,-0.938733740997942
283471,-1.45472388205463,8,-0.36691116383649514
188157,1.26802135173746,8,1.1079923411828643
189032,0.879057746910019,8,0.9223745742172886
283232,-0.676796672399749,8,0.491964378735793
189698,0.879057746910019,8,0.3304502108182501
374696,-0.482314869986027,8,-0.2910032350344744
189666,-0.28783306757230603,8,-0.1287492024357519
373851,0.490094142082578,8,-0.019778804179835307
374362,0.879057746910019,8,0.38787545312557864
373716,0.101130537255136,8,0.0683444215058153
374568,-0.8712784748134691,8,-0.7559518797015604
319781,-1.45472388205463,8,-0.6680556385456582
375994,0.6845759444962989,8,0.48185717052996313
187794,1.07353954932374,8,0.27105815698517877
284272,-0.482314869986027,8,0.6900737730077907
375626,-0.28783306757230603,8,0.14159377533685294
188876,0.879057746910019,8,0.38829903435762236
190669,-1.06576027722719,8,-1.3473589647623079
188357,-0.8712784748134691,8,-0.2613743598076721
188270,0.101130537255136,8,0.1026729914497903
373939,0.101130537255136,8,-0.6764833125431264
190707,-0.676796672399749,8,0.18797915072570562
190186,-0.28783306757230603,8,0.10348513719741091
283782,-0.28783306757230603,8,0.21952835582158478
188475,-0.0933512651585855,8,0.3446559732154383
189932,0.101130537255136,8,-0.4184715014726927
188476,0.101130537255136,8,0.15916463973661132
374391,0.490094142082578,8,0.22697580028046152
190778,0.490094142082578,8,0.4816951259493588
283751,-2.42713289412324,8,-0.0597473431168259
187550,-0.0933512651585855,8,-0.902673477803132
2437409,0.101130537255136,8,0.11759390110355093
283779,-0.28783306757230603,8,0.2572035272322926
188840,-0.8712784748134691,8,0.1920316865981702
284372,0.490094142082578,8,0.3570896959788851
188246,0.295612339668857,8,0.4494534621240955
188035,-0.0933512651585855,8,-0.8706823130877163
375597,-1.45472388205463,8,-0.9661732783265091
374613,-0.676796672399749,8,-1.1836789541556259
190082,1.07353954932374,8,0.6446687849395032
374603,-0.676796672399749,8,-0.412112104786843
187812,1.6569849565649,8,1.6316282896250252
189751,-0.28783306757230603,8,-0.13323951962880973
375759,-0.28783306757230603,8,-0.33176575651461127
189308,1.6569849565649,8,1.659404926008678
190795,0.879057746910019,8,0.035150701751189825
374541,-0.28783306757230603,8,0.7302291714425934
283978,-0.0933512651585855,8,-1.3086718437304223
308008,-1.06576027722719,8,-0.5638927827001967
190086,-1.26024207964091,8,-0.8575242864664123
187473,1.07353954932374,8,-0.06821156383499935
375545,-1.26024207964091,8,-1.13009408968625
283752,0.490094142082578,8,-0.7432319157128615
284324,0.879057746910019,8,0.6551789235947784
190458,-0.0933512651585855,8,-0.153017729044674
283876,-2.0381692892958,8,-1.1885219370274447
188202,0.295612339668857,8,0.54421128987986
374367,-0.0933512651585855,8,-0.4316248698140249
283603,-0.676796672399749,8,-0.48726627764410685
283325,0.879057746910019,8,0.31740198007836207
189152,1.07353954932374,8,1.5409188851946096
187992,2.04594856139235,8,-0.32891453729634945
187686,1.6569849565649,8,0.5952970131869192
187982,-0.676796672399749,8,0.11985012201697517
188932,0.490094142082578,8,0.5620023755421881
188872,0.101130537255136,8,-0.42255648963668924
190092,-0.8712784748134691,8,-1.2785116376300887
187631,-0.0933512651585855,8,-0.5365206445632572
187863,-0.676796672399749,8,-1.351304427306179
283671,-0.0933512651585855,8,-0.11573656970467752
374630,-0.28783306757230603,8,-0.6687302530728373
189834,0.490094142082578,8,0.043392884165323005
188975,0.6845759444962989,8,1.0661174774344386
284291,-0.28783306757230603,8,0.3987210680974582
283106,-1.45472388205463,8,-1.033875914697324
2437263,0.490094142082578,8,-0.2728405630271204
187666,-0.482314869986027,8,-0.14713275241125595
189168,2.2404303638060696,8,2.0423842618258443
283668,-1.06576027722719,8,-0.6584943077620191
373850,-0.482314869986027,8,-0.547430847281213
375433,-0.8712784748134691,8,-0.9989802729370393
375404,-2.0381692892958,8,-1.0280828409875908
190791,0.101130537255136,8,-1.1537798182581636
283735,-2.0381692892958,8,-0.47060091502109785
190815,-1.06576027722719,8,-0.4627887715129463
187707,0.295612339668857,8,0.16502320853522218
190157,0.879057746910019,8,-0.061764702380719426
189274,1.4625031541511797,8,0.2435108448337558
188327,-0.676796672399749,8,0.23332364794714253
187949,0.6845759444962989,8,1.237021139487494
187717,0.879057746910019,8,0.062378918349650515
374513,-0.28783306757230603,8,0.32228611026797954
190073,0.6845759444962989,8,-0.3034554958921989
283817,-0.0933512651585855,8,0.15389352710917306
187814,-0.8712784748134691,8,-0.17282653698024422
188907,1.85146675897862,8,1.8851570505554633
188145,0.490094142082578,8,0.8133265693856107
187484,-0.0933512651585855,8,0.1477748957328342
188429,-1.06576027722719,8,-0.8923792076872753
375589,-0.676796672399749,8,-0.5106947644402146
189881,0.101130537255136,8,0.5366508814930342
188001,0.490094142082578,8,0.6317638053314782
374160,0.879057746910019,8,-0.006757778713874677
187536,0.101130537255136,8,-0.14910752431913055
189157,1.07353954932374,8,0.6685790113527472
190125,-0.8712784748134691,8,-0.37771377375295045
189040,1.85146675897862,8,1.7022682728914325
190097,-0.28783306757230603,8,-0.14559875465418948
187563,-0.8712784748134691,8,-0.8352264158575998
187713,2.2404303638060696,8,1.5705164822111113
374062,-0.676796672399749,8,-1.290407284060961
283311,0.879057746910019,8,1.1322349119781006
188969,1.26802135173746,8,1.109396976615965
283665,-1.06576027722719,8,-0.6994297000842657
188984,1.07353954932374,8,1.391454054646979
2437266,0.490094142082578,9,1.1124644304887534
374001,0.879057746910019,9,-0.15901626000717653
283656,-1.26024207964091,9,-1.0720773245909654
190804,0.879057746910019,9,0.6057008199232323
188362,0.295612339668857,9,0.5893447584622611
187677,-0.28783306757230603,9,-0.0023903337067000133
189805,-0.0933512651585855,9,-0.6780833900354685
374537,0.879057746910019,9,0.21730009377595602
285674,-1.26024207964091,9,-0.26563894737917726
373649,-0.0933512651585855,9,0.42665258135185674
189811,0.101130537255136,9,0.14321479446694668
188222,1.4625031541511797,9,0.8434106261888062
187763,0.101130537255136,9,-0.14575642777796508
187866,0.101130537255136,9,-0.34340201847068474
188418,-0.0933512651585855,9,0.02349477192026828
190055,-1.06576027722719,9,-0.7641341806272417
189232,0.6845759444962989,9,0.5865331873055097
189668,0.6845759444962989,9,0.6169312877825915
189109,2.04594856139235,9,1.5304454126645914
187730,-0.0933512651585855,9,0.2696551945953166
190142,-0.0933512651585855,9,0.4844749913855343
187822,1.4625031541511797,9,1.1044503469048
318174,-1.26024207964091,9,-1.2614232384048898
284080,-1.45472388205463,9,-0.9799732184975266
190561,-2.23265109170952,9,0.07134750989018246
188558,0.101130537255136,9,0.3799009466767363
374378,-0.0933512651585855,9,0.16207523120930684
374066,1.07353954932374,9,-0.17692423131376311
375943,0.879057746910019,9,0.7825121283447324
189013,0.101130537255136,9,0.44217365718906926
189014,0.490094142082578,9,0.6353637832147581
190703,-0.0933512651585855,9,-0.049445107466544305
375504,1.07353954932374,9,-0.6527685669245192
187741,1.26802135173746,9,-0.017979297326455233
375340,-1.26024207964091,9,-0.6828782129497961
373467,-0.0933512651585855,9,1.3708952234780825
189291,1.4625031541511797,9,0.6710509340904542
189010,2.04594856139235,9,0.963226093268403
190806,0.879057746910019,9,0.4506788524984289
2437244,-0.28783306757230603,9,-0.6546679424212615
187711,0.879057746910019,9,0.49888694215466683
188259,0.879057746910019,9,0.11464611248376114
375393,0.879057746910019,9,0.4798973448929757
374739,-1.45472388205463,9,0.11256468238694672
187546,0.6845759444962989,9,0.1529600832186388
187591,1.6569849565649,9,0.7758012614159924
187985,-0.0933512651585855,9,0.7885407300942975
375539,-2.0381692892958,9,-0.553820403316646
2437268,0.101130537255136,9,0.16217452177851804
283859,-0.28783306757230603,9,-0.3288667746396501
187883,1.26802135173746,9,1.1887389426757957
376015,0.490094142082578,9,-0.18602262635795874
188209,-0.482314869986027,9,-0.7557899226960445
283176,0.879057746910019,9,0.22906086515626234
189245,1.4625031541511797,9,1.5977661165106236
187753,0.101130537255136,9,-0.5093677204465865
190280,-0.28783306757230603,9,-0.3165819463172986
189268,1.6569849565649,9,0.621149637417209
374956,-1.45472388205463,9,-0.6931595828335388
283279,-0.8712784748134691,9,-0.6798060424655846
190069,0.6845759444962989,9,-0.041648925100731274
375704,0.879057746910019,9,0.6145931398748758
187573,0.879057746910019,9,-0.0003414424228074496
188321,0.295612339668857,9,-0.16771809281530356
187567,0.101130537255136,9,-0.8407680552713279
187990,1.6569849565649,9,0.536434911220159
187770,2.2404303638060696,9,0.3855424518009878
318178,-2.0381692892958,9,-1.5055561482188622
188405,-0.0933512651585855,9,-0.2624261541564775
373980,-0.676796672399749,9,-0.13728449454577804
283712,-0.8712784748134691,9,-0.7676137588922936
283144,0.879057746910019,9,1.1532472270844758
2437415,-1.45472388205463,9,-0.6643728891481642
374067,1.07353954932374,9,0.6536113662975273
375421,0.490094142082578,9,0.10812324127612417
189786,0.101130537255136,9,1.0754571882696187
375784,-1.26024207964091,9,0.28681022626114
187853,-0.676796672399749,9,-0.17712913100041178
375556,-0.676796672399749,9,-0.8160057959464113
375779,-0.28783306757230603,9,-0.987033717483637
375917,-0.482314869986027,9,0.0210808112673678
374743,-0.676796672399749,9,0.030081400986022737
187584,-0.0933512651585855,9,-0.5585239145560855
188401,0.879057746910019,9,0.029322420133507623
188898,1.26802135173746,9,0.3524688131229431
375931,-0.28783306757230603,9,0.05870737055314967
190071,-0.676796672399749,9,0.030886363047929632
283721,-1.06576027722719,9,0.053818072489905985
187804,2.04594856139235,9,0.7631401149482171
283116,0.490094142082578,9,0.6464689181030262
187515,-0.0933512651585855,9,-0.4421247782664137
189958,-0.8712784748134691,9,-0.14854704592409523
283623,-2.42713289412324,9,-0.8299303245996785
188211,-0.0933512651585855,9,-0.8446160896336752
283235,-0.28783306757230603,9,0.22282905146189166
188978,1.26802135173746,9,0.590841199918956
190134,-1.45472388205463,9,-0.5607645168285775
373777,-0.28783306757230603,9,-0.5939474976211481
375410,-0.28783306757230603,9,-0.6825046106629685
187566,-0.482314869986027,9,-0.10684512653177017
188374,1.4625031541511797,9,0.47899772926424633
188312,-0.482314869986027,9,-1.373031561776389
188122,0.295612339668857,9,0.31463234821379577
374204,0.6845759444962989,9,-0.07618638975200204
375830,-1.06576027722719,9,-0.9003090809545161
283819,0.879057746910019,9,0.49779376436227357
375037,0.6845759444962989,9,-0.514744654581525
374003,-0.676796672399749,9,-0.2687304091427587
284219,-0.0933512651585855,9,-0.13629385343547504
2436958,-1.06576027722719,9,-0.4857756457820423
374361,-0.0933512651585855,9,-0.08035657300102984
188441,1.07353954932374,9,0.0011596390460994871
374536,0.490094142082578,9,0.34778012396599056
187952,0.101130537255136,9,0.33815237983737984
187461,2.04594856139235,9,0.5637996116823123
373485,-0.28783306757230603,9,-0.9955172567813235
187978,0.879057746910019,9,-0.29581728894719367
375549,-0.28783306757230603,9,-0.5318936841100043
187810,1.26802135173746,9,0.28512315598564536
188672,-0.8712784748134691,9,0.43422639547332803
187663,0.101130537255136,9,-0.6047400102191063
188061,-0.28783306757230603,9,-0.7526168341515613
375799,-1.26024207964091,9,0.30456181159849094
190174,-0.8712784748134691,9,0.27697475067618516
190805,0.101130537255136,9,0.5976587838146555
188236,-0.482314869986027,9,0.39594415548836237
190784,1.07353954932374,9,1.1663790336822486
189885,-0.28783306757230603,9,-0.180189037612935
375621,-0.28783306757230603,9,-0.223534226730822
375977,0.879057746910019,9,-0.0506747064003926
187574,-0.28783306757230603,9,-0.6700487612229528
373780,0.101130537255136,9,-0.1163127919405994
190036,-0.482314869986027,9,0.1468965221773121
374191,1.6569849565649,9,1.2354259432941472
189955,-1.06576027722719,9,-0.6042409174616078
188765,-0.8712784748134691,9,-0.8295369460785461
190195,-0.676796672399749,9,-1.204361385841236
190076,1.07353954932374,9,0.7283659844285579
187472,1.85146675897862,9,1.5734092621104618
187505,-2.0381692892958,9,-0.47712849086669173
2437214,-0.0933512651585855,9,-0.05702985096677382
187607,1.07353954932374,9,0.34713070863936335
308006,-0.676796672399749,9,-0.6491867148754086
375901,-0.8712784748134691,9,-0.4549627072658926
375820,0.101130537255136,9,0.5327758555728646
375020,-1.26024207964091,9,-0.058576578416360284
189290,1.07353954932374,9,0.8275354463058606
187537,-0.0933512651585855,9,-1.084994505440323
188154,1.26802135173746,9,0.5271086132575339
188410,0.6845759444962989,9,-0.052160213675231576
374825,0.6845759444962989,9,0.5824625218824899
283742,-2.23265109170952,9,-0.6112325081734395
188510,0.101130537255136,9,-0.07005467494399191
283157,-0.482314869986027,9,-0.05151212579878381
188468,1.26802135173746,9,0.5050343980228735
283118,0.490094142082578,9,1.1929520966945992
189686,-0.482314869986027,9,-0.08170006821880174
2437256,-1.26024207964091,9,-0.5187824397887559
187791,0.879057746910019,9,0.32198813051241365
375661,-0.8712784748134691,9,0.09776488623544996
376034,-1.06576027722719,9,-0.3580276622753238
189041,0.879057746910019,9,0.8288628723297118
187669,-0.482314869986027,9,0.030675682762955542
187824,-0.28783306757230603,9,-0.1600589442468976
375446,-1.06576027722719,9,-0.9716408203553465
189084,1.6569849565649,9,1.639941961202184
190813,-2.0381692892958,9,-0.8819058760721088
375254,-1.45472388205463,9,-0.3198029598507656
187709,1.07353954932374,9,-0.07471025626671932
375503,-2.0381692892958,9,-0.9372547888933686
187681,-0.482314869986027,9,0.3878995755475841
375838,0.490094142082578,9,0.606529319198269
189809,0.101130537255136,9,0.34102213524721364
189254,1.85146675897862,9,1.1467441264272675
375391,-1.26024207964091,9,-0.5144064032243043
375747,-1.45472388205463,9,-0.9392596712350464
374740,-0.8712784748134691,9,-0.47320179688796726
375710,-1.06576027722719,9,-1.0718988585107418
374416,0.490094142082578,9,1.0777347825570722
375389,-1.45472388205463,9,0.20324286090206853
188105,0.879057746910019,9,0.939617941730843
190794,-1.06576027722719,9,0.424228147402362
373754,-0.0933512651585855,9,-0.5059713399083205
375578,-0.676796672399749,9,-0.6282904913802192
187739,0.6845759444962989,9,0.40674425848380524
2437250,0.879057746910019,9,0.06454591342649342
283774,-0.676796672399749,9,0.06579629282338641
189753,-0.482314869986027,9,0.2967112546520361
188577,-0.676796672399749,9,-0.2857289804842892
374436,0.101130537255136,9,0.13542761028757527
375796,1.07353954932374,9,0.15609539597660105
375890,-0.676796672399749,9,-0.5387825912966587
188989,2.04594856139235,9,1.4076985758563232
188076,0.101130537255136,9,-0.6837243302753439
187647,-0.0933512651585855,9,-0.3971645392162387
375579,-1.26024207964091,9,-0.6082920971406032
376047,1.07353954932374,9,0.18320930683498837
188988,0.490094142082578,9,0.7084669054289866
373654,0.101130537255136,9,-0.16246963996220076
190344,1.07353954932374,9,0.5180440571327087
