id,Hard,kfold,NuSVR_pred
283796,-0.0933512651585855,0,0.3652574454085128
318176,-1.45472388205463,0,-1.0229304444087988
375748,-0.8712784748134691,0,-0.296441169409696
283449,-0.676796672399749,0,0.26044329867257476
188500,-0.28783306757230603,0,-0.3296552030014246
375461,-0.8712784748134691,0,-0.3203988250492328
189287,0.879057746910019,0,0.30778216883813614
189829,0.6845759444962989,0,0.44304792351555466
374530,-0.8712784748134691,0,-0.16607001755497902
188849,2.2404303638060696,0,1.5325564018646782
190818,-1.06576027722719,0,-0.3168919115414499
190817,-1.06576027722719,0,-0.724165415124056
189756,-0.676796672399749,0,-0.5250029332031417
189034,1.26802135173746,0,0.8922328585452886
188018,-0.482314869986027,0,-0.6352258593983823
374516,0.490094142082578,0,1.1585114952324838
283849,0.490094142082578,0,0.5452199588609166
188012,0.490094142082578,0,0.3582094823120314
374913,-0.0933512651585855,0,0.0957050799925531
190070,1.07353954932374,0,0.4547581204981679
190129,0.101130537255136,0,0.09208122155497872
373675,-0.28783306757230603,0,0.13433152433398934
187555,0.490094142082578,0,0.4093940137779971
283128,-0.8712784748134691,0,-0.6124911128716601
189244,0.101130537255136,0,-0.03714098679094838
375465,-0.676796672399749,0,-0.40410404804281075
189819,0.879057746910019,0,-0.602095709794489
308004,-1.45472388205463,0,-1.0149632815684353
283313,-0.482314869986027,0,0.12891592258496778
187612,-0.0933512651585855,0,0.2964858330631679
308211,-0.8712784748134691,0,-0.8435825228581352
374712,0.101130537255136,0,-0.21215340189367846
187839,0.6845759444962989,0,0.425466711303763
375552,-0.8712784748134691,0,-0.5391107459089779
283600,-0.8712784748134691,0,-0.5914713695129048
373872,0.879057746910019,0,1.103610878151303
374598,-1.06576027722719,0,-0.24114091259885076
376021,0.879057746910019,0,-0.25761070159892796
374614,-1.26024207964091,0,-0.7354107164062723
283753,-2.0381692892958,0,-0.21289681135275637
2437048,-0.0933512651585855,0,-0.7114090286848014
188894,0.490094142082578,0,0.15578374652579327
188549,1.85146675897862,0,1.6132663256139121
187703,0.101130537255136,0,-0.07416259998019273
375437,-0.676796672399749,0,-0.48929040168967763
375717,0.101130537255136,0,0.4014970306486536
188197,-1.26024207964091,0,-0.46521384634352425
374365,0.879057746910019,0,0.7867424032848532
188987,0.490094142082578,0,0.6664335936483787
188244,1.26802135173746,0,0.8283231251758051
375551,-0.28783306757230603,0,-0.8693444162210037
374475,0.101130537255136,0,0.8195789717556884
187458,1.4625031541511797,0,0.16783468949401134
187674,-0.0933512651585855,0,0.21248495944612592
284369,0.879057746910019,0,0.05414282531582579
374629,1.07353954932374,0,0.045139807202751625
374988,-2.62161469653696,0,-0.7107796861533262
190140,-1.26024207964091,0,-0.6918580002660305
189822,-0.8712784748134691,0,-0.5952713474508836
190144,0.879057746910019,0,0.33472097793598443
374612,-2.0381692892958,0,-0.7155603598890072
375816,-0.676796672399749,0,-0.4636013701722208
187832,-0.482314869986027,0,0.5734158204774952
187995,-0.28783306757230603,0,-0.5416101475082086
188255,0.295612339668857,0,0.33771664484717223
187714,0.101130537255136,0,0.18798732683390715
374515,-0.482314869986027,0,-0.3624489706744983
374186,-0.676796672399749,0,-0.623079340959815
189250,1.6569849565649,0,1.186734923023169
189018,-0.0933512651585855,0,0.17149830277205544
374183,-0.482314869986027,0,-0.13209631059267413
190040,1.07353954932374,0,0.7227298364538586
187464,1.26802135173746,0,0.6326143885867029
375923,0.879057746910019,0,-0.2056998844159959
283633,-1.45472388205463,0,0.3743821221779958
283676,-0.676796672399749,0,0.06911949850170349
189319,1.4625031541511797,0,1.2681824067020289
187764,0.6845759444962989,0,0.3604756167905032
187783,-0.8712784748134691,0,-1.0589039733387369
189289,2.2404303638060696,0,1.1585451699934441
190143,-0.482314869986027,0,-0.1805903059994633
188764,0.879057746910019,0,-0.223724578382833
190062,-0.28783306757230603,0,-0.3546772587782788
188383,-0.482314869986027,0,-0.49415484611344906
284312,0.879057746910019,0,0.47055803752767134
188232,0.879057746910019,0,0.5161394011271502
187676,0.879057746910019,0,0.3552756400427919
188034,0.295612339668857,0,-0.48924855744255713
375569,-0.676796672399749,0,-0.3940870649275803
188704,1.4625031541511797,0,0.7604010174818898
187583,-0.8712784748134691,0,-0.6203563999901218
283843,-0.0933512651585855,0,-0.10233079561654368
190787,-1.26024207964091,0,-1.1863599303442414
188101,1.07353954932374,0,1.2678998808393593
375585,-2.23265109170952,0,-0.735958698126161
374691,0.6845759444962989,0,-0.43960716142650536
283813,-0.0933512651585855,0,0.33416187256558727
188320,-0.0933512651585855,0,0.11498627745222512
188427,0.879057746910019,0,0.17817467975549098
374505,-0.8712784748134691,0,-0.3844830177467312
188110,2.43491216621979,0,1.3794242990779664
187875,1.26802135173746,0,0.5953910299299888
283723,-0.676796672399749,0,-0.3362521169877735
2437308,-0.28783306757230603,0,0.3474240191727008
190277,-0.0933512651585855,0,-0.012982287889153496
373730,-0.676796672399749,0,-0.10837935462263246
187585,1.07353954932374,0,0.5751462505977125
374914,0.6845759444962989,0,0.7406612602009195
190103,0.101130537255136,0,0.08269397233234388
283781,0.101130537255136,0,0.16249990926242183
308254,-0.676796672399749,0,-0.2771018884806454
375702,-1.26024207964091,0,-0.747185037075518
188991,1.4625031541511797,0,1.0402406053277176
374213,-0.676796672399749,0,-0.3404311916569237
187658,0.879057746910019,0,-0.02395006748692169
375372,-1.26024207964091,0,-0.7319883785755197
374807,-1.06576027722719,0,-0.2702929008035599
188250,-0.0933512651585855,0,0.06636443998249322
187980,2.2404303638060696,0,0.3169205824526934
188940,0.6845759444962989,0,0.20152522855224111
188099,1.85146675897862,0,0.24312194942596907
374004,-0.28783306757230603,0,-0.41297886701670394
375659,-1.45472388205463,0,-0.8578554247220479
283846,-1.26024207964091,0,-0.7341383817750875
190811,1.07353954932374,0,1.0637780679354962
375205,-0.482314869986027,0,-0.7692028911380975
188346,-0.676796672399749,0,-0.30744702112685474
374011,1.6569849565649,0,0.16440952788621419
188054,0.879057746910019,0,-0.4828882153318187
283109,-0.8712784748134691,0,-0.9037697388833917
189024,1.26802135173746,0,0.8893462994998631
374551,0.101130537255136,0,0.2539272106451398
188992,1.4625031541511797,0,0.6973800558636077
336782,0.879057746910019,0,0.3375623114625922
187678,1.26802135173746,0,0.31787693185235055
189872,-0.0933512651585855,0,0.1888423164380281
284278,0.101130537255136,0,-0.2497539662347861
190158,-0.676796672399749,0,0.37563805632077485
188758,1.85146675897862,0,0.4952303897340171
283670,0.101130537255136,0,-0.29358511770622153
283177,-0.8712784748134691,0,-0.2009025700940758
375355,-0.28783306757230603,0,0.07385963972359735
189964,0.879057746910019,0,0.5301848571449246
283805,-1.45472388205463,0,-0.5677222019417815
189670,0.101130537255136,0,1.1946761928250176
284304,0.6845759444962989,0,0.5134014127548663
188493,0.490094142082578,0,1.2931639317373036
375971,0.879057746910019,0,0.3062113414640728
188009,1.4625031541511797,0,0.4672026803302949
284248,-0.28783306757230603,0,-0.013682179609775275
190769,-1.26024207964091,0,-1.1609013000889874
187551,-0.676796672399749,0,-0.2068792494692123
188172,-0.482314869986027,0,-0.44419314665292786
283719,-0.676796672399749,0,-0.25505196117680895
284066,-1.26024207964091,0,-0.5747052053216346
187906,0.6845759444962989,0,0.56405972215962
2437340,-0.482314869986027,0,-0.21245910534605933
375791,-1.26024207964091,0,-0.3215173621567021
373575,-1.26024207964091,0,-0.07073282354931915
189706,-0.0933512651585855,0,-0.14193766350013348
187907,1.07353954932374,0,0.6091066979731568
2437252,-0.8712784748134691,0,-0.3241287521944261
375383,-0.482314869986027,0,-0.30411466188531056
188517,0.295612339668857,0,0.17589199959344723
375973,-0.28783306757230603,0,0.00031886071360476276
187653,-0.28783306757230603,0,-0.325207734886839
188174,-0.482314869986027,0,0.789720414952316
375017,-1.26024207964091,0,-0.17476811695547956
187514,1.4625031541511797,0,-0.2842142285859531
188269,1.85146675897862,0,0.26766986648933044
284370,-0.676796672399749,0,-0.24088416691657177
189856,0.879057746910019,0,0.1414614053427897
187700,0.295612339668857,0,0.33317280544991856
187502,0.295612339668857,0,0.26254205110726214
188897,1.26802135173746,0,-0.07789548370759661
187756,0.101130537255136,0,-0.31868020977246486
375627,-0.28783306757230603,0,0.12400001648176082
283427,-0.482314869986027,0,-0.5366805606430902
189223,0.101130537255136,0,-0.09682759236836622
375728,0.490094142082578,0,-0.027669819530645665
187852,0.101130537255136,0,0.2272202346624804
3646845,0.6845759444962989,0,0.5727158963992547
190364,-0.482314869986027,0,-0.6553849267115225
187951,1.07353954932374,0,0.8965260034542499
374944,1.07353954932374,0,0.6032699010681051
374592,1.26802135173746,0,0.27650435346245184
190170,-0.28783306757230603,0,0.09557124579904738
283054,-2.23265109170952,0,0.18989761140710545
188359,-0.0933512651585855,0,-0.1821723482186131
373764,-1.45472388205463,0,-1.2915100978170864
188532,1.26802135173746,0,0.5934208345101417
283639,-0.676796672399749,0,-0.949281789964467
187845,0.295612339668857,0,0.8631644867552131
374937,-0.482314869986027,0,0.1892805337436039
374697,-0.28783306757230603,0,-0.20817100474754324
375315,-0.8712784748134691,0,-0.051755014672108315
190114,0.101130537255136,0,0.14640142875733195
336478,-1.06576027722719,0,-1.0865887648983026
188536,0.6845759444962989,0,-0.145348898334495
189063,0.490094142082578,0,0.16394410336640405
374535,-0.676796672399749,1,-0.23955768207810624
187691,1.4625031541511797,1,1.1824177170532648
284203,-0.28783306757230603,1,-0.11040124521324153
374474,-0.8712784748134691,1,0.1949483875307653
188094,1.26802135173746,1,0.957411917888196
187823,1.07353954932374,1,0.7849155983933599
283892,-0.28783306757230603,1,-0.09432021132973706
189972,-0.676796672399749,1,0.3620379792378309
188227,1.26802135173746,1,0.7480787297169692
373481,-0.0933512651585855,1,0.3369589439383265
187664,0.295612339668857,1,-0.16252194118926067
373795,-0.28783306757230603,1,-0.12337494952650929
375455,-1.06576027722719,1,-0.5327083069003538
375899,-0.28783306757230603,1,0.05181224542785934
376012,0.490094142082578,1,0.368475280375527
189031,2.04594856139235,1,1.5233470672229728
189669,-0.482314869986027,1,0.18851804874508662
283968,-2.0381692892958,1,-0.655479124290656
189004,2.04594856139235,1,0.915944915288135
187888,-0.28783306757230603,1,-0.3333202687867548
374719,0.101130537255136,1,0.5627621923156859
375409,-2.0381692892958,1,-0.38890154658317544
375935,0.6845759444962989,1,0.6955668372573959
373773,-0.0933512651585855,1,0.31824281423658407
188026,0.6845759444962989,1,0.39345432726199026
319956,-1.26024207964091,1,-0.5000727997392295
188501,0.879057746910019,1,0.03843160047595284
188258,-0.0933512651585855,1,0.34982775384605935
283615,-0.482314869986027,1,-0.38422979839538385
189237,2.04594856139235,1,1.5063746618705498
189971,-0.482314869986027,1,-0.2733324330576826
284164,-2.23265109170952,1,-1.0564185005563536
375682,1.26802135173746,1,0.2851010613355196
375970,-0.0933512651585855,1,-0.04113480370033769
374640,-0.8712784748134691,1,-0.596170408065576
187493,0.295612339668857,1,0.1693530804657624
189277,-1.26024207964091,1,0.9697778039994133
283162,-0.28783306757230603,1,0.9995937100436382
188355,0.295612339668857,1,-0.3703220154499959
283830,-0.676796672399749,1,0.41344353181046845
319957,-1.45472388205463,1,-0.4824492266972088
376048,0.879057746910019,1,-0.03280709340080923
187736,-0.8712784748134691,1,-0.8301622144998765
188043,0.879057746910019,1,-0.5278636570353482
190054,-2.0381692892958,1,-0.777470176843485
375452,1.6569849565649,1,0.46538050857446267
188633,0.879057746910019,1,0.4431466844860903
374616,-0.8712784748134691,1,-0.5119856673351251
374702,0.879057746910019,1,0.6641607345859624
188231,-0.28783306757230603,1,-0.23819690178749384
189008,-0.482314869986027,1,0.14519671211645627
188386,-1.45472388205463,1,-0.6269807873141676
188774,0.295612339668857,1,-0.3960740897752847
188340,1.4625031541511797,1,1.4073509438924492
375243,-1.26024207964091,1,-0.7112878199729455
374445,-0.0933512651585855,1,0.04198801573043359
188117,1.07353954932374,1,0.1084473872349507
283579,-0.676796672399749,1,-0.9082224996628537
187510,1.4625031541511797,1,-0.19568853189368332
375941,0.6845759444962989,1,0.4660069549070661
374745,0.879057746910019,1,0.7920135050486542
188201,-0.482314869986027,1,0.024886912686564205
284357,0.101130537255136,1,0.05359460405273131
190037,-0.0933512651585855,1,-0.10697032804446713
375688,-1.06576027722719,1,0.18079489857170603
375456,-0.482314869986027,1,-0.5506505122296088
187648,0.879057746910019,1,0.5585371767166111
189868,-0.28783306757230603,1,0.1341606286563393
187867,-1.26024207964091,1,-0.6264346392281156
374624,-2.23265109170952,1,-0.4532581829327118
283121,0.879057746910019,1,1.0085888101299951
375993,-1.06576027722719,1,-0.5909690571977186
375567,-2.23265109170952,1,-1.143639013015848
375802,-0.28783306757230603,1,-0.599219827450394
187609,1.4625031541511797,1,0.5987828572216528
375744,-1.45472388205463,1,-0.08700126126321142
374471,1.26802135173746,1,1.2432429937970326
187816,0.295612339668857,1,-0.21235780768708146
188893,0.101130537255136,1,0.35733897809695214
188316,1.6569849565649,1,0.6191438516362997
187544,0.295612339668857,1,0.1741464179257071
187776,0.101130537255136,1,0.06113860762347187
374689,-0.676796672399749,1,-0.24472755811903962
189858,0.101130537255136,1,0.12340568141722644
187819,0.6845759444962989,1,0.3416307352607463
374110,0.6845759444962989,1,0.2840441605531141
374442,0.101130537255136,1,0.21839581946689077
189700,-0.676796672399749,1,0.4490222265652285
187954,0.6845759444962989,1,-0.48346630619872655
375956,0.101130537255136,1,0.6037822059282902
189734,0.879057746910019,1,0.0018283480816637665
190007,0.490094142082578,1,0.20165156901199158
375697,-1.06576027722719,1,-0.3874203387180465
188786,0.101130537255136,1,0.8734847569046641
283803,-0.676796672399749,1,-0.3869674551448495
189070,-1.06576027722719,1,0.026113249914215375
375719,0.101130537255136,1,0.04192276406132181
374112,-0.676796672399749,1,-0.5205887524991684
375847,0.490094142082578,1,0.5400173972210068
375773,-1.45472388205463,1,-1.0252090737151847
373925,-0.676796672399749,1,-0.5063088330777102
187610,0.6845759444962989,1,0.5525093639266548
189309,1.4625031541511797,1,0.7610310476147436
374658,-0.8712784748134691,1,-0.35635177678786006
188930,1.07353954932374,1,1.1078403317105752
283801,-1.45472388205463,1,-0.3132057317502222
283117,0.879057746910019,1,0.8427155033728411
188369,0.295612339668857,1,-0.39457174844832166
283602,-2.0381692892958,1,-0.4691764265763724
187857,0.6845759444962989,1,-0.04147540231644703
189048,1.6569849565649,1,1.1746072953052318
188160,1.26802135173746,1,0.8069178838851765
189242,1.26802135173746,1,0.96016015534464
188370,0.6845759444962989,1,0.024123896189502586
373835,-0.8712784748134691,1,-0.8292726711214266
374396,-0.28783306757230603,1,0.21316155045620314
374395,-0.482314869986027,1,0.24781964873395382
189094,1.07353954932374,1,1.0911053233474943
284239,-0.676796672399749,1,-0.009052986378253775
190810,-0.0933512651585855,1,-0.00871309770195347
188121,1.26802135173746,1,-0.11490089056192164
188027,1.26802135173746,1,0.4043195070360386
374397,-0.482314869986027,1,0.2916721912176954
375705,0.879057746910019,1,-0.3366797081149332
190190,0.879057746910019,1,0.14638728598815234
190159,0.879057746910019,1,0.2128951513378353
187758,0.490094142082578,1,0.24630607438946298
374413,-1.45472388205463,1,-0.5921809618159728
284241,-0.8712784748134691,1,-0.3405232074939958
284161,0.490094142082578,1,0.19174573535473696
318549,-1.45472388205463,1,-1.096178990096079
284209,0.879057746910019,1,0.12485982819031563
188540,-0.28783306757230603,1,-0.10303101168634039
189188,0.879057746910019,1,0.6728861212227714
187986,0.879057746910019,1,-0.7703128790823554
189138,0.101130537255136,1,0.6756192899113411
375832,0.879057746910019,1,0.456198575012134
187637,-0.482314869986027,1,0.16904292334150564
187629,0.101130537255136,1,-0.4005138902948179
187687,0.6845759444962989,1,0.33678056917137333
2437410,-0.482314869986027,1,-0.4319417231127094
189949,-0.0933512651585855,1,0.04751960715590978
187921,-0.482314869986027,1,0.10378662158617855
187649,0.6845759444962989,1,-0.10816589773638638
2437412,1.6569849565649,1,-0.24040383356711142
189857,-0.0933512651585855,1,0.18331693344512404
187988,-0.0933512651585855,1,0.025536395350172464
187892,0.295612339668857,1,0.5389640934677585
283962,-0.0933512651585855,1,0.07908119652161869
375690,-2.0381692892958,1,-0.5059240108726937
375004,-2.23265109170952,1,-0.8866721374737045
374151,1.07353954932374,1,0.5292411582280135
189078,1.4625031541511797,1,1.0390387488239798
187911,1.07353954932374,1,0.3686189050400409
319784,-0.8712784748134691,1,-0.5689922764595033
189703,1.85146675897862,1,0.8957718527148469
308009,-1.45472388205463,1,-1.0301725665742034
375949,0.879057746910019,1,0.29654540214401337
375835,0.101130537255136,1,-0.5457552490322154
283178,0.879057746910019,1,0.6583453308367827
374388,0.879057746910019,1,0.49067366747368557
189754,-0.28783306757230603,1,0.04769528300073564
376050,-0.28783306757230603,1,-0.46675031136829315
336482,-1.45472388205463,1,-1.0848474047973669
283989,-0.0933512651585855,1,-0.4929005365211513
189343,1.6569849565649,1,0.7078341225353428
375800,-1.26024207964091,1,-0.3492260156716269
188031,-0.676796672399749,1,0.4205052234262594
373861,0.879057746910019,1,0.7417077382259398
188601,1.85146675897862,1,1.7411287967504472
284279,-0.676796672399749,1,0.5885260122684352
374595,0.490094142082578,1,0.611900764270478
283731,-0.482314869986027,1,-0.372024304203477
187549,-0.482314869986027,1,0.1387127698646942
189346,2.43491216621979,1,1.0157951650044437
188768,0.6845759444962989,1,0.8159146997253317
375434,0.101130537255136,1,-0.4376806376099508
187475,0.879057746910019,1,-0.057448294901277674
375780,-1.45472388205463,1,-0.5889271052798088
187955,-0.28783306757230603,1,-0.16934117927398526
188349,-0.28783306757230603,1,-0.07886647648831949
189225,0.879057746910019,1,0.008788866605617479
373948,0.490094142082578,1,1.0171330582947338
189625,-0.676796672399749,1,1.0867684191532423
187787,0.879057746910019,1,-0.07755126709170179
190199,-0.28783306757230603,1,0.2363079255845492
375511,-1.26024207964091,1,-0.9972422403373103
375939,-0.482314869986027,1,-0.05917171618595714
190121,-0.0933512651585855,1,0.24668375010005753
283833,-0.28783306757230603,1,-0.3623074947369498
189803,-1.45472388205463,1,-0.5610995403397839
374935,-0.28783306757230603,1,0.0921473032090771
188448,0.101130537255136,1,-0.08443953105982396
308253,-0.8712784748134691,1,-0.3493362269513775
375596,-1.26024207964091,1,-0.07045332914365003
190008,-0.0933512651585855,1,-0.147164055618798
373509,-0.28783306757230603,1,-0.7201217113485846
373690,-0.8712784748134691,1,-0.1920026178675129
188104,0.490094142082578,1,0.5059887128880913
374148,-0.0933512651585855,1,0.20478758114935527
375565,-2.0381692892958,2,-0.8234855077799964
189927,-0.0933512651585855,2,0.14037857622760702
189980,0.101130537255136,2,0.13526336385164112
189853,-0.8712784748134691,2,-0.12315744288560063
375594,-1.45472388205463,2,-0.6811868021873002
375553,-0.8712784748134691,2,-0.6322575318146043
189760,-0.8712784748134691,2,-0.36146341399559145
375499,-1.26024207964091,2,-0.30302707527130557
190702,-0.28783306757230603,2,0.15079754666684841
188142,-0.8712784748134691,2,0.12680353531820815
284189,-0.0933512651585855,2,0.4477803895365722
373571,-1.06576027722719,2,-0.5540482070492243
374599,-1.26024207964091,2,-0.5049076711523511
187817,-1.26024207964091,2,-0.6105458166053793
188170,0.6845759444962989,2,0.7694367767452387
190814,-0.676796672399749,2,0.22299108973621556
284190,-1.06576027722719,2,-0.21859652864451373
283104,0.490094142082578,2,0.4411404421248043
188976,0.490094142082578,2,0.7577808533504504
189025,1.26802135173746,2,-0.3766914837435353
189243,1.6569849565649,2,0.8667488412260227
190799,-0.482314869986027,2,-0.3274364545106674
375524,-0.8712784748134691,2,-0.9880830796206618
284059,-2.23265109170952,2,-0.5071930739911032
187604,-0.482314869986027,2,-0.07120865334638207
319955,-1.06576027722719,2,-0.2744216970997754
283828,-0.28783306757230603,2,-0.3079262074728987
283825,-0.482314869986027,2,0.4775912736424598
189840,-0.0933512651585855,2,-0.10529242221927343
373651,-2.0381692892958,2,-0.4472899980819442
188943,2.04594856139235,2,1.355217197519707
189894,-2.0381692892958,2,-0.9126889181350968
283655,-2.0381692892958,2,-0.8188543521517234
187999,1.26802135173746,2,0.2581211495934601
375933,0.101130537255136,2,-0.16688516784808938
375707,1.07353954932374,2,0.3541865628565128
188314,0.101130537255136,2,0.07431754879138466
375681,-1.26024207964091,2,-0.6182958909134953
2437377,1.07353954932374,2,0.5211031603374182
188111,1.85146675897862,2,0.8499681114644602
189776,-1.26024207964091,2,-0.4046111690450621
188901,0.6845759444962989,2,0.008119792496957684
189239,-0.28783306757230603,2,0.52663769030931
375896,-1.26024207964091,2,-0.22917421952692382
188215,0.295612339668857,2,-0.28277676984695965
283777,-0.8712784748134691,2,-0.31828580503530496
188015,0.879057746910019,2,0.48639990513796316
374092,0.879057746910019,2,-0.17584553835515293
187690,-0.28783306757230603,2,-0.5859384131780024
189626,-0.676796672399749,2,0.2853608407056157
189947,-0.8712784748134691,2,-0.33505430691215154
187795,-0.0933512651585855,2,-0.2261053091489531
189246,0.101130537255136,2,0.31103956003554944
189833,-2.23265109170952,2,-0.5263044524564605
375905,-0.8712784748134691,2,-0.5661542241298385
189045,1.4625031541511797,2,1.1984563749739916
187561,-0.482314869986027,2,0.45166613738905037
375851,-0.482314869986027,2,-0.3704408686199979
188051,0.101130537255136,2,-0.3921920212329386
187576,0.490094142082578,2,0.05760754831641923
283741,-1.06576027722719,2,-0.4239281626593927
375716,-0.482314869986027,2,-0.20264631066458458
189002,0.295612339668857,2,0.8566971838942933
187930,0.490094142082578,2,-0.18182995733682725
188452,0.490094142082578,2,0.14006890112767
375746,-0.676796672399749,2,-0.05292165120766934
188384,0.879057746910019,2,-0.13489390479263472
189689,-0.8712784748134691,2,0.24769933281931156
188282,1.4625031541511797,2,-0.23912073916631482
187527,-0.28783306757230603,2,0.19322461586932316
190213,-0.8712784748134691,2,-0.38548580549109374
188056,-0.482314869986027,2,-0.8520699605727046
375546,-0.0933512651585855,2,-0.9422020128021916
336476,-1.45472388205463,2,-1.0834343208468256
283844,0.879057746910019,2,-0.2831193361614704
189288,2.6293939686335097,2,0.34435522027230314
190709,-0.0933512651585855,2,0.10268640802165219
374500,-1.06576027722719,2,-0.4246137505207923
374588,-0.8712784748134691,2,-0.24450436516202825
189090,1.85146675897862,2,1.0263523505964067
188291,0.490094142082578,2,-0.37061463915733567
189221,2.2404303638060696,2,1.8720036653180934
283768,-1.26024207964091,2,-0.5576862333011748
374472,0.879057746910019,2,0.2607987766797465
374669,-0.676796672399749,2,-0.6181636855348783
376004,-0.676796672399749,2,-0.2703661913210172
189137,2.04594856139235,2,1.0546292808612523
376018,-0.482314869986027,2,-0.558904223297058
188335,-0.28783306757230603,2,0.008151242095515043
187699,1.26802135173746,2,1.0686959242704028
187599,-0.0933512651585855,2,0.08928352373402576
375411,-0.0933512651585855,2,-0.574613599187445
374662,-1.26024207964091,2,-0.6856672576795441
284202,-0.0933512651585855,2,0.6839282389081105
374156,-0.0933512651585855,2,0.5356370577467681
188376,0.6845759444962989,2,0.5751353227261078
375749,-0.8712784748134691,2,-0.4441010693116795
188006,0.6845759444962989,2,0.11308132638530571
187880,1.26802135173746,2,-0.05340097990873954
188947,-0.482314869986027,2,-0.041967605068751024
375509,0.101130537255136,2,-0.637001583635332
187757,-0.676796672399749,2,0.24256087415956096
375607,-1.06576027722719,2,-0.5629569394410778
187507,0.295612339668857,2,0.4564498798981653
187766,-0.28783306757230603,2,-0.38016896857241167
188981,1.07353954932374,2,1.0855839717471936
187628,-0.482314869986027,2,-0.48672375256537637
189049,0.490094142082578,2,0.5623379406323112
189039,1.85146675897862,2,1.001800113270078
375519,-0.8712784748134691,2,-0.2790920712736273
189784,-1.26024207964091,2,-0.2640903874508362
375444,-1.26024207964091,2,-0.5587091384543453
284309,0.879057746910019,2,0.4730694421914502
187881,0.295612339668857,2,-0.34318477419414706
187855,0.6845759444962989,2,0.27509774011124843
190757,-0.8712784748134691,2,0.03936850486633414
188339,0.101130537255136,2,-0.24004135232225185
375767,-2.62161469653696,2,-0.3431329144320314
375460,-0.482314869986027,2,-0.29964004297318414
375550,0.879057746910019,2,-0.2563810258423781
188302,0.295612339668857,2,0.07561757306575395
189030,-0.8712784748134691,2,0.07095804659858257
375692,0.879057746910019,2,0.19794933601713594
190780,-0.28783306757230603,2,-0.6223765201359507
374533,-1.26024207964091,2,-0.16581636607538613
189757,-1.45472388205463,2,-0.2857931826211271
283938,-2.23265109170952,2,-0.5249825777205391
187796,1.26802135173746,2,0.4984698979319354
187998,-0.482314869986027,2,-0.3329714083418211
188114,-0.28783306757230603,2,1.174538220482006
375991,0.6845759444962989,2,-0.3089434660472008
375954,0.879057746910019,2,-0.706454265728124
283616,-2.42713289412324,2,-0.9358232048900511
188818,0.879057746910019,2,-0.14579586471554826
187469,0.490094142082578,2,0.33888544021743616
283641,-2.0381692892958,2,-0.6883111225309436
188526,0.879057746910019,2,0.09910868920291527
375591,-1.06576027722719,2,0.26018627847390463
284354,-0.482314869986027,2,0.5262026456019789
283727,-0.8712784748134691,2,-0.5757758498852815
375392,0.879057746910019,2,0.10581969941264979
190203,0.879057746910019,2,0.6125289686714004
188541,1.07353954932374,2,-0.12505064974232719
187579,0.101130537255136,2,-0.2220557862824805
374894,0.879057746910019,2,-0.5219825408144214
2437286,0.490094142082578,2,-0.3020852382722178
188224,0.879057746910019,2,0.7252749696136839
374398,-1.06576027722719,2,-0.2562248921072132
189320,1.4625031541511797,2,1.3171949420640323
283163,0.879057746910019,2,1.0171244102140564
375474,-2.23265109170952,2,-0.6128103978912502
373674,0.879057746910019,2,0.08736290731430726
375475,-0.676796672399749,2,0.45647425426008414
2437248,-0.482314869986027,2,-0.3225150382910419
188075,2.04594856139235,2,0.056311847927097924
188325,1.26802135173746,2,0.29645682072046864
188436,-0.0933512651585855,2,0.010123321612925146
283432,-1.45472388205463,2,-0.8659621433609148
187786,0.295612339668857,2,-0.0673151719095285
189684,-0.482314869986027,2,0.1705418242469504
308011,-0.8712784748134691,2,-0.4228026412481417
187489,-0.28783306757230603,2,0.10785060018633721
188048,-0.482314869986027,2,-0.4129141312617346
373468,-0.8712784748134691,2,0.020260355835321084
373482,0.6845759444962989,2,0.0666803382053342
308265,-1.26024207964091,2,-0.34814872356417315
374646,-1.06576027722719,2,-0.5895216817499709
187535,-0.0933512651585855,2,-0.02078245032240561
187981,-0.482314869986027,2,0.014461571888401664
283767,-0.28783306757230603,2,0.3356406051793266
190102,-0.28783306757230603,2,0.21262136678317645
317891,-1.45472388205463,2,-0.7080006631466668
188102,1.4625031541511797,2,1.0448928300184392
375505,0.879057746910019,2,-0.3492492266302566
283604,-0.482314869986027,2,-0.6547231456715753
188329,0.101130537255136,2,0.598133829485242
187924,1.07353954932374,2,-0.022660132057584687
373912,-2.42713289412324,2,-1.0187985835935884
374715,0.101130537255136,2,0.10768521761568559
190116,-0.482314869986027,2,0.32324135805738013
375727,-0.8712784748134691,2,-0.05729868504094933
190187,-0.28783306757230603,2,0.1295274521387369
187958,-1.06576027722719,2,-0.7394586889774728
375950,0.879057746910019,2,0.501361314729765
188913,1.07353954932374,2,0.322642001763936
189732,0.879057746910019,2,0.4789194800095198
318548,-2.23265109170952,2,-0.9121959223870433
374992,-2.23265109170952,2,-0.6543716309310746
190039,0.6845759444962989,2,0.7285712502792641
318550,-1.26024207964091,2,-1.1954966900738135
187728,-0.28783306757230603,2,0.6015145929912096
189046,1.6569849565649,2,0.5762580651355805
188341,1.26802135173746,2,1.6460753472679186
189164,1.07353954932374,2,1.3878489889249632
375706,-0.676796672399749,2,0.08430878293769029
283224,-1.06576027722719,2,-0.34209014229388635
187729,0.295612339668857,2,0.4842165968468084
284145,-1.45472388205463,2,-0.49674157151065773
189919,0.101130537255136,2,0.11924626287469717
375687,-1.06576027722719,2,-0.40539201532916785
374641,0.879057746910019,3,-0.09552762161041636
374394,0.879057746910019,3,-0.20879580784626234
374139,0.879057746910019,3,0.4225930817028777
374744,-0.8712784748134691,3,0.2884190993651067
190111,-0.0933512651585855,3,0.21118998035800443
187960,-0.0933512651585855,3,-0.3481442668200537
187805,1.6569849565649,3,1.1050849871702986
190150,1.26802135173746,3,0.5515702722502771
188317,0.879057746910019,3,0.7495638427404033
189292,2.2404303638060696,3,0.6295410164964085
374638,-0.8712784748134691,3,-0.6145325238342526
284265,0.879057746910019,3,0.12863122653631937
375500,-1.06576027722719,3,-0.9294987256119849
188235,0.6845759444962989,3,-0.13193115821634074
373656,-0.28783306757230603,3,-0.4216568081885472
189085,2.04594856139235,3,1.678420131544942
374683,0.101130537255136,3,-0.1263980929706179
375547,-0.0933512651585855,3,-0.6099934252028294
188993,0.879057746910019,3,1.0656801030630116
2437282,0.879057746910019,3,-0.5734375529195234
375665,-1.06576027722719,3,0.14118741039187424
283970,-0.28783306757230603,3,-0.20174048099426814
375628,0.490094142082578,3,0.21786727794708674
317829,-0.482314869986027,3,-0.3791658476896146
189231,-0.28783306757230603,3,-0.645972483573603
374202,-0.8712784748134691,3,-0.6736267724706436
188382,-0.482314869986027,3,-0.6943894453926286
375453,-1.26024207964091,3,-0.5039602174794406
375815,-1.06576027722719,3,-0.757498456863637
189016,1.85146675897862,3,1.000867952233284
374912,0.6845759444962989,3,0.8267253312624843
284069,-1.26024207964091,3,-0.9488844598114962
283138,-1.06576027722719,3,-0.26958678042741463
374917,1.85146675897862,3,1.7071473437943026
283598,-1.26024207964091,3,-0.8856758082592394
284168,0.490094142082578,3,-0.3479964089149784
189139,1.07353954932374,3,0.7098339210173945
189801,-0.676796672399749,3,0.24947992871051441
374037,0.879057746910019,3,0.615566752400889
190802,0.490094142082578,3,0.5282947868931768
189301,0.295612339668857,3,0.4596734999381531
187479,0.101130537255136,3,0.2631580048019526
375895,-1.26024207964091,3,-0.2828861699951476
188402,-0.0933512651585855,3,-0.8831640700904316
188028,-0.482314869986027,3,-0.3038351321477495
189068,0.490094142082578,3,0.15402462123561736
187946,1.4625031541511797,3,-0.08356138434182038
190790,-0.676796672399749,3,0.014500223757991287
374553,-0.8712784748134691,3,-0.37035689730776744
373578,-0.482314869986027,3,0.007754003482029301
187858,-0.0933512651585855,3,-0.19720795711846997
284245,-0.8712784748134691,3,-0.20379504906323861
284162,-0.0933512651585855,3,0.07105205404304757
187539,-0.676796672399749,3,-0.15587761683122914
187589,-0.28783306757230603,3,-0.14550646733597422
187941,-0.0933512651585855,3,-0.13918649007872474
283677,-1.26024207964091,3,-0.6314446549788937
375691,-0.482314869986027,3,-0.20797562418286095
190015,0.879057746910019,3,0.011470566559471401
374608,0.101130537255136,3,-0.34245455467075964
187993,1.07353954932374,3,-0.08194734620284141
283114,0.879057746910019,3,0.9273562671597669
373756,1.07353954932374,3,0.9334642937654317
284231,-1.06576027722719,3,-0.03461753473410001
283119,0.490094142082578,3,0.9105233194632533
2437258,0.879057746910019,3,0.40314265042878317
189683,-2.23265109170952,3,-0.9798435125755464
188994,1.85146675897862,3,0.8351957314724286
190057,0.490094142082578,3,0.12084204195264678
308269,0.101130537255136,3,-0.13949835096877666
187752,-0.28783306757230603,3,-0.3749990267690362
190132,0.879057746910019,3,0.894870202243582
308007,-2.23265109170952,3,-1.031366559839034
319280,-0.676796672399749,3,-0.19992565938213722
284303,0.879057746910019,3,0.43198953147064745
283202,-1.06576027722719,3,-0.7747479206284723
187887,-0.676796672399749,3,-0.2536029448109257
283772,-1.45472388205463,3,-0.8320380255016908
188396,-0.482314869986027,3,-0.1547987905363992
190175,0.879057746910019,3,0.4480076732533754
375598,-0.676796672399749,3,-0.11730484603812558
336483,-1.45472388205463,3,-1.1030755270792494
375441,-0.28783306757230603,3,-0.22107964453573273
283145,-0.8712784748134691,3,-0.8055605666780304
187526,1.26802135173746,3,0.48932883020633844
156377,-0.482314869986027,3,-0.1364003667986577
189944,-1.26024207964091,3,-0.9261840879881331
187977,0.295612339668857,3,-0.3557242324685417
375577,-2.0381692892958,3,-0.5885498964478276
188412,-1.06576027722719,3,-0.5503075733938967
375694,-0.8712784748134691,3,-0.6114136416793748
188846,0.101130537255136,3,-0.25805618367984406
188927,1.26802135173746,3,1.15203589305911
190029,-0.28783306757230603,3,-0.2104502110236031
283120,-0.482314869986027,3,0.20785728789956817
374385,-0.0933512651585855,3,0.14359690718337179
374694,-0.676796672399749,3,-0.671678112160959
188363,0.879057746910019,3,0.11358949368110441
190067,-0.0933512651585855,3,0.32997632599632665
283231,0.6845759444962989,3,-0.5063041478724409
188324,1.26802135173746,3,0.11862002441408939
188328,-0.8712784748134691,3,-0.45986136464380867
190807,-0.28783306757230603,3,-0.15162866341343262
190126,0.490094142082578,3,0.2615423607339229
374589,-0.28783306757230603,3,-0.39768171957989984
319779,-0.8712784748134691,3,-0.3866281072743316
374377,0.6845759444962989,3,0.17085552288417163
374945,0.879057746910019,3,0.7913551396613522
284216,0.490094142082578,3,-0.09070890136452764
187971,0.101130537255136,3,-0.47835260771585875
373744,-0.0933512651585855,3,-0.20361901234403906
187765,-0.0933512651585855,3,-0.47575877774483666
284222,-0.676796672399749,3,-0.053062819781891674
375571,-1.06576027722719,3,-0.7604729616498339
188163,0.879057746910019,3,0.6192463043176811
187760,0.6845759444962989,3,0.46608606704348976
283447,-1.45472388205463,3,-0.725746743720864
187820,0.101130537255136,3,-0.13749801854959048
374763,1.07353954932374,3,0.7292968265048211
190101,0.879057746910019,3,0.7897199380105286
190138,1.07353954932374,3,0.8986492124669657
188708,0.6845759444962989,3,0.05195144061153073
189892,0.101130537255136,3,0.10014399687579864
188239,-0.482314869986027,3,-0.055669239940383156
188506,0.101130537255136,3,0.07293068416243853
283736,-2.0381692892958,3,0.8426890457740247
374814,1.4625031541511797,3,0.6206832110484957
317951,-1.06576027722719,3,-0.8698388448822411
188052,0.295612339668857,3,-0.40529078525115425
188998,1.6569849565649,3,1.136611489481948
284110,-1.26024207964091,3,-0.8541654151695801
188025,-0.0933512651585855,3,-0.023792285240274325
375620,-1.26024207964091,3,-0.8169265073359305
188189,1.26802135173746,3,1.5917557599416208
189632,-1.06576027722719,3,0.45069132554478963
190803,0.101130537255136,3,0.4578351663950163
190022,0.490094142082578,3,0.35890958304931
374145,-1.06576027722719,3,-0.8551001925391961
187834,-1.06576027722719,3,-0.18935571557616362
189790,-0.482314869986027,3,0.4178752531552039
283089,-0.8712784748134691,3,-0.675160836188052
308266,1.6569849565649,3,-0.1987256136327172
188463,-0.0933512651585855,3,-0.03174852998318323
375013,-2.42713289412324,3,-1.0198920322984746
190072,-0.28783306757230603,3,0.34044783780138343
188909,1.6569849565649,3,0.070897896060829
374479,-0.28783306757230603,3,0.1835178345878056
188698,1.26802135173746,3,0.9405495809395518
283822,0.101130537255136,3,0.5807936253022851
284067,-1.06576027722719,3,-1.0734811723045732
187751,1.07353954932374,3,-0.08343400288219516
187754,1.26802135173746,3,-0.047063399688581045
189804,0.101130537255136,3,0.13394194684661073
188153,0.101130537255136,3,0.25062491715925084
188563,1.4625031541511797,3,0.5596730520067287
187594,-0.482314869986027,3,0.09987592275457122
375498,-2.0381692892958,3,-0.5073587221585424
375024,-1.45472388205463,3,-0.03747012154122739
188375,0.879057746910019,3,0.40581750581330045
189623,0.6845759444962989,3,0.5092050453022706
188103,0.879057746910019,3,-0.2772219581129403
375795,1.4625031541511797,3,0.33131762118110886
190278,-0.28783306757230603,3,-0.1166687619098569
283756,-0.676796672399749,3,-0.08274769284764755
188256,-0.676796672399749,3,-0.10134634459048497
189889,0.101130537255136,3,0.13136361330969
187530,0.6845759444962989,3,-0.07200294336685224
283776,-1.45472388205463,3,-0.3077993709792314
2437408,-0.0933512651585855,3,0.5081849509727487
188546,2.04594856139235,3,1.4898911764407123
373900,-0.482314869986027,3,-0.5906175740838786
187919,-1.26024207964091,3,-0.21675858114815327
188037,0.101130537255136,3,-0.021444455105051427
187655,-0.676796672399749,3,-0.43309187901483637
284224,-1.45472388205463,3,-0.6477942698465767
189115,0.879057746910019,3,0.954783023144583
283252,-2.23265109170952,3,-0.9010921128679038
188019,0.6845759444962989,3,-0.004694154404569939
189851,-0.676796672399749,3,-0.23341078094431927
373832,-1.06576027722719,3,-0.6972347827402132
188822,0.879057746910019,3,0.24348917296943043
374374,0.490094142082578,3,0.5651599372964901
375458,1.6569849565649,3,0.5137774166909168
374484,0.101130537255136,3,0.2193734003193746
189792,-0.676796672399749,3,0.37672145324943496
188944,1.4625031541511797,3,0.9436224916217938
190167,-0.28783306757230603,3,0.2986105098349142
190499,-0.8712784748134691,3,-0.3306179654387088
189020,2.2404303638060696,3,1.1677908258673853
190819,0.879057746910019,3,0.1532984612741828
189970,0.490094142082578,3,-0.43439900314844637
319285,-1.26024207964091,3,-0.3259526220016532
283359,-2.0381692892958,3,-0.7400848793976359
284192,0.6845759444962989,3,0.19813471048277984
187807,0.6845759444962989,3,-0.2605192603194097
190139,0.6845759444962989,3,0.7970209323298706
319283,-1.45472388205463,3,-0.5424096737156792
374412,0.490094142082578,3,0.13078883434136657
188759,-0.8712784748134691,3,-0.4757039533585019
187973,0.879057746910019,3,-0.22630220324338468
376000,0.879057746910019,4,0.3372362865571534
376001,1.6569849565649,4,-0.07638264213745938
375995,0.6845759444962989,4,0.5703215986930317
374154,-0.28783306757230603,4,0.13726863782240417
283625,-2.42713289412324,4,-0.47162589683328654
283107,-1.06576027722719,4,0.08648479319551469
283792,0.101130537255136,4,-0.3001960554366555
187928,0.101130537255136,4,-0.2033326947524359
375766,-0.8712784748134691,4,-0.7732301861451036
283220,0.101130537255136,4,0.2232888206875427
318173,-1.06576027722719,4,-0.36496694223524634
375765,1.07353954932374,4,-1.0738281591047034
190162,0.101130537255136,4,0.17543922000330991
187675,0.295612339668857,4,-0.09764727352372451
187818,1.6569849565649,4,0.3503636780630995
187984,0.6845759444962989,4,0.004599118154323734
188980,0.879057746910019,4,0.8331171948335936
189895,-0.482314869986027,4,0.13872786040076984
283214,-0.676796672399749,4,-0.18819304660604227
188922,0.879057746910019,4,-0.12589491952923268
189116,0.6845759444962989,4,0.9107608207120497
188415,-0.0933512651585855,4,0.012165090544894938
188472,0.295612339668857,4,0.3153862402102992
188379,-0.482314869986027,4,0.2043185568112324
374768,0.6845759444962989,4,0.7193162470829617
283839,-1.45472388205463,4,-0.6367051313883638
284368,0.6845759444962989,4,0.09983531987628624
375813,1.07353954932374,4,0.30170032201153446
375708,-1.26024207964091,4,-0.6521954644571053
187878,1.6569849565649,4,0.2951209525106426
375663,-1.26024207964091,4,-0.83866840903537
187682,-0.0933512651585855,4,0.0018842614807983299
375016,1.07353954932374,4,0.4937114671032988
374941,0.490094142082578,4,0.3127382921487942
188407,-0.0933512651585855,4,-0.3593437055145079
375454,-0.28783306757230603,4,-0.217174585059604
188820,-0.0933512651585855,4,-0.3642140373194456
373726,-0.0933512651585855,4,-0.17192549716340053
373522,-0.482314869986027,4,-0.2858829410049103
188507,0.295612339668857,4,-0.14742461472568905
189421,-2.0381692892958,4,-0.04721720001804014
189766,-0.28783306757230603,4,-0.5134724445727485
283815,-0.28783306757230603,4,0.14744172670933336
374699,-1.26024207964091,4,-0.30569010211590253
284090,-1.26024207964091,4,-1.061810601976051
188467,-0.482314869986027,4,-0.2816306883990254
374155,0.879057746910019,4,0.540756344056142
188923,-0.482314869986027,4,-0.4410816489496871
188204,-0.482314869986027,4,-0.28818702527592516
375457,1.26802135173746,4,-0.2528642559932124
374548,-1.45472388205463,4,-0.7561322942667488
283715,-1.45472388205463,4,-0.3681556716523902
374718,-0.0933512651585855,4,0.6006859591551617
2436999,-1.26024207964091,4,-0.7936191229224197
283634,-2.62161469653696,4,-0.44769745268077893
375557,-2.0381692892958,4,-0.5407423604140773
319284,-0.8712784748134691,4,-0.4229293296961127
308010,-0.8712784748134691,4,-0.6162507394627879
188530,0.879057746910019,4,0.6811073011027189
189042,0.101130537255136,4,1.0066611225165476
187844,-0.0933512651585855,4,-0.16870704328759636
374174,0.879057746910019,4,0.2081045871162462
189000,0.879057746910019,4,0.5869904151319445
188225,1.07353954932374,4,-0.05210791162337183
188466,1.4625031541511797,4,-0.04387707694621526
187826,-0.482314869986027,4,-0.3992292814006037
187656,-0.676796672399749,4,-0.17813337518271827
189832,-0.676796672399749,4,0.11066062646754493
187840,0.101130537255136,4,0.024405822945016253
376002,-0.0933512651585855,4,-0.3015888079434048
375817,-1.06576027722719,4,-0.32283168146770536
189280,1.85146675897862,4,0.9200300989093115
189021,2.43491216621979,4,-0.4160615706820747
373626,-0.676796672399749,4,-0.6666908449194984
187588,-0.0933512651585855,4,0.13460694102339
374534,1.85146675897862,4,1.1800483450984582
187696,1.07353954932374,4,0.3311811585002693
190006,-0.0933512651585855,4,0.12312743735790099
284336,-0.482314869986027,4,-0.23541282607489886
375288,-0.482314869986027,4,-0.37923466458386784
188899,1.07353954932374,4,0.14456769268769426
375342,-0.676796672399749,4,-0.5584396884004847
374124,0.6845759444962989,4,0.24383019122345467
284319,1.4625031541511797,4,0.44915718267929644
188497,1.26802135173746,4,0.22463354263048235
376010,-0.676796672399749,4,-0.3753345591645393
190115,-0.8712784748134691,4,0.30357353752877475
187869,0.490094142082578,4,0.798846627079969
188792,0.879057746910019,4,0.2135365769843504
188146,-0.482314869986027,4,-0.6099989611313339
187903,0.879057746910019,4,0.4718830992327891
188494,1.4625031541511797,4,1.0079831694225352
189240,1.85146675897862,4,1.154459596828487
190800,-0.28783306757230603,4,-0.024936935555870315
374746,-0.482314869986027,4,0.20376642121720667
374063,1.07353954932374,4,0.11836490680579148
375952,0.879057746910019,4,0.49132476429702593
189047,1.85146675897862,4,1.052697255405432
190728,-1.26024207964091,4,-0.6433840951416592
374617,-1.45472388205463,4,-0.6019532299033388
190792,0.490094142082578,4,-0.16825502239551565
373863,-0.8712784748134691,4,-0.22261318428347812
190063,-0.0933512651585855,4,0.10514070484821386
187781,0.879057746910019,4,0.1323901124511044
188190,-0.8712784748134691,4,0.35855971699938344
283664,-0.8712784748134691,4,-0.8225350671284584
188292,0.295612339668857,4,-0.02582546341472916
373672,-0.0933512651585855,4,-0.2653097002124797
373745,-0.8712784748134691,4,-0.5163856849890004
374546,-0.28783306757230603,4,-0.127244154073362
188033,0.490094142082578,4,-0.30587996613179125
189690,-1.45472388205463,4,0.07943566135693614
187893,1.4625031541511797,4,0.44935137260566876
190018,0.101130537255136,4,0.16466959837676165
374686,-0.676796672399749,4,-0.3789141133854889
374419,-0.482314869986027,4,-0.20986551827433356
373628,0.490094142082578,4,0.3627021320509118
188733,1.85146675897862,4,-0.21447863517802132
188554,1.26802135173746,4,-0.03347175211044166
374609,0.101130537255136,4,-0.13726563302065165
283597,-2.0381692892958,4,-0.976932825015359
190789,-0.676796672399749,4,0.48251380649581227
190051,-1.26024207964091,4,0.16171455946075336
376040,-0.8712784748134691,4,-0.5201163652601124
189282,1.6569849565649,4,0.8612383069422169
375997,0.490094142082578,4,-0.6745200925651045
374147,-0.0933512651585855,4,-0.0996333122810879
188434,0.6845759444962989,4,0.028743287866325573
373799,-0.0933512651585855,4,0.07877530546327857
375932,0.6845759444962989,4,0.5123224461983706
187716,1.6569849565649,4,-0.004287443992442991
188336,2.04594856139235,4,1.0780539777070155
187582,0.295612339668857,4,0.5740830705794668
190005,-0.482314869986027,4,0.0458831177926568
187904,1.6569849565649,4,0.36328018278603474
187987,-0.0933512651585855,4,0.161422400979147
187793,0.879057746910019,4,0.31823474194241813
283969,-1.06576027722719,4,-0.8311352842229363
187491,1.4625031541511797,4,1.0794470756466361
374742,1.26802135173746,4,0.3764868381984978
187854,0.6845759444962989,4,0.3314008246042576
283126,1.07353954932374,4,0.8656184693975888
375662,0.879057746910019,4,-0.02918982382967175
375295,-1.26024207964091,4,-0.42024459129939745
374103,-0.676796672399749,4,-0.26963582314900925
189091,-0.0933512651585855,4,-0.6517410280358653
375230,-1.06576027722719,4,-0.4321251061410624
187778,-0.676796672399749,4,-0.16694444055012309
187725,0.490094142082578,4,0.22599978164882295
374017,-1.06576027722719,4,-0.9569806376042318
189392,0.490094142082578,4,0.9506222616339732
336781,-1.06576027722719,4,-0.20735087002363214
374185,0.879057746910019,4,0.19825030525844511
187996,0.6845759444962989,4,0.28016816616765744
336484,-1.06576027722719,4,-1.087567382111094
190056,0.6845759444962989,4,0.2348812077337049
189937,0.879057746910019,4,0.08055225629704349
375781,-1.45472388205463,4,-1.1001585358367176
375502,-0.0933512651585855,4,-0.2647329267206081
284002,-2.0381692892958,4,-0.4077367723625354
374688,-1.06576027722719,4,-0.6563119537650108
375642,-0.8712784748134691,4,1.0329954367361416
373642,1.07353954932374,4,-0.05478684943743933
187603,0.101130537255136,4,-0.12848151696673035
284120,-1.06576027722719,4,-0.11465298819755326
375850,0.879057746910019,4,0.46183950185062844
338067,-1.26024207964091,4,-0.42360682816880363
374064,1.26802135173746,4,0.8367045692634307
188423,-0.28783306757230603,4,-0.07250501865131498
283445,-0.0933512651585855,4,-0.5745522067923017
375449,-0.482314869986027,4,-0.32515879640545003
308212,-0.8712784748134691,4,-0.10942232525068141
189844,-1.06576027722719,4,-0.20532503798227492
2437280,-0.482314869986027,4,-0.6060885490790242
3624697,0.879057746910019,4,-0.40129302493360824
284335,0.879057746910019,4,0.48622815935360114
375645,-2.42713289412324,4,-0.7202960223246357
375564,-1.26024207964091,4,-0.33822184472547295
189956,-0.0933512651585855,4,0.1596228651410287
188053,0.295612339668857,4,0.40878728930633373
187901,-0.8712784748134691,4,0.3598399042159192
374013,-1.26024207964091,4,-0.6838873014130817
187548,0.879057746910019,4,0.6356326063362878
187662,0.101130537255136,4,-0.5009279026796201
318177,-1.06576027722719,4,-0.9730276730730347
189928,0.101130537255136,4,0.1582199785006658
376013,1.07353954932374,4,0.39123267617998364
187671,0.490094142082578,4,0.10031378793059753
2437245,-0.0933512651585855,4,-0.33877342307940866
189667,0.101130537255136,4,0.2429696474130965
190711,-0.0933512651585855,4,0.04426965059488301
375640,-1.26024207964091,4,-0.23521776740651154
375447,-0.676796672399749,4,-0.10611806254472839
188243,-0.0933512651585855,4,0.19219853975401702
190783,-1.45472388205463,4,-0.45795515615947996
283515,-1.45472388205463,4,-0.7319697505713225
187920,-1.06576027722719,4,-0.6328181337794381
374253,-0.8712784748134691,4,-0.3592342524093156
188496,0.490094142082578,4,0.8425505387117191
375540,-0.8712784748134691,4,-0.744674505716072
375094,-2.0381692892958,5,-0.8426348734167519
375417,-0.8712784748134691,5,-0.3197408966126373
188742,1.85146675897862,5,0.15201776318768956
188957,0.295612339668857,5,0.6456718883057342
189996,-1.06576027722719,5,-0.671535522171828
190808,-0.0933512651585855,5,0.261491445182706
188958,1.6569849565649,5,0.6740831320717258
188529,-0.0933512651585855,5,-0.6208501387562686
373615,-0.8712784748134691,5,-0.6553281076453048
283599,-0.676796672399749,5,-0.3202079012188747
373991,0.6845759444962989,5,-0.30700244148655065
375018,-1.06576027722719,5,-0.8397850073383231
319282,0.101130537255136,5,-0.15272290639266578
187848,0.295612339668857,5,-0.40766948900378347
189854,0.101130537255136,5,0.08296576572031622
284371,0.6845759444962989,5,0.13309423360963846
283444,-1.45472388205463,5,-0.8777032538304665
188254,-0.8712784748134691,5,-0.5716662817009011
187856,-0.0933512651585855,5,0.40729472624667157
190160,-0.0933512651585855,5,0.05431640698726878
375975,0.879057746910019,5,0.5012365935732543
283667,-0.0933512651585855,5,-0.15892351481974945
375922,0.101130537255136,5,-0.3550600096566193
189194,2.04594856139235,5,1.6762250480114689
374706,-0.28783306757230603,5,-0.6164869509649811
188326,0.490094142082578,5,-0.7888326397669518
375641,0.101130537255136,5,-0.8247223710014038
283130,-0.8712784748134691,5,-0.26850857472276074
374178,-0.0933512651585855,5,0.254695976340703
189043,-0.676796672399749,5,0.15628149812032138
374623,1.4625031541511797,5,0.2750385745022305
188636,0.295612339668857,5,0.10858208301368874
187456,1.4625031541511797,5,0.9597585339374441
284327,-0.676796672399749,5,-0.17986863671978054
284025,-2.23265109170952,5,-0.5979430300605346
188079,0.295612339668857,5,-0.14859375188619153
374969,-0.8712784748134691,5,-0.5348664973338702
189744,-1.45472388205463,5,-0.6001082230472679
283456,-0.28783306757230603,5,0.04934503830357628
374621,-0.8712784748134691,5,-0.772408478088696
190734,0.879057746910019,5,0.03320613040026005
374451,-0.8712784748134691,5,-0.7555153150181602
374401,-0.676796672399749,5,0.951273953582948
284305,0.490094142082578,5,0.615681708514151
188702,0.295612339668857,5,-0.3698461086866649
283182,-0.482314869986027,5,-0.3776418601526693
374239,-0.482314869986027,5,-0.27355449016206945
187838,0.101130537255136,5,0.3020200391170344
375711,-0.676796672399749,5,0.29035146415714314
283762,-0.8712784748134691,5,-0.42969279032221863
187611,0.295612339668857,5,0.36068520928123754
188113,1.07353954932374,5,0.860279287498968
283201,-0.676796672399749,5,-0.19894225244179453
373986,-0.8712784748134691,5,-0.2678671372080374
188226,0.490094142082578,5,0.30836821707079004
188287,1.4625031541511797,5,0.6713866845056431
374631,-0.482314869986027,5,-0.48906175822481474
283171,-1.26024207964091,5,-0.63294628124464
189299,2.04594856139235,5,0.2825869921240926
319279,-1.45472388205463,5,-0.4543841057751475
283199,-1.26024207964091,5,-0.210374722037107
188999,1.4625031541511797,5,0.5941144511879737
188156,1.07353954932374,5,0.6112554516402642
189267,1.07353954932374,5,0.45708778799034483
188398,0.6845759444962989,5,-0.3817432209713802
375875,0.490094142082578,5,0.2730833950425178
374517,0.490094142082578,5,0.1065295703724603
283431,-1.06576027722719,5,-0.42707899138127564
375666,0.879057746910019,5,-0.5018486608402244
336686,-1.26024207964091,5,-0.27619964839833494
284322,0.879057746910019,5,0.2644920850539389
284373,0.101130537255136,5,0.549808710738878
375521,-0.8712784748134691,5,-0.7194722042285275
189233,0.6845759444962989,5,0.3644008455809316
190177,0.6845759444962989,5,0.3996492525834097
189079,1.85146675897862,5,0.7506861994778518
188064,0.101130537255136,5,-0.25856792991749344
375471,-0.0933512651585855,5,-0.4928482216279146
188248,-0.482314869986027,5,-0.7166738550137866
283230,-0.676796672399749,5,-0.4861317486636982
283755,-1.26024207964091,5,-0.37934409903199545
375590,-1.45472388205463,5,-0.8804239455459077
189913,0.101130537255136,5,0.04385725188442269
284182,-1.45472388205463,5,-0.40551264510833557
189647,-1.45472388205463,5,-0.328845018342424
187989,1.6569849565649,5,0.48349116470578873
375015,-0.8712784748134691,5,-0.777508937386638
189337,0.295612339668857,5,1.518502101666075
283179,0.879057746910019,5,0.20142576345017044
375581,-1.45472388205463,5,-1.1699979413092942
319783,-0.8712784748134691,5,-0.44013858212233137
283300,-0.28783306757230603,5,-0.16985550545631858
375823,1.26802135173746,5,0.278915992453758
187645,-0.676796672399749,5,0.34292569288897706
283808,-1.06576027722719,5,-0.7830459544839405
188449,1.26802135173746,5,0.20992719485168593
190296,-0.8712784748134691,5,-0.3846394967525073
189433,-0.0933512651585855,5,0.2025828081867414
283757,-0.676796672399749,5,0.07736907490954792
190088,-0.28783306757230603,5,-0.4686029141746001
375006,-2.42713289412324,5,-0.9827855621709707
189974,0.490094142082578,5,0.009690552023721072
189005,1.4625031541511797,5,1.130015786923812
373623,-0.676796672399749,5,-0.3117667237703358
375998,-1.06576027722719,5,-0.8275368698364185
190141,0.6845759444962989,5,0.8578162962151246
188055,0.295612339668857,5,-0.25824551109375593
375397,-0.8712784748134691,5,-0.4773582028521292
187636,0.6845759444962989,5,-0.7614846211779425
187784,0.295612339668857,5,-0.3672344657515787
188895,1.4625031541511797,5,0.33704750314420057
283914,-0.8712784748134691,5,-0.22905135184727737
188454,0.101130537255136,5,-0.4113246024580307
283143,0.490094142082578,5,0.7677636702066195
187495,0.490094142082578,5,0.33602483231004204
188373,-1.26024207964091,5,-0.5956873218829806
373793,-0.482314869986027,5,-0.1469815473593536
374567,-2.0381692892958,5,-0.017661158693548243
190191,-0.0933512651585855,5,0.47620435194638283
187935,1.26802135173746,5,0.461016279290345
284165,-0.8712784748134691,5,0.33991444745236926
375845,0.490094142082578,5,0.5139347711167004
188413,-0.482314869986027,5,-0.4008298657588301
188218,1.26802135173746,5,-0.5462512874407865
283707,-0.8712784748134691,5,-0.328449720365964
188408,0.879057746910019,5,-0.3353899181697118
187860,0.295612339668857,5,-0.5667798102157399
374741,0.6845759444962989,5,0.33960088599774796
375582,-1.26024207964091,5,-1.1298193035121753
190045,-0.0933512651585855,5,0.04555698281119197
188083,0.6845759444962989,5,0.4369123743057451
188996,1.26802135173746,5,0.7084365770487844
189153,2.04594856139235,5,1.6652690969937896
375341,-1.26024207964091,5,0.10797403905152139
187590,1.07353954932374,5,0.5729321761893764
375623,-0.676796672399749,5,-0.22982323188066434
187767,-0.28783306757230603,5,-0.1317386335708119
188220,-0.28783306757230603,5,0.26559623496639
188545,1.85146675897862,5,1.5003887086547891
187482,0.879057746910019,5,-0.5970977814392938
187895,-0.676796672399749,5,-0.004741012631430924
374190,-0.0933512651585855,5,0.0395382892511596
188552,1.85146675897862,5,0.15552305340910405
189076,1.85146675897862,5,1.651888449106209
187846,-0.0933512651585855,5,-0.2510301838999297
189224,1.4625031541511797,5,0.7411190358003279
376033,0.6845759444962989,5,-0.6505493740602004
374476,0.490094142082578,5,0.048548315615246945
189022,0.879057746910019,5,0.24108047720151943
188669,-0.28783306757230603,5,-0.62257902649109
283763,-0.482314869986027,5,-0.38878146857934476
190016,0.879057746910019,5,0.1417826272478906
187944,-1.45472388205463,5,-0.9327058499135017
318552,-1.45472388205463,5,-0.7446833439481455
376022,-1.06576027722719,5,-0.5738424037006543
188974,1.07353954932374,5,0.29730341306083924
189293,-1.45472388205463,5,-0.1931944988668627
375790,-1.06576027722719,5,-0.36368155724872564
375976,-0.676796672399749,5,0.14648540288521533
190035,-0.0933512651585855,5,0.0948605067628549
187511,-0.28783306757230603,5,-0.08120451386733683
283760,-0.28783306757230603,5,-0.31130770250502965
188008,1.07353954932374,5,0.613293291114126
187474,-0.0933512651585855,5,0.34584417192898664
188229,1.07353954932374,5,0.21955843959523436
283748,-1.45472388205463,5,0.32794345584477924
188095,0.490094142082578,5,-0.3394957992925268
187877,1.85146675897862,5,0.6947547159114353
374407,0.490094142082578,5,0.06106764261188535
187749,1.4625031541511797,5,-0.2848832814621677
374547,-0.8712784748134691,5,-0.5620580024541213
189708,-0.0933512651585855,5,0.21236545709832227
187545,0.295612339668857,5,-0.04342472105289495
187771,1.6569849565649,5,-0.13379642414915932
187543,1.26802135173746,5,0.6776018721806425
283784,-0.28783306757230603,5,-0.0749035873090971
188443,-0.0933512651585855,5,0.2003127901464246
188237,1.85146675897862,5,0.26290917082795623
376049,1.26802135173746,5,0.47498239926066904
187462,-0.482314869986027,5,-0.13852947395582763
375839,-0.482314869986027,5,-0.13823803799819165
189629,0.879057746910019,5,0.3189980239238089
283812,-0.0933512651585855,5,0.2166574597544687
187685,-0.0933512651585855,5,-0.6739787129613286
375370,-0.676796672399749,5,-0.710943372079381
188667,0.6845759444962989,5,-0.20351510194821215
188945,0.295612339668857,5,0.3975089703692625
319954,-2.23265109170952,5,-0.5150057844019355
283448,-0.8712784748134691,5,-0.5728037219347515
375810,-0.28783306757230603,5,-0.17127331266737278
189028,1.4625031541511797,5,0.7791671002032774
375695,2.43491216621979,5,0.5077767185816893
190274,0.879057746910019,5,0.15904602659565675
188137,-0.482314869986027,5,-0.828868463639435
373769,-0.8712784748134691,5,-0.4482999182141622
375513,-0.676796672399749,5,-0.879131434600416
376027,-0.28783306757230603,5,-0.18825390962711322
283166,-0.676796672399749,5,0.11136713044001978
375724,0.879057746910019,5,0.5610781198718469
189631,-2.0381692892958,5,0.24183399035257513
2437249,-0.0933512651585855,6,-0.312346160789337
189017,1.6569849565649,6,0.9128066207703869
375625,-0.676796672399749,6,-0.02386454260558872
375846,0.101130537255136,6,0.3670700805447552
188934,0.6845759444962989,6,0.45010090465181507
375940,-0.28783306757230603,6,-0.08836022494822547
190403,-0.676796672399749,6,-0.6690541905166343
187976,-1.06576027722719,6,-0.8152530996832812
188152,1.4625031541511797,6,0.7226275971888033
187471,0.879057746910019,6,0.35120825059574623
375974,1.07353954932374,6,0.12357986619009827
283778,-2.0381692892958,6,-0.6572879380206365
187705,-0.482314869986027,6,-0.25095034616612605
375772,-1.26024207964091,6,-0.838399810582446
187712,1.85146675897862,6,0.2736034260547089
188785,-0.0933512651585855,6,0.021258807368931834
283160,-0.482314869986027,6,-0.38196017025981144
375376,-0.28783306757230603,6,-0.19842222293390877
188185,1.4625031541511797,6,0.4352908818319269
188734,1.4625031541511797,6,0.15000487805183826
189248,1.85146675897862,6,1.0847593339588222
188421,0.295612339668857,6,-0.014002407650606188
188096,0.101130537255136,6,0.06895663105054985
187704,-0.0933512651585855,6,0.3981388245653872
374655,-1.26024207964091,6,-0.5332376114809416
374197,-0.0933512651585855,6,-0.504466170419049
188979,0.295612339668857,6,1.282618635227273
188267,-0.0933512651585855,6,-0.7109780846985838
374665,-0.482314869986027,6,-0.538776139125679
187936,0.101130537255136,6,0.36102555605058884
375962,-0.0933512651585855,6,0.03650313846350385
188777,1.26802135173746,6,0.9585423542634846
188067,0.101130537255136,6,-0.03194935590196095
187868,-1.06576027722719,6,-0.39412822199469977
188715,1.6569849565649,6,0.14799787071970838
2436902,-1.45472388205463,6,-0.8722192591146725
189027,0.6845759444962989,6,0.6951391372487012
190089,0.879057746910019,6,0.41700555092604963
187957,-0.0933512651585855,6,0.5781575052216015
375957,0.490094142082578,6,0.6884161876384843
187972,0.101130537255136,6,-0.050424285712960024
284100,-2.0381692892958,6,-0.898927062761092
189977,-0.482314869986027,6,0.2515779212788893
283770,-1.45472388205463,6,-0.8047041713195682
188086,-0.28783306757230603,6,-0.040276794374132355
187702,0.490094142082578,6,0.47469117517481885
375934,0.490094142082578,6,0.4993872608079478
187905,-0.0933512651585855,6,-0.3924532939022915
375394,-0.0933512651585855,6,-0.3978036434399147
189003,0.490094142082578,6,0.735172613217882
187556,0.101130537255136,6,0.4673823434310176
190085,-1.26024207964091,6,-0.7034207689208345
189050,0.6845759444962989,6,0.7908598922689927
190148,0.879057746910019,6,0.11590146674906655
188378,0.101130537255136,6,0.32652160189023705
283209,-2.0381692892958,6,0.16176034532520023
190252,-0.28783306757230603,6,-0.8416053722406532
189193,1.6569849565649,6,1.5968421317266286
374414,-0.8712784748134691,6,-0.5626519958801783
190708,-0.28783306757230603,6,0.05191584021920821
187801,-1.26024207964091,6,-1.0049419582523942
189859,-0.482314869986027,6,-0.037554516991285244
283759,-1.06576027722719,6,-0.31304976984640476
189759,0.101130537255136,6,0.17650327615964417
374392,-0.482314869986027,6,0.4519893426229872
188214,1.85146675897862,6,-0.19423197969865147
188458,0.490094142082578,6,-0.11007818794095041
374680,0.490094142082578,6,-0.09023627855895087
188630,1.4625031541511797,6,-0.12358698474084516
375778,-0.482314869986027,6,-0.7229885262124051
376023,-1.26024207964091,6,-0.08910322637912278
284247,-0.28783306757230603,6,-0.33245997649948644
187772,0.6845759444962989,6,-0.20966074683664554
375373,-1.26024207964091,6,-0.7645789849959057
189842,0.101130537255136,6,0.15274293258618887
337841,-0.28783306757230603,6,-0.5490311622381364
187501,0.6845759444962989,6,-0.26508521398920665
374681,-0.8712784748134691,6,-0.6098250366196684
189864,-0.0933512651585855,6,0.19250060372586808
188861,1.85146675897862,6,1.756481082437527
374961,-0.482314869986027,6,-0.2771934635386763
283312,-1.45472388205463,6,-0.18176915845856334
189247,1.85146675897862,6,1.0424675925118156
336479,-1.06576027722719,6,-0.5700398863853846
188134,1.26802135173746,6,-0.031592364138510215
283158,-0.0933512651585855,6,-0.568563441098521
375696,-0.482314869986027,6,-0.971475386125005
188603,0.6845759444962989,6,-0.10700990578769189
284280,1.6569849565649,6,-0.13048196150821434
187803,1.07353954932374,6,0.8737331999237371
187523,0.879057746910019,6,0.48297333530681996
375527,-0.676796672399749,6,-0.5057135376608972
374545,-0.0933512651585855,6,0.42856851078607927
373655,-1.45472388205463,6,-0.8659518550589848
375740,-2.23265109170952,6,-0.3519205645542085
188596,0.6845759444962989,6,0.21752268086738596
375583,-2.42713289412324,6,-0.9366179358633349
283132,-0.28783306757230603,6,0.7031221368291178
189059,0.295612339668857,6,0.14631898951636169
374382,-0.482314869986027,6,0.2730734043319563
2437287,-0.676796672399749,6,-0.36484494455330985
189624,-1.26024207964091,6,0.3110899573833149
375930,-0.0933512651585855,6,-0.1259969813416954
190059,-0.482314869986027,6,0.293977776114028
189384,-0.0933512651585855,6,-0.16692232877433016
189077,2.04594856139235,6,1.4013646485992333
283838,-2.0381692892958,6,-0.9511620955952316
189035,1.85146675897862,6,0.9900828749868449
188970,1.85146675897862,6,1.1439153279710499
189715,1.85146675897862,6,0.2744074561187154
190434,-0.676796672399749,6,-0.8014358443786945
188972,1.07353954932374,6,1.0782525163852528
283105,0.879057746910019,6,0.915336203562473
187560,1.07353954932374,6,-0.04590445067816251
187508,0.6845759444962989,6,-0.20643124060331458
189615,-1.45472388205463,6,-0.2364341152656897
375825,-0.676796672399749,6,-0.40270537508656906
283205,-0.482314869986027,6,0.04867733499755457
374652,-0.482314869986027,6,-0.29118040581812166
187842,0.879057746910019,6,1.0806232069141046
373760,-0.8712784748134691,6,-0.990235161081637
374703,1.07353954932374,6,-0.13019027660223692
375842,0.879057746910019,6,0.42968281949480713
374386,-0.0933512651585855,6,-0.17180209914389322
190130,0.101130537255136,6,0.4174632504111654
188942,1.4625031541511797,6,1.1169018196691267
373621,0.879057746910019,6,0.208522868037811
190733,0.490094142082578,6,0.13137883864154337
336684,0.101130537255136,6,0.06157524648767633
187735,0.879057746910019,6,-0.5617840788795263
190189,0.101130537255136,6,0.08663602356844365
189222,1.85146675897862,6,1.6662438607432495
190774,0.879057746910019,6,0.44694613553125906
283718,-1.26024207964091,6,-0.3382982658049011
188956,0.490094142082578,6,0.7233398583454305
190238,-1.45472388205463,6,-0.6707068962793249
374527,-0.0933512651585855,6,-0.6685489400679963
187500,0.490094142082578,6,0.382044153985296
189997,0.101130537255136,6,0.16827706303393175
283127,0.490094142082578,6,1.3439810322056343
374607,0.6845759444962989,6,0.09771914192586482
375062,-0.8712784748134691,6,-0.6013336167772333
375883,-0.8712784748134691,6,-0.36333633863406134
188306,1.6569849565649,6,0.2606926653028281
187733,-0.0933512651585855,6,-0.13721746425765458
373694,0.490094142082578,6,0.8302775518691295
187742,0.295612339668857,6,-0.3132851456054424
2437194,-0.28783306757230603,6,-0.4244163133647465
373903,-1.45472388205463,6,-0.43316283245123033
188345,-0.8712784748134691,6,-0.2379259226514326
189009,2.04594856139235,6,1.0756755407347947
189862,-0.482314869986027,6,0.5425950644700153
374918,0.101130537255136,6,0.8200552359168138
375752,1.07353954932374,6,0.1722023635959291
373782,0.101130537255136,6,0.6137902139939212
190127,-0.0933512651585855,6,0.17976849604653383
190149,1.4625031541511797,6,0.5938489636781554
374749,-0.0933512651585855,6,0.15294490834105673
284251,-1.06576027722719,6,-0.550126392061466
374483,0.879057746910019,6,0.6962250589417971
374363,0.879057746910019,6,-0.3392494781535175
283967,0.6845759444962989,6,-0.11421428184707817
189455,1.26802135173746,6,-0.16213303365009069
187974,0.295612339668857,6,-0.06846869248085592
189236,2.04594856139235,6,1.0664713369275192
375467,-0.8712784748134691,6,-0.6662832159789378
375573,0.490094142082578,6,0.17039010831741525
189210,1.6569849565649,6,0.7023373680701734
374177,0.879057746910019,6,0.23411175385898725
284236,0.879057746910019,6,-0.34066387313966484
190173,-0.28783306757230603,6,0.24253921270819595
374934,0.101130537255136,6,-0.1116508864930204
188990,1.07353954932374,6,1.0035622714864105
284132,-1.26024207964091,6,-0.7463638199033528
187945,1.6569849565649,6,-0.2653078387217688
375745,-0.676796672399749,6,-0.0766287351665734
374600,-1.45472388205463,6,-0.6494712271150112
375689,0.6845759444962989,6,-0.19993273376381437
190068,-0.0933512651585855,6,0.17225282578491657
373770,-0.0933512651585855,6,-0.18575716333765807
283791,1.26802135173746,6,0.39635328378993084
188425,1.26802135173746,6,-0.064118022454329
373734,0.490094142082578,6,0.3304836221895287
373758,-1.06576027722719,6,-0.6620027996476759
189712,-0.676796672399749,6,0.06780486731117015
375742,1.07353954932374,6,-0.3988591340717389
283790,0.101130537255136,6,0.4422684159666628
375432,-0.28783306757230603,6,-0.178341585986537
2437395,-0.482314869986027,6,-0.19469260567635172
190196,0.879057746910019,6,0.7630607888910943
2437251,0.490094142082578,6,-0.11726750976619911
283773,-2.42713289412324,6,-0.2627962164371202
188469,0.101130537255136,6,-0.6365374161626112
189189,1.6569849565649,6,0.9209545033436246
374108,-1.26024207964091,6,-0.7079892027400112
190796,-0.28783306757230603,6,-0.6104340028688978
188757,0.490094142082578,6,-0.5035875869927791
373759,0.6845759444962989,6,1.1085893038455517
187876,1.4625031541511797,6,0.6369018460431753
187718,-0.482314869986027,6,-0.21330532926799728
190164,-0.28783306757230603,7,0.14084024062225003
188331,-0.0933512651585855,7,-0.13433456287644518
189697,0.490094142082578,7,0.33566506418520875
374927,1.4625031541511797,7,0.6131758926246519
375560,-0.28783306757230603,7,-0.5877964462428218
375274,-1.06576027722719,7,-1.012489764169337
374331,1.26802135173746,7,0.05776745665018411
189241,0.879057746910019,7,0.798441904043943
190137,-0.676796672399749,7,0.07208447822399601
374590,0.879057746910019,7,1.0302902851346167
318179,-2.23265109170952,7,-1.085111713057724
187710,1.26802135173746,7,0.5929732600996508
374467,1.6569849565649,7,1.1270978005622245
284215,0.490094142082578,7,-0.1825650481571331
374473,0.879057746910019,7,0.18883861621943426
189957,-1.26024207964091,7,-0.24651308266116506
190163,-0.0933512651585855,7,0.3521158815209449
283766,-0.28783306757230603,7,0.5098285169383834
187654,0.879057746910019,7,0.11724331716253798
375674,-1.26024207964091,7,-0.03314727369698452
376032,-0.0933512651585855,7,-0.03583882845625862
189696,-1.45472388205463,7,0.19664613574134676
187606,0.295612339668857,7,-0.21432891115070696
187833,0.490094142082578,7,0.8045092939409458
188444,1.26802135173746,7,0.31777029735115025
187457,0.879057746910019,7,-0.031345765145628326
283769,-0.8712784748134691,7,-0.15151867599476165
190081,-0.0933512651585855,7,0.49111529755492506
2437267,1.6569849565649,7,0.1395945453147212
187665,0.295612339668857,7,0.004606963810983369
375788,0.101130537255136,7,-0.12588322627169451
374371,-0.0933512651585855,7,0.4110255236114448
375809,-1.26024207964091,7,-0.3234265547295742
189637,0.879057746910019,7,-0.33149843161865056
189749,-1.26024207964091,7,-0.5002970536742698
188058,-0.0933512651585855,7,0.1399037237731457
187975,0.6845759444962989,7,-0.17792103929937897
187874,0.490094142082578,7,0.013934514896772013
373743,-0.28783306757230603,7,0.07529326463249959
373506,0.490094142082578,7,0.4843342175463144
375548,-0.676796672399749,7,-0.700490592925924
188640,0.101130537255136,7,-0.20562529812116564
188492,0.6845759444962989,7,0.2104670150371885
187850,0.879057746910019,7,0.74666231416253
188896,0.490094142082578,7,0.3116639603001124
374368,0.879057746910019,7,-0.48899389275238914
190198,-1.26024207964091,7,-0.45666475034263737
284334,0.490094142082578,7,0.2866710733432661
189883,0.879057746910019,7,0.18038551815437737
188521,0.490094142082578,7,0.3722433088828298
188093,-0.0933512651585855,7,-0.20543902519973334
375169,-0.676796672399749,7,-0.40810541502565867
189201,1.4625031541511797,7,1.6830169280988547
374693,-0.8712784748134691,7,-0.21582287841343506
374620,-0.28783306757230603,7,-0.5059212724897455
283221,-1.26024207964091,7,0.08507362114515966
187522,-0.482314869986027,7,-0.11205959132247519
283083,-0.0933512651585855,7,0.15272510952605345
375451,2.04594856139235,7,0.6266925741810442
189869,-0.0933512651585855,7,0.17604969731134257
187518,0.879057746910019,7,-0.06743513217841131
375859,-1.06576027722719,7,-0.5771940524104118
189133,-0.28783306757230603,7,-0.6223105263844315
187889,0.490094142082578,7,0.05841788050314657
283775,-0.28783306757230603,7,-0.28006975635085984
375807,-0.8712784748134691,7,-0.41025619630226223
189107,1.4625031541511797,7,1.8446186919108594
375857,-1.06576027722719,7,-0.6796942114370246
188997,0.879057746910019,7,0.6705936030507628
283802,1.07353954932374,7,-0.058656055224108244
283754,0.879057746910019,7,0.26364500061607016
283732,-1.45472388205463,7,-0.4705039839332952
283125,0.490094142082578,7,-0.06379410310377247
190046,-0.0933512651585855,7,0.2615710852356922
283553,-2.23265109170952,7,-0.6460781429932922
375794,-1.45472388205463,7,-0.6751257809323363
188780,1.26802135173746,7,0.5692115913490062
284015,-1.26024207964091,7,-0.5201062565798543
375698,-0.482314869986027,7,-0.10939924398847127
187587,0.295612339668857,7,0.059187997592252475
373904,-0.676796672399749,7,-0.3788331537403246
284338,-2.0381692892958,7,-0.113506695580583
190472,-0.0933512651585855,7,-0.5862358923631755
373739,-0.482314869986027,7,0.27578637508015563
187564,1.07353954932374,7,-0.0028046024676562503
374643,-0.676796672399749,7,-0.5616916476735112
187497,0.490094142082578,7,-0.42803841656326563
189038,2.04594856139235,7,1.561574395358765
375965,0.879057746910019,7,0.513081910595372
188319,-0.0933512651585855,7,-0.5092164440036919
283229,-1.06576027722719,7,-0.74228849098038
187769,0.101130537255136,7,-0.1891723384234798
189909,0.101130537255136,7,0.18811077790142433
373629,0.101130537255136,7,0.13171195644187833
188816,1.26802135173746,7,0.3294080078707808
283638,-1.26024207964091,7,0.0859159581651525
189628,-0.8712784748134691,7,0.28613646097869355
374632,0.490094142082578,7,0.5662383189891353
375634,-0.482314869986027,7,-0.03395030934820807
375916,0.101130537255136,7,0.2991949171595109
190000,0.101130537255136,7,0.016238978648372357
283165,-2.0381692892958,7,-0.745749493214772
374604,-1.26024207964091,7,-0.08706526420590892
188445,0.879057746910019,7,-0.048220748557972246
188982,0.295612339668857,7,0.7420656513464388
374611,-1.06576027722719,7,-0.5021220496954087
188155,0.101130537255136,7,-0.20641983549507403
336477,-1.26024207964091,7,-1.1500144278745363
188029,0.101130537255136,7,-0.5516326055678282
188482,0.6845759444962989,7,0.11031903926335064
188036,0.6845759444962989,7,-0.09218784725105826
189294,1.07353954932374,7,0.5022108682146409
284176,-1.45472388205463,7,-0.3652361323942677
374678,-0.0933512651585855,7,-0.31500417624109345
373627,-0.8712784748134691,7,-0.20233509447818204
375538,-0.482314869986027,7,-0.9074431687377297
375608,-0.8712784748134691,7,-0.12630192122699718
189229,1.6569849565649,7,1.327539942743709
190124,-0.0933512651585855,7,-0.05402010424099153
375738,-0.0933512651585855,7,0.1782020706708271
374663,0.879057746910019,7,-0.2780222770801272
2437378,0.490094142082578,7,0.3825548870819468
188249,0.490094142082578,7,-0.03532609185014432
189099,-1.06576027722719,7,-0.08890013021940836
375755,-1.06576027722719,7,-0.5722238934134944
188187,-0.0933512651585855,7,-0.11375900547554242
187470,0.295612339668857,7,-0.43782139446926466
375731,0.101130537255136,7,0.002387068499319106
375679,0.490094142082578,7,0.557788220253073
190184,-0.28783306757230603,7,-0.14128754410072675
317953,-2.23265109170952,7,-0.8130900494466188
374531,-0.676796672399749,7,-0.2984100966364608
283823,0.101130537255136,7,0.5682599571983387
375972,-1.06576027722719,7,-0.9745342872196416
188825,1.85146675897862,7,-0.29293706918039386
188038,0.490094142082578,7,-0.17968718054482613
283215,-0.676796672399749,7,-0.15846153095550297
187528,0.6845759444962989,7,-0.07431812372884312
375739,0.101130537255136,7,-0.49682326493014695
189887,-0.0933512651585855,7,0.1093699924026539
190797,-1.26024207964091,7,-0.8057445172497051
374974,0.101130537255136,7,-0.12477156768731083
374610,-0.8712784748134691,7,-0.40716094638617256
189029,1.4625031541511797,7,0.8706291587684802
374359,0.490094142082578,7,0.4442411017516282
374747,0.6845759444962989,7,0.5758601880098558
187979,1.6569849565649,7,0.28361137110675994
188911,-0.28783306757230603,7,-0.09852820819682817
374171,0.490094142082578,7,0.6603917890130094
189871,-0.28783306757230603,7,-0.05979846084102787
283139,0.879057746910019,7,0.6695164911779364
375576,-0.676796672399749,7,-0.8283401254471202
283183,0.879057746910019,7,0.3537385851858711
284277,0.879057746910019,7,0.5100163978500964
189253,0.879057746910019,7,0.8938150759394732
189093,-1.26024207964091,7,0.02326514229126915
188848,-0.0933512651585855,7,-0.04827514744444393
284281,0.879057746910019,7,0.17600586510255134
190058,-0.28783306757230603,7,0.11648814361598565
187956,-0.0933512651585855,7,-0.07073126200706222
189865,0.879057746910019,7,0.16649996516779214
190816,0.101130537255136,7,-0.3118744955381747
374024,-0.8712784748134691,7,-0.6979498642578056
375572,-0.482314869986027,7,-0.9087276643396897
187605,-0.0933512651585855,7,-0.3976845778490438
375775,-0.676796672399749,7,-1.0225716885883682
188365,0.490094142082578,7,0.03951806535155443
375714,-2.42713289412324,7,-0.08024813431179718
374759,-0.0933512651585855,7,0.5243080184435811
189797,0.6845759444962989,7,0.25074340381589544
190064,-0.0933512651585855,7,-0.0957854980917368
188419,-0.0933512651585855,7,-0.019604505237796166
187541,-0.28783306757230603,7,0.4483651854410012
283110,-0.8712784748134691,7,-0.6211325005157833
189006,1.85146675897862,7,1.2206981117851035
336783,-1.26024207964091,7,0.19466678873783283
373952,0.101130537255136,7,-0.2706122660156891
190732,0.879057746910019,7,0.05238790663200811
189015,1.4625031541511797,7,1.3356207279553853
189961,-0.28783306757230603,7,-0.1116902602178836
187755,-0.0933512651585855,7,-0.5183941376800985
375518,-1.26024207964091,7,-0.9796889801433812
375921,-0.482314869986027,7,-0.07451864319488131
373635,-1.45472388205463,7,-0.9017223317248647
375894,1.07353954932374,7,-0.29913534155284777
283194,-0.0933512651585855,7,-0.28737321691536793
336688,1.26802135173746,7,-0.6093602298753072
284262,0.490094142082578,7,-0.41905760759660676
374165,1.6569849565649,7,0.4408004436085004
189234,-0.28783306757230603,7,0.3975694117869654
187914,-0.0933512651585855,7,-0.07454248804659903
189630,-0.0933512651585855,7,0.12076949192906695
374429,-0.482314869986027,7,0.35286318090745183
188268,0.295612339668857,7,0.28181199705021365
189340,0.101130537255136,7,0.4479070658820698
374591,-0.0933512651585855,7,-0.29151448201942015
374659,-0.676796672399749,7,-0.5973314154929082
189302,0.6845759444962989,7,0.5185005041575556
375693,-0.0933512651585855,7,-0.17312072618777896
190098,-0.28783306757230603,7,0.15700610952372024
187983,-0.0933512651585855,8,0.05785815847887399
373725,0.879057746910019,8,0.15919707608204675
190100,0.101130537255136,8,0.19178681909665324
188040,0.101130537255136,8,-0.24680665323637416
189755,0.101130537255136,8,0.24705741960260247
188092,0.6845759444962989,8,0.2568635737988137
374978,-0.676796672399749,8,0.7218421786223719
374622,-0.676796672399749,8,-0.04425644897650596
284068,-2.0381692892958,8,-1.0765600415335141
190731,-2.0381692892958,8,-0.056992255045839116
190782,-0.28783306757230603,8,-0.676216657024896
189134,1.4625031541511797,8,1.604176189859931
187481,-0.0933512651585855,8,-0.1230475015542361
187731,-0.676796672399749,8,0.0077532191742603895
375736,-0.482314869986027,8,-0.43245534522811724
188286,0.101130537255136,8,0.7627374169892487
318175,-2.0381692892958,8,-1.1513406381470404
373682,-0.676796672399749,8,0.035119553438616946
187692,-0.676796672399749,8,-0.7671999591591179
189001,1.4625031541511797,8,0.9500227563805503
336485,-1.06576027722719,8,-0.975568520806767
283789,-0.28783306757230603,8,-0.3332962020075275
189400,-0.0933512651585855,8,0.013485859420136637
374532,0.6845759444962989,8,1.2628258820079936
375368,-1.26024207964091,8,-0.15087087165972302
375871,0.101130537255136,8,0.3923135174851982
283740,-0.0933512651585855,8,-0.025518971557828146
375494,0.490094142082578,8,0.36809564940721584
187562,0.879057746910019,8,0.05331060010363592
187968,1.07353954932374,8,0.16719760955094354
375678,-1.45472388205463,8,-0.611376943898863
187485,0.101130537255136,8,0.4036444137371296
189238,2.2404303638060696,8,1.4840315007893512
188000,0.295612339668857,8,0.1040607579254541
187667,0.879057746910019,8,-0.5925303165972322
375371,-0.8712784748134691,8,-0.45523212457073153
188338,-1.26024207964091,8,-0.13363691098937444
188912,-0.28783306757230603,8,0.43377463055322424
375310,1.07353954932374,8,-0.3317959728295667
189023,2.04594856139235,8,0.8428591320879162
374635,-1.45472388205463,8,-0.5853863632239822
189081,1.4625031541511797,8,1.3308223431707333
187780,-0.28783306757230603,8,-0.3218111539233324
374339,0.879057746910019,8,-0.08495420341853807
374158,0.490094142082578,8,1.2556284530554893
187879,0.490094142082578,8,0.33847869976474126
188906,0.490094142082578,8,-0.31817531667312954
189390,1.07353954932374,8,0.17434699012298277
189723,-0.28783306757230603,8,0.26695482284294453
374109,-0.482314869986027,8,-0.5770505587617101
189278,-0.0933512651585855,8,0.28411230353270955
284024,1.26802135173746,8,-0.21705626344450676
375395,-1.06576027722719,8,-0.5938396975355951
375743,-0.676796672399749,8,-0.47732720174868365
187886,-0.28783306757230603,8,-0.46474492195917666
188543,0.490094142082578,8,0.4663155920269952
375735,-0.0933512651585855,8,-0.0556549433826936
189808,0.101130537255136,8,0.21601016975172144
190096,-0.482314869986027,8,0.3484602808911685
375664,-0.676796672399749,8,-0.8091017923967398
283964,1.26802135173746,8,-0.06489218623482507
189979,-0.0933512651585855,8,0.03998834684518826
374086,0.6845759444962989,8,-0.31274049185853114
187938,-0.482314869986027,8,-0.20009569809430222
373733,1.26802135173746,8,0.3232416446552044
189012,2.2404303638060696,8,0.4276948506700016
283950,-0.482314869986027,8,-0.3868710555918549
188377,0.490094142082578,8,0.09117756716616929
187918,-0.482314869986027,8,-0.3480799109839655
189230,1.85146675897862,8,1.6266793521341243
375726,1.26802135173746,8,-0.30808806087283136
283722,-2.0381692892958,8,-0.48397325042295186
189991,-0.28783306757230603,8,0.11235081324826429
283416,-2.0381692892958,8,-0.6909785764494214
188464,1.6569849565649,8,0.27735238867405315
336481,-1.45472388205463,8,-0.6091506859391731
374995,-2.42713289412324,8,-1.028255694675655
188781,1.07353954932374,8,0.2524651461602329
374504,-1.06576027722719,8,-0.5562748506868085
375335,-0.0933512651585855,8,-0.041337440283725824
283726,-0.28783306757230603,8,-0.03996474740763649
284328,0.879057746910019,8,0.6004833028665164
188311,2.2404303638060696,8,1.2524738772342396
336685,-0.0933512651585855,8,0.032984255369114646
188330,-0.0933512651585855,8,-0.7224387212943477
283471,-1.45472388205463,8,-0.4823846863517965
188157,1.26802135173746,8,0.9106338782496977
189032,0.879057746910019,8,0.7300078005063206
283232,-0.676796672399749,8,0.5120791315919548
189698,0.879057746910019,8,0.24651957473157804
374696,-0.482314869986027,8,-0.231434015391401
189666,-0.28783306757230603,8,0.14835340810174752
373851,0.490094142082578,8,-0.1249782807706435
374362,0.879057746910019,8,0.526090136573524
373716,0.101130537255136,8,-0.055940206911559626
374568,-0.8712784748134691,8,-0.07861079346524039
319781,-1.45472388205463,8,-0.556637468911836
375994,0.6845759444962989,8,0.46505017338711924
187794,1.07353954932374,8,-0.056796125980466516
284272,-0.482314869986027,8,0.3925859529048595
375626,-0.28783306757230603,8,0.21869682846587746
188876,0.879057746910019,8,0.3368091884574966
190669,-1.06576027722719,8,-1.0880436972815264
188357,-0.8712784748134691,8,-0.11046438599203126
188270,0.101130537255136,8,0.36399577748641315
373939,0.101130537255136,8,-0.5720318216766864
190707,-0.676796672399749,8,0.2155268717894923
190186,-0.28783306757230603,8,0.1670130729560611
283782,-0.28783306757230603,8,0.10599273415833882
188475,-0.0933512651585855,8,0.02569230171579001
189932,0.101130537255136,8,0.03365879135594285
188476,0.101130537255136,8,-0.1715376122591956
374391,0.490094142082578,8,0.24708057484942686
190778,0.490094142082578,8,0.6342681243740447
283751,-2.42713289412324,8,-0.10507105113326698
187550,-0.0933512651585855,8,-0.6553800772637624
2437409,0.101130537255136,8,-0.04576201535600047
283779,-0.28783306757230603,8,0.006544212238693142
188840,-0.8712784748134691,8,0.11897640997268774
284372,0.490094142082578,8,0.29974162600830273
188246,0.295612339668857,8,0.3187229510078813
188035,-0.0933512651585855,8,-0.8737794320311862
375597,-1.45472388205463,8,-0.7378684253764203
374613,-0.676796672399749,8,-0.7589323591777544
190082,1.07353954932374,8,0.7485684248149496
374603,-0.676796672399749,8,-0.33157945426620106
187812,1.6569849565649,8,1.3713693903414117
189751,-0.28783306757230603,8,-0.1962041562665221
375759,-0.28783306757230603,8,-0.13853388947353135
189308,1.6569849565649,8,1.3838850558381715
190795,0.879057746910019,8,-0.2931375878797059
374541,-0.28783306757230603,8,0.5966190921916912
283978,-0.0933512651585855,8,-0.7782956130597043
308008,-1.06576027722719,8,-0.6973785376199777
190086,-1.26024207964091,8,-0.5708405209122358
187473,1.07353954932374,8,-0.1635577483977908
375545,-1.26024207964091,8,-1.0655021569354026
283752,0.490094142082578,8,-0.30628427098930966
284324,0.879057746910019,8,0.34275843470801654
190458,-0.0933512651585855,8,0.015689865410095843
283876,-2.0381692892958,8,-0.8385832315720811
188202,0.295612339668857,8,0.3526126680369601
374367,-0.0933512651585855,8,-0.5347762402963991
283603,-0.676796672399749,8,-0.48891105259017303
283325,0.879057746910019,8,0.26592254787896735
189152,1.07353954932374,8,1.583119234786714
187992,2.04594856139235,8,-0.4767098636460441
187686,1.6569849565649,8,0.15376194447150365
187982,-0.676796672399749,8,0.002266177482919046
188932,0.490094142082578,8,0.771357888777805
188872,0.101130537255136,8,-0.558193869561159
190092,-0.8712784748134691,8,-0.9555876884377505
187631,-0.0933512651585855,8,-0.6027676948065462
187863,-0.676796672399749,8,-0.783826731707812
283671,-0.0933512651585855,8,0.0979427892625023
374630,-0.28783306757230603,8,-0.6264388811364197
189834,0.490094142082578,8,0.1129015206608629
188975,0.6845759444962989,8,0.6255314790521334
284291,-0.28783306757230603,8,0.36507178107919247
283106,-1.45472388205463,8,-0.8153111299931048
2437263,0.490094142082578,8,-0.1123265071938046
187666,-0.482314869986027,8,-0.25079905147499937
189168,2.2404303638060696,8,1.714590610553232
283668,-1.06576027722719,8,-0.501768499313024
373850,-0.482314869986027,8,-0.4428403834511228
375433,-0.8712784748134691,8,-0.5025010870378668
375404,-2.0381692892958,8,-0.5236859162353101
190791,0.101130537255136,8,-0.21533153737345292
283735,-2.0381692892958,8,-0.38743579118976107
190815,-1.06576027722719,8,-0.06956635152765038
187707,0.295612339668857,8,-0.018034091530805235
190157,0.879057746910019,8,0.0878940781310506
189274,1.4625031541511797,8,0.7730631119658407
188327,-0.676796672399749,8,0.08650566665451451
187949,0.6845759444962989,8,1.2047350978937943
187717,0.879057746910019,8,-0.22996653040278914
374513,-0.28783306757230603,8,0.2990192664995202
190073,0.6845759444962989,8,0.061492982655526246
283817,-0.0933512651585855,8,-0.14853097235682228
187814,-0.8712784748134691,8,-0.22864487558659385
188907,1.85146675897862,8,1.5458684320798672
188145,0.490094142082578,8,0.8593734488921441
187484,-0.0933512651585855,8,-0.23461268426967707
188429,-1.06576027722719,8,-0.7915395161806544
375589,-0.676796672399749,8,-0.5734658543335514
189881,0.101130537255136,8,0.1962531437465952
188001,0.490094142082578,8,0.43205010835016283
374160,0.879057746910019,8,0.11682050655526008
187536,0.101130537255136,8,0.03332591620395042
189157,1.07353954932374,8,0.42425482401163556
190125,-0.8712784748134691,8,0.024995687480099837
189040,1.85146675897862,8,1.468064858170133
190097,-0.28783306757230603,8,0.0967083762541937
187563,-0.8712784748134691,8,-0.529334398566931
187713,2.2404303638060696,8,1.4016081986830764
374062,-0.676796672399749,8,-0.8585482709427672
283311,0.879057746910019,8,0.6305735188096382
188969,1.26802135173746,8,0.9543977640633485
283665,-1.06576027722719,8,-0.7332269569168273
188984,1.07353954932374,8,1.1922530841920562
2437266,0.490094142082578,9,0.2811232688512115
374001,0.879057746910019,9,0.026395030515277085
283656,-1.26024207964091,9,-0.8528750587659654
190804,0.879057746910019,9,0.5739960232966055
188362,0.295612339668857,9,0.1681683270361787
187677,-0.28783306757230603,9,-0.12476711810891075
189805,-0.0933512651585855,9,-0.6178676515303614
374537,0.879057746910019,9,0.38238127539843925
285674,-1.26024207964091,9,-0.48602725230286226
373649,-0.0933512651585855,9,0.1455410722745297
189811,0.101130537255136,9,0.14541004669865246
188222,1.4625031541511797,9,0.7731420487381745
187763,0.101130537255136,9,-0.07216746270222178
187866,0.101130537255136,9,-0.4797290872605665
188418,-0.0933512651585855,9,-0.07837371390310137
190055,-1.06576027722719,9,-0.9300266181806056
189232,0.6845759444962989,9,0.49603642184224805
189668,0.6845759444962989,9,0.5968503876276912
189109,2.04594856139235,9,1.637511830681593
187730,-0.0933512651585855,9,-0.004070563235993058
190142,-0.0933512651585855,9,0.43865892091417114
187822,1.4625031541511797,9,0.7221474827674617
318174,-1.26024207964091,9,-0.8689911706215222
284080,-1.45472388205463,9,-0.7373611403282139
190561,-2.23265109170952,9,-0.16716621553007877
188558,0.101130537255136,9,0.07624425251367586
374378,-0.0933512651585855,9,0.2273784579162271
374066,1.07353954932374,9,-0.12273231782160637
375943,0.879057746910019,9,0.6435730747635104
189013,0.101130537255136,9,0.23055719304483333
189014,0.490094142082578,9,0.6247443349440285
190703,-0.0933512651585855,9,0.07806232806886274
375504,1.07353954932374,9,-0.4290585316982146
187741,1.26802135173746,9,-0.16061818461175875
375340,-1.26024207964091,9,-0.6712258499168597
373467,-0.0933512651585855,9,1.1416241694914628
189291,1.4625031541511797,9,0.5211562580104256
189010,2.04594856139235,9,1.0198410583739919
190806,0.879057746910019,9,0.2698948771870886
2437244,-0.28783306757230603,9,-0.658631829395133
187711,0.879057746910019,9,0.45743152677549925
188259,0.879057746910019,9,0.152383121579697
375393,0.879057746910019,9,0.13365530030577497
374739,-1.45472388205463,9,-0.11672158480118372
187546,0.6845759444962989,9,0.09229233514312649
187591,1.6569849565649,9,0.4168700341904775
187985,-0.0933512651585855,9,0.16905022221106378
375539,-2.0381692892958,9,-0.5929000642533764
2437268,0.101130537255136,9,0.08218138143836098
283859,-0.28783306757230603,9,-0.05774802995903465
187883,1.26802135173746,9,0.7789058927396472
376015,0.490094142082578,9,0.0751672235067676
188209,-0.482314869986027,9,-0.846483548681288
283176,0.879057746910019,9,0.2756203694659699
189245,1.4625031541511797,9,1.3972213970800038
187753,0.101130537255136,9,-0.36314513483955224
190280,-0.28783306757230603,9,-0.1409451054605674
189268,1.6569849565649,9,0.4294203317739891
374956,-1.45472388205463,9,-0.589452304456301
283279,-0.8712784748134691,9,-0.5351395367607791
190069,0.6845759444962989,9,0.10763742483940061
375704,0.879057746910019,9,0.40610681820505
187573,0.879057746910019,9,-0.1080377722964526
188321,0.295612339668857,9,-0.12803126061764583
187567,0.101130537255136,9,-0.7025550824175988
187990,1.6569849565649,9,0.22804385293480364
187770,2.2404303638060696,9,0.0883349279652422
318178,-2.0381692892958,9,-1.1259785265722886
188405,-0.0933512651585855,9,-0.19976966377201513
373980,-0.676796672399749,9,-0.2582863294725241
283712,-0.8712784748134691,9,-0.7062168496567324
283144,0.879057746910019,9,0.6752929517039784
2437415,-1.45472388205463,9,-0.6036102175542776
374067,1.07353954932374,9,0.8226082668259781
375421,0.490094142082578,9,0.03352758121328919
189786,0.101130537255136,9,0.7797869996847887
375784,-1.26024207964091,9,-0.07168094913774645
187853,-0.676796672399749,9,-0.2191490230144272
375556,-0.676796672399749,9,-0.7680411940462548
375779,-0.28783306757230603,9,-0.6488351932152904
375917,-0.482314869986027,9,0.029473605875156766
374743,-0.676796672399749,9,0.16335172858166067
187584,-0.0933512651585855,9,-0.47373061718668164
188401,0.879057746910019,9,-0.007277525626582432
188898,1.26802135173746,9,0.3910853095971718
375931,-0.28783306757230603,9,-0.05455651112156587
190071,-0.676796672399749,9,-0.12479749791957281
283721,-1.06576027722719,9,-0.06964412880089642
187804,2.04594856139235,9,0.7563857274259798
283116,0.490094142082578,9,0.5780911106660543
187515,-0.0933512651585855,9,-0.7294698948227427
189958,-0.8712784748134691,9,-0.45292339305740226
283623,-2.42713289412324,9,-0.7552168135376435
188211,-0.0933512651585855,9,-0.6039972843410895
283235,-0.28783306757230603,9,0.1937966963810702
188978,1.26802135173746,9,0.9309405669514824
190134,-1.45472388205463,9,-0.33037039060159956
373777,-0.28783306757230603,9,-0.29590586145196646
375410,-0.28783306757230603,9,-0.4269984856454715
187566,-0.482314869986027,9,-0.34025350558552236
188374,1.4625031541511797,9,0.21274766515420448
188312,-0.482314869986027,9,-1.0963644753594335
188122,0.295612339668857,9,0.2639276782274337
374204,0.6845759444962989,9,0.036491512101769846
375830,-1.06576027722719,9,-0.8117379754138809
283819,0.879057746910019,9,0.4701501736818694
375037,0.6845759444962989,9,-0.45293348281445045
374003,-0.676796672399749,9,-0.3427203086282339
284219,-0.0933512651585855,9,-0.3746006058284752
2436958,-1.06576027722719,9,-0.5038057858740984
374361,-0.0933512651585855,9,0.004754358574076023
188441,1.07353954932374,9,0.07345414079780851
374536,0.490094142082578,9,0.5331518577901748
187952,0.101130537255136,9,0.06058099032458389
187461,2.04594856139235,9,0.7713932138712356
373485,-0.28783306757230603,9,-0.68292357088488
187978,0.879057746910019,9,-0.1797924273819499
375549,-0.28783306757230603,9,-0.3561906222001341
187810,1.26802135173746,9,-0.0020480579205216787
188672,-0.8712784748134691,9,0.12809343719952937
187663,0.101130537255136,9,-0.5384126537170697
188061,-0.28783306757230603,9,-0.6333854600888672
375799,-1.26024207964091,9,-0.011960229285959773
190174,-0.8712784748134691,9,0.4606189032638962
190805,0.101130537255136,9,0.4046131359126899
188236,-0.482314869986027,9,0.021690004337137525
190784,1.07353954932374,9,1.3019664494384202
189885,-0.28783306757230603,9,-0.18506880286967228
375621,-0.28783306757230603,9,-0.16162272599583075
375977,0.879057746910019,9,-0.025594606757559396
187574,-0.28783306757230603,9,-0.4972344248121845
373780,0.101130537255136,9,0.1353352360088432
190036,-0.482314869986027,9,0.13553165539050124
374191,1.6569849565649,9,0.90557473422819
189955,-1.06576027722719,9,-0.4413755580098784
188765,-0.8712784748134691,9,-0.5784389766877144
190195,-0.676796672399749,9,-1.0505226142884836
190076,1.07353954932374,9,0.8314045976185479
187472,1.85146675897862,9,1.1601230534573503
187505,-2.0381692892958,9,-0.3117277889309819
2437214,-0.0933512651585855,9,-0.19354057785459217
187607,1.07353954932374,9,0.3888461903688576
308006,-0.676796672399749,9,-0.5892889534303424
375901,-0.8712784748134691,9,-0.3479456227009945
375820,0.101130537255136,9,0.1801236121908867
375020,-1.26024207964091,9,-0.12586658296028058
189290,1.07353954932374,9,0.5485228752164039
187537,-0.0933512651585855,9,-0.8702921129017295
188154,1.26802135173746,9,0.34575748191805233
188410,0.6845759444962989,9,-0.2184782865794529
374825,0.6845759444962989,9,0.30750553408861425
283742,-2.23265109170952,9,-0.4630424090673352
188510,0.101130537255136,9,-0.19419901244123955
283157,-0.482314869986027,9,0.061293146931850034
188468,1.26802135173746,9,0.29105405639986115
283118,0.490094142082578,9,1.2686859964827502
189686,-0.482314869986027,9,0.09188144725127242
2437256,-1.26024207964091,9,-0.37059231496043266
187791,0.879057746910019,9,0.12898775887979871
375661,-0.8712784748134691,9,0.08077406169925652
376034,-1.06576027722719,9,-0.13009554630276352
189041,0.879057746910019,9,0.6519813108290694
187669,-0.482314869986027,9,-0.2189145854108936
187824,-0.28783306757230603,9,-0.3390086699918067
375446,-1.06576027722719,9,-0.6228881135706531
189084,1.6569849565649,9,1.7194903963712687
190813,-2.0381692892958,9,-0.5861503400358973
375254,-1.45472388205463,9,-0.598116509060553
187709,1.07353954932374,9,-0.04157877858617812
375503,-2.0381692892958,9,-0.8857380110992307
187681,-0.482314869986027,9,0.010025414265803667
375838,0.490094142082578,9,0.2817629643776801
189809,0.101130537255136,9,0.24923882563495622
189254,1.85146675897862,9,0.8272252624228146
375391,-1.26024207964091,9,-0.3733251321172234
375747,-1.45472388205463,9,-0.40815050392323293
374740,-0.8712784748134691,9,-0.311376194673221
375710,-1.06576027722719,9,-0.240470335440208
374416,0.490094142082578,9,0.9184254982131917
375389,-1.45472388205463,9,-0.055408249343433386
188105,0.879057746910019,9,0.48686037528735404
190794,-1.06576027722719,9,0.0415880007055289
373754,-0.0933512651585855,9,-0.399558731907771
375578,-0.676796672399749,9,-0.6373167983375219
187739,0.6845759444962989,9,-0.057456158472340535
2437250,0.879057746910019,9,-0.24835568180836634
283774,-0.676796672399749,9,-0.04242867946266003
189753,-0.482314869986027,9,0.173835934939879
188577,-0.676796672399749,9,-0.1593109136545036
374436,0.101130537255136,9,0.3482358325701169
375796,1.07353954932374,9,-0.005457135789326328
375890,-0.676796672399749,9,-0.42780958457922336
188989,2.04594856139235,9,1.1709612867969865
188076,0.101130537255136,9,-0.6028417370707816
187647,-0.0933512651585855,9,-0.5221422225803078
375579,-1.26024207964091,9,-0.5803372275346009
376047,1.07353954932374,9,-0.10107953134802762
188988,0.490094142082578,9,0.8399566462206728
373654,0.101130537255136,9,-0.21587856558265117
190344,1.07353954932374,9,0.5078903276944287
