"id","Hard","kfold","XGBoost_pred"
283796,-0.0933512651585855,0,0.19299717
318176,-1.45472388205463,0,-1.2449038
375748,-0.871278474813469,0,-0.49004012
283449,-0.676796672399749,0,0.5206271
188500,-0.287833067572306,0,-0.047210347
375461,-0.871278474813469,0,-0.36187515
189287,0.879057746910019,0,0.23436214
189829,0.684575944496299,0,0.34943426
374530,-0.871278474813469,0,-0.041933775
188849,2.24043036380607,0,1.2116507
190818,-1.06576027722719,0,-0.18561116
190817,-1.06576027722719,0,-1.0260677
189756,-0.676796672399749,0,-0.90174234
189034,1.26802135173746,0,1.1968148
188018,-0.482314869986027,0,-0.7619902
374516,0.490094142082578,0,0.82044053
283849,0.490094142082578,0,0.47148046
188012,0.490094142082578,0,0.42364594
374913,-0.0933512651585855,0,0.38223258
190070,1.07353954932374,0,0.508192
190129,0.101130537255136,0,-0.048000775
373675,-0.287833067572306,0,-0.28161475
187555,0.490094142082578,0,0.35123885
283128,-0.871278474813469,0,-0.19166325
189244,0.101130537255136,0,-0.036008313
375465,-0.676796672399749,0,-0.20585413
189819,0.879057746910019,0,-0.610197
308004,-1.45472388205463,0,-0.89684635
283313,-0.482314869986027,0,0.1232935
187612,-0.0933512651585855,0,0.35706314
308211,-0.871278474813469,0,-0.5269653
374712,0.101130537255136,0,-0.07582269
187839,0.684575944496299,0,0.6991594
375552,-0.871278474813469,0,-0.41498697
283600,-0.871278474813469,0,-0.65273994
373872,0.879057746910019,0,1.0892017
374598,-1.06576027722719,0,-0.007482362
376021,0.879057746910019,0,0.25528517
374614,-1.26024207964091,0,-0.5396589
283753,-2.0381692892958,0,-0.20411374
2437048,-0.0933512651585855,0,-0.7489996
188894,0.490094142082578,0,0.10915599
188549,1.85146675897862,0,1.5074009
187703,0.101130537255136,0,0.03172766
375437,-0.676796672399749,0,-0.2940079
375717,0.101130537255136,0,0.44946513
188197,-1.26024207964091,0,-0.31023717
374365,0.879057746910019,0,0.6725567
188987,0.490094142082578,0,0.66054094
188244,1.26802135173746,0,0.97856694
375551,-0.287833067572306,0,-0.63298464
374475,0.101130537255136,0,0.7647304
187458,1.46250315415118,0,0.124788724
187674,-0.0933512651585855,0,0.1636087
284369,0.879057746910019,0,0.08817073
374629,1.07353954932374,0,0.008768216
374988,-2.62161469653696,0,-1.237486
190140,-1.26024207964091,0,-0.6878627
189822,-0.871278474813469,0,-0.85715914
190144,0.879057746910019,0,0.27794585
374612,-2.0381692892958,0,-0.6023109
375816,-0.676796672399749,0,-0.481844
187832,-0.482314869986027,0,0.6313959
187995,-0.287833067572306,0,-0.5261492
188255,0.295612339668857,0,0.25238758
187714,0.101130537255136,0,0.318408
374515,-0.482314869986027,0,-0.42105517
374186,-0.676796672399749,0,-0.61093277
189250,1.6569849565649,0,1.26244
189018,-0.0933512651585855,0,0.34462634
374183,-0.482314869986027,0,-0.68379885
190040,1.07353954932374,0,0.7291691
187464,1.26802135173746,0,0.620578
375923,0.879057746910019,0,0.03185252
283633,-1.45472388205463,0,0.23387726
283676,-0.676796672399749,0,0.0017654086
189319,1.46250315415118,0,0.5510052
187764,0.684575944496299,0,0.56426775
187783,-0.871278474813469,0,-1.1001108
189289,2.24043036380607,0,1.2313929
190143,-0.482314869986027,0,-0.22884552
188764,0.879057746910019,0,-0.15833956
190062,-0.287833067572306,0,-0.36778966
188383,-0.482314869986027,0,-0.82072115
284312,0.879057746910019,0,0.5421107
188232,0.879057746910019,0,0.4541054
187676,0.879057746910019,0,0.5799118
188034,0.295612339668857,0,-0.6222802
375569,-0.676796672399749,0,-0.29461867
188704,1.46250315415118,0,0.9274836
187583,-0.871278474813469,0,-0.6226053
283843,-0.0933512651585855,0,-0.10507652
190787,-1.26024207964091,0,-0.9704937
188101,1.07353954932374,0,1.2677526
375585,-2.23265109170952,0,-0.7021288
374691,0.684575944496299,0,-0.55998284
283813,-0.0933512651585855,0,0.36387274
188320,-0.0933512651585855,0,0.27947438
188427,0.879057746910019,0,0.032387495
374505,-0.871278474813469,0,-0.43230784
188110,2.43491216621979,0,1.1626076
187875,1.26802135173746,0,0.5451022
283723,-0.676796672399749,0,-0.34389567
2437308,-0.287833067572306,0,0.074441865
190277,-0.0933512651585855,0,0.08496736
373730,-0.676796672399749,0,-0.18852301
187585,1.07353954932374,0,0.45164657
374914,0.684575944496299,0,0.6093182
190103,0.101130537255136,0,0.27040124
283781,0.101130537255136,0,0.27747613
308254,-0.676796672399749,0,-0.05277832
375702,-1.26024207964091,0,-0.74150807
188991,1.46250315415118,0,1.191381
374213,-0.676796672399749,0,-0.16052629
187658,0.879057746910019,0,-0.19797878
375372,-1.26024207964091,0,-1.0665985
374807,-1.06576027722719,0,-0.4954311
188250,-0.0933512651585855,0,0.17310421
187980,2.24043036380607,0,0.51753974
188940,0.684575944496299,0,0.22419381
188099,1.85146675897862,0,0.046868462
374004,-0.287833067572306,0,-0.49046957
375659,-1.45472388205463,0,-1.003953
283846,-1.26024207964091,0,-0.778231
190811,1.07353954932374,0,0.8258372
375205,-0.482314869986027,0,-1.0474536
188346,-0.676796672399749,0,-0.33722174
374011,1.6569849565649,0,0.4737634
188054,0.879057746910019,0,-0.8370695
283109,-0.871278474813469,0,-0.598351
189024,1.26802135173746,0,1.2377329
374551,0.101130537255136,0,0.38700473
188992,1.46250315415118,0,0.5661043
336782,0.879057746910019,0,0.3747128
187678,1.26802135173746,0,0.29340532
189872,-0.0933512651585855,0,0.02127134
284278,0.101130537255136,0,-0.56644714
190158,-0.676796672399749,0,0.4748521
188758,1.85146675897862,0,0.5577383
283670,0.101130537255136,0,-0.2266274
283177,-0.871278474813469,0,-0.11959624
375355,-0.287833067572306,0,-0.07314419
189964,0.879057746910019,0,0.4265721
283805,-1.45472388205463,0,-0.8036727
189670,0.101130537255136,0,1.033848
284304,0.684575944496299,0,0.5060555
188493,0.490094142082578,0,1.3236654
375971,0.879057746910019,0,0.30889136
188009,1.46250315415118,0,0.318893
284248,-0.287833067572306,0,-0.018551547
190769,-1.26024207964091,0,-1.0553075
187551,-0.676796672399749,0,-0.080234244
188172,-0.482314869986027,0,-0.31398144
283719,-0.676796672399749,0,-0.09208337
284066,-1.26024207964091,0,-0.7558593
187906,0.684575944496299,0,0.34807926
2437340,-0.482314869986027,0,-0.12632598
375791,-1.26024207964091,0,-0.27125725
373575,-1.26024207964091,0,-0.16397668
189706,-0.0933512651585855,0,-0.2056934
187907,1.07353954932374,0,0.57089996
2437252,-0.871278474813469,0,-0.09486386
375383,-0.482314869986027,0,-0.19813138
188517,0.295612339668857,0,0.40506187
375973,-0.287833067572306,0,-0.05503127
187653,-0.287833067572306,0,0.063727096
188174,-0.482314869986027,0,0.97753614
375017,-1.26024207964091,0,-0.020903973
187514,1.46250315415118,0,-0.17188665
188269,1.85146675897862,0,0.16925535
284370,-0.676796672399749,0,-0.18291794
189856,0.879057746910019,0,0.19130202
187700,0.295612339668857,0,0.23462585
187502,0.295612339668857,0,0.37908664
188897,1.26802135173746,0,-0.034672614
187756,0.101130537255136,0,-0.46902698
375627,-0.287833067572306,0,0.049749956
283427,-0.482314869986027,0,-1.1724758
189223,0.101130537255136,0,0.0342456
375728,0.490094142082578,0,0.11317595
187852,0.101130537255136,0,0.41724855
3646845,0.684575944496299,0,0.6355207
190364,-0.482314869986027,0,-0.6152224
187951,1.07353954932374,0,0.531543
374944,1.07353954932374,0,0.3900553
374592,1.26802135173746,0,0.49889952
190170,-0.287833067572306,0,0.3073742
283054,-2.23265109170952,0,-0.14070468
188359,-0.0933512651585855,0,-0.38037375
373764,-1.45472388205463,0,-0.8740564
188532,1.26802135173746,0,0.2975763
283639,-0.676796672399749,0,-1.0355802
187845,0.295612339668857,0,0.87430465
374937,-0.482314869986027,0,-0.004033502
374697,-0.287833067572306,0,0.06190638
375315,-0.871278474813469,0,-0.23739652
190114,0.101130537255136,0,0.056376453
336478,-1.06576027722719,0,-0.80944467
188536,0.684575944496299,0,-0.17350996
189063,0.490094142082578,0,0.3157641
374535,-0.676796672399749,1,-0.02178193
187691,1.46250315415118,1,1.1747938
284203,-0.287833067572306,1,0.018483385
374474,-0.871278474813469,1,0.104076624
188094,1.26802135173746,1,0.9192967
187823,1.07353954932374,1,0.70746315
283892,-0.287833067572306,1,-0.37463418
189972,-0.676796672399749,1,0.21844617
188227,1.26802135173746,1,0.85219777
373481,-0.0933512651585855,1,0.49523482
187664,0.295612339668857,1,-0.2610766
373795,-0.287833067572306,1,-0.020185815
375455,-1.06576027722719,1,-0.38827398
375899,-0.287833067572306,1,0.14092726
376012,0.490094142082578,1,0.53168863
189031,2.04594856139235,1,1.7357353
189669,-0.482314869986027,1,0.13923168
283968,-2.0381692892958,1,-0.4597468
189004,2.04594856139235,1,0.79384065
187888,-0.287833067572306,1,-0.31703869
374719,0.101130537255136,1,0.7804775
375409,-2.0381692892958,1,-0.42994633
375935,0.684575944496299,1,0.66682726
373773,-0.0933512651585855,1,0.41337252
188026,0.684575944496299,1,0.33340845
319956,-1.26024207964091,1,-0.3283335
188501,0.879057746910019,1,-0.35395333
188258,-0.0933512651585855,1,0.26980266
283615,-0.482314869986027,1,-0.39828265
189237,2.04594856139235,1,1.5316478
189971,-0.482314869986027,1,-0.36318815
284164,-2.23265109170952,1,-1.1884944
375682,1.26802135173746,1,0.345041
375970,-0.0933512651585855,1,-0.19034646
374640,-0.871278474813469,1,-0.5189878
187493,0.295612339668857,1,0.3440997
189277,-1.26024207964091,1,1.0870298
283162,-0.287833067572306,1,1.2077408
188355,0.295612339668857,1,-0.086094715
283830,-0.676796672399749,1,0.41848987
319957,-1.45472388205463,1,-0.5622542
376048,0.879057746910019,1,-0.49170455
187736,-0.871278474813469,1,-0.54943025
188043,0.879057746910019,1,-0.45255095
190054,-2.0381692892958,1,-0.54599476
375452,1.6569849565649,1,0.61769986
188633,0.879057746910019,1,0.5183014
374616,-0.871278474813469,1,-0.33321053
374702,0.879057746910019,1,0.2570537
188231,-0.287833067572306,1,-0.27483335
189008,-0.482314869986027,1,0.1671463
188386,-1.45472388205463,1,-0.4203156
188774,0.295612339668857,1,-0.45470664
188340,1.46250315415118,1,1.1144686
375243,-1.26024207964091,1,-0.7370795
374445,-0.0933512651585855,1,-0.2943817
188117,1.07353954932374,1,-0.040586304
283579,-0.676796672399749,1,-0.80399597
187510,1.46250315415118,1,-0.098863445
375941,0.684575944496299,1,0.57865185
374745,0.879057746910019,1,0.659483
188201,-0.482314869986027,1,-0.23403656
284357,0.101130537255136,1,-0.15779749
190037,-0.0933512651585855,1,-0.07086828
375688,-1.06576027722719,1,0.3016424
375456,-0.482314869986027,1,-0.44797868
187648,0.879057746910019,1,0.6728064
189868,-0.287833067572306,1,-0.19387166
187867,-1.26024207964091,1,-0.78455496
374624,-2.23265109170952,1,-0.4701519
283121,0.879057746910019,1,1.1525334
375993,-1.06576027722719,1,-0.43543658
375567,-2.23265109170952,1,-1.2165347
375802,-0.287833067572306,1,-0.585952
187609,1.46250315415118,1,0.52105784
375744,-1.45472388205463,1,-0.05600081
374471,1.26802135173746,1,1.4310024
187816,0.295612339668857,1,-0.37427032
188893,0.101130537255136,1,0.37073472
188316,1.6569849565649,1,0.2768452
187544,0.295612339668857,1,0.25798774
187776,0.101130537255136,1,0.37250018
374689,-0.676796672399749,1,-0.34878603
189858,0.101130537255136,1,-0.009542187
187819,0.684575944496299,1,0.2721761
374110,0.684575944496299,1,0.64746404
374442,0.101130537255136,1,0.3075771
189700,-0.676796672399749,1,0.35470304
187954,0.684575944496299,1,-0.5886872
375956,0.101130537255136,1,0.6338072
189734,0.879057746910019,1,-0.1285542
190007,0.490094142082578,1,0.22421174
375697,-1.06576027722719,1,-0.39619604
188786,0.101130537255136,1,0.66796243
283803,-0.676796672399749,1,-0.21934907
189070,-1.06576027722719,1,-0.20154944
375719,0.101130537255136,1,-0.17946857
374112,-0.676796672399749,1,-0.50369364
375847,0.490094142082578,1,0.54754716
375773,-1.45472388205463,1,-1.3993697
373925,-0.676796672399749,1,-0.44086772
187610,0.684575944496299,1,0.5902155
189309,1.46250315415118,1,0.6000521
374658,-0.871278474813469,1,-0.26517683
188930,1.07353954932374,1,1.1220958
283801,-1.45472388205463,1,-0.47282314
283117,0.879057746910019,1,0.754161
188369,0.295612339668857,1,-0.2962285
283602,-2.0381692892958,1,-0.7745136
187857,0.684575944496299,1,0.06537329
189048,1.6569849565649,1,1.3312619
188160,1.26802135173746,1,0.73343354
189242,1.26802135173746,1,1.2745515
188370,0.684575944496299,1,0.06665493
373835,-0.871278474813469,1,-1.3034294
374396,-0.287833067572306,1,0.010870998
374395,-0.482314869986027,1,0.0229766
189094,1.07353954932374,1,0.9947048
284239,-0.676796672399749,1,0.11215485
190810,-0.0933512651585855,1,-0.24245289
188121,1.26802135173746,1,-0.25015995
188027,1.26802135173746,1,0.27974552
374397,-0.482314869986027,1,0.22792846
375705,0.879057746910019,1,-0.031073928
190190,0.879057746910019,1,0.26413706
190159,0.879057746910019,1,0.28383878
187758,0.490094142082578,1,0.41970792
374413,-1.45472388205463,1,-0.5920376
284241,-0.871278474813469,1,-0.21770342
284161,0.490094142082578,1,0.098427214
318549,-1.45472388205463,1,-1.1293992
284209,0.879057746910019,1,0.26205352
188540,-0.287833067572306,1,-0.16263765
189188,0.879057746910019,1,0.92660064
187986,0.879057746910019,1,-0.6449724
189138,0.101130537255136,1,0.72834915
375832,0.879057746910019,1,0.59531826
187637,-0.482314869986027,1,0.31370115
187629,0.101130537255136,1,0.04364776
187687,0.684575944496299,1,0.5401515
2437410,-0.482314869986027,1,-0.3863445
189949,-0.0933512651585855,1,-0.009625978
187921,-0.482314869986027,1,0.2537179
187649,0.684575944496299,1,0.074686654
2437412,1.6569849565649,1,-0.1472911
189857,-0.0933512651585855,1,0.29340062
187988,-0.0933512651585855,1,-0.107324384
187892,0.295612339668857,1,0.4491573
283962,-0.0933512651585855,1,0.01336234
375690,-2.0381692892958,1,-0.38965917
375004,-2.23265109170952,1,-0.92260826
374151,1.07353954932374,1,0.6542301
189078,1.46250315415118,1,1.2959476
187911,1.07353954932374,1,0.40491766
319784,-0.871278474813469,1,-0.533946
189703,1.85146675897862,1,0.9503302
308009,-1.45472388205463,1,-1.2452391
375949,0.879057746910019,1,0.16753587
375835,0.101130537255136,1,-0.4906197
283178,0.879057746910019,1,0.48401445
374388,0.879057746910019,1,0.68710864
189754,-0.287833067572306,1,0.015442431
376050,-0.287833067572306,1,-0.49900872
336482,-1.45472388205463,1,-1.110007
283989,-0.0933512651585855,1,-0.18629575
189343,1.6569849565649,1,0.66284895
375800,-1.26024207964091,1,-0.1191043
188031,-0.676796672399749,1,0.50241643
373861,0.879057746910019,1,0.91147673
188601,1.85146675897862,1,1.9165171
284279,-0.676796672399749,1,0.8137072
374595,0.490094142082578,1,0.4170771
283731,-0.482314869986027,1,-0.1947465
187549,-0.482314869986027,1,0.34961346
189346,2.43491216621979,1,0.8222685
188768,0.684575944496299,1,0.6711153
375434,0.101130537255136,1,-0.27567133
187475,0.879057746910019,1,0.12754482
375780,-1.45472388205463,1,-0.38128415
187955,-0.287833067572306,1,0.009887317
188349,-0.287833067572306,1,-0.109139666
189225,0.879057746910019,1,-0.0098725
373948,0.490094142082578,1,1.0960127
189625,-0.676796672399749,1,1.1114355
187787,0.879057746910019,1,-0.022672134
190199,-0.287833067572306,1,0.24651659
375511,-1.26024207964091,1,-0.93742776
375939,-0.482314869986027,1,0.05394231
190121,-0.0933512651585855,1,0.29532212
283833,-0.287833067572306,1,-0.5206585
189803,-1.45472388205463,1,-0.49527213
374935,-0.287833067572306,1,0.123453215
188448,0.101130537255136,1,-0.3558769
308253,-0.871278474813469,1,-0.011537613
375596,-1.26024207964091,1,0.0021697888
190008,-0.0933512651585855,1,-0.09445193
373509,-0.287833067572306,1,-0.9827728
373690,-0.871278474813469,1,-0.15840648
188104,0.490094142082578,1,0.050102305
374148,-0.0933512651585855,1,0.26482588
375565,-2.0381692892958,2,-0.72886467
189927,-0.0933512651585855,2,0.0979133
189980,0.101130537255136,2,0.060514875
189853,-0.871278474813469,2,0.07194486
375594,-1.45472388205463,2,-0.64068866
375553,-0.871278474813469,2,-0.6405984
189760,-0.871278474813469,2,-0.29585156
375499,-1.26024207964091,2,-0.2480604
190702,-0.287833067572306,2,-0.046341207
188142,-0.871278474813469,2,0.009693727
284189,-0.0933512651585855,2,0.7378866
373571,-1.06576027722719,2,-0.45824444
374599,-1.26024207964091,2,-0.43150586
187817,-1.26024207964091,2,-0.66590357
188170,0.684575944496299,2,1.0099761
190814,-0.676796672399749,2,0.40852258
284190,-1.06576027722719,2,-0.11611553
283104,0.490094142082578,2,0.26050693
188976,0.490094142082578,2,0.7960962
189025,1.26802135173746,2,-0.34252957
189243,1.6569849565649,2,1.159398
190799,-0.482314869986027,2,-0.296734
375524,-0.871278474813469,2,-1.058271
284059,-2.23265109170952,2,-0.44382998
187604,-0.482314869986027,2,-0.0320998
319955,-1.06576027722719,2,0.08820814
283828,-0.287833067572306,2,-0.11324499
283825,-0.482314869986027,2,0.45779184
189840,-0.0933512651585855,2,0.017499944
373651,-2.0381692892958,2,-0.7431053
188943,2.04594856139235,2,1.4465567
189894,-2.0381692892958,2,-0.8290969
283655,-2.0381692892958,2,-0.8019248
187999,1.26802135173746,2,0.6020802
375933,0.101130537255136,2,-0.0503813
375707,1.07353954932374,2,0.259599
188314,0.101130537255136,2,0.26465988
375681,-1.26024207964091,2,-0.60786164
2437377,1.07353954932374,2,0.5560735
188111,1.85146675897862,2,0.7848425
189776,-1.26024207964091,2,-0.44609222
188901,0.684575944496299,2,-0.09584431
189239,-0.287833067572306,2,0.9356657
375896,-1.26024207964091,2,-0.2663007
188215,0.295612339668857,2,-0.08563529
283777,-0.871278474813469,2,-0.123882495
188015,0.879057746910019,2,0.2069972
374092,0.879057746910019,2,-0.5007564
187690,-0.287833067572306,2,-0.4564468
189626,-0.676796672399749,2,0.04192451
189947,-0.871278474813469,2,-0.32094255
187795,-0.0933512651585855,2,-0.46543917
189246,0.101130537255136,2,0.14164299
189833,-2.23265109170952,2,-0.44826338
375905,-0.871278474813469,2,-0.6205137
189045,1.46250315415118,2,1.2242537
187561,-0.482314869986027,2,0.611902
375851,-0.482314869986027,2,-0.26360986
188051,0.101130537255136,2,-0.4485582
187576,0.490094142082578,2,0.2011132
283741,-1.06576027722719,2,-0.42355222
375716,-0.482314869986027,2,-0.38726377
189002,0.295612339668857,2,0.8399847
187930,0.490094142082578,2,-0.21398993
188452,0.490094142082578,2,0.10395089
375746,-0.676796672399749,2,-0.19071753
188384,0.879057746910019,2,0.09772514
189689,-0.871278474813469,2,0.34028625
188282,1.46250315415118,2,-0.27483013
187527,-0.287833067572306,2,0.050939385
190213,-0.871278474813469,2,-0.3704355
188056,-0.482314869986027,2,-0.968558
375546,-0.0933512651585855,2,-1.0858474
336476,-1.45472388205463,2,-1.0060871
283844,0.879057746910019,2,-0.20452084
189288,2.62939396863351,2,0.61643386
190709,-0.0933512651585855,2,0.22766136
374500,-1.06576027722719,2,-0.30799595
374588,-0.871278474813469,2,-0.5372772
189090,1.85146675897862,2,1.042081
188291,0.490094142082578,2,-0.56559354
189221,2.24043036380607,2,1.9583974
283768,-1.26024207964091,2,-0.6464839
374472,0.879057746910019,2,0.118223876
374669,-0.676796672399749,2,-0.75400436
376004,-0.676796672399749,2,-0.3828121
189137,2.04594856139235,2,1.2198391
376018,-0.482314869986027,2,-0.3650996
188335,-0.287833067572306,2,-0.22191016
187699,1.26802135173746,2,0.96073246
187599,-0.0933512651585855,2,0.37971437
375411,-0.0933512651585855,2,-0.4841227
374662,-1.26024207964091,2,-0.6062494
284202,-0.0933512651585855,2,0.74125314
374156,-0.0933512651585855,2,0.5049884
188376,0.684575944496299,2,0.37708634
375749,-0.871278474813469,2,-0.28341073
188006,0.684575944496299,2,-0.32089117
187880,1.26802135173746,2,-0.17981334
188947,-0.482314869986027,2,0.1412242
375509,0.101130537255136,2,-0.8680939
187757,-0.676796672399749,2,0.2658947
375607,-1.06576027722719,2,-0.78093773
187507,0.295612339668857,2,0.35913652
187766,-0.287833067572306,2,-0.33330542
188981,1.07353954932374,2,0.90934795
187628,-0.482314869986027,2,-0.55530787
189049,0.490094142082578,2,0.7175794
189039,1.85146675897862,2,0.79317874
375519,-0.871278474813469,2,-0.08750601
189784,-1.26024207964091,2,-0.5830752
375444,-1.26024207964091,2,-0.5990996
284309,0.879057746910019,2,-0.11807767
187881,0.295612339668857,2,-0.14191377
187855,0.684575944496299,2,0.102070384
190757,-0.871278474813469,2,-0.41464925
188339,0.101130537255136,2,-0.3258484
375767,-2.62161469653696,2,-0.08669385
375460,-0.482314869986027,2,-0.32931256
375550,0.879057746910019,2,-0.25972623
188302,0.295612339668857,2,0.19644034
189030,-0.871278474813469,2,0.018059956
375692,0.879057746910019,2,-0.0013169379
190780,-0.287833067572306,2,-0.55226135
374533,-1.26024207964091,2,-0.15869069
189757,-1.45472388205463,2,-0.20025955
283938,-2.23265109170952,2,-0.44033062
187796,1.26802135173746,2,0.78019464
187998,-0.482314869986027,2,-0.39612782
188114,-0.287833067572306,2,1.3889512
375991,0.684575944496299,2,-0.04436386
375954,0.879057746910019,2,-0.4386474
283616,-2.42713289412324,2,-0.88830805
188818,0.879057746910019,2,-0.25978628
187469,0.490094142082578,2,0.53967714
283641,-2.0381692892958,2,-0.76709867
188526,0.879057746910019,2,0.4318636
375591,-1.06576027722719,2,0.23389891
284354,-0.482314869986027,2,0.5096115
283727,-0.871278474813469,2,-0.7482953
375392,0.879057746910019,2,0.023440095
190203,0.879057746910019,2,0.6007056
188541,1.07353954932374,2,0.4469826
187579,0.101130537255136,2,-0.5100835
374894,0.879057746910019,2,-0.53295225
2437286,0.490094142082578,2,-0.30021954
188224,0.879057746910019,2,0.80220056
374398,-1.06576027722719,2,-0.3160529
189320,1.46250315415118,2,1.1501188
283163,0.879057746910019,2,0.9097622
375474,-2.23265109170952,2,-0.7679097
373674,0.879057746910019,2,-0.05529494
375475,-0.676796672399749,2,0.46225268
2437248,-0.482314869986027,2,-0.39838633
188075,2.04594856139235,2,0.40000102
188325,1.26802135173746,2,0.33055282
188436,-0.0933512651585855,2,0.115211256
283432,-1.45472388205463,2,-0.9090571
187786,0.295612339668857,2,-0.08288298
189684,-0.482314869986027,2,0.14410949
308011,-0.871278474813469,2,-0.282695
187489,-0.287833067572306,2,-0.15674883
188048,-0.482314869986027,2,-0.25964853
373468,-0.871278474813469,2,-0.36653975
373482,0.684575944496299,2,0.4105973
308265,-1.26024207964091,2,0.05489939
374646,-1.06576027722719,2,-0.55974954
187535,-0.0933512651585855,2,-0.1476055
187981,-0.482314869986027,2,0.2879163
283767,-0.287833067572306,2,0.0661938
190102,-0.287833067572306,2,0.25953853
317891,-1.45472388205463,2,-1.1415095
188102,1.46250315415118,2,0.99380517
375505,0.879057746910019,2,-0.3591796
283604,-0.482314869986027,2,-0.46108648
188329,0.101130537255136,2,0.5589712
187924,1.07353954932374,2,-0.17027014
373912,-2.42713289412324,2,-1.0934253
374715,0.101130537255136,2,0.00749125
190116,-0.482314869986027,2,0.08153306
375727,-0.871278474813469,2,-0.096794166
190187,-0.287833067572306,2,-0.10175769
187958,-1.06576027722719,2,-0.99959093
375950,0.879057746910019,2,0.6940915
188913,1.07353954932374,2,0.0032102102
189732,0.879057746910019,2,0.49464294
318548,-2.23265109170952,2,-0.9111383
374992,-2.23265109170952,2,-0.86968964
190039,0.684575944496299,2,0.9618821
318550,-1.26024207964091,2,-1.263894
187728,-0.287833067572306,2,0.559946
189046,1.6569849565649,2,0.6757188
188341,1.26802135173746,2,1.5774381
189164,1.07353954932374,2,0.886401
375706,-0.676796672399749,2,0.26548338
283224,-1.06576027722719,2,-0.30166417
187729,0.295612339668857,2,0.5061925
284145,-1.45472388205463,2,-0.72319514
189919,0.101130537255136,2,0.30311894
375687,-1.06576027722719,2,-0.17834705
374641,0.879057746910019,3,-0.2166906
374394,0.879057746910019,3,-0.26413667
374139,0.879057746910019,3,0.60585195
374744,-0.871278474813469,3,-0.07313256
190111,-0.0933512651585855,3,0.113015056
187960,-0.0933512651585855,3,-0.38036537
187805,1.6569849565649,3,0.9807112
190150,1.26802135173746,3,0.29955745
188317,0.879057746910019,3,0.52036405
189292,2.24043036380607,3,0.5735817
374638,-0.871278474813469,3,-0.64838535
284265,0.879057746910019,3,0.12355443
375500,-1.06576027722719,3,-1.2761852
188235,0.684575944496299,3,-0.3401265
373656,-0.287833067572306,3,-0.42992476
189085,2.04594856139235,3,1.7944372
374683,0.101130537255136,3,-0.009843043
375547,-0.0933512651585855,3,-0.7525774
188993,0.879057746910019,3,0.60768056
2437282,0.879057746910019,3,-0.43133685
375665,-1.06576027722719,3,0.033060025
283970,-0.287833067572306,3,-0.12666647
375628,0.490094142082578,3,0.19197853
317829,-0.482314869986027,3,-0.70839727
189231,-0.287833067572306,3,-0.7644618
374202,-0.871278474813469,3,-0.39538574
188382,-0.482314869986027,3,-0.56142646
375453,-1.26024207964091,3,-0.5406114
375815,-1.06576027722719,3,-0.47167656
189016,1.85146675897862,3,1.0272154
374912,0.684575944496299,3,0.8060364
284069,-1.26024207964091,3,-1.081272
283138,-1.06576027722719,3,-0.13351491
374917,1.85146675897862,3,1.8720068
283598,-1.26024207964091,3,-0.5958526
284168,0.490094142082578,3,-0.31309626
189139,1.07353954932374,3,0.8506631
189801,-0.676796672399749,3,0.31180066
374037,0.879057746910019,3,0.5421973
190802,0.490094142082578,3,0.6495796
189301,0.295612339668857,3,0.23953344
187479,0.101130537255136,3,0.24933161
375895,-1.26024207964091,3,-0.19900288
188402,-0.0933512651585855,3,-0.8929342
188028,-0.482314869986027,3,-0.47994497
189068,0.490094142082578,3,-0.14680411
187946,1.46250315415118,3,0.10227997
190790,-0.676796672399749,3,0.03128158
374553,-0.871278474813469,3,-0.58615786
373578,-0.482314869986027,3,0.032159545
187858,-0.0933512651585855,3,-0.15278879
284245,-0.871278474813469,3,-0.020231243
284162,-0.0933512651585855,3,0.12210854
187539,-0.676796672399749,3,-0.20773672
187589,-0.287833067572306,3,-0.0038573297
187941,-0.0933512651585855,3,-0.22458532
283677,-1.26024207964091,3,-0.91450953
375691,-0.482314869986027,3,-0.44483864
190015,0.879057746910019,3,0.2120115
374608,0.101130537255136,3,-0.37070265
187993,1.07353954932374,3,0.17186703
283114,0.879057746910019,3,0.784939
373756,1.07353954932374,3,0.8141726
284231,-1.06576027722719,3,0.21470942
283119,0.490094142082578,3,0.6888181
2437258,0.879057746910019,3,0.3366123
189683,-2.23265109170952,3,-1.1245092
188994,1.85146675897862,3,0.53880024
190057,0.490094142082578,3,0.050170206
308269,0.101130537255136,3,-0.004671088
187752,-0.287833067572306,3,-0.40400895
190132,0.879057746910019,3,0.578782
308007,-2.23265109170952,3,-0.8998242
319280,-0.676796672399749,3,-0.14122261
284303,0.879057746910019,3,0.08213766
283202,-1.06576027722719,3,-0.33534545
187887,-0.676796672399749,3,-0.14623855
283772,-1.45472388205463,3,-1.1146321
188396,-0.482314869986027,3,-0.36740682
190175,0.879057746910019,3,0.4189779
375598,-0.676796672399749,3,-0.1070777
336483,-1.45472388205463,3,-0.91664577
375441,-0.287833067572306,3,-0.32466874
283145,-0.871278474813469,3,-0.655242
187526,1.26802135173746,3,0.14033173
156377,-0.482314869986027,3,0.112785555
189944,-1.26024207964091,3,-0.87261045
187977,0.295612339668857,3,-0.27001694
375577,-2.0381692892958,3,-0.5035323
188412,-1.06576027722719,3,-0.5763522
375694,-0.871278474813469,3,-0.7519958
188846,0.101130537255136,3,-0.3799474
188927,1.26802135173746,3,1.2651786
190029,-0.287833067572306,3,-0.3172334
283120,-0.482314869986027,3,0.11039531
374385,-0.0933512651585855,3,0.18873815
374694,-0.676796672399749,3,-0.80526125
188363,0.879057746910019,3,0.10490883
190067,-0.0933512651585855,3,-0.02427397
283231,0.684575944496299,3,-0.49360853
188324,1.26802135173746,3,-0.14830652
188328,-0.871278474813469,3,-0.5110882
190807,-0.287833067572306,3,-0.07391348
190126,0.490094142082578,3,0.41276702
374589,-0.287833067572306,3,-0.29183754
319779,-0.871278474813469,3,-0.044999328
374377,0.684575944496299,3,0.18080492
374945,0.879057746910019,3,0.8126914
284216,0.490094142082578,3,-0.086237505
187971,0.101130537255136,3,-0.33830264
373744,-0.0933512651585855,3,-0.27304682
187765,-0.0933512651585855,3,-0.60764486
284222,-0.676796672399749,3,0.0015181954
375571,-1.06576027722719,3,-0.8486945
188163,0.879057746910019,3,0.7064067
187760,0.684575944496299,3,0.79961413
283447,-1.45472388205463,3,-0.501255
187820,0.101130537255136,3,-0.026964046
374763,1.07353954932374,3,0.85989046
190101,0.879057746910019,3,0.74517053
190138,1.07353954932374,3,0.77330655
188708,0.684575944496299,3,-0.034938093
189892,0.101130537255136,3,0.11850324
188239,-0.482314869986027,3,-0.27954367
188506,0.101130537255136,3,0.22322
283736,-2.0381692892958,3,0.9866131
374814,1.46250315415118,3,0.5298371
317951,-1.06576027722719,3,-0.6097303
188052,0.295612339668857,3,-0.4206281
188998,1.6569849565649,3,1.2990242
284110,-1.26024207964091,3,-0.9882577
188025,-0.0933512651585855,3,0.14306912
375620,-1.26024207964091,3,-0.70813066
188189,1.26802135173746,3,1.7435691
189632,-1.06576027722719,3,0.42267835
190803,0.101130537255136,3,0.72452736
190022,0.490094142082578,3,0.41219175
374145,-1.06576027722719,3,-0.8348815
187834,-1.06576027722719,3,-0.14708997
189790,-0.482314869986027,3,0.45660946
283089,-0.871278474813469,3,-0.9772032
308266,1.6569849565649,3,-0.27275613
188463,-0.0933512651585855,3,0.059557687
375013,-2.42713289412324,3,-0.98143435
190072,-0.287833067572306,3,0.27998614
188909,1.6569849565649,3,0.032408617
374479,-0.287833067572306,3,0.39965287
188698,1.26802135173746,3,0.8203251
283822,0.101130537255136,3,0.1990145
284067,-1.06576027722719,3,-1.104166
187751,1.07353954932374,3,-0.10620768
187754,1.26802135173746,3,-0.21925083
189804,0.101130537255136,3,0.26044187
188153,0.101130537255136,3,0.6196682
188563,1.46250315415118,3,0.60483927
187594,-0.482314869986027,3,0.1288183
375498,-2.0381692892958,3,-0.50962627
375024,-1.45472388205463,3,0.02541196
188375,0.879057746910019,3,0.4079476
189623,0.684575944496299,3,0.700119
188103,0.879057746910019,3,-0.09852255
375795,1.46250315415118,3,0.3873275
190278,-0.287833067572306,3,-0.07948565
283756,-0.676796672399749,3,-0.02813819
188256,-0.676796672399749,3,0.15937912
189889,0.101130537255136,3,0.032990456
187530,0.684575944496299,3,-0.075173356
283776,-1.45472388205463,3,-0.3404009
2437408,-0.0933512651585855,3,0.6857026
188546,2.04594856139235,3,1.5187024
373900,-0.482314869986027,3,-0.41460106
187919,-1.26024207964091,3,-0.32922903
188037,0.101130537255136,3,-0.11828389
187655,-0.676796672399749,3,-0.36718494
284224,-1.45472388205463,3,-0.7152098
189115,0.879057746910019,3,0.9647049
283252,-2.23265109170952,3,-0.75498897
188019,0.684575944496299,3,-0.21000704
189851,-0.676796672399749,3,-0.31219813
373832,-1.06576027722719,3,-0.4839626
188822,0.879057746910019,3,0.36116865
374374,0.490094142082578,3,0.7211378
375458,1.6569849565649,3,0.77412
374484,0.101130537255136,3,0.44049898
189792,-0.676796672399749,3,0.36317864
188944,1.46250315415118,3,0.399112
190167,-0.287833067572306,3,0.47206044
190499,-0.871278474813469,3,-0.15535308
189020,2.24043036380607,3,0.9085039
190819,0.879057746910019,3,0.10870047
189970,0.490094142082578,3,-0.3750587
319285,-1.26024207964091,3,0.007635737
283359,-2.0381692892958,3,-0.48981717
284192,0.684575944496299,3,0.10624607
187807,0.684575944496299,3,0.21794406
190139,0.684575944496299,3,0.65925527
319283,-1.45472388205463,3,-0.5678549
374412,0.490094142082578,3,-0.010977922
188759,-0.871278474813469,3,-0.39224193
187973,0.879057746910019,3,0.06249318
376000,0.879057746910019,4,0.61131847
376001,1.6569849565649,4,-0.12762763
375995,0.684575944496299,4,0.8170773
374154,-0.287833067572306,4,0.10455989
283625,-2.42713289412324,4,-0.36983415
283107,-1.06576027722719,4,0.09220482
283792,0.101130537255136,4,0.08484181
187928,0.101130537255136,4,-0.09832061
375766,-0.871278474813469,4,-1.073564
283220,0.101130537255136,4,0.005107481
318173,-1.06576027722719,4,-0.5696781
375765,1.07353954932374,4,-1.0618689
190162,0.101130537255136,4,0.2559509
187675,0.295612339668857,4,-0.17166603
187818,1.6569849565649,4,0.39528745
187984,0.684575944496299,4,-0.04584521
188980,0.879057746910019,4,0.64800656
189895,-0.482314869986027,4,0.18136616
283214,-0.676796672399749,4,0.34105182
188922,0.879057746910019,4,-0.2512018
189116,0.684575944496299,4,0.93569154
188415,-0.0933512651585855,4,0.07097518
188472,0.295612339668857,4,0.058150366
188379,-0.482314869986027,4,0.3063503
374768,0.684575944496299,4,0.32367286
283839,-1.45472388205463,4,-0.84372675
284368,0.684575944496299,4,0.410796
375813,1.07353954932374,4,0.071954645
375708,-1.26024207964091,4,-0.5306027
187878,1.6569849565649,4,0.40115386
375663,-1.26024207964091,4,-0.76898783
187682,-0.0933512651585855,4,0.118462734
375016,1.07353954932374,4,0.92646486
374941,0.490094142082578,4,0.11408332
188407,-0.0933512651585855,4,-0.34068635
375454,-0.287833067572306,4,-0.4170143
188820,-0.0933512651585855,4,-0.5621688
373726,-0.0933512651585855,4,-0.12460217
373522,-0.482314869986027,4,-0.102701366
188507,0.295612339668857,4,0.1351676
189421,-2.0381692892958,4,-0.1925156
189766,-0.287833067572306,4,-0.57325554
283815,-0.287833067572306,4,-0.14475141
374699,-1.26024207964091,4,-0.37862498
284090,-1.26024207964091,4,-0.8475706
188467,-0.482314869986027,4,-0.5400726
374155,0.879057746910019,4,0.6706206
188923,-0.482314869986027,4,-0.50385046
188204,-0.482314869986027,4,-0.25454876
375457,1.26802135173746,4,-0.5130981
374548,-1.45472388205463,4,-0.7858008
283715,-1.45472388205463,4,-0.50719774
374718,-0.0933512651585855,4,0.65531933
2436999,-1.26024207964091,4,-0.67168725
283634,-2.62161469653696,4,-0.8985559
375557,-2.0381692892958,4,-0.16285984
319284,-0.871278474813469,4,-1.1024685
308010,-0.871278474813469,4,-0.87637925
188530,0.879057746910019,4,0.5166914
189042,0.101130537255136,4,1.0045737
187844,-0.0933512651585855,4,-0.14722803
374174,0.879057746910019,4,0.12088578
189000,0.879057746910019,4,0.1827097
188225,1.07353954932374,4,0.022094026
188466,1.46250315415118,4,-0.26135513
187826,-0.482314869986027,4,-0.37735155
187656,-0.676796672399749,4,-0.043347947
189832,-0.676796672399749,4,0.05637571
187840,0.101130537255136,4,-0.075356975
376002,-0.0933512651585855,4,-0.32098773
375817,-1.06576027722719,4,-0.50525117
189280,1.85146675897862,4,1.0753921
189021,2.43491216621979,4,-0.44427395
373626,-0.676796672399749,4,-0.59887516
187588,-0.0933512651585855,4,0.032280255
374534,1.85146675897862,4,1.2983283
187696,1.07353954932374,4,0.14385276
190006,-0.0933512651585855,4,0.32315552
284336,-0.482314869986027,4,-0.36103138
375288,-0.482314869986027,4,-0.4516177
188899,1.07353954932374,4,-0.0026873297
375342,-0.676796672399749,4,-0.8121992
374124,0.684575944496299,4,0.26964644
284319,1.46250315415118,4,0.3739347
188497,1.26802135173746,4,0.33013594
376010,-0.676796672399749,4,-0.24643072
190115,-0.871278474813469,4,0.07693774
187869,0.490094142082578,4,0.8788183
188792,0.879057746910019,4,-0.029564869
188146,-0.482314869986027,4,-0.5147788
187903,0.879057746910019,4,0.47702807
188494,1.46250315415118,4,0.96760374
189240,1.85146675897862,4,1.3345627
190800,-0.287833067572306,4,-0.024230152
374746,-0.482314869986027,4,0.27840796
374063,1.07353954932374,4,0.14289723
375952,0.879057746910019,4,0.6651529
189047,1.85146675897862,4,0.94294304
190728,-1.26024207964091,4,-0.665125
374617,-1.45472388205463,4,-0.2994675
190792,0.490094142082578,4,-0.08597504
373863,-0.871278474813469,4,-0.3207301
190063,-0.0933512651585855,4,0.20561829
187781,0.879057746910019,4,-0.073640004
188190,-0.871278474813469,4,0.4132633
283664,-0.871278474813469,4,-0.4986264
188292,0.295612339668857,4,-0.29424044
373672,-0.0933512651585855,4,-0.11310702
373745,-0.871278474813469,4,-0.57076156
374546,-0.287833067572306,4,-0.2282415
188033,0.490094142082578,4,-0.34555623
189690,-1.45472388205463,4,-0.016081596
187893,1.46250315415118,4,0.4679122
190018,0.101130537255136,4,0.06388927
374686,-0.676796672399749,4,-0.13134272
374419,-0.482314869986027,4,-0.14841641
373628,0.490094142082578,4,0.18005013
188733,1.85146675897862,4,-0.43311024
188554,1.26802135173746,4,-0.18644664
374609,0.101130537255136,4,0.05049895
283597,-2.0381692892958,4,-1.1434586
190789,-0.676796672399749,4,0.4125399
190051,-1.26024207964091,4,0.39412394
376040,-0.871278474813469,4,-0.29659817
189282,1.6569849565649,4,0.83961546
375997,0.490094142082578,4,-0.46220914
374147,-0.0933512651585855,4,0.049359288
188434,0.684575944496299,4,-0.21978727
373799,-0.0933512651585855,4,0.25354493
375932,0.684575944496299,4,0.34390384
187716,1.6569849565649,4,-0.5623559
188336,2.04594856139235,4,1.1305239
187582,0.295612339668857,4,0.5577026
190005,-0.482314869986027,4,-0.19429822
187904,1.6569849565649,4,0.39679918
187987,-0.0933512651585855,4,0.1680833
187793,0.879057746910019,4,0.2141057
283969,-1.06576027722719,4,-0.8595703
187491,1.46250315415118,4,1.0520116
374742,1.26802135173746,4,0.19048253
187854,0.684575944496299,4,0.43977442
283126,1.07353954932374,4,0.8876584
375662,0.879057746910019,4,-0.167301
375295,-1.26024207964091,4,-0.36898154
374103,-0.676796672399749,4,-0.28372252
189091,-0.0933512651585855,4,-0.7474629
375230,-1.06576027722719,4,-0.48131877
187778,-0.676796672399749,4,-0.1653269
187725,0.490094142082578,4,0.521141
374017,-1.06576027722719,4,-1.1087444
189392,0.490094142082578,4,0.80799836
336781,-1.06576027722719,4,0.030490177
374185,0.879057746910019,4,0.07152794
187996,0.684575944496299,4,0.16925412
336484,-1.06576027722719,4,-0.8425031
190056,0.684575944496299,4,0.48343584
189937,0.879057746910019,4,-0.0004025869
375781,-1.45472388205463,4,-1.2376604
375502,-0.0933512651585855,4,-0.09608246
284002,-2.0381692892958,4,-0.45605388
374688,-1.06576027722719,4,-0.54159176
375642,-0.871278474813469,4,1.3752369
373642,1.07353954932374,4,0.08380426
187603,0.101130537255136,4,-0.15885103
284120,-1.06576027722719,4,-0.26663858
375850,0.879057746910019,4,0.43324026
338067,-1.26024207964091,4,-0.72264546
374064,1.26802135173746,4,0.91860783
188423,-0.287833067572306,4,-0.06829157
283445,-0.0933512651585855,4,-0.6004556
375449,-0.482314869986027,4,-0.45067012
308212,-0.871278474813469,4,0.12253929
189844,-1.06576027722719,4,-0.16078949
2437280,-0.482314869986027,4,-0.65825856
3624697,0.879057746910019,4,-0.24392037
284335,0.879057746910019,4,0.50001466
375645,-2.42713289412324,4,-1.2928971
375564,-1.26024207964091,4,-0.5732882
189956,-0.0933512651585855,4,-0.32871494
188053,0.295612339668857,4,0.303893
187901,-0.871278474813469,4,0.40423506
374013,-1.26024207964091,4,-0.6957812
187548,0.879057746910019,4,0.6509449
187662,0.101130537255136,4,-0.45115966
318177,-1.06576027722719,4,-1.1813418
189928,0.101130537255136,4,0.30321097
376013,1.07353954932374,4,-0.01651944
187671,0.490094142082578,4,0.30756086
2437245,-0.0933512651585855,4,-0.49330515
189667,0.101130537255136,4,0.27112028
190711,-0.0933512651585855,4,-0.07958308
375640,-1.26024207964091,4,-0.4019284
375447,-0.676796672399749,4,-0.28099352
188243,-0.0933512651585855,4,0.27110463
190783,-1.45472388205463,4,-0.8861865
283515,-1.45472388205463,4,-1.0185115
187920,-1.06576027722719,4,-0.3687001
374253,-0.871278474813469,4,-0.35290846
188496,0.490094142082578,4,1.0703515
375540,-0.871278474813469,4,-0.5830212
375094,-2.0381692892958,5,-0.77738804
375417,-0.871278474813469,5,-0.4762534
188742,1.85146675897862,5,0.18409812
188957,0.295612339668857,5,0.45902845
189996,-1.06576027722719,5,-0.34713915
190808,-0.0933512651585855,5,0.026383378
188958,1.6569849565649,5,0.65508324
188529,-0.0933512651585855,5,-0.8036539
373615,-0.871278474813469,5,-0.67122066
283599,-0.676796672399749,5,-0.73377126
373991,0.684575944496299,5,-0.06930413
375018,-1.06576027722719,5,-0.944409
319282,0.101130537255136,5,-0.13304941
187848,0.295612339668857,5,-0.19948277
189854,0.101130537255136,5,-0.0068667782
284371,0.684575944496299,5,-0.15752918
283444,-1.45472388205463,5,-0.16981891
188254,-0.871278474813469,5,-0.3035967
187856,-0.0933512651585855,5,0.37949106
190160,-0.0933512651585855,5,0.039753806
375975,0.879057746910019,5,0.36998287
283667,-0.0933512651585855,5,0.019157672
375922,0.101130537255136,5,-0.45512083
189194,2.04594856139235,5,1.6971053
374706,-0.287833067572306,5,-0.7138665
188326,0.490094142082578,5,-1.0136585
375641,0.101130537255136,5,-1.5058876
283130,-0.871278474813469,5,-0.22948319
374178,-0.0933512651585855,5,0.16826056
189043,-0.676796672399749,5,0.24535955
374623,1.46250315415118,5,0.33882228
188636,0.295612339668857,5,0.27121013
187456,1.46250315415118,5,0.739571
284327,-0.676796672399749,5,-0.17766677
284025,-2.23265109170952,5,-0.5827899
188079,0.295612339668857,5,-0.13576671
374969,-0.871278474813469,5,-0.17464778
189744,-1.45472388205463,5,-0.2761283
283456,-0.287833067572306,5,0.06519606
374621,-0.871278474813469,5,-0.6121526
190734,0.879057746910019,5,0.1977802
374451,-0.871278474813469,5,-0.7325336
374401,-0.676796672399749,5,0.8824868
284305,0.490094142082578,5,0.56651187
188702,0.295612339668857,5,-0.26420206
283182,-0.482314869986027,5,0.09358518
374239,-0.482314869986027,5,-0.3030148
187838,0.101130537255136,5,0.08317707
375711,-0.676796672399749,5,-0.08340645
283762,-0.871278474813469,5,-0.48264888
187611,0.295612339668857,5,0.24803232
188113,1.07353954932374,5,0.835506
283201,-0.676796672399749,5,-0.030335488
373986,-0.871278474813469,5,-0.25949752
188226,0.490094142082578,5,0.042996228
188287,1.46250315415118,5,0.6437374
374631,-0.482314869986027,5,-0.24215047
283171,-1.26024207964091,5,-0.5686448
189299,2.04594856139235,5,-0.015673213
319279,-1.45472388205463,5,-0.45681018
283199,-1.26024207964091,5,-0.30908054
188999,1.46250315415118,5,0.55760175
188156,1.07353954932374,5,0.6452452
189267,1.07353954932374,5,0.39010957
188398,0.684575944496299,5,-0.5471633
375875,0.490094142082578,5,0.03460628
374517,0.490094142082578,5,-0.2586711
283431,-1.06576027722719,5,-0.1565346
375666,0.879057746910019,5,-0.6780121
336686,-1.26024207964091,5,-0.14660293
284322,0.879057746910019,5,0.558666
284373,0.101130537255136,5,0.3805336
375521,-0.871278474813469,5,-1.0185019
189233,0.684575944496299,5,0.6221053
190177,0.684575944496299,5,0.5200604
189079,1.85146675897862,5,0.35532075
188064,0.101130537255136,5,-0.29290628
375471,-0.0933512651585855,5,-0.30995432
188248,-0.482314869986027,5,-0.49983248
283230,-0.676796672399749,5,-0.80010897
283755,-1.26024207964091,5,-0.6699524
375590,-1.45472388205463,5,-1.2012681
189913,0.101130537255136,5,0.13335256
284182,-1.45472388205463,5,-0.58056533
189647,-1.45472388205463,5,-0.09707892
187989,1.6569849565649,5,0.5043784
375015,-0.871278474813469,5,-0.85567707
189337,0.295612339668857,5,1.5676506
283179,0.879057746910019,5,-0.35312745
375581,-1.45472388205463,5,-1.1435884
319783,-0.871278474813469,5,-0.0535222
283300,-0.287833067572306,5,0.031680144
375823,1.26802135173746,5,0.44718418
187645,-0.676796672399749,5,0.28955576
283808,-1.06576027722719,5,-0.84207493
188449,1.26802135173746,5,0.16544314
190296,-0.871278474813469,5,-0.25300616
189433,-0.0933512651585855,5,0.42019153
283757,-0.676796672399749,5,0.3939288
190088,-0.287833067572306,5,-0.5506865
375006,-2.42713289412324,5,-0.9012655
189974,0.490094142082578,5,0.04735323
189005,1.46250315415118,5,1.3662946
373623,-0.676796672399749,5,-0.08196147
375998,-1.06576027722719,5,-0.982072
190141,0.684575944496299,5,0.769008
188055,0.295612339668857,5,0.01874184
375397,-0.871278474813469,5,-0.47109956
187636,0.684575944496299,5,-0.7363593
187784,0.295612339668857,5,-0.17028707
188895,1.46250315415118,5,0.39800817
283914,-0.871278474813469,5,0.09259583
188454,0.101130537255136,5,-0.59688795
283143,0.490094142082578,5,0.9458579
187495,0.490094142082578,5,0.44650093
188373,-1.26024207964091,5,-0.6684181
373793,-0.482314869986027,5,-0.16360746
374567,-2.0381692892958,5,-0.24115379
190191,-0.0933512651585855,5,0.27001426
187935,1.26802135173746,5,0.2762385
284165,-0.871278474813469,5,0.3170064
375845,0.490094142082578,5,0.6877317
188413,-0.482314869986027,5,-0.38128504
188218,1.26802135173746,5,-0.8297622
283707,-0.871278474813469,5,-0.16059394
188408,0.879057746910019,5,-0.1543463
187860,0.295612339668857,5,-0.55777854
374741,0.684575944496299,5,0.34587023
375582,-1.26024207964091,5,-1.2570316
190045,-0.0933512651585855,5,-0.07624098
188083,0.684575944496299,5,0.48512918
188996,1.26802135173746,5,0.82697487
189153,2.04594856139235,5,1.5412784
375341,-1.26024207964091,5,0.21673733
187590,1.07353954932374,5,0.40047333
375623,-0.676796672399749,5,-0.44444734
187767,-0.287833067572306,5,-0.14556926
188220,-0.287833067572306,5,0.38759223
188545,1.85146675897862,5,1.3667796
187482,0.879057746910019,5,-0.40228742
187895,-0.676796672399749,5,-0.10165431
374190,-0.0933512651585855,5,-0.08627471
188552,1.85146675897862,5,0.14195795
189076,1.85146675897862,5,1.3783888
187846,-0.0933512651585855,5,-0.12682165
189224,1.46250315415118,5,0.6537711
376033,0.684575944496299,5,-0.35997328
374476,0.490094142082578,5,0.081889674
189022,0.879057746910019,5,0.36703482
188669,-0.287833067572306,5,-0.8030127
283763,-0.482314869986027,5,-0.1327407
190016,0.879057746910019,5,0.050476942
187944,-1.45472388205463,5,-0.9688515
318552,-1.45472388205463,5,-0.39561668
376022,-1.06576027722719,5,-0.4816893
188974,1.07353954932374,5,-0.0721048
189293,-1.45472388205463,5,-0.04101334
375790,-1.06576027722719,5,-0.29128867
375976,-0.676796672399749,5,0.39657128
190035,-0.0933512651585855,5,0.1967091
187511,-0.287833067572306,5,-0.121704586
283760,-0.287833067572306,5,-0.281946
188008,1.07353954932374,5,0.5014729
187474,-0.0933512651585855,5,0.5055227
188229,1.07353954932374,5,0.42276487
283748,-1.45472388205463,5,0.3231594
188095,0.490094142082578,5,-0.59180725
187877,1.85146675897862,5,0.68504786
374407,0.490094142082578,5,0.12097605
187749,1.46250315415118,5,-0.086953826
374547,-0.871278474813469,5,-0.68160933
189708,-0.0933512651585855,5,0.07799517
187545,0.295612339668857,5,0.1077361
187771,1.6569849565649,5,-0.0643819
187543,1.26802135173746,5,0.87068415
283784,-0.287833067572306,5,-0.15240598
188443,-0.0933512651585855,5,-0.08091223
188237,1.85146675897862,5,0.33762103
376049,1.26802135173746,5,0.13494428
187462,-0.482314869986027,5,-0.24882996
375839,-0.482314869986027,5,-0.34960154
189629,0.879057746910019,5,0.29676506
283812,-0.0933512651585855,5,0.027999932
187685,-0.0933512651585855,5,-0.5997788
375370,-0.676796672399749,5,-0.85826486
188667,0.684575944496299,5,0.14858238
188945,0.295612339668857,5,0.23543179
319954,-2.23265109170952,5,-0.4407409
283448,-0.871278474813469,5,-0.5571811
375810,-0.287833067572306,5,-0.13321579
189028,1.46250315415118,5,0.8861633
375695,2.43491216621979,5,0.58248043
190274,0.879057746910019,5,0.37422487
188137,-0.482314869986027,5,-0.84288746
373769,-0.871278474813469,5,-0.39185125
375513,-0.676796672399749,5,-0.9983516
376027,-0.287833067572306,5,-0.17300731
283166,-0.676796672399749,5,0.12981984
375724,0.879057746910019,5,0.67235917
189631,-2.0381692892958,5,0.03872352
2437249,-0.0933512651585855,6,-0.21452257
189017,1.6569849565649,6,1.1480806
375625,-0.676796672399749,6,0.14016919
375846,0.101130537255136,6,0.3691082
188934,0.684575944496299,6,0.6323938
375940,-0.287833067572306,6,0.0720548
190403,-0.676796672399749,6,-0.6549228
187976,-1.06576027722719,6,-0.6860102
188152,1.46250315415118,6,0.44712165
187471,0.879057746910019,6,0.063289076
375974,1.07353954932374,6,0.31577212
283778,-2.0381692892958,6,-0.8923303
187705,-0.482314869986027,6,-0.20494285
375772,-1.26024207964091,6,-1.0831883
187712,1.85146675897862,6,-0.018295864
188785,-0.0933512651585855,6,0.3334724
283160,-0.482314869986027,6,0.031232892
375376,-0.287833067572306,6,-0.34242702
188185,1.46250315415118,6,0.339293
188734,1.46250315415118,6,0.26482126
189248,1.85146675897862,6,1.0456388
188421,0.295612339668857,6,0.2022675
188096,0.101130537255136,6,0.32069492
187704,-0.0933512651585855,6,0.5857134
374655,-1.26024207964091,6,-0.32579982
374197,-0.0933512651585855,6,-0.52947897
188979,0.295612339668857,6,1.1840136
188267,-0.0933512651585855,6,-0.7840094
374665,-0.482314869986027,6,-0.70534253
187936,0.101130537255136,6,0.18957257
375962,-0.0933512651585855,6,-0.11496744
188777,1.26802135173746,6,0.63971657
188067,0.101130537255136,6,-0.07591511
187868,-1.06576027722719,6,-0.44877568
188715,1.6569849565649,6,0.2967604
2436902,-1.45472388205463,6,-0.8197069
189027,0.684575944496299,6,0.5716337
190089,0.879057746910019,6,0.36724344
187957,-0.0933512651585855,6,0.23534724
375957,0.490094142082578,6,0.71961266
187972,0.101130537255136,6,-0.26417333
284100,-2.0381692892958,6,-0.9587938
189977,-0.482314869986027,6,0.24875246
283770,-1.45472388205463,6,-0.9130238
188086,-0.287833067572306,6,0.13191673
187702,0.490094142082578,6,0.5123619
375934,0.490094142082578,6,0.494317
187905,-0.0933512651585855,6,-0.47096935
375394,-0.0933512651585855,6,-0.5483084
189003,0.490094142082578,6,0.92594683
187556,0.101130537255136,6,0.39085636
190085,-1.26024207964091,6,-0.72348624
189050,0.684575944496299,6,0.8277452
190148,0.879057746910019,6,-0.09134894
188378,0.101130537255136,6,0.42720783
283209,-2.0381692892958,6,-0.5324213
190252,-0.287833067572306,6,-0.8781883
189193,1.6569849565649,6,1.9574366
374414,-0.871278474813469,6,-0.42254907
190708,-0.287833067572306,6,0.033432722
187801,-1.26024207964091,6,-0.9885319
189859,-0.482314869986027,6,0.04921772
283759,-1.06576027722719,6,-0.33668697
189759,0.101130537255136,6,0.27518335
374392,-0.482314869986027,6,0.29707065
188214,1.85146675897862,6,-0.4305301
188458,0.490094142082578,6,0.07419661
374680,0.490094142082578,6,-0.13248833
188630,1.46250315415118,6,-0.018859813
375778,-0.482314869986027,6,-0.9975207
376023,-1.26024207964091,6,-0.13561435
284247,-0.287833067572306,6,-0.22352007
187772,0.684575944496299,6,-0.1765893
375373,-1.26024207964091,6,-1.09739
189842,0.101130537255136,6,0.09106213
337841,-0.287833067572306,6,-0.63097495
187501,0.684575944496299,6,-0.14624861
374681,-0.871278474813469,6,-0.7093632
189864,-0.0933512651585855,6,0.2561528
188861,1.85146675897862,6,1.7961776
374961,-0.482314869986027,6,-0.23432547
283312,-1.45472388205463,6,-0.022824384
189247,1.85146675897862,6,0.89394397
336479,-1.06576027722719,6,-0.62778306
188134,1.26802135173746,6,0.56848556
283158,-0.0933512651585855,6,-0.5430036
375696,-0.482314869986027,6,-0.8867054
188603,0.684575944496299,6,-0.037202008
284280,1.6569849565649,6,0.04300015
187803,1.07353954932374,6,0.60933715
187523,0.879057746910019,6,0.6567975
375527,-0.676796672399749,6,-0.5581629
374545,-0.0933512651585855,6,0.39629036
373655,-1.45472388205463,6,-1.2615898
375740,-2.23265109170952,6,-0.73887825
188596,0.684575944496299,6,-0.1392293
375583,-2.42713289412324,6,-1.1623497
283132,-0.287833067572306,6,0.6812391
189059,0.295612339668857,6,0.21504346
374382,-0.482314869986027,6,0.07136279
2437287,-0.676796672399749,6,-0.30275148
189624,-1.26024207964091,6,0.097964905
375930,-0.0933512651585855,6,0.24964489
190059,-0.482314869986027,6,0.15935715
189384,-0.0933512651585855,6,-0.1631361
189077,2.04594856139235,6,1.443062
283838,-2.0381692892958,6,-0.8403006
189035,1.85146675897862,6,0.92317486
188970,1.85146675897862,6,0.6751806
189715,1.85146675897862,6,0.2391122
190434,-0.676796672399749,6,-0.63069016
188972,1.07353954932374,6,1.0442435
283105,0.879057746910019,6,0.7823136
187560,1.07353954932374,6,0.46551207
187508,0.684575944496299,6,-0.13564914
189615,-1.45472388205463,6,-0.2723158
375825,-0.676796672399749,6,-0.3729416
283205,-0.482314869986027,6,-0.22721247
374652,-0.482314869986027,6,-0.30270863
187842,0.879057746910019,6,0.96101713
373760,-0.871278474813469,6,-0.91171783
374703,1.07353954932374,6,-0.39907724
375842,0.879057746910019,6,0.3726751
374386,-0.0933512651585855,6,-0.7573993
190130,0.101130537255136,6,0.6196052
188942,1.46250315415118,6,1.2160126
373621,0.879057746910019,6,0.26157498
190733,0.490094142082578,6,0.34990823
336684,0.101130537255136,6,6.0888793e-05
187735,0.879057746910019,6,-0.2961336
190189,0.101130537255136,6,-0.082113795
189222,1.85146675897862,6,1.6109488
190774,0.879057746910019,6,0.6520625
283718,-1.26024207964091,6,-0.71959054
188956,0.490094142082578,6,0.61391884
190238,-1.45472388205463,6,-0.21073134
374527,-0.0933512651585855,6,-0.76840764
187500,0.490094142082578,6,0.45867664
189997,0.101130537255136,6,0.15369044
283127,0.490094142082578,6,1.5034782
374607,0.684575944496299,6,0.3858308
375062,-0.871278474813469,6,-0.26462337
375883,-0.871278474813469,6,-0.44915724
188306,1.6569849565649,6,0.14964214
187733,-0.0933512651585855,6,-0.2167955
373694,0.490094142082578,6,0.77811027
187742,0.295612339668857,6,-0.012253587
2437194,-0.287833067572306,6,-0.46174386
373903,-1.45472388205463,6,-0.24399208
188345,-0.871278474813469,6,-0.09091364
189009,2.04594856139235,6,1.0261506
189862,-0.482314869986027,6,0.28236485
374918,0.101130537255136,6,0.8394288
375752,1.07353954932374,6,0.404637
373782,0.101130537255136,6,0.44644347
190127,-0.0933512651585855,6,0.15381092
190149,1.46250315415118,6,0.50197893
374749,-0.0933512651585855,6,0.1846588
284251,-1.06576027722719,6,-0.67864144
374483,0.879057746910019,6,0.7338281
374363,0.879057746910019,6,-0.2004326
283967,0.684575944496299,6,0.039095294
189455,1.26802135173746,6,-0.28249225
187974,0.295612339668857,6,0.003569012
189236,2.04594856139235,6,1.3722194
375467,-0.871278474813469,6,-0.8489039
375573,0.490094142082578,6,0.23569372
189210,1.6569849565649,6,0.74114066
374177,0.879057746910019,6,0.2002056
284236,0.879057746910019,6,-0.44763303
190173,-0.287833067572306,6,0.2861855
374934,0.101130537255136,6,-0.04523778
188990,1.07353954932374,6,0.9826149
284132,-1.26024207964091,6,-1.0250541
187945,1.6569849565649,6,-0.11444358
375745,-0.676796672399749,6,0.32168692
374600,-1.45472388205463,6,-0.67622185
375689,0.684575944496299,6,-0.096196346
190068,-0.0933512651585855,6,0.18443942
373770,-0.0933512651585855,6,-0.12780412
283791,1.26802135173746,6,0.28962615
188425,1.26802135173746,6,0.069180354
373734,0.490094142082578,6,0.0031547016
373758,-1.06576027722719,6,-0.3780597
189712,-0.676796672399749,6,0.4729918
375742,1.07353954932374,6,-0.2759525
283790,0.101130537255136,6,0.38400933
375432,-0.287833067572306,6,-0.32563162
2437395,-0.482314869986027,6,-0.48928988
190196,0.879057746910019,6,0.1886826
2437251,0.490094142082578,6,-0.07180601
283773,-2.42713289412324,6,-0.46581894
188469,0.101130537255136,6,-0.7890379
189189,1.6569849565649,6,1.0915159
374108,-1.26024207964091,6,-0.69273764
190796,-0.287833067572306,6,-0.47334766
188757,0.490094142082578,6,-0.418229
373759,0.684575944496299,6,0.7178938
187876,1.46250315415118,6,0.7263618
187718,-0.482314869986027,6,0.07844341
190164,-0.287833067572306,7,0.09804471
188331,-0.0933512651585855,7,-0.16452503
189697,0.490094142082578,7,0.31926313
374927,1.46250315415118,7,0.33912963
375560,-0.287833067572306,7,-0.74317205
375274,-1.06576027722719,7,-1.467075
374331,1.26802135173746,7,-0.33628172
189241,0.879057746910019,7,0.65577745
190137,-0.676796672399749,7,0.15260917
374590,0.879057746910019,7,0.793914
318179,-2.23265109170952,7,-1.0033728
187710,1.26802135173746,7,0.6103006
374467,1.6569849565649,7,1.1775899
284215,0.490094142082578,7,0.074446745
374473,0.879057746910019,7,0.33595902
189957,-1.26024207964091,7,-0.22778991
190163,-0.0933512651585855,7,0.37741438
283766,-0.287833067572306,7,0.44136378
187654,0.879057746910019,7,0.47475347
375674,-1.26024207964091,7,-0.25741342
376032,-0.0933512651585855,7,-0.33131686
189696,-1.45472388205463,7,0.24626166
187606,0.295612339668857,7,-0.15451969
187833,0.490094142082578,7,0.58095753
188444,1.26802135173746,7,-0.08760532
187457,0.879057746910019,7,0.004189229
283769,-0.871278474813469,7,-0.42351973
190081,-0.0933512651585855,7,0.38264424
2437267,1.6569849565649,7,0.0030480032
187665,0.295612339668857,7,-0.1964815
375788,0.101130537255136,7,-0.10455684
374371,-0.0933512651585855,7,0.055810064
375809,-1.26024207964091,7,-0.4390084
189637,0.879057746910019,7,-0.27178887
189749,-1.26024207964091,7,-0.6691112
188058,-0.0933512651585855,7,0.13769524
187975,0.684575944496299,7,-0.24744847
187874,0.490094142082578,7,0.26659557
373743,-0.287833067572306,7,0.2534099
373506,0.490094142082578,7,0.27404246
375548,-0.676796672399749,7,-0.55025613
188640,0.101130537255136,7,-0.40980047
188492,0.684575944496299,7,0.16705719
187850,0.879057746910019,7,0.81502944
188896,0.490094142082578,7,0.52930135
374368,0.879057746910019,7,-0.58076715
190198,-1.26024207964091,7,-0.3277844
284334,0.490094142082578,7,0.27008778
189883,0.879057746910019,7,0.20329358
188521,0.490094142082578,7,0.62800676
188093,-0.0933512651585855,7,-0.28487912
375169,-0.676796672399749,7,-0.17911142
189201,1.46250315415118,7,1.8429422
374693,-0.871278474813469,7,-0.17474063
374620,-0.287833067572306,7,-0.0981503
283221,-1.26024207964091,7,-0.21059138
187522,-0.482314869986027,7,-0.21187808
283083,-0.0933512651585855,7,0.2325971
375451,2.04594856139235,7,0.79798627
189869,-0.0933512651585855,7,0.3422966
187518,0.879057746910019,7,-0.18974885
375859,-1.06576027722719,7,-0.37635806
189133,-0.287833067572306,7,-0.7474398
187889,0.490094142082578,7,0.00022044613
283775,-0.287833067572306,7,-0.4304882
375807,-0.871278474813469,7,-0.22727974
189107,1.46250315415118,7,1.9553949
375857,-1.06576027722719,7,-0.5895803
188997,0.879057746910019,7,0.31023413
283802,1.07353954932374,7,-0.018316977
283754,0.879057746910019,7,0.42441455
283732,-1.45472388205463,7,-0.6124185
283125,0.490094142082578,7,0.07322024
190046,-0.0933512651585855,7,0.22854905
283553,-2.23265109170952,7,-1.1949264
375794,-1.45472388205463,7,-0.69744766
188780,1.26802135173746,7,0.6970604
284015,-1.26024207964091,7,-0.75731045
375698,-0.482314869986027,7,-0.1652912
187587,0.295612339668857,7,0.06136124
373904,-0.676796672399749,7,-0.34984982
284338,-2.0381692892958,7,-0.44698635
190472,-0.0933512651585855,7,-0.9275969
373739,-0.482314869986027,7,0.08122003
187564,1.07353954932374,7,0.14764646
374643,-0.676796672399749,7,-0.7522114
187497,0.490094142082578,7,-0.713729
189038,2.04594856139235,7,1.2353067
375965,0.879057746910019,7,0.4202718
188319,-0.0933512651585855,7,-0.32469684
283229,-1.06576027722719,7,-0.5217689
187769,0.101130537255136,7,-0.15923052
189909,0.101130537255136,7,0.19149405
373629,0.101130537255136,7,0.36791652
188816,1.26802135173746,7,0.2623393
283638,-1.26024207964091,7,0.07143149
189628,-0.871278474813469,7,0.45235726
374632,0.490094142082578,7,0.18747146
375634,-0.482314869986027,7,0.24356434
375916,0.101130537255136,7,0.25408417
190000,0.101130537255136,7,-0.018111195
283165,-2.0381692892958,7,-0.6447159
374604,-1.26024207964091,7,-0.27425686
188445,0.879057746910019,7,0.06740406
188982,0.295612339668857,7,0.3809194
374611,-1.06576027722719,7,-0.47977778
188155,0.101130537255136,7,0.1763481
336477,-1.26024207964091,7,-1.1888059
188029,0.101130537255136,7,-0.46673805
188482,0.684575944496299,7,-0.02752511
188036,0.684575944496299,7,-0.19126248
189294,1.07353954932374,7,0.67510605
284176,-1.45472388205463,7,-0.37573543
374678,-0.0933512651585855,7,-0.36362088
373627,-0.871278474813469,7,-0.10497717
375538,-0.482314869986027,7,-1.0892906
375608,-0.871278474813469,7,0.14777358
189229,1.6569849565649,7,1.4839627
190124,-0.0933512651585855,7,-0.14048007
375738,-0.0933512651585855,7,0.60769224
374663,0.879057746910019,7,-0.52701664
2437378,0.490094142082578,7,0.288093
188249,0.490094142082578,7,0.21123417
189099,-1.06576027722719,7,-0.3039322
375755,-1.06576027722719,7,-1.1824168
188187,-0.0933512651585855,7,-0.28548998
187470,0.295612339668857,7,0.07456122
375731,0.101130537255136,7,-0.005865711
375679,0.490094142082578,7,0.867816
190184,-0.287833067572306,7,-0.14678217
317953,-2.23265109170952,7,-0.9520873
374531,-0.676796672399749,7,-0.16957757
283823,0.101130537255136,7,0.60035
375972,-1.06576027722719,7,-0.7432687
188825,1.85146675897862,7,-0.06648671
188038,0.490094142082578,7,-0.27243042
283215,-0.676796672399749,7,0.221533
187528,0.684575944496299,7,-0.14281379
375739,0.101130537255136,7,-0.48146248
189887,-0.0933512651585855,7,0.059416763
190797,-1.26024207964091,7,-0.58767027
374974,0.101130537255136,7,0.067728244
374610,-0.871278474813469,7,-0.019723302
189029,1.46250315415118,7,0.5507576
374359,0.490094142082578,7,0.29165983
374747,0.684575944496299,7,0.3764728
187979,1.6569849565649,7,0.22549476
188911,-0.287833067572306,7,-0.22687699
374171,0.490094142082578,7,0.6463412
189871,-0.287833067572306,7,-0.3090099
283139,0.879057746910019,7,0.6473858
375576,-0.676796672399749,7,-0.78788185
283183,0.879057746910019,7,0.14346126
284277,0.879057746910019,7,0.7224247
189253,0.879057746910019,7,0.86659086
189093,-1.26024207964091,7,0.19856595
188848,-0.0933512651585855,7,-0.20327298
284281,0.879057746910019,7,0.2904296
190058,-0.287833067572306,7,-0.07143915
187956,-0.0933512651585855,7,0.041650232
189865,0.879057746910019,7,-0.016391186
190816,0.101130537255136,7,-0.36989707
374024,-0.871278474813469,7,-0.60927176
375572,-0.482314869986027,7,-0.74059236
187605,-0.0933512651585855,7,-0.12414448
375775,-0.676796672399749,7,-1.0797527
188365,0.490094142082578,7,0.26993337
375714,-2.42713289412324,7,-0.15649365
374759,-0.0933512651585855,7,0.6972151
189797,0.684575944496299,7,0.2693207
190064,-0.0933512651585855,7,0.16959272
188419,-0.0933512651585855,7,-0.21567553
187541,-0.287833067572306,7,0.557955
283110,-0.871278474813469,7,-0.59939206
189006,1.85146675897862,7,1.286334
336783,-1.26024207964091,7,-0.01631085
373952,0.101130537255136,7,-0.36608854
190732,0.879057746910019,7,0.10090469
189015,1.46250315415118,7,1.1709545
189961,-0.287833067572306,7,-0.018701658
187755,-0.0933512651585855,7,-0.54797
375518,-1.26024207964091,7,-1.1137085
375921,-0.482314869986027,7,-0.45382386
373635,-1.45472388205463,7,-0.89445144
375894,1.07353954932374,7,-0.60993457
283194,-0.0933512651585855,7,-0.3099278
336688,1.26802135173746,7,-0.6046072
284262,0.490094142082578,7,-0.71684027
374165,1.6569849565649,7,0.17933361
189234,-0.287833067572306,7,0.39053008
187914,-0.0933512651585855,7,-0.038471
189630,-0.0933512651585855,7,0.09249687
374429,-0.482314869986027,7,0.08990575
188268,0.295612339668857,7,0.33928636
189340,0.101130537255136,7,0.6623019
374591,-0.0933512651585855,7,-0.24483375
374659,-0.676796672399749,7,-0.4272753
189302,0.684575944496299,7,0.4311345
375693,-0.0933512651585855,7,-0.1301581
190098,-0.287833067572306,7,0.2311532
187983,-0.0933512651585855,8,-0.03238237
373725,0.879057746910019,8,0.1603168
190100,0.101130537255136,8,-0.17286806
188040,0.101130537255136,8,-0.46819425
189755,0.101130537255136,8,0.09881748
188092,0.684575944496299,8,0.5960126
374978,-0.676796672399749,8,0.52300656
374622,-0.676796672399749,8,0.14260751
284068,-2.0381692892958,8,-0.7581798
190731,-2.0381692892958,8,0.23635747
190782,-0.287833067572306,8,-0.49157187
189134,1.46250315415118,8,1.7647092
187481,-0.0933512651585855,8,-0.19648643
187731,-0.676796672399749,8,-0.09491605
375736,-0.482314869986027,8,-0.35449338
188286,0.101130537255136,8,0.9134293
318175,-2.0381692892958,8,-1.1617113
373682,-0.676796672399749,8,-0.13953689
187692,-0.676796672399749,8,-0.6507377
189001,1.46250315415118,8,0.97105306
336485,-1.06576027722719,8,-0.93153715
283789,-0.287833067572306,8,-0.52527446
189400,-0.0933512651585855,8,0.002740365
374532,0.684575944496299,8,1.3858995
375368,-1.26024207964091,8,-0.18584707
375871,0.101130537255136,8,0.35080972
283740,-0.0933512651585855,8,-0.4102668
375494,0.490094142082578,8,0.37894017
187562,0.879057746910019,8,-0.044104356
187968,1.07353954932374,8,0.3478877
375678,-1.45472388205463,8,-0.6140863
187485,0.101130537255136,8,0.24842182
189238,2.24043036380607,8,1.5356888
188000,0.295612339668857,8,-0.02330559
187667,0.879057746910019,8,-0.31792104
375371,-0.871278474813469,8,-0.8027202
188338,-1.26024207964091,8,0.3561168
188912,-0.287833067572306,8,0.15761627
375310,1.07353954932374,8,-0.72233754
189023,2.04594856139235,8,0.66512084
374635,-1.45472388205463,8,-0.7838664
189081,1.46250315415118,8,1.2129884
187780,-0.287833067572306,8,-0.29437512
374339,0.879057746910019,8,0.0815418
374158,0.490094142082578,8,1.1195757
187879,0.490094142082578,8,0.39524636
188906,0.490094142082578,8,-0.15279126
189390,1.07353954932374,8,0.27180305
189723,-0.287833067572306,8,0.29645485
374109,-0.482314869986027,8,-0.39419967
189278,-0.0933512651585855,8,0.061811488
284024,1.26802135173746,8,-0.095848866
375395,-1.06576027722719,8,-1.089432
375743,-0.676796672399749,8,-0.35656792
187886,-0.287833067572306,8,-0.5494604
188543,0.490094142082578,8,0.554559
375735,-0.0933512651585855,8,-0.18823501
189808,0.101130537255136,8,0.22340657
190096,-0.482314869986027,8,0.40680203
375664,-0.676796672399749,8,-0.6472454
283964,1.26802135173746,8,-0.24614884
189979,-0.0933512651585855,8,0.18226591
374086,0.684575944496299,8,-0.23519994
187938,-0.482314869986027,8,-0.25574297
373733,1.26802135173746,8,0.1619587
189012,2.24043036380607,8,0.44694212
283950,-0.482314869986027,8,-0.29778382
188377,0.490094142082578,8,0.0074675772
187918,-0.482314869986027,8,-0.4333299
189230,1.85146675897862,8,1.721241
375726,1.26802135173746,8,-0.4459339
283722,-2.0381692892958,8,-0.6419153
189991,-0.287833067572306,8,-0.048526116
283416,-2.0381692892958,8,-0.9100305
188464,1.6569849565649,8,0.45018435
336481,-1.45472388205463,8,-0.9763149
374995,-2.42713289412324,8,-1.4175255
188781,1.07353954932374,8,0.22280067
374504,-1.06576027722719,8,-0.48363733
375335,-0.0933512651585855,8,-0.47798562
283726,-0.287833067572306,8,-0.2505344
284328,0.879057746910019,8,0.5113263
188311,2.24043036380607,8,1.1001202
336685,-0.0933512651585855,8,0.11332598
188330,-0.0933512651585855,8,-0.4475043
283471,-1.45472388205463,8,-0.61050856
188157,1.26802135173746,8,0.32241267
189032,0.879057746910019,8,0.573679
283232,-0.676796672399749,8,0.6324303
189698,0.879057746910019,8,0.19440801
374696,-0.482314869986027,8,-0.30401188
189666,-0.287833067572306,8,0.06767662
373851,0.490094142082578,8,0.3050903
374362,0.879057746910019,8,0.4047503
373716,0.101130537255136,8,-0.043860864
374568,-0.871278474813469,8,-0.35849443
319781,-1.45472388205463,8,-0.80843014
375994,0.684575944496299,8,0.3976253
187794,1.07353954932374,8,-0.011021813
284272,-0.482314869986027,8,0.35447738
375626,-0.287833067572306,8,0.15984648
188876,0.879057746910019,8,0.13076878
190669,-1.06576027722719,8,-0.9101129
188357,-0.871278474813469,8,0.03117967
188270,0.101130537255136,8,0.64721817
373939,0.101130537255136,8,-0.53038836
190707,-0.676796672399749,8,-0.07067691
190186,-0.287833067572306,8,0.105209254
283782,-0.287833067572306,8,0.18047413
188475,-0.0933512651585855,8,-0.2791979
189932,0.101130537255136,8,0.050212108
188476,0.101130537255136,8,0.12983151
374391,0.490094142082578,8,0.31414494
190778,0.490094142082578,8,0.34416062
283751,-2.42713289412324,8,-0.031623244
187550,-0.0933512651585855,8,-0.52119434
2437409,0.101130537255136,8,0.16414925
283779,-0.287833067572306,8,-0.59437716
188840,-0.871278474813469,8,0.16049986
284372,0.490094142082578,8,0.33440307
188246,0.295612339668857,8,0.07084429
188035,-0.0933512651585855,8,-0.9311297
375597,-1.45472388205463,8,-0.7817328
374613,-0.676796672399749,8,-0.66590214
190082,1.07353954932374,8,0.5916707
374603,-0.676796672399749,8,-0.04864306
187812,1.6569849565649,8,1.6095529
189751,-0.287833067572306,8,-0.16387613
375759,-0.287833067572306,8,-0.26299658
189308,1.6569849565649,8,1.2599272
190795,0.879057746910019,8,-0.5521344
374541,-0.287833067572306,8,0.6090389
283978,-0.0933512651585855,8,-0.69580615
308008,-1.06576027722719,8,-0.7004954
190086,-1.26024207964091,8,-0.8460715
187473,1.07353954932374,8,-0.26853362
375545,-1.26024207964091,8,-1.2208476
283752,0.490094142082578,8,-0.33479083
284324,0.879057746910019,8,0.3971485
190458,-0.0933512651585855,8,-0.6618139
283876,-2.0381692892958,8,-1.1155548
188202,0.295612339668857,8,0.44876143
374367,-0.0933512651585855,8,-0.8158779
283603,-0.676796672399749,8,-0.6181011
283325,0.879057746910019,8,0.376706
189152,1.07353954932374,8,1.8387475
187992,2.04594856139235,8,-0.5471508
187686,1.6569849565649,8,0.24219513
187982,-0.676796672399749,8,0.0003461091
188932,0.490094142082578,8,0.56004703
188872,0.101130537255136,8,-0.614496
190092,-0.871278474813469,8,-0.7611862
187631,-0.0933512651585855,8,-0.40887716
187863,-0.676796672399749,8,-0.7350457
283671,-0.0933512651585855,8,0.048053954
374630,-0.287833067572306,8,-0.43086997
189834,0.490094142082578,8,0.3033303
188975,0.684575944496299,8,0.5077286
284291,-0.287833067572306,8,0.5552266
283106,-1.45472388205463,8,-1.042309
2437263,0.490094142082578,8,-0.2248952
187666,-0.482314869986027,8,-0.18580398
189168,2.24043036380607,8,1.782519
283668,-1.06576027722719,8,-0.70470375
373850,-0.482314869986027,8,-0.3813896
375433,-0.871278474813469,8,-0.651735
375404,-2.0381692892958,8,-0.78731287
190791,0.101130537255136,8,0.023081044
283735,-2.0381692892958,8,-0.63016987
190815,-1.06576027722719,8,-0.078942835
187707,0.295612339668857,8,0.11317756
190157,0.879057746910019,8,-0.1287593
189274,1.46250315415118,8,0.7227799
188327,-0.676796672399749,8,0.078913115
187949,0.684575944496299,8,1.2192156
187717,0.879057746910019,8,-0.2747484
374513,-0.287833067572306,8,0.10182228
190073,0.684575944496299,8,0.454783
283817,-0.0933512651585855,8,-0.020803595
187814,-0.871278474813469,8,-0.11992044
188907,1.85146675897862,8,1.5400239
188145,0.490094142082578,8,0.8454938
187484,-0.0933512651585855,8,-0.07987982
188429,-1.06576027722719,8,-0.8328891
375589,-0.676796672399749,8,-0.62512064
189881,0.101130537255136,8,-0.023251757
188001,0.490094142082578,8,0.42481774
374160,0.879057746910019,8,-0.25056317
187536,0.101130537255136,8,0.2837904
189157,1.07353954932374,8,0.22739166
190125,-0.871278474813469,8,0.21787995
189040,1.85146675897862,8,1.7107565
190097,-0.287833067572306,8,-0.17252421
187563,-0.871278474813469,8,-0.53920203
187713,2.24043036380607,8,1.2172338
374062,-0.676796672399749,8,-0.9230946
283311,0.879057746910019,8,0.69797826
188969,1.26802135173746,8,0.98876226
283665,-1.06576027722719,8,-1.032537
188984,1.07353954932374,8,1.2474326
2437266,0.490094142082578,9,0.3595835
374001,0.879057746910019,9,0.12668376
283656,-1.26024207964091,9,-0.5133757
190804,0.879057746910019,9,0.7450775
188362,0.295612339668857,9,0.07710746
187677,-0.287833067572306,9,-0.10272462
189805,-0.0933512651585855,9,-0.6131012
374537,0.879057746910019,9,0.35562176
285674,-1.26024207964091,9,-0.93175876
373649,-0.0933512651585855,9,-0.047243692
189811,0.101130537255136,9,0.37476406
188222,1.46250315415118,9,0.5670543
187763,0.101130537255136,9,0.103402495
187866,0.101130537255136,9,-0.5234189
188418,-0.0933512651585855,9,0.102306455
190055,-1.06576027722719,9,-0.99523497
189232,0.684575944496299,9,0.30378434
189668,0.684575944496299,9,0.56873775
189109,2.04594856139235,9,1.9213386
187730,-0.0933512651585855,9,0.058468927
190142,-0.0933512651585855,9,0.49505886
187822,1.46250315415118,9,0.7396476
318174,-1.26024207964091,9,-0.52403235
284080,-1.45472388205463,9,-0.82152593
190561,-2.23265109170952,9,-0.259774
188558,0.101130537255136,9,0.05721624
374378,-0.0933512651585855,9,0.08488716
374066,1.07353954932374,9,-0.063885376
375943,0.879057746910019,9,0.61728984
189013,0.101130537255136,9,0.13995732
189014,0.490094142082578,9,0.60384136
190703,-0.0933512651585855,9,-0.06870862
375504,1.07353954932374,9,-0.5578525
187741,1.26802135173746,9,-0.35836005
375340,-1.26024207964091,9,-0.7568474
373467,-0.0933512651585855,9,1.2364861
189291,1.46250315415118,9,0.5675325
189010,2.04594856139235,9,0.8362661
190806,0.879057746910019,9,0.20527634
2437244,-0.287833067572306,9,-0.5618026
187711,0.879057746910019,9,0.49845457
188259,0.879057746910019,9,0.13898239
375393,0.879057746910019,9,0.025283603
374739,-1.45472388205463,9,0.038010873
187546,0.684575944496299,9,0.05774091
187591,1.6569849565649,9,0.49888408
187985,-0.0933512651585855,9,-0.039500892
375539,-2.0381692892958,9,-0.64734125
2437268,0.101130537255136,9,0.16447452
283859,-0.287833067572306,9,-0.24339777
187883,1.26802135173746,9,0.8139076
376015,0.490094142082578,9,-0.24586233
188209,-0.482314869986027,9,-1.0180444
283176,0.879057746910019,9,0.4067501
189245,1.46250315415118,9,1.3235345
187753,0.101130537255136,9,-0.29709572
190280,-0.287833067572306,9,-0.49323046
189268,1.6569849565649,9,0.34296092
374956,-1.45472388205463,9,-0.6196502
283279,-0.871278474813469,9,-0.36632803
190069,0.684575944496299,9,0.3161513
375704,0.879057746910019,9,0.803256
187573,0.879057746910019,9,0.018484807
188321,0.295612339668857,9,0.05501748
187567,0.101130537255136,9,-0.44635397
187990,1.6569849565649,9,0.42341882
187770,2.24043036380607,9,-0.050779846
318178,-2.0381692892958,9,-0.64600015
188405,-0.0933512651585855,9,-0.18697092
373980,-0.676796672399749,9,-0.19166759
283712,-0.871278474813469,9,-0.90542334
283144,0.879057746910019,9,0.81268424
2437415,-1.45472388205463,9,-0.41984883
374067,1.07353954932374,9,0.6920611
375421,0.490094142082578,9,0.09495612
189786,0.101130537255136,9,0.75657344
375784,-1.26024207964091,9,0.020741152
187853,-0.676796672399749,9,-0.45883828
375556,-0.676796672399749,9,-0.92063105
375779,-0.287833067572306,9,-0.40591455
375917,-0.482314869986027,9,-0.22759928
374743,-0.676796672399749,9,0.49512938
187584,-0.0933512651585855,9,-0.35711318
188401,0.879057746910019,9,-0.27472594
188898,1.26802135173746,9,0.73633164
375931,-0.287833067572306,9,-0.05544996
190071,-0.676796672399749,9,-0.13800916
283721,-1.06576027722719,9,-0.1256237
187804,2.04594856139235,9,0.42820638
283116,0.490094142082578,9,0.59371054
187515,-0.0933512651585855,9,-0.7856466
189958,-0.871278474813469,9,-0.64776796
283623,-2.42713289412324,9,-0.9524374
188211,-0.0933512651585855,9,-0.39890027
283235,-0.287833067572306,9,0.41759935
188978,1.26802135173746,9,0.8788443
190134,-1.45472388205463,9,-0.18612635
373777,-0.287833067572306,9,-0.46648502
375410,-0.287833067572306,9,-0.41882104
187566,-0.482314869986027,9,-0.41038132
188374,1.46250315415118,9,0.0026029532
188312,-0.482314869986027,9,-0.9151165
188122,0.295612339668857,9,0.043397073
374204,0.684575944496299,9,0.09890352
375830,-1.06576027722719,9,-0.395253
283819,0.879057746910019,9,0.2818218
375037,0.684575944496299,9,-0.4488788
374003,-0.676796672399749,9,-0.21230209
284219,-0.0933512651585855,9,-0.050145507
2436958,-1.06576027722719,9,-0.6786008
374361,-0.0933512651585855,9,-0.24398491
188441,1.07353954932374,9,0.02746062
374536,0.490094142082578,9,0.56076676
187952,0.101130537255136,9,-0.13467506
187461,2.04594856139235,9,0.7896963
373485,-0.287833067572306,9,-0.33648336
187978,0.879057746910019,9,-0.37621865
375549,-0.287833067572306,9,-0.4034646
187810,1.26802135173746,9,-0.27199423
188672,-0.871278474813469,9,0.1342201
187663,0.101130537255136,9,-0.388013
188061,-0.287833067572306,9,-0.81868976
375799,-1.26024207964091,9,0.15177418
190174,-0.871278474813469,9,0.6035718
190805,0.101130537255136,9,0.39780805
188236,-0.482314869986027,9,0.2946123
190784,1.07353954932374,9,1.3361292
189885,-0.287833067572306,9,-0.041473217
375621,-0.287833067572306,9,-0.1265021
375977,0.879057746910019,9,0.05501184
187574,-0.287833067572306,9,-0.4337065
373780,0.101130537255136,9,0.29093325
190036,-0.482314869986027,9,-0.0068516666
374191,1.6569849565649,9,0.871174
189955,-1.06576027722719,9,-0.3216681
188765,-0.871278474813469,9,-0.4152121
190195,-0.676796672399749,9,-0.8393644
190076,1.07353954932374,9,0.8492024
187472,1.85146675897862,9,1.4438637
187505,-2.0381692892958,9,-0.055623714
2437214,-0.0933512651585855,9,-0.0059913807
187607,1.07353954932374,9,0.39127898
308006,-0.676796672399749,9,-0.6679615
375901,-0.871278474813469,9,-0.31996182
375820,0.101130537255136,9,0.10180856
375020,-1.26024207964091,9,-0.22237392
189290,1.07353954932374,9,0.7028185
187537,-0.0933512651585855,9,-0.9092107
188154,1.26802135173746,9,0.38172218
188410,0.684575944496299,9,-0.03182635
374825,0.684575944496299,9,0.7411443
283742,-2.23265109170952,9,-0.38693246
188510,0.101130537255136,9,-0.15116808
283157,-0.482314869986027,9,0.15180798
188468,1.26802135173746,9,0.11525877
283118,0.490094142082578,9,1.2317151
189686,-0.482314869986027,9,-0.15551046
2437256,-1.26024207964091,9,-0.5922045
187791,0.879057746910019,9,0.17882515
375661,-0.871278474813469,9,0.34701252
376034,-1.06576027722719,9,-0.030366406
189041,0.879057746910019,9,0.4388757
187669,-0.482314869986027,9,-0.28381377
187824,-0.287833067572306,9,-0.33031502
375446,-1.06576027722719,9,-0.7107176
189084,1.6569849565649,9,1.709119
190813,-2.0381692892958,9,-0.7754502
375254,-1.45472388205463,9,-0.95332676
187709,1.07353954932374,9,-0.24801889
375503,-2.0381692892958,9,-0.9329189
187681,-0.482314869986027,9,-0.0054403786
375838,0.490094142082578,9,0.973549
189809,0.101130537255136,9,0.15743077
189254,1.85146675897862,9,0.92192626
375391,-1.26024207964091,9,-0.06839921
375747,-1.45472388205463,9,-0.5150124
374740,-0.871278474813469,9,-0.3836333
375710,-1.06576027722719,9,-0.16157547
374416,0.490094142082578,9,0.93797
375389,-1.45472388205463,9,-0.20636494
188105,0.879057746910019,9,0.44032452
190794,-1.06576027722719,9,0.065259606
373754,-0.0933512651585855,9,-0.6655032
375578,-0.676796672399749,9,-0.46931052
187739,0.684575944496299,9,0.18333715
2437250,0.879057746910019,9,-0.35393274
283774,-0.676796672399749,9,0.010103522
189753,-0.482314869986027,9,0.089246504
188577,-0.676796672399749,9,-0.4372906
374436,0.101130537255136,9,0.2564723
375796,1.07353954932374,9,-0.18295982
375890,-0.676796672399749,9,-0.4356397
188989,2.04594856139235,9,1.227893
188076,0.101130537255136,9,-0.40261373
187647,-0.0933512651585855,9,-0.30128157
375579,-1.26024207964091,9,-0.5481102
376047,1.07353954932374,9,0.31016174
188988,0.490094142082578,9,0.9252194
373654,0.101130537255136,9,-0.38836563
190344,1.07353954932374,9,0.5075431
