id,testw,kfold,KNN_pred
189697,0.07223157468849101,0,0.5434622761158673
375815,-1.4917375642479802,0,-0.574435664932632
283178,-0.6417543365651159,0,0.17881947143991975
375779,0.0382322455811736,0,-0.12190459451427638
190252,0.174229562010433,0,0.9145649533222051
283209,1.09221144790793,0,-0.19007324937444217
284231,0.4972231885299221,0,0.21927867307762383
189045,0.208228891117746,0,0.4078049529776826
375970,-2.05272649451866,0,-0.44676818413466635
188945,-0.131764399955399,0,0.12085061531194853
376034,-0.6417543365651159,0,-0.5621959064539991
188211,-0.5737556783504859,0,-0.15080402425549372
373626,-0.811750982101688,0,-0.2398822665166578
375623,-0.879749640316318,0,-0.847960267600977
187944,-0.0977650708480814,0,-0.08433533585069414
376023,-0.947748298530943,0,-0.43605839546586206
187501,0.446224194868948,0,-0.12292457438749572
374154,0.650220169512833,0,0.473763651445873
283774,0.548222182190891,0,-0.021266580356625275
375230,0.344226207547006,0,-0.9698478624506996
374620,0.412224865761636,0,-0.33321042491623565
189254,-2.13772481728695,0,-0.6562040514357232
283447,1.12621077701524,0,-0.01293674472533366
283110,-0.165763729062711,0,-0.3269205490313824
189932,0.106230903795803,0,0.7001991833005876
375641,-0.0977650708480814,0,0.2845573849636676
188103,0.446224194868948,0,0.3012170562262519
188993,0.00423291647386105,0,0.36700575804890545
187742,-0.947748298530943,0,-0.18191341038868608
187505,0.8882154732640349,0,0.38689536557668447
187631,-0.233762387277341,0,-0.422628660468473
283967,-1.98472783630404,0,-0.3425602404207469
190170,0.616220840405521,0,0.6763996529254673
188027,-1.52573689335529,0,0.2536179954760114
283221,1.39820540987375,0,-0.21200281664865972
187733,0.378225536654318,0,-0.30363100859287195
187968,0.990213460585978,0,-0.22815249797463394
189133,0.27622754933237603,0,-0.4420082780596423
375796,-4.415679867477019,0,-0.6674238300411371
188152,-0.267761716384654,0,-0.37876952592003726
189895,1.29620742255181,0,0.9228947889534973
187637,0.106230903795803,0,0.1963291259301866
190805,-0.301761045491971,0,0.18850928023550423
375254,0.106230903795803,0,-0.22849249126570723
374513,1.50020339719569,0,0.9259547285731557
190707,1.39820540987375,0,0.11065081657975426
188994,0.9222148023713532,0,0.3840054226025631
189005,0.854216144156723,0,0.3659857781756864
375901,0.8202168150494051,0,-0.5994251718265082
375607,0.07223157468849101,0,-0.03095638915221043
375974,-3.37870032970393,0,-0.594835262397021
375394,-0.811750982101688,0,-0.4251786101515212
374013,1.05821211880061,0,-0.396789170346914
374516,0.8882154732640349,0,0.3809454829829043
188316,-1.59373555156992,0,-0.7765616764756164
283231,0.27622754933237603,0,-0.14621411482600608
187955,0.548222182190891,0,-0.24464217259168144
189233,-0.131764399955399,0,0.10317096417614496
189753,1.46620406808838,0,0.9426143998357399
375521,0.650220169512833,0,-0.03129638244328345
2437252,-1.01574695674557,0,-0.37451960978162313
188197,-0.267761716384654,0,-0.17137361836541903
373793,1.19420943522987,0,0.261097847879621
190177,0.344226207547006,0,0.19122922656408942
375447,0.378225536654318,0,-0.16134381627876096
188991,0.00423291647386105,0,0.3904652951329527
189784,1.36420608076644,0,0.612480914203716
373467,1.39820540987375,0,0.38842533538651347
187562,-0.403759032813914,0,-0.23648233360592605
187515,-1.4237389060333503,0,-0.2315524308853659
374504,1.50020339719569,0,0.7083590222863427
189759,1.12621077701524,0,0.924594755408863
283089,0.786217485942093,0,0.7459282809499251
187952,-1.38973957692604,0,-0.5577759936700479
190129,0.650220169512833,0,0.4122248657616342
375467,-0.607755007457798,0,-0.23019245772107275
188258,0.446224194868948,0,0.07869144721887858
188493,0.514222853083578,0,0.3829854427293435
283205,0.310226878439688,0,-0.22934247449339043
283735,1.16021010612255,0,-0.1844633600717349
190148,-0.0977650708480814,0,-0.7201227901574747
283721,1.05821211880061,0,0.2197886630142339
187560,0.106230903795803,0,-0.3245405959938706
375549,-0.709752994779746,0,-0.2196526656978054
187868,-0.743752323887058,0,-0.2334223939862678
283655,0.854216144156723,0,-0.0265364763682594
188386,0.208228891117746,0,-0.30312101865626245
189320,-0.879749640316318,0,-0.6681038166232837
317829,1.5682020554103202,0,0.3364063618523226
284328,0.75221815683478,0,0.36394581842924745
189744,1.12621077701524,0,0.9332645843312283
188407,1.36420608076644,0,-0.03214636567096652
187713,-1.83173085532112,0,-0.9499582549229204
188540,0.14023023290311598,0,0.4574439734743623
283773,1.90819534648347,0,0.34881611697649256
189001,0.242228220225063,0,0.36632577146675965
308009,1.3302067516591205,0,0.7029191296291724
190160,1.60220138451764,0,0.9256147352820827
187735,-0.301761045491971,0,-0.39049929446206094
187860,-1.01574695674557,0,-0.03452631870847833
374534,1.09221144790793,0,0.38196546285612376
189632,1.12621077701524,0,0.20414897162486892
375094,-0.301761045491971,0,-0.4197387174943513
284247,0.106230903795803,0,-0.5142568524126853
374067,0.684219498620151,0,0.23270840807501333
187718,-1.0837456149601998,0,-0.16423375925288275
187666,1.63620071362495,0,0.5676017997820608
190058,0.378225536654318,0,0.9036851680078648
375572,-1.04974628585289,0,-0.013276738016406893
187739,-1.18574360228215,0,-0.27558156207933754
374533,0.27622754933237603,0,-0.20180301791646527
374374,-0.0297664126334563,0,0.17252959555506642
284372,-0.947748298530943,0,0.4836234568869939
187907,0.854216144156723,0,0.4610139030306301
188114,0.548222182190891,0,0.3632658318471008
375738,1.12621077701524,0,-0.1946631588039294
284303,0.9562141314786652,0,-0.7046530954136461
189031,-0.36975970370660105,0,-0.8935193686047782
188001,-0.675753665672428,0,0.3853653957668556
188546,-0.403759032813914,0,-0.7038031121859639
375736,-0.505757020135856,0,-0.22696252145587809
373642,-2.30772146282352,0,-0.19636312525929475
283579,-1.55973622246261,0,-0.24362219271846236
374715,-1.04974628585289,0,-0.8618999925349761
374683,-1.62773488067723,0,-0.8362304990589535
188134,0.00423291647386105,0,-0.29496117967050717
373952,-1.32174091871141,0,-0.7323625486361083
375895,-0.301761045491971,0,-0.5185067685510998
190472,-3.29370200693564,0,-0.7644919146425196
188311,-4.07568657640388,0,-0.9344885601790921
373764,0.9222148023713532,0,0.1628397867594824
187854,0.310226878439688,0,0.2094188676365027
188423,0.412224865761636,0,0.24086824706076868
374474,1.17720977067621,0,-0.12156460122320314
188840,-0.8457503112090009,0,-0.3418802538386011
283802,0.582221511298208,0,0.4203847047473896
375665,1.04121245424695,0,-0.24209222290863314
283790,0.480223523976261,0,0.42004471145631633
374003,0.174229562010433,0,-0.2250925583549759
190069,0.582221511298208,0,0.6454602634378114
187475,-0.267761716384654,0,0.26262781768945
188076,-1.11774494406752,0,-0.20809289380131868
283849,-0.267761716384654,0,0.39624518108119616
188256,-0.675753665672428,0,-0.7600720018585693
190134,0.7182188277274629,0,0.3836654293114899
283054,0.616220840405521,0,0.2850673749002771
283432,-0.403759032813914,0,-0.24855209543902324
284370,0.9562141314786652,0,0.5210227189050398
375625,-0.7777516529943709,0,-0.9127289895504112
373482,-1.11774494406752,0,0.1492400551165563
189040,-1.4577382351406598,0,-1.0116670372526964
189947,0.174229562010433,0,-0.14978404438227413
187978,-1.2877415896040902,0,-0.25841190088014376
284309,-0.675753665672428,0,0.4469041814510948
374394,-1.4237389060333503,0,0.16946965593540825
189751,0.19122922656409,0,0.20431896827040572
188172,-0.403759032813914,0,-0.5050770335537105
187605,-0.471757691028543,0,-0.6063950342935076
190199,1.70419937183958,0,0.7404883882927551
189937,1.05821211880061,0,0.929354661483887
188043,-2.57971609568204,0,-0.15981384646893207
283741,-0.165763729062711,0,-0.6750736790902829
187546,-1.2877415896040902,0,-0.23240241411304832
189956,0.684219498620151,0,-0.4074989590157181
375749,0.00423291647386105,0,-0.21744270930583012
190728,1.46620406808838,0,0.7107389753238549
189857,0.8882154732640349,0,0.4057649932312443
375847,-1.55973622246261,0,0.37006569766856406
375581,0.344226207547006,0,0.09909104468326763
190162,1.46620406808838,0,0.7313085694337802
189030,-0.267761716384654,0,0.3942052213347573
374741,-1.35574024781872,0,0.14533013226921485
187604,0.378225536654318,0,-0.611324937014068
375678,0.106230903795803,0,-0.11136480249100883
283201,-1.11774494406752,0,-0.07464552705510927
374678,0.310226878439688,0,-0.16712370222700457
188893,1.29620742255181,0,0.11813066898336341
283116,-0.233762387277341,0,0.13173040062628916
284080,0.27622754933237603,0,0.03721226570795503
374934,0.990213460585978,0,0.19632912593018673
373759,1.3302067516591205,0,0.39726516095441516
187875,1.16021010612255,0,0.25820790490549916
188742,-2.00172750085769,0,0.28302741515383867
284015,-0.131764399955399,0,-0.10388495008739962
284305,0.786217485942093,0,0.18731930371674832
375455,-1.0837456149601998,0,-0.8083510491909561
187930,-0.233762387277341,0,-0.4887573555821996
319954,1.05821211880061,0,0.542442296242648
374386,0.14023023290311598,0,0.05693187659019742
375839,0.446224194868948,0,0.3595259056452964
375659,1.04121245424695,0,-0.07821545661137747
284279,0.7182188277274629,0,0.36802573792212523
2437249,-1.89972951353575,0,-0.40239905964962086
375020,-0.0637657417407688,0,-0.11119480584547216
188058,-1.0837456149601998,0,-0.6602839709286014
283143,0.548222182190891,0,0.23236841478394005
283665,0.650220169512833,0,-0.002056959410993013
188202,0.07223157468849101,0,0.18612932719799224
336686,0.225228555671402,0,0.38247545279273354
375340,0.8202168150494051,0,0.002702946664030951
189829,0.00423291647386105,1,0.10725088366902279
188972,0.0382322455811736,1,0.40848493955982895
189048,0.106230903795803,1,0.3772055567811001
190787,-0.233762387277341,1,-0.24498216588275512
188373,1.89119568192981,1,0.2418882269339883
190196,-0.0637657417407688,1,0.27384759629486394
190791,-0.301761045491971,1,0.16844967606218877
375664,0.412224865761636,1,-0.17783349089580852
190238,-0.743752323887058,1,0.3690457177953441
283792,-1.95072850719672,1,0.20040904542306437
189280,-0.437758361921226,1,0.39590518779012257
374178,1.36420608076644,1,0.41018490601519536
375794,1.0242127896933,1,-0.5747756582237055
283224,1.12621077701524,1,0.04928202754105211
284215,-1.18574360228215,1,-0.5802155508808756
375397,-0.36975970370660105,1,-0.04166617782101441
374624,0.12323056834946003,1,-0.34154026054752806
375395,-1.18574360228215,1,-0.36414981440389194
189803,-0.0977650708480814,1,0.9254447386365459
189070,-2.40971945014547,1,-0.7469822601522531
187769,0.412224865761636,1,-0.5897353630309237
189698,1.60220138451764,1,0.9045351512355475
188099,-1.96772817175038,1,0.24868809275545112
187458,1.05821211880061,1,0.6830295221013938
373904,0.480223523976261,1,-0.25484197132387604
189050,-0.743752323887058,1,-0.7021031457305977
375471,-1.72973286799918,1,-0.16151381292429748
187996,-0.165763729062711,1,-0.2470221256291938
374414,-1.0837456149601998,1,-0.2667417365114358
374413,-0.743752323887058,1,-0.32301062618404147
374662,-0.743752323887058,1,-0.48059751659644406
2437410,0.616220840405521,1,-0.44676818413466657
375766,1.36420608076644,1,0.7591880193017776
188339,0.854216144156723,1,-0.5883753898666312
374407,1.50020339719569,1,0.9074250942096691
188246,0.990213460585978,1,0.28795731787439943
374945,-0.335760374599284,1,0.13683029999238636
375004,1.22820876433718,1,-0.005796885612797569
189964,-0.199763058170029,1,0.4669637856244101
336782,-0.9137489694236308,1,-0.81260096532937
375759,-0.165763729062711,1,-0.017696650800357556
189079,0.310226878439688,1,0.31464679122364114
190046,0.514222853083578,1,0.6308405519216659
188669,-0.709752994779746,1,-0.1944931621583927
374536,0.378225536654318,1,0.24494816655364623
374086,-0.165763729062711,1,-0.11357475888298438
283763,0.616220840405521,1,-0.4131088483184244
189337,0.854216144156723,1,-0.7650019045791298
283768,0.582221511298208,1,-0.19687311519590445
187606,-1.62773488067723,1,-0.7527621461004963
189647,1.0242127896933,1,0.3921652615883186
319957,1.0242127896933,1,0.22607853889908724
375991,-0.947748298530943,1,0.23406838123930565
283805,-0.131764399955399,1,-0.1786834741234914
187491,0.412224865761636,1,0.3748256037435882
373835,-0.233762387277341,1,-0.13737428925810483
188170,0.07223157468849101,1,-0.4005290965487186
190794,-0.301761045491971,1,-0.9734177920069672
190774,0.9562141314786652,1,0.24392818668042687
283892,-0.233762387277341,1,0.36972570437749114
308212,-1.4577382351406598,1,0.09195118557073131
187485,0.990213460585978,1,0.29203723736727705
283083,-1.0837456149601998,1,-0.7100929880708172
187539,-0.165763729062711,1,-0.2072429105736357
373629,-0.9817476276382612,1,0.32110666375403085
188033,-0.0977650708480814,1,-0.18650331981817392
375454,-0.0977650708480814,1,-0.0969150876204003
375949,0.0382322455811736,1,-0.16117381963322494
188501,0.446224194868948,1,0.3527260398238335
375916,-0.335760374599284,1,0.6063610349643993
2437287,-1.25374226049678,1,-0.4516980868552266
283712,0.8202168150494051,1,-0.05407593294518418
187888,0.480223523976261,1,-0.10728488299813144
187814,0.514222853083578,1,-0.1999330548155633
189961,-0.675753665672428,1,-0.13584431944827519
187918,-0.233762387277341,1,-0.11289477230083828
374515,0.07223157468849101,1,-0.20435296759951402
190085,-0.437758361921226,1,-0.269461682840021
374745,-0.879749640316318,1,0.10283097088507182
283766,0.8882154732640349,1,0.4108648925973415
189856,1.16021010612255,1,0.9120150036391567
283105,1.29620742255181,1,0.33232644235944475
188340,-0.539756349243173,1,-0.9734177920069673
375368,1.22820876433718,1,0.20482895820701533
375373,-1.4917375642479802,1,-0.2509320484765353
190098,-0.131764399955399,1,0.14737009201565388
375504,-0.743752323887058,1,-0.5635558796182916
190097,0.990213460585978,1,0.9137149700945225
189153,-1.18574360228215,1,-0.9142589593602402
284245,-0.335760374599284,1,-0.6842534979492576
189892,1.36420608076644,1,0.9014752116158892
283166,-0.8457503112090009,1,0.22267860598835554
187833,0.854216144156723,1,0.40780495297768327
190103,0.990213460585978,1,0.9120150036391569
188410,2.14619065023467,1,-0.4627478688151042
375923,0.00423291647386105,1,0.25837790155103574
284024,0.9222148023713532,1,0.4246346208858038
374202,1.46620406808838,1,0.7698978079705818
375930,-1.4577382351406598,1,-0.22322259525407362
374476,1.36420608076644,1,0.48634340321557923
374530,0.446224194868948,1,0.0829413633572929
319285,-0.233762387277341,1,-0.4384383485033741
318177,1.29620742255181,1,0.5276525880809665
188231,0.07223157468849101,1,-0.6023151148006299
318548,0.9562141314786652,1,0.6848994852022957
283731,-0.0297664126334563,1,-0.1764735177315161
375550,-2.08672582362598,1,-0.9472383085943353
375642,0.75221815683478,1,0.4020250670294394
375576,-0.0297664126334563,1,-0.07583550357386543
188204,-0.335760374599284,1,-0.7048230920591833
374595,-1.04974628585289,1,0.10793087025116904
190114,1.16021010612255,1,0.41188487247056094
374632,0.242228220225063,1,0.15654991087462866
375845,-0.199763058170029,1,0.37346563057929544
375691,0.0382322455811736,1,-0.36788974060569657
283723,0.07223157468849101,1,-0.1377142825491776
374535,0.548222182190891,1,-0.19755310177805113
188346,1.5682020554103202,1,0.653790099069103
187696,-1.86573018442843,1,-0.9186788721441909
374473,1.0242127896933,1,0.9045351512355475
284262,-0.675753665672428,1,-0.40018910325764556
375474,0.14023023290311598,1,-0.5280265807011478
187647,0.174229562010433,1,-0.06291575851308603
374941,0.27622754933237603,1,0.19666911922126004
187787,0.14023023290311598,1,-0.2738815956239721
188940,0.378225536654318,1,0.9137149700945225
374699,0.514222853083578,1,-0.4673377782445914
283128,-0.437758361921226,1,-0.3060109616303843
190140,0.8882154732640349,1,0.26857770028322997
189016,-0.6417543365651159,1,0.38332543602041674
190731,0.9562141314786652,1,0.7386184251918525
375015,0.75221815683478,1,-0.04506611073174574
283950,-2.20572347550158,1,-0.34460020016718607
190203,0.0382322455811736,1,0.4054249999401708
374623,-0.6417543365651159,1,0.2636477975626695
374635,-0.301761045491971,1,-0.22985246442999963
188153,-0.199763058170029,1,-0.3145107939072127
189274,0.616220840405521,1,0.32926650273978647
188034,-0.7777516529943709,1,-0.19126322589319794
373725,0.548222182190891,1,0.23117843826518414
189683,1.00721312513964,1,-0.18293339026190608
188927,0.582221511298208,1,0.40746495968660973
283139,0.378225536654318,1,0.25514796528584066
187778,0.9562141314786652,1,-0.5635558796182916
187645,0.8882154732640349,1,0.16198980353179912
187564,-0.301761045491971,1,0.30274702603608117
188715,1.60220138451764,1,0.9055551311087668
374484,0.208228891117746,1,0.4428242619582168
374546,0.8882154732640349,1,0.4397643223385586
283311,-1.0837456149601998,1,0.22828849529106246
190184,0.548222182190891,1,0.22029865295084353
188958,0.446224194868948,1,0.4462241948689482
188319,0.75221815683478,1,-0.05883583902020814
283114,1.36420608076644,1,0.2476681128822316
188996,-0.165763729062711,1,0.39386522804368435
188956,0.14023023290311598,1,0.1868093137801385
189024,0.990213460585978,1,0.34864612033095604
188008,0.75221815683478,1,0.38332543602041674
375704,-0.165763729062711,1,-0.38828933807008525
187530,0.174229562010433,1,-0.6409043533374323
188218,-0.0977650708480814,1,-0.12887445698127573
373726,-0.233762387277341,1,-0.19993305481556317
284067,0.7182188277274629,1,0.012902745396225485
189250,-0.131764399955399,1,0.4050850066490975
187936,0.00423291647386105,1,-0.041156187884404546
374160,-0.539756349243173,1,0.3141368012870316
188306,-0.607755007457798,1,-0.22373258519068318
373468,-0.301761045491971,1,0.23712832085896396
189881,0.27622754933237603,1,0.29560716692354494
188025,-0.131764399955399,1,-0.32607056580369986
188894,0.412224865761636,1,0.13241038720843548
189832,0.854216144156723,1,0.27758752249666835
373777,-0.505757020135856,1,0.2847273816092046
283623,0.650220169512833,1,-0.0425161610486972
188990,0.582221511298208,1,0.3615658653917355
375393,-0.675753665672428,1,-0.23257241075858492
188227,-0.811750982101688,1,-0.3695897070610626
375962,-1.25374226049678,1,-0.8896094457574377
187609,-0.5737556783504859,1,0.40610498652231736
318179,0.786217485942093,1,0.6463102466654941
374145,0.684219498620151,1,-0.24379218936399932
284216,0.07223157468849101,1,-0.5689957722754618
373744,-0.5737556783504859,1,-0.8119209787472239
374744,0.0382322455811736,1,0.15314997796389737
187983,-0.0637657417407688,1,-0.32845051884121185
188825,0.616220840405521,1,-0.03265635560757602
190819,0.344226207547006,1,0.13717029328345953
375502,-1.4237389060333503,1,-0.1383942691313238
189854,1.12621077701524,1,0.9137149700945225
375995,-0.8457503112090009,1,-0.38658937161471946
375772,1.39820540987375,1,0.10708088702348646
189038,-0.0637657417407688,1,-0.9392484662541163
190815,1.09221144790793,1,0.7122689451336842
375547,-0.36975970370660105,1,-0.06767566458810999
187883,-0.709752994779746,1,-0.3559899754181368
375626,1.3302067516591205,1,0.9045351512355476
189210,-0.301761045491971,1,0.40542499994017084
375062,-0.607755007457798,1,-0.2764315453070207
373730,0.242228220225063,1,-0.19755310177805105
283252,0.27622754933237603,1,-0.246512135692584
188452,0.174229562010433,2,-0.6454942627669195
189894,1.19420943522987,2,1.084221605567704
189979,1.46620406808838,2,0.9106550304748643
187906,0.310226878439688,2,0.4611838996761666
188268,-0.199763058170029,2,-0.6614739474473574
187599,1.3302067516591205,2,0.20261900181503997
188898,0.344226207547006,2,0.2422282202250611
284190,0.412224865761636,2,-0.5727356984772664
188174,-0.7777516529943709,2,-0.3281105255501389
188517,-1.6957335388918602,2,-0.6131949001149706
190806,-0.199763058170029,2,0.17524954188365172
283416,-0.403759032813914,2,-0.040136208011185254
375921,0.0382322455811736,2,0.3741456171614416
189115,0.684219498620151,2,0.32654655641120134
373754,-1.18574360228215,2,-0.28000147486328847
187585,0.378225536654318,2,0.5050430342246023
308011,-1.15174427317483,2,-0.6949632866180621
188441,0.8202168150494051,2,0.4314344867072665
187771,-2.10372548817964,2,-0.11289477230083823
336684,-1.6957335388918602,2,0.15450995112818988
284241,0.27622754933237603,2,-0.5047370402626377
373627,0.75221815683478,2,-0.07498552034618251
283796,0.242228220225063,2,0.4044050200669516
375943,-0.165763729062711,2,0.38128547627397774
188510,-0.131764399955399,2,-0.39848913680228015
284354,1.2622080934445,2,-0.9931374028892098
187984,-0.471757691028543,2,-0.3466401599136251
190296,0.616220840405521,2,0.8955253290221092
283989,-0.437758361921226,2,-0.4071589657246447
318550,1.09221144790793,2,0.7360684755088037
375899,-0.675753665672428,2,-0.6847634878858677
374517,0.106230903795803,2,0.8739357550389646
189009,-0.131764399955399,2,0.3136268113504219
188163,-0.131764399955399,2,0.004062919828323478
283767,0.344226207547006,2,0.3989651274097814
187956,0.310226878439688,2,-0.19449316215839282
374629,-1.2877415896040902,2,-0.9378884930898238
189193,-0.0977650708480814,2,-0.9530181945425785
188185,-1.25374226049678,2,0.13445034695487432
187856,-0.539756349243173,2,0.14431015239599607
375551,-0.743752323887058,2,-0.013616731307480085
187992,-2.27372213371621,2,-0.02517650320396696
189790,0.208228891117746,2,0.5172827927032355
187842,-0.675753665672428,2,-0.6840835013037211
188930,0.8882154732640349,2,0.35476599957027233
187892,0.548222182190891,2,0.4200447114563161
189025,-1.2877415896040902,2,-0.4748176306482007
374391,1.60220138451764,2,0.9473743059107637
187783,0.0382322455811736,2,-0.07039561091669518
373509,0.582221511298208,2,-0.1552239370394445
188466,0.378225536654318,2,-0.5982351953077527
188292,-1.4917375642479802,2,-0.5963652322068501
187770,-2.30772146282352,2,-0.22373258519068334
375594,-0.743752323887058,2,-0.2675917197391193
308004,1.7381987009469,2,0.7187288176640734
375705,-2.9197093867551898,2,-0.7723117603372026
283171,0.344226207547006,2,-0.4933472650116872
374253,1.16021010612255,2,0.950094252239349
188979,1.05821211880061,2,0.30988688514861734
187686,0.27622754933237603,2,0.5002831281495778
187545,-1.52573689335529,2,-0.7891414282453232
187462,-0.539756349243173,2,0.1205106220208754
190174,0.9562141314786652,2,0.3998151106374639
375871,-0.505757020135856,2,0.6087409880019111
374037,-0.0637657417407688,2,-0.45254807008290976
375905,0.208228891117746,2,-0.41922872755774165
373656,-0.36975970370660105,2,-0.4081789455978644
188341,-0.0637657417407688,2,-0.9897374699784782
283160,-0.0637657417407688,2,-0.38607938167810985
375024,0.00423291647386105,2,-0.19891307494234375
283279,-0.199763058170029,2,-0.2803414681543617
283515,-0.267761716384654,2,-0.026536476368259586
373799,0.0382322455811736,2,0.27163763990288825
188536,-0.709752994779746,2,0.4866833965066526
374064,1.12621077701524,2,0.34082627463627335
190124,0.8202168150494051,2,-0.28459138429277653
188444,-0.7777516529943709,2,-0.47311766419283485
187993,-2.44371877925278,2,-0.3395003008010891
283754,-0.131764399955399,2,0.3306264759040791
188596,-1.2877415896040902,2,-0.6815335516206728
375661,0.75221815683478,2,-0.4217786772407905
375731,-0.9817476276382612,2,-0.762621951541618
374112,-0.607755007457798,2,-0.23138243423982913
190802,0.9562141314786652,2,0.47852355752089687
375597,0.9222148023713532,2,-0.0034169325752856448
308269,-0.301761045491971,2,0.5614819205427445
283144,-1.4917375642479802,2,-0.8775396839243402
189974,-0.8457503112090009,2,-0.27983147821775217
190173,1.09221144790793,2,0.3931852414615378
374603,-0.165763729062711,2,-0.13737428925810447
189734,-1.04974628585289,2,0.5710017326927922
375728,-0.505757020135856,2,-0.7473222534433265
375687,-0.233762387277341,2,-0.29717113606248285
187535,0.514222853083578,2,0.43534440955460746
373795,0.446224194868948,2,0.5565520178221837
374382,1.39820540987375,2,0.4890633495441645
374331,0.106230903795803,2,0.31702674426115324
189231,0.310226878439688,2,-0.33984029409216204
189853,0.684219498620151,2,0.9026651881346455
284324,0.378225536654318,2,0.5550220480123541
375674,1.2622080934445,2,-0.49198729184739487
189236,0.208228891117746,2,0.4407843022117776
189840,0.174229562010433,2,0.7336885224712921
374917,-1.11774494406752,2,-0.924628754737971
188957,1.09221144790793,2,0.3598658989363692
188526,-2.98770804496981,2,-0.8933493719592417
374614,0.480223523976261,2,-0.4234786436961558
374177,1.19420943522987,2,0.3867253689311482
187669,1.53420272630301,2,0.6237006928091294
374396,1.29620742255181,2,0.9473743059107637
188463,0.514222853083578,2,0.25089804914742664
375708,0.75221815683478,2,0.020722591090907724
318176,0.9222148023713532,2,0.6294805787573727
375890,-0.505757020135856,2,-0.5531860842405605
188563,-1.04974628585289,2,0.18714930707121163
187960,0.27622754933237603,2,-0.1902432460199784
189301,0.514222853083578,2,0.36360582513817424
375565,1.19420943522987,2,0.07206157804295266
188988,1.2622080934445,2,0.3401462880541272
187979,-1.76373219710649,2,-0.17596352779490637
376027,-2.00172750085769,2,-0.4020590663585481
187887,0.106230903795803,2,-0.5944952691059475
374749,-0.6417543365651159,2,0.1847693540336997
283449,-0.267761716384654,2,0.21060884415525863
375006,0.514222853083578,2,-0.01769665080035769
375706,-1.6957335388918602,2,-0.905929123728948
284222,0.8882154732640349,2,-0.639714376818676
190778,1.22820876433718,2,0.4030450469026591
190067,-0.505757020135856,2,0.19870907896769868
376012,-1.86573018442843,2,-0.2453221591738281
188704,-0.0637657417407688,2,0.11031082328868112
188314,1.36420608076644,2,0.28778732122886297
188064,-1.86573018442843,2,0.2760575526868391
187958,0.27622754933237603,2,-0.3221606429563588
190082,-0.165763729062711,2,0.3139668046414949
189625,-1.18574360228215,2,-0.7813215825506407
283638,0.7182188277274629,2,-0.261981830436412
190070,-0.9817476276382612,2,0.16674970960682306
189049,0.378225536654318,2,0.18748930036228478
188215,-1.04974628585289,2,-0.6699737797241859
187998,0.27622754933237603,2,0.36394581842924717
374927,0.514222853083578,2,0.17422956201043224
283230,-0.8457503112090009,2,-0.6424343231472613
187880,-3.2257033487210096,2,-0.4777075736223222
187714,0.310226878439688,2,-0.2082628904468551
284165,0.106230903795803,2,0.23746831415003716
187543,-1.21974293138946,2,-0.3233506194751149
283843,-0.505757020135856,2,-0.04353614092191645
190191,-0.131764399955399,2,0.16980964922648137
188922,-1.38973957692604,2,-0.5023570872251253
283752,-0.165763729062711,2,-0.24498216588275476
284327,0.344226207547006,2,0.4193647248741699
188092,-0.335760374599284,2,0.1912292265640894
188355,1.70419937183958,2,-0.03265635560757605
188061,-0.301761045491971,2,-0.39610918376476767
188321,0.0382322455811736,2,-0.07906543983906035
187541,0.582221511298208,2,0.384345415893636
187573,-1.6957335388918602,2,-0.41837874433005867
373872,0.650220169512833,2,0.41290485234377977
375994,-1.7977315262138,2,-0.3019310421375069
190818,0.412224865761636,2,0.426504583986706
187736,-1.86573018442843,2,-0.48960733880988255
188105,0.106230903795803,2,0.19020924669087003
187594,-0.0637657417407688,2,-0.8652999254457076
375620,1.19420943522987,2,-0.15182400412871314
283138,0.548222182190891,2,0.08668128955909761
188102,0.582221511298208,2,0.3969251676633421
375707,-0.947748298530943,2,-0.2925812266329953
284002,0.8202168150494051,2,0.29492718034139886
187853,-0.9817476276382612,2,-0.23767231012468215
189042,0.106230903795803,2,0.02769245355790711
283106,0.310226878439688,2,-0.266911733156973
187812,-0.267761716384654,2,-0.9992572821285262
187982,0.8202168150494051,2,-0.32692054903138257
374155,0.9562141314786652,2,0.5482221821908919
374604,-0.403759032813914,2,0.11813066898336343
189958,-1.18574360228215,2,-0.23529235708717003
187507,0.548222182190891,2,0.275717559395766
188899,1.29620742255181,2,0.9429543931268128
188975,-0.7777516529943709,2,0.1891892668176507
375693,-2.1547244818406104,2,-0.773671733501495
187776,-1.76373219710649,2,-0.7185928203476456
187805,0.208228891117746,2,0.32450659666476256
283670,0.514222853083578,2,-0.14077422216883598
336688,-0.607755007457798,2,0.4040650267758783
187804,-1.4577382351406598,2,0.3551059928613457
187844,0.0382322455811736,2,-0.5859954368291189
374658,-0.301761045491971,2,-0.43503841559264267
283825,0.174229562010433,2,0.35068608007739477
188331,0.75221815683478,2,0.27639754597791244
188357,2.41818528309319,2,0.4016850737383666
189299,-1.35574024781872,2,0.35340602640597985
283312,0.378225536654318,2,-0.27031166606770396
375494,0.27622754933237603,2,0.3829854427293435
187653,-2.27372213371621,2,-0.7418823607861562
189797,1.12621077701524,2,0.4669637856244101
283229,-0.437758361921226,2,-0.2825514245463371
283770,-0.335760374599284,2,-0.023136543457528094
190005,1.60220138451764,2,0.9256147352820825
375939,-0.811750982101688,2,-0.605035061129215
189289,-0.539756349243173,3,-0.7565020723023013
319956,1.43220473898107,3,0.30002707970749604
189278,0.650220169512833,3,0.35748594589885746
188777,0.208228891117746,3,0.43126449006172973
374213,0.7182188277274629,3,0.21774870326779486
375546,-0.879749640316318,3,0.013242738687298507
375778,-1.01574695674557,3,-0.4804275199509075
189043,-1.38973957692604,3,-0.7743517200836412
374204,1.2622080934445,3,0.9327545943946184
187493,0.9562141314786652,3,0.2791174923064975
375698,-1.25374226049678,3,-0.23529235708717006
190814,-1.01574695674557,3,0.1752495418836517
373980,1.05821211880061,3,-0.21285279987634262
283162,0.8202168150494051,3,0.4295645236063644
187707,0.514222853083578,3,-0.3816594688941591
283776,0.208228891117746,3,-0.22679252481034148
188554,-2.00172750085769,3,-0.38420941857720736
189241,0.27622754933237603,3,0.38060548969183167
189059,-0.301761045491971,3,-0.6864634543412332
188943,-1.04974628585289,3,-0.7463022735701068
374505,-1.25374226049678,3,-0.58395547708268
189002,0.27622754933237603,3,0.3925052548793917
190733,1.39820540987375,3,0.5971812161054243
283846,0.446224194868948,3,0.03704226906241869
190076,1.22820876433718,3,0.2755475627502295
375389,0.582221511298208,3,-0.17477355127615024
190101,0.0382322455811736,3,0.14669010543350758
375711,-0.811750982101688,3,-0.5912653328407528
187583,-0.607755007457798,3,-0.27337160568736213
188500,0.8202168150494051,3,-0.41565879800147365
187514,-1.55973622246261,3,-0.07345555053635339
3624697,-0.335760374599284,3,-0.6968332497189641
187536,-0.9137489694236308,3,0.25650793845013337
187976,0.990213460585978,3,-0.013276738016406624
283732,0.990213460585978,3,-0.10643489977044812
187537,0.07223157468849101,3,0.0350023093159798
188521,-1.83173085532112,3,-0.8195708277963693
188157,-0.471757691028543,3,-0.38828933807008537
188267,-0.233762387277341,3,-0.24464217259168186
187784,-0.199763058170029,3,-0.02143657700216215
188302,-1.15174427317483,3,-0.9700178590962362
188429,-2.34172079193084,3,-0.14434415172510398
188530,0.446224194868948,3,0.40916492614197564
189819,-0.165763729062711,3,0.625910649201105
373694,-0.5737556783504859,3,-0.35598997541813665
187879,-2.61371542478935,3,-0.46444783527046973
284192,-0.437758361921226,3,-0.8160008982401016
317951,1.60220138451764,3,0.6199607666073251
187548,-0.539756349243173,3,-0.28578136081153244
190072,-0.709752994779746,3,0.11473073607263191
375717,-0.199763058170029,3,-0.21642272943261048
190045,1.36420608076644,3,0.9143949566766686
375634,-1.4237389060333503,3,-0.7675518542621785
187677,-1.0837456149601998,3,-0.7512321762906676
189003,0.9222148023713532,3,0.3717656641239299
188947,0.344226207547006,3,-0.02840643946916177
187755,-1.04974628585289,3,-0.756842065593374
373506,-0.8457503112090009,3,-0.48671739583576046
284110,1.39820540987375,3,0.13054042410753366
2437286,-3.3956999942575896,3,-0.44081830154088597
188075,-2.57971609568204,3,0.21842868984994115
336482,1.60220138451764,3,0.6163908370510571
190036,1.70419937183958,3,0.9084450740828884
374362,0.8882154732640349,3,0.48294347030484785
190142,0.514222853083578,3,0.4054249999401713
187807,-1.4237389060333503,3,-0.17443355798507748
336478,1.05821211880061,3,0.6874494348853442
187484,0.786217485942093,3,0.14244018929509356
187510,-1.2877415896040902,3,0.1419301993584837
188345,1.67020004273227,3,0.7003691799461237
187895,1.16021010612255,3,0.40406502677587836
189766,-0.403759032813914,3,0.6213207397716176
283127,0.174229562010433,3,0.3782255366543195
375503,0.7182188277274629,3,-0.14213419533312865
375582,0.871215808710379,3,0.04741206444014958
283719,0.27622754933237603,3,-0.05883583902020801
2437409,0.208228891117746,3,-0.6213547391007261
187664,1.67020004273227,3,0.49144330258167623
187678,-1.15174427317483,3,0.09144119563412179
190499,-0.301761045491971,3,0.5006231214406516
188781,-0.0977650708480814,3,-0.6737137059259904
375417,-0.607755007457798,3,-0.3316804551064066
188317,0.75221815683478,3,0.13717029328345948
374681,-0.7777516529943709,3,-0.3106008710598719
375681,-0.199763058170029,3,-0.3624498479485259
188291,-0.607755007457798,3,-0.12513453077947131
375557,0.854216144156723,3,-0.5873554099934115
284336,-0.471757691028543,3,-0.6063950342935077
187729,0.548222182190891,3,0.11847066227443662
2437258,-1.59373555156992,3,0.46220387954938624
374388,1.22820876433718,3,0.23848829402325644
319779,-0.7267526593334019,3,0.919324859397229
189094,-0.0297664126334563,3,0.3323264423594445
188320,0.9222148023713532,3,0.29815711660659366
189776,1.63620071362495,3,0.7003691799461238
189225,-0.233762387277341,3,0.14703009872458073
374894,-1.59373555156992,3,0.01664267159803
374743,0.9222148023713532,3,0.18918926681765055
188792,-0.335760374599284,3,0.4409542988573144
189293,1.22820876433718,3,0.3551059928613459
373522,0.75221815683478,3,-0.4528880633739829
374718,0.378225536654318,3,0.4258245974045597
189757,1.09221144790793,3,0.22114863617852643
308008,2.28218796666393,3,0.7085290189318795
373770,-0.131764399955399,3,0.4786935541664336
283757,0.582221511298208,3,-0.2970011394169457
190198,0.514222853083578,3,0.3904652951329529
189977,0.854216144156723,3,0.5750816521856702
190810,0.8882154732640349,3,0.17558953517472475
189039,0.9562141314786652,3,0.31702674426115307
187858,-0.947748298530943,3,-0.06767566458810997
188630,-0.7777516529943709,3,0.4203847047473894
374918,0.0382322455811736,3,0.3795855098186122
187757,0.27622754933237603,3,0.2957771635690816
284239,-0.675753665672428,3,-0.676603648900112
189168,-0.505757020135856,3,-0.982257617574869
188633,-1.04974628585289,3,0.09977103126541355
336685,0.174229562010433,3,0.1225505817673143
190403,0.990213460585978,3,0.9259547285731554
284182,-0.0977650708480814,3,-0.46053791242312897
187705,0.27622754933237603,3,-0.58395547708268
2437378,-1.66173420978455,3,0.8968853021864015
284277,0.7182188277274629,3,0.43840434917426596
187810,-1.66173420978455,3,-0.15777388672249282
375857,0.07223157468849101,3,-0.4183787443300587
187508,0.7182188277274629,3,0.4249746141768768
187461,0.75221815683478,3,0.2435881933893538
375589,-0.0977650708480814,3,0.023782530710565936
189883,1.29620742255181,3,0.9426143998357395
187716,-1.2877415896040902,3,-0.40494900933266903
375813,-4.61967584212091,3,-0.7123029444627924
187756,-0.267761716384654,3,-0.5710357320219006
189068,-1.96772817175038,3,-0.48637740254468764
2437214,0.310226878439688,3,0.4934832623281155
188820,0.208228891117746,3,0.038742235517784385
375688,1.2622080934445,3,-0.28799131720350757
375800,0.7352184922811191,3,-0.5700157521486812
374472,1.09221144790793,3,0.9286746749017406
374479,1.2622080934445,3,0.5098029402996263
188235,-1.6957335388918602,3,-0.7468122635067167
375825,-1.32174091871141,3,-0.6429443130838706
187840,-0.0297664126334563,3,-0.18599332988156392
375997,-1.55973622246261,3,-0.43350844578281367
189996,1.3302067516591205,3,0.9422744065446663
283598,0.0382322455811736,3,-0.1278544771080562
375941,-0.743752323887058,3,0.4067849731044635
187457,-2.68171408300398,3,0.2906772642029845
336484,0.990213460585978,3,0.5596119574418419
189268,0.854216144156723,3,0.5767816186410356
190190,0.106230903795803,3,0.7282486298141219
187526,-0.437758361921226,3,0.4118848724705609
187579,-0.9137489694236308,3,-0.7196128002208653
189628,0.9562141314786652,3,0.14839007188887327
374239,0.582221511298208,3,0.8989252619328405
375896,0.429224530315292,3,-0.6864634543412333
189703,-0.9137489694236308,3,0.14771008530672694
188086,-0.879749640316318,3,-0.24464217259168167
374416,1.16021010612255,3,0.3136268113504217
375832,-0.6417543365651159,3,0.28132744869847304
188055,0.378225536654318,3,0.29781712331552046
188142,0.480223523976261,3,0.2998570830619594
374531,0.446224194868948,3,-0.2111528334209769
189027,-0.233762387277341,3,0.3377663350166149
189669,0.9562141314786652,3,0.4125648590527073
190035,1.2622080934445,3,0.919834849333839
375498,0.854216144156723,3,-0.3588799183922584
187901,1.12621077701524,3,0.12238058512177821
190709,1.0242127896933,3,0.9334345809767646
187728,0.650220169512833,3,0.18442936074262659
187988,-0.0977650708480814,3,-0.16916366197344335
375295,0.00423291647386105,3,-0.24260221284524264
374419,0.75221815683478,3,0.33844632159876165
375752,1.22820876433718,3,-0.269121689548948
374703,-1.76373219710649,3,-0.6852734778224773
375950,0.412224865761636,3,0.4370443760099731
373733,0.650220169512833,3,-0.23461237050502384
284203,0.480223523976261,3,0.3884253353865136
188250,-1.21974293138946,3,-0.8692098482930487
283599,-1.01574695674557,3,-0.4377583619212278
190790,-0.0637657417407688,3,0.3513660666595413
187987,0.8882154732640349,3,-0.28170144131865427
189015,-0.199763058170029,3,-0.13108441337325127
374527,0.174229562010433,3,-0.3174007368813343
189629,0.582221511298208,3,0.12867046100663088
188780,-0.437758361921226,3,-0.909499053285216
189242,0.0382322455811736,3,0.20380897833379577
319284,-1.62773488067723,3,-0.3857393883870367
188402,1.09221144790793,3,0.0465620812124668
190006,0.616220840405521,3,0.9334345809767648
374712,-1.35574024781872,3,-0.7804715993229578
336781,0.7182188277274629,3,0.08940123588768285
187588,-0.233762387277341,3,-0.6764336522545757
187834,0.14023023290311598,3,0.09501112519038965
187981,0.480223523976261,3,-0.36193985801191636
375288,-1.32174091871141,3,-0.30499098175716444
187889,-0.0297664126334563,3,0.48039352062179924
374768,-0.6417543365651159,3,0.19870907896769857
375509,-1.76373219710649,3,-0.419398724203278
375371,-0.607755007457798,3,-0.10983483268117947
188369,0.514222853083578,3,-1.699966455409263e-05
189018,-0.539756349243173,4,0.3724456507060763
284145,-1.21974293138946,4,-0.6692937931420394
374110,0.27622754933237603,4,0.3324964390049812
190089,0.7182188277274629,4,0.44095429885731463
375391,1.05821211880061,4,-0.36363982446728216
374598,0.242228220225063,4,-0.13856426577686046
190813,1.16021010612255,4,0.8047471203055792
189712,1.14321044156889,4,0.13717029328345956
283300,-1.52573689335529,4,-0.5666158192379496
373743,-0.539756349243173,4,-0.8726097812037803
188543,-0.471757691028543,4,0.1426101859406298
376021,0.310226878439688,4,-0.24124223968095004
375567,1.53420272630301,4,-0.048126050351403896
2437251,-3.34470100059662,4,-0.6349544707436519
283707,-1.0837456149601998,4,-0.5508061312030484
187662,-0.0977650708480814,4,-0.45220807679183656
374475,1.39820540987375,4,0.3115868516039828
188603,-0.6417543365651159,4,-0.6922433402894766
187470,0.174229562010433,4,-0.02823644282362513
190780,-0.743752323887058,4,-0.39882913009335275
2437048,-1.25374226049678,4,-0.40154907642193793
375696,1.16021010612255,4,-0.3687397238333795
188187,0.00423291647386105,4,-0.6444742828937001
374609,-1.21974293138946,4,-0.13890425906793355
283634,0.990213460585978,4,-0.14128421210544556
283179,0.7182188277274629,4,0.22318859592496523
283235,-0.165763729062711,4,0.2872773312922531
190344,-1.7977315262138,4,-0.7078830316788415
189997,1.29620742255181,4,0.8919553994658412
373674,-3.12370536139907,4,-0.7276026425610839
374961,0.378225536654318,4,-0.21608273614153753
189294,0.8202168150494051,4,0.16538973644253063
283808,-0.36975970370660105,4,-0.07209557737206075
283215,0.684219498620151,4,-0.13822427248578736
376000,-0.233762387277341,4,-0.41242886173627835
374937,0.616220840405521,4,0.1951391494114307
188449,0.00423291647386105,4,0.32348661679154317
375274,-0.199763058170029,4,-0.3294704987144313
190037,0.582221511298208,4,0.8679858724451845
188464,-2.68171408300398,4,0.3313064624862252
190111,0.9222148023713532,4,0.3948852079169039
189868,1.12621077701524,4,0.8812456107970372
375446,0.27622754933237603,4,-0.14774408463583508
187567,-0.199763058170029,4,-0.24260221284524278
188541,-1.11774494406752,4,-0.48603740925361416
190132,-2.8177113994332403,4,-0.6662338535223813
187863,-0.539756349243173,4,-0.26266181701855873
375585,-0.471757691028543,4,-0.011406774915504382
374483,0.208228891117746,4,0.39794514753656207
373769,0.00423291647386105,4,-0.2271325181014146
375409,0.9222148023713532,4,-0.4258585967336677
188156,0.14023023290311598,4,-0.32369061276618794
190138,-2.34172079193084,4,-0.632914510997213
187986,-1.11774494406752,4,-0.36856972718784276
283779,-0.9817476276382612,4,-0.24736211892026674
374616,-0.607755007457798,4,-0.34035028402877177
374641,0.514222853083578,4,-0.47124770109193276
189696,1.09221144790793,4,0.8936553659212069
283444,0.446224194868948,4,-0.035036308645087985
375952,0.310226878439688,4,0.3976051542454884
375773,0.514222853083578,4,-0.08178538616764523
188911,0.00423291647386105,4,0.19428916618374778
189222,-0.607755007457798,4,-0.9264987178388735
284369,-0.267761716384654,4,-0.9756277483989431
188492,0.514222853083578,4,0.2758875560413026
374378,1.5682020554103202,4,0.921024825852595
189871,0.9562141314786652,4,0.883625563834549
374011,0.548222182190891,4,0.44758416803324097
336476,1.19420943522987,4,0.614010884013545
188987,0.548222182190891,4,0.38196546285612437
189630,-0.0637657417407688,4,0.4023650603205131
373734,0.548222182190891,4,-0.4533980533105925
189288,0.378225536654318,4,0.16385976663270135
374590,1.3302067516591205,4,0.3564659660256381
318173,1.63620071362495,4,0.904705147881084
187949,-1.0837456149601998,4,-0.8469402877277574
187801,1.39820540987375,4,0.45353405062702074
284248,-2.30772146282352,4,-0.6728637226983075
188976,0.8202168150494051,4,0.3819654628561242
283964,-2.69871374755764,4,-0.19466315880392923
374630,0.00423291647386105,4,-0.4336784424283502
187566,-0.0977650708480814,4,-0.5331264800672447
188909,-0.199763058170029,4,-0.7066930551600857
188113,-2.10372548817964,4,-0.6511041520696261
283120,-0.301761045491971,4,0.13581032011916708
187500,0.582221511298208,4,0.38978530855080634
190757,-1.0837456149601998,4,0.13615031341024048
374395,1.60220138451764,4,0.9082750774373521
374956,0.0382322455811736,4,-0.44472822438822746
374568,1.60220138451764,4,-0.08858525198910852
189686,1.46620406808838,4,0.9415944199625205
189221,-1.0837456149601998,4,-0.9650879563756755
190669,0.8202168150494051,4,0.6408703540083235
189229,0.548222182190891,4,0.33028648261300575
190795,0.8202168150494051,4,-0.5009971140608328
2437415,0.7182188277274629,4,-0.029936409278990883
283756,0.412224865761636,4,-0.24787210885687633
375807,-0.0637657417407688,4,-0.5497861513298291
187869,0.174229562010433,4,0.30070706628964233
188239,0.75221815683478,4,0.22131863282406303
190125,-0.199763058170029,4,0.007632849384591529
187611,-0.199763058170029,4,0.4050850066490982
189822,1.53420272630301,4,0.7362384721543402
189201,-0.607755007457798,4,-0.9375484997987507
283602,0.344226207547006,4,-0.12309457103303259
188476,-0.505757020135856,4,-0.10167499369542408
188425,-1.38973957692604,4,-0.25195202834975416
336483,1.39820540987375,4,0.6085709913563749
373863,0.27622754933237603,4,0.4729136682181897
2437280,-0.301761045491971,4,-0.48705738912683394
188146,0.480223523976261,4,-0.051015993325525824
187471,1.70419937183958,4,0.3449061941291516
187711,1.0242127896933,4,-0.49045732203756515
283813,0.174229562010433,4,0.3530660331149069
187681,-1.11774494406752,4,-0.6366544371990176
374017,0.9562141314786652,4,-0.22186262208978091
187796,1.12621077701524,4,0.3659857781756864
374147,0.0382322455811736,4,0.09467113189931643
374024,1.16021010612255,4,-0.06937563104347567
188757,-0.0637657417407688,4,-0.4722676809651521
188482,-1.59373555156992,4,0.20312899175164972
188249,0.480223523976261,4,-0.8709098147484147
187576,0.786217485942093,4,0.08515131974926851
187753,0.14023023290311598,4,-0.5246266477904163
187975,0.684219498620151,4,-0.11034482261778944
373485,1.19420943522987,4,-0.1081348662258139
190167,0.208228891117746,4,0.1684496760621888
188906,0.344226207547006,4,0.15077002492638544
188359,1.84019668826884,4,0.30733693546556873
375746,1.7381987009469,4,0.43245446658048586
374995,1.22820876433718,4,0.2658577539546448
375662,0.786217485942093,4,-0.3240306060572608
376048,-0.335760374599284,4,-0.7248826962324987
189991,0.990213460585978,4,0.903515171362328
375342,-1.0837456149601998,4,-0.3403502840287718
374368,0.27622754933237603,4,-0.22305259860853707
188785,-1.55973622246261,4,-0.8318105862750026
187656,-0.6417543365651159,4,-0.46512782185261586
187760,-0.0977650708480814,4,0.17728950163009052
187523,0.9562141314786652,4,0.36836573121319843
188992,0.9222148023713532,4,0.39862513411870837
188248,0.786217485942093,4,-0.387269358196866
375545,0.412224865761636,4,-0.053225949717501164
375820,-1.96772817175038,4,-0.634444480807042
190062,0.344226207547006,4,-0.2366523302514625
189319,0.786217485942093,4,0.3673457513399785
189234,0.990213460585978,4,0.11031082328868105
189887,1.22820876433718,4,0.903515171362328
376040,-0.743752323887058,4,-0.5001471308331499
374436,0.8882154732640349,4,0.38944531525973325
189238,1.22820876433718,4,0.34898611362202897
374612,0.344226207547006,4,-0.5079669765278322
308010,-1.55973622246261,4,-0.46750777489012807
375571,-0.0977650708480814,4,-0.05832584908359818
336485,1.19420943522987,4,0.691529354378222
187920,0.174229562010433,4,-0.2896912836588736
188237,0.7182188277274629,4,-0.26538176334714336
188028,-0.301761045491971,4,-0.25705192771585156
374592,0.07223157468849101,4,0.38162546956505045
190130,1.05821211880061,4,0.37244565070607627
373575,0.310226878439688,4,-0.21149282671205
187527,-1.32174091871141,4,-0.37587958294591567
187473,-0.6417543365651159,4,-0.1008250104677413
374912,0.378225536654318,4,0.05625189000805117
373948,0.9222148023713532,4,0.3554459861524184
187824,0.106230903795803,4,-0.04591609395942869
187549,-0.709752994779746,4,-0.3655097875681846
374688,0.14023023290311598,4,-0.4958972146947357
187826,-0.607755007457798,4,-0.027556456241478955
308254,-0.199763058170029,4,0.39386522804368385
187818,-0.0297664126334563,4,0.2656877573091085
375817,0.3612258721006621,4,-0.5487661714566097
189811,0.582221511298208,4,0.8955253290221092
373745,0.0892312392421472,4,-0.3830194420584517
189189,1.60220138451764,4,0.2894872876842285
189862,1.09221144790793,4,0.8693458456094768
190055,1.84019668826884,4,0.7020691464014895
188117,0.208228891117746,4,0.9142249600311324
187550,0.07223157468849101,4,-0.006136878903870827
2437194,0.684219498620151,4,0.911505013702547
187685,1.43220473898107,4,0.4917832958727496
283784,-1.25374226049678,4,-0.23376238727734086
319955,0.582221511298208,4,0.2694276835109129
318174,1.7381987009469,4,0.6502201695128352
187710,-0.675753665672428,4,-0.4938572549482967
284025,2.02719299835907,4,0.23780830744111062
188093,-0.0637657417407688,4,-0.6828935247849652
188051,-0.5737556783504859,4,-0.5453662385458781
187692,0.242228220225063,4,-0.2749015754971919
375663,0.8202168150494051,4,-0.33848032092786967
375444,-0.0637657417407688,4,-0.31230083751523713
283819,0.14023023290311598,4,0.36360582513817435
190092,0.07223157468849101,4,-0.28782132055797155
188095,0.0382322455811736,4,-0.11051481926332599
284066,0.633220504959177,4,-0.11272477565530153
190799,0.242228220225063,4,-0.5113669094385637
283755,-0.335760374599284,4,-0.14451414837064058
2437267,-1.62773488067723,4,-0.8457503112090017
375816,0.19122922656409,4,-0.556586017151292
189063,1.46620406808838,4,0.5193227524496743
187712,-0.8457503112090009,5,0.147710085306727
188370,0.446224194868948,5,-0.26606174992929005
374541,0.344226207547006,5,0.15263998802728787
188980,0.684219498620151,5,0.36564578488461325
283427,-0.403759032813914,5,-0.4698877279276397
375993,0.242228220225063,5,-0.40664897578803527
375702,0.684219498620151,5,-0.16763369216361437
189889,0.9222148023713532,5,0.8831155738979392
189029,1.29620742255181,5,0.3574859458988577
375795,-1.76373219710649,5,0.20533894814362522
189684,1.05821211880061,5,-0.684423494594794
189346,-1.6957335388918602,5,-0.793221347738201
373621,0.8882154732640349,5,0.18714930707121177
188335,0.9222148023713532,5,0.2253985523169407
189666,0.684219498620151,5,0.39794514753656207
374398,1.19420943522987,5,0.6721497367870524
190057,0.412224865761636,5,0.9354745407232037
190071,-1.01574695674557,5,0.09535111848146258
373654,-0.505757020135856,5,-0.17698350766812562
283194,0.548222182190891,5,0.19139922320962635
187921,0.310226878439688,5,0.19241920308284574
188053,0.344226207547006,5,0.22318859592496487
375692,-2.88571005764787,5,-0.9066091103110946
283119,1.19420943522987,5,0.21706871668564837
189715,-0.403759032813914,5,0.5414223163694283
375802,-0.709752994779746,5,-0.48977733545541907
187603,-0.471757691028543,5,0.35051608343185825
374706,-1.11774494406752,5,-0.31944069662777336
190817,0.990213460585978,5,0.2692576868653761
188067,-0.233762387277341,5,-0.2817014413186541
374935,0.446224194868948,5,0.11065081657975409
374589,-2.78371207032593,5,-0.3104308744143351
375335,-1.55973622246261,5,-0.5977252053711424
375740,0.837216479603067,5,-0.07481552370064566
283130,0.344226207547006,5,-0.2653817633471437
374548,0.616220840405521,5,0.25752791832335264
317953,1.05821211880061,5,0.7165188612720983
284236,-0.471757691028543,5,-0.6386943969454564
187555,-1.01574695674557,5,-0.6820435415572825
190816,-0.879749640316318,5,-0.6018051248640203
187474,0.480223523976261,5,0.2094188676365028
188672,0.27622754933237603,5,0.39216526158831855
188774,0.786217485942093,5,-0.5632158863272182
189291,0.344226207547006,5,0.2843873883181316
283359,-0.165763729062711,5,-0.4020590663585477
375697,-0.505757020135856,5,-0.2526320149319003
375564,-0.28476138093831505,5,-0.24175222961756
375452,1.70419937183958,5,0.22692852212676978
188942,0.7182188277274629,5,-0.3354203813082116
283668,0.00423291647386105,5,-0.13465434292951906
187886,-0.165763729062711,5,-0.5914353294862893
189188,-0.233762387277341,5,-1.0274767252875974
375540,0.8882154732640349,5,-0.09351515470966851
188913,-0.7777516529943709,5,0.18272939428726065
189020,0.582221511298208,5,0.35952590564529613
283722,1.50020339719569,5,-0.009536811814602062
375716,-1.38973957692604,5,-0.8275606701365885
188443,-0.199763058170029,5,0.4176647584188041
188468,0.8202168150494051,5,-0.19024324601997866
188201,-0.709752994779746,5,-0.8464302977911474
374397,1.70419937183958,5,0.9562141314786656
375370,-0.7777516529943709,5,-0.19755310177805113
188379,0.9222148023713532,5,0.3253565798924457
373481,0.242228220225063,5,0.22335859257050167
188269,0.242228220225063,5,0.20805889447221024
187551,0.242228220225063,5,-0.6036750879649226
187985,0.208228891117746,5,-0.7456222869879606
187766,-0.267761716384654,5,-0.58395547708268
189010,0.412224865761636,5,0.3857053890579287
283812,0.344226207547006,5,0.3935252347526111
374429,-0.0467660771871126,5,0.5752516488312066
284176,-0.131764399955399,5,-0.5706957387308275
283772,-1.04974628585289,5,-0.08263536939532817
375830,0.378225536654318,5,0.09127119898858545
308007,1.46620406808838,5,0.8047471203055795
283736,0.344226207547006,5,0.25820790490549883
187612,-0.233762387277341,5,0.17167961232738368
373900,0.514222853083578,5,-0.29445118973389706
374001,0.75221815683478,5,0.27180763654842455
374694,-0.0977650708480814,5,-0.42925852964439926
190792,-1.15174427317483,5,-0.824330733871393
188036,-0.7777516529943709,5,-0.21081284012990342
376032,-2.4267191146991296,5,-0.4501681170453976
188529,-1.55973622246261,5,-0.10660489641598456
189869,0.9562141314786652,5,0.9120150036391567
188383,1.05821211880061,5,-0.0003569929556271745
284251,-0.36975970370660105,5,-0.745622286987961
188999,-0.947748298530943,5,0.34728614716666284
189138,-0.165763729062711,5,0.37023569431410025
283715,0.208228891117746,5,-0.15845387330463923
373672,-0.36975970370660105,5,-0.16814368210022387
375780,-0.267761716384654,5,0.015792688370347387
283214,0.9222148023713532,5,-0.2500820652488519
190096,0.14023023290311598,5,0.1419301993584833
187820,-0.233762387277341,5,-0.5849754569558994
375560,-0.539756349243173,5,-0.024156523330747356
376050,1.39820540987375,5,0.6595699850173464
284368,-1.2877415896040902,5,-0.9428183958103841
284090,0.7182188277274629,5,0.019022624635542176
189928,1.36420608076644,5,0.9426143998357399
376033,0.07223157468849101,5,-0.22492256170943936
374156,0.446224194868948,5,0.16368976998716453
283109,0.7182188277274629,5,-0.2862913507481422
188577,0.75221815683478,5,0.11269077632619295
188220,0.854216144156723,5,-0.44642819084359303
374763,0.378225536654318,5,0.18476935403369957
374171,-0.709752994779746,5,0.445544208286802
189668,0.412224865761636,5,0.14261018594062957
187703,0.208228891117746,5,-0.40443901939605953
376013,-1.4917375642479802,5,-0.5443462586726585
374442,-1.2877415896040902,5,-0.9251387446745809
188401,1.05821211880061,5,0.39522520120797694
375457,-0.947748298530943,5,-0.5025270838706618
187676,-0.7777516529943709,5,0.14499013897814192
373782,0.8202168150494051,5,0.40644497981339023
188532,0.582221511298208,5,0.40865493620536564
189232,0.0382322455811736,5,0.12085061531194836
375596,-0.335760374599284,5,-0.20265300114414797
190064,-0.165763729062711,5,0.9082750774373521
188997,-0.165763729062711,5,-0.8437103514625625
188970,0.480223523976261,5,0.4414642887939243
373991,0.310226878439688,5,-0.23444237385948713
283817,-0.9817476276382612,5,-0.09368515135520537
283801,0.0382322455811736,5,-0.08569530901498634
188734,0.7182188277274629,5,0.1210206119574853
375628,0.684219498620151,5,0.9514542254036416
374669,-0.5737556783504859,5,-0.40800894895232787
318552,0.854216144156723,5,0.684899485202296
188872,1.22820876433718,5,0.7148188948167324
188327,-0.0977650708480814,5,0.2735076030037906
189667,0.174229562010433,5,0.39896512740978146
189290,0.548222182190891,5,0.40304504690265913
189343,0.14023023290311598,5,-0.7860814886256648
189013,0.514222853083578,5,0.2019390152328937
188912,1.2622080934445,5,0.14431015239599537
283914,-2.27372213371621,5,-0.32794052890460185
373939,-1.55973622246261,5,-0.15573392697605415
283769,-0.36975970370660105,5,0.049452024186588645
373675,-1.66173420978455,5,-0.6934333168082325
188640,1.63620071362495,5,0.44180428208499767
188384,-0.165763729062711,5,-0.3395003008010889
189008,0.582221511298208,5,0.38502540247578243
187903,1.3302067516591205,5,0.43313445316263244
187781,-2.7157134121113,5,-0.652804118524992
373628,-0.743752323887058,5,0.45727397682882526
187754,-1.18574360228215,5,-0.7272626492700107
188506,0.412224865761636,5,0.3263765597656649
188861,0.8882154732640349,5,-0.9927974095981366
283775,-0.301761045491971,5,0.4174947617732678
374537,0.616220840405521,5,0.42871454037868145
188019,-1.72973286799918,5,-0.3073709347946765
187725,0.514222853083578,5,0.07631149418136646
373903,0.344226207547006,5,-0.09436513793735177
189760,1.05821211880061,5,0.7848575127778001
374567,1.60220138451764,5,-0.024666513267357512
375372,0.174229562010433,5,-0.2009530346887826
188137,-1.32174091871141,5,-0.05169597990767196
188079,-0.6417543365651159,5,-0.4537380466016657
188029,-0.6417543365651159,5,-0.41293885167288846
189012,0.07223157468849101,5,0.5946312664223758
187691,-0.0977650708480814,5,0.3727856439971486
189287,0.7182188277274629,5,0.39182526829724545
188012,0.106230903795803,5,0.42276465778490147
187957,-0.403759032813914,5,0.43874434246533917
283859,-0.709752994779746,5,0.42072469803846274
190000,1.3302067516591205,5,0.9446543595821786
190458,0.7182188277274629,5,-0.09759507420254647
374377,0.990213460585978,5,0.9562141314786655
189248,-0.301761045491971,5,0.47138369840836075
188507,-0.36975970370660105,5,-0.24974207195777867
189090,0.174229562010433,5,0.38468540918470934
283777,0.412224865761636,5,0.23185842484733044
308253,-0.0637657417407688,5,0.4292245303152908
375859,0.07223157468849101,5,-0.4647878285615431
188000,-1.04974628585289,5,-0.25076205183099803
188326,0.378225536654318,5,-0.04013620801118511
188338,0.75221815683478,5,0.25888789148764524
376001,0.0382322455811736,5,0.36853572785873484
187857,-0.8457503112090009,5,-0.04217616775762368
375591,1.05821211880061,5,0.9528141985679341
374719,0.208228891117746,5,0.40525500329463426
374451,-0.709752994779746,5,-0.2805114647998982
2437308,-0.165763729062711,5,0.3680257379221245
375511,0.9732137960323208,5,-0.1545439504572983
374365,-2.0697261590723204,5,0.11575071594585128
187731,0.854216144156723,5,-0.594325272460411
189637,0.548222182190891,5,0.07733147405458596
2437268,-0.947748298530943,5,-0.790671398055152
189455,-0.8457503112090009,5,0.4217446779116822
319781,-0.301761045491971,5,-0.6216947323917992
374613,-1.0837456149601998,5,-0.6631739139027226
187497,1.36420608076644,5,0.739638405065072
284224,0.582221511298208,5,-0.4265385833158141
189971,0.00423291647386105,5,-0.2194826690522688
375569,-1.38973957692604,5,-0.7340625150914736
189631,0.684219498620151,5,0.21366878377491683
375689,0.242228220225063,5,-0.29258122663299513
189230,-0.675753665672428,5,-0.9730777987158941
190159,0.27622754933237603,5,0.4101849060151953
283677,-0.5737556783504859,5,-0.2249225617094391
376049,1.80619735916153,6,-0.5091569530465884
375018,-0.335760374599284,6,-0.22220261538085423
189927,1.09221144790793,6,0.9279946883195944
283970,-1.89972951353575,6,-0.5596459567709504
190187,0.00423291647386105,6,0.7904674020805074
283748,0.480223523976261,6,0.3855353924123924
283803,-0.471757691028543,6,-0.19381317557624653
283157,1.05821211880061,6,0.480053527330726
189267,0.8202168150494051,6,0.5133728698558943
319783,0.412224865761636,6,-0.7289626157253764
187495,0.616220840405521,6,0.22709851877230658
188981,-0.233762387277341,6,0.3904652951329529
188026,0.242228220225063,6,0.17745949827562715
187764,0.0382322455811736,6,0.4356844028456812
375524,-0.131764399955399,6,0.050811997350881224
188427,-0.505757020135856,6,-0.26130184385426564
188984,0.0382322455811736,6,0.38910532196866027
375013,0.9222148023713532,6,-0.06937563104347569
375679,-1.4917375642479802,6,-0.21115283342097677
375809,-0.0127667480797952,6,-0.5698457555031446
189084,-0.131764399955399,6,-0.9203788385995569
374066,0.14023023290311598,6,0.23712832085896415
188408,-0.267761716384654,6,-0.18140342045207647
2437245,-1.62773488067723,6,-0.4717576910285423
374621,-0.675753665672428,6,-0.42704857325242374
375973,-2.01872716541135,6,-0.41565879800147343
187919,1.12621077701524,6,0.22522855567140435
283671,-0.199763058170029,6,0.18408936745155377
283118,0.786217485942093,6,0.429564523606364
374191,-0.7777516529943709,6,0.13819027315667898
190274,0.8882154732640349,6,0.5443122593435502
374988,1.16021010612255,6,0.21842868984994115
188190,1.39820540987375,6,0.21536875023028287
187702,0.9562141314786652,6,0.4251446108224137
283639,0.616220840405521,6,-0.06529571155059802
319283,-0.437758361921226,6,0.20244900516950323
283597,1.09221144790793,6,-0.03231636231650298
375775,-0.743752323887058,6,0.08515131974926893
373832,0.106230903795803,6,-0.47345765748390833
283199,0.344226207547006,6,0.0679816585500748
375513,0.174229562010433,6,0.08311136000282988
188222,0.0382322455811736,6,-0.32726054232245616
375714,0.599221175851864,6,-0.20588293740934296
374553,-0.233762387277341,6,-0.563045889681682
187511,-0.505757020135856,6,0.07104159816973328
188330,-0.233762387277341,6,-0.25382199145065665
283313,-1.25374226049678,6,0.23746831415003736
188243,0.650220169512833,6,0.16878966935326234
187905,-0.165763729062711,6,-0.32556057586709003
189247,-0.199763058170029,6,0.39828514082763466
374547,0.0382322455811736,6,-0.475497617230347
374004,0.07223157468849101,6,-0.2820414346097275
188412,-0.301761045491971,6,-0.0751555169917191
188978,-0.199763058170029,6,0.3993051207008541
187999,-1.89972951353575,6,-0.2264525315192683
188419,0.616220840405521,6,-0.5213967115252213
375169,-1.0837456149601998,6,-0.24736211892026663
187528,-0.709752994779746,6,-0.6660638568768446
374092,0.854216144156723,6,-0.05526590946394002
374151,-0.437758361921226,6,0.4487741445519968
187845,-0.131764399955399,6,-0.726752659333401
189433,-0.9817476276382612,6,-0.07991542306674304
375745,1.7721980300542095,6,0.433984436390315
189706,0.75221815683478,6,-0.2767715385980939
190039,0.14023023290311598,6,0.13037042746199673
189708,1.43220473898107,6,0.9506042421759585
374124,0.446224194868948,6,0.5109929168183821
375519,-0.0637657417407688,6,-0.5327864867761718
187763,-1.4577382351406598,6,-0.786591478562275
189023,0.9222148023713532,6,0.3993051207008541
283762,0.8202168150494051,6,-0.4598579258409819
188374,-1.52573689335529,6,-0.2392022799345111
373615,1.22820876433718,6,0.6799695824817349
190195,-0.505757020135856,6,-0.28493137758384973
187556,-0.9817476276382612,6,-0.6505941621330165
187730,0.00423291647386105,6,-0.5213967115252216
189754,1.70419937183958,6,0.9322446044580084
188270,0.378225536654318,6,0.11235078303511992
190040,-0.36975970370660105,6,0.11983063543872909
190016,1.29620742255181,6,0.9279946883195944
374747,-0.199763058170029,6,0.15654991087462883
187867,0.480223523976261,6,-0.12258458109642287
189000,0.7182188277274629,6,0.27282761642164427
189801,1.09221144790793,6,0.5446522526346235
375851,0.344226207547006,6,-0.6477042191588951
375451,0.854216144156723,6,0.1885092802355045
187941,-0.36975970370660105,6,-0.3119608442241643
283132,0.8202168150494051,6,0.2605878579430113
375577,-0.233762387277341,6,-0.3646598043405019
190054,2.12919098568102,6,0.7639479253768015
375940,0.174229562010433,6,0.35833592912654033
188325,0.106230903795803,6,0.16878966935326223
190434,0.514222853083578,6,0.9230647855990335
187582,0.7182188277274629,6,0.3887653286775873
187682,0.9222148023713532,6,-0.45849795267668986
283782,0.208228891117746,6,-0.19653312190483155
188094,0.378225536654318,6,0.29866710654320344
375410,-1.72973286799918,6,-0.22713251810141474
189400,-1.83173085532112,6,0.10317096417614517
283676,0.7182188277274629,6,0.190379243336407
189626,0.548222182190891,6,0.43908433575641276
374103,0.344226207547006,6,-0.30720093814914035
374600,0.412224865761636,6,-0.48620740589915123
189340,-1.0837456149601998,6,-0.9164689157522156
190808,-0.0297664126334563,6,0.1687896693532621
188818,-0.233762387277341,6,-0.15981384646893196
189245,0.310226878439688,6,0.3986251341187078
375690,0.7182188277274629,6,0.04945202418658848
284322,0.174229562010433,6,-0.6522941285883825
189034,-0.199763058170029,6,0.41290485234378044
318549,1.22820876433718,6,0.7318185593703894
375553,0.27622754933237603,6,-0.3692497137699895
188475,0.106230903795803,6,-0.20010305146110025
188418,-0.36975970370660105,6,-0.18038344057885727
373571,0.378225536654318,6,-0.3486801196600642
190804,-0.471757691028543,6,0.15858987062106789
189851,-0.9817476276382612,6,0.17728950163009072
190364,1.05821211880061,6,0.9125249935757661
189949,1.53420272630301,6,0.12816047107002146
374992,0.616220840405521,6,0.22165862611513615
283553,0.684219498620151,6,-0.4185487409755952
283727,-0.165763729062711,6,-0.20809289380131876
189690,0.9222148023713532,6,0.8890654564917192
284219,-0.267761716384654,6,-0.4627478688151042
190063,1.43220473898107,6,0.9279946883195944
374148,1.05821211880061,6,0.5927613033214734
189152,-0.131764399955399,6,-0.9924574163070635
188849,-2.47771810836009,6,-0.7690818240720074
190280,0.174229562010433,6,0.7041091061479285
376018,-1.0837456149601998,6,-0.6630039172571864
189909,1.29620742255181,6,0.9279946883195944
375404,-0.267761716384654,6,-0.10269497356864393
189865,-0.335760374599284,6,0.9279946883195944
374807,0.446224194868948,6,-0.5332964767127817
284069,0.446224194868948,6,0.028712433431126613
187816,0.378225536654318,6,-0.5647458561370474
190807,-0.947748298530943,6,0.08073140696531761
187749,-2.0697261590723204,6,-0.764151921351447
374467,0.684219498620151,6,0.3741456171614414
190008,-0.131764399955399,6,0.7374284486730968
187866,-0.199763058170029,6,-0.11816466831247205
189139,0.344226207547006,6,-0.45288806337398263
188382,0.9562141314786652,6,0.06288175918397776
187628,0.378225536654318,6,-0.08739527547035246
374914,0.854216144156723,6,0.2976471266699841
187709,0.27622754933237603,6,-0.8686998583564391
375573,-0.0977650708480814,6,0.19564913934804057
189944,-0.131764399955399,6,-0.47991753001429777
374759,1.17720977067621,6,0.4113748825339507
375977,-3.786692278991701,6,-0.2840813943561665
375724,-1.32174091871141,6,-0.38012949908432975
190029,0.412224865761636,6,0.923404778890107
187472,0.9562141314786652,6,0.36938571108641755
187989,-1.89972951353575,6,0.21417877371152672
285674,0.480223523976261,6,-0.5045670436171009
376022,-0.437758361921226,6,-0.6191447827087508
337841,-0.539756349243173,6,-0.027896449532551687
374665,-0.301761045491971,6,-0.4379283585667646
283456,0.412224865761636,6,0.40950491943304895
187687,0.310226878439688,6,0.4565939902466788
283163,0.514222853083578,6,0.37176566412392936
188907,-0.811750982101688,6,-0.7041431054770371
188702,0.208228891117746,6,-0.5582859836066576
283471,-0.233762387277341,6,-0.2810214547365082
375341,0.8882154732640349,6,-0.23138243423982888
284338,1.29620742255181,6,0.31991668723527505
187772,-1.18574360228215,6,-0.21880268247012277
190059,0.650220169512833,6,0.8921253961113778
187589,0.310226878439688,6,0.187489300362285
188110,1.16021010612255,6,0.3809454829829044
189091,0.242228220225063,6,-0.5219067014618314
188009,0.378225536654318,6,0.39624518108119633
2437395,0.75221815683478,6,0.38094548298290454
187876,0.8882154732640349,6,0.23678832756789117
187767,-0.5737556783504859,6,-0.5674658024656328
374532,0.582221511298208,6,0.3629258385560277
188895,0.0382322455811736,6,0.18544934061584611
2436958,-1.15174427317483,6,-0.26232182372748497
190158,0.8202168150494051,6,0.11915064885658282
187502,0.7182188277274629,6,0.17116962239077402
189723,1.29620742255181,6,0.9279946883195944
188376,0.854216144156723,6,0.4137548355714631
375205,-1.15174427317483,6,-0.15454395045729832
189085,-0.811750982101688,6,-0.9567581207443834
189239,0.208228891117746,6,0.43364444309924205
188497,1.46620406808838,6,0.2228486026338923
373649,-0.709752994779746,6,-0.24277220949077927
375998,0.344226207547006,6,-0.17205360494756555
190278,0.9222148023713532,6,0.9217048124347413
187607,0.378225536654318,6,0.40848493955982973
376002,0.00423291647386105,6,-0.6400543701097493
189957,0.00423291647386105,6,-0.32046067650099297
283431,0.8202168150494051,6,-0.05917583231128136
188035,-2.10372548817964,6,-0.5270066008279285
188552,0.310226878439688,6,0.1961591292846505
3646845,0.616220840405521,6,0.24596814642686582
188545,-1.83173085532112,6,-0.9649179597301389
188896,1.19420943522987,6,0.3619058586828083
336477,0.242228220225063,6,0.7287586197507312
190081,0.990213460585978,6,0.4572739768288257
156377,1.94219467559079,7,0.12459054151375316
318175,1.2622080934445,7,0.7736377341723863
187855,-2.68171408300398,7,-0.2721816291686062
375823,-1.25374226049678,7,0.4343244296813883
283751,0.378225536654318,7,-0.3085609113134327
190783,0.9222148023713532,7,0.45506402043685
375518,0.854216144156723,7,0.04707207114907641
374158,0.106230903795803,7,0.3506860800773947
189078,-0.267761716384654,7,0.35884591906315033
373861,-0.6417543365651159,7,0.3115868516039831
188396,0.0382322455811736,7,-0.4443882310971541
283742,1.05821211880061,7,-0.5535260775316336
190189,0.582221511298208,7,0.4220846712027552
283823,0.650220169512833,7,0.3666657647578326
373850,0.14023023290311598,7,-0.05033600674337961
375539,0.582221511298208,7,-0.05900583566574487
375411,-0.403759032813914,7,-0.0843353358506938
375922,-3.76969261443805,7,-0.9825976108659424
284189,1.70419937183958,7,0.394205221334757
283876,-0.8457503112090009,7,-0.09300516477305923
373578,-0.539756349243173,7,-0.9553981475800909
187786,0.480223523976261,7,-0.24566215246490086
283107,0.480223523976261,7,0.23100844161964773
187877,-2.7497127412186098,7,-0.7670418643255686
189282,0.650220169512833,7,0.0742715344349277
187946,-0.811750982101688,7,-0.19058323931105148
188733,-1.4917375642479802,7,-0.5924553093595089
188329,0.480223523976261,7,0.13819027315667895
190022,0.446224194868948,7,0.46356385271367884
188336,-1.7977315262138,7,-0.7767316731211531
336481,0.548222182190891,7,1.0675619343051204
187794,-0.607755007457798,7,-0.36312983453067255
189243,0.174229562010433,7,0.1803494412497489
373773,0.242228220225063,7,0.24443817661703676
374062,-1.15174427317483,7,-0.3167207502991884
189093,-0.131764399955399,7,0.39012530184187966
190277,1.12621077701524,7,0.9375145004696425
374412,0.548222182190891,7,0.9341145675589111
283830,0.344226207547006,7,0.3962451810811962
283664,0.412224865761636,7,-0.039286224783502396
188038,-0.199763058170029,7,-0.22390258183621958
187584,0.412224865761636,7,-0.49504723146705276
284265,-1.01574695674557,7,-0.5477461915833903
187945,-1.96772817175038,7,-0.5375463928511959
189309,0.446224194868948,7,0.16368976998716483
283815,-1.52573689335529,7,-0.2861213541026053
189858,1.05821211880061,7,0.9310546279392529
283183,-0.5737556783504859,7,0.22828849529106218
375695,-2.7497127412186098,7,-0.3757095863003789
188377,0.27622754933237603,7,-0.9837875873846985
188282,-0.8457503112090009,7,0.25837790155103574
283182,0.242228220225063,7,0.4181747483554135
283176,0.9562141314786652,7,0.09841105810112102
375461,-2.10372548817964,7,-0.8754997241779019
189032,1.29620742255181,7,0.4846434367602136
190102,1.70419937183958,7,0.9551941516054461
188349,0.0382322455811736,7,-0.23342239398626777
374640,0.14023023290311598,7,-0.4448982210337642
188154,-0.301761045491971,7,0.19496915276589408
188031,0.310226878439688,7,-0.0455761006683553
190126,0.990213460585978,7,0.4312644900617301
284291,1.50020339719569,7,0.6158808471144475
187793,-1.35574024781872,7,0.13122041068967966
375434,0.378225536654318,7,-0.14825407457244485
190121,1.09221144790793,7,0.4047450133580248
375748,1.16021010612255,7,0.41698477183665794
188848,0.344226207547006,7,-0.8753297275323653
189246,1.22820876433718,7,0.13513033353702053
187971,-0.0637657417407688,7,-0.4790675467866151
375917,1.22820876433718,7,0.23355839130269618
189240,0.9222148023713532,7,0.5002831281495783
188822,1.0242127896933,7,0.41834474500095065
375975,-1.2877415896040902,7,0.09671109164575535
375037,-0.5737556783504859,7,-0.5516561144307315
187765,0.242228220225063,7,-0.5280265807011478
190186,0.616220840405521,7,0.4220846712027553
284280,-1.11774494406752,7,-0.6708237629518686
375640,0.106230903795803,7,-0.3274305389679924
188768,-1.04974628585289,7,-0.6692937931420393
284132,-0.131764399955399,7,-0.5338064666493912
374109,0.7182188277274629,7,0.7511981769615587
319280,-0.131764399955399,7,-0.24821210214794984
188160,0.344226207547006,7,-0.3027810253651896
375735,-0.0297664126334563,7,-0.25399198809619317
187911,-2.5117174374674103,7,-0.5356764297502935
283603,-0.0637657417407688,7,-0.16882366868237006
187838,0.548222182190891,7,0.032792352924004134
375682,0.582221511298208,7,-0.28850130714011724
283778,0.344226207547006,7,-0.42857854306225307
187848,0.242228220225063,7,-0.44965812710878805
189392,0.480223523976261,7,0.3700656976685635
189700,0.75221815683478,7,0.04503211140263736
373986,0.9562141314786652,7,-0.2330824006951946
188048,0.106230903795803,7,-0.5083069698189053
375810,-2.76671240577227,7,-0.6968332497189647
2437408,-0.0297664126334563,7,-0.31196084422416426
373623,0.412224865761636,7,-0.22645253151926834
188259,0.548222182190891,7,0.2289684818732088
189615,0.650220169512833,7,0.03857223887224769
319282,-0.437758361921226,7,0.22454856908925777
375017,0.616220840405521,7,0.18544934061584623
190143,0.650220169512833,7,0.18272939428726093
2437244,-1.76373219710649,7,-0.44812815729895894
188189,-0.709752994779746,7,-0.9247987513835075
188969,0.8202168150494051,7,0.3649657983024666
375727,0.8202168150494051,7,-0.812770961974907
189808,-0.0637657417407688,7,0.9776337088162738
187780,-0.335760374599284,7,-0.3148507871982859
187752,-0.403759032813914,7,-0.5433262787994394
2437340,-0.335760374599284,7,-0.5412863190530005
190711,1.22820876433718,7,0.9293546614838872
187489,-0.5737556783504859,7,0.24409818332596372
189107,-0.743752323887058,7,-0.9142589593602399
375583,1.2622080934445,7,-0.012086761497650797
187973,0.548222182190891,7,-0.10048501717666813
283740,1.12621077701524,7,-0.22186262208978083
187741,1.84019668826884,7,0.5948012630679123
376047,-1.66173420978455,7,-0.3816594688941588
188759,0.344226207547006,7,-0.36193985801191664
283789,0.310226878439688,7,-0.1829333902619058
283232,0.684219498620151,7,0.22454856908925766
190086,0.786217485942093,7,0.8744457449755744
284168,-0.0977650708480814,7,-0.5446862519637319
187649,0.242228220225063,7,-0.3389903108644793
189972,0.446224194868948,7,0.12323056834946064
283760,-0.335760374599284,7,-0.30584096498484753
188006,-0.301761045491971,7,-0.29853110922677517
188101,0.582221511298208,7,0.3670057580489056
189792,1.12621077701524,7,0.4795435373941164
188365,0.27622754933237603,7,0.20839888776328347
374693,-0.505757020135856,7,-0.4566279895757874
187675,0.446224194868948,7,0.06968162500544035
188121,-0.607755007457798,7,-0.35972990161994095
373851,0.378225536654318,7,0.17490954859257862
189046,0.378225536654318,7,0.14635011214243443
188469,-3.29370200693564,7,-0.4488081438811051
187648,0.650220169512833,7,0.3486461203309558
187717,-0.437758361921226,7,-0.4411582948319595
188708,0.548222182190891,7,0.9138849667400589
375875,-0.0977650708480814,7,0.4309244967706565
188056,0.582221511298208,7,-0.17409356469400436
187700,-0.0637657417407688,7,0.1915692198551626
283117,0.786217485942093,7,0.3190667040075921
374689,0.616220840405521,7,-0.4217786772407902
375556,-0.437758361921226,7,-0.018206640736967504
190175,0.9222148023713532,7,0.22658852883569658
188096,-0.879749640316318,7,0.21706871668564862
374339,1.22820876433718,7,0.9317346145213992
375894,0.378225536654318,7,0.5682817863642071
189749,1.60220138451764,7,0.7911473886626531
374638,-0.539756349243173,7,-0.4528880633739831
188472,0.9562141314786652,7,0.3080169220477149
187629,-0.0977650708480814,7,-0.4012090831308651
283759,0.00423291647386105,7,-0.55318608424056
283125,-2.6647144184503304,7,-0.940608439418409
189292,-0.403759032813914,7,0.12017062872980232
375799,-1.11774494406752,7,-0.566955812529023
188052,-0.0977650708480814,7,-0.5229266813350506
283822,0.174229562010433,7,0.3806054896918316
374622,0.344226207547006,7,0.24120824035184177
283145,-0.709752994779746,7,-0.27881149834453295
188901,1.05821211880061,7,-0.876179710760048
376004,-0.947748298530943,7,-0.6941133033903794
188454,-0.233762387277341,7,-0.5120468960207101
187665,-0.9137489694236308,7,0.16283978675948205
190164,-2.0697261590723204,7,-0.7680618441987881
190782,0.174229562010433,7,-0.08960523186232752
375590,0.7182188277274629,7,0.2554879585769138
374646,0.07223157468849101,7,-0.4603679157775921
188765,0.07223157468849101,7,-0.07838545325691403
319279,0.446224194868948,7,0.35357602305151603
187699,1.3302067516591205,7,0.2786075023698878
188998,0.480223523976261,7,0.35510599286134564
283968,1.12621077701524,7,-0.42279865711400966
187803,-0.301761045491971,7,0.36938571108641755
190056,1.29620742255181,7,0.5971812161054243
189955,-0.0977650708480814,7,-0.2257725449371221
189004,-0.437758361921226,7,0.3812854762739778
283791,-4.12668557006485,7,-0.7638119280603733
375742,1.43220473898107,7,-0.3174007368813346
373651,0.208228891117746,7,-0.05186597655320873
374139,-0.471757691028543,7,0.11677069581907079
308266,0.7182188277274629,7,-0.30516097840270123
188155,0.446224194868948,7,0.3384463215987615
189872,1.3302067516591205,7,0.9551941516054461
188122,-0.267761716384654,7,0.15518993771033612
374696,-0.335760374599284,7,-0.5441762620271222
188445,0.582221511298208,7,0.3884253353865138
189308,-0.233762387277341,7,0.3982851408276349
188415,0.548222182190891,7,0.29679714344230107
187881,-1.04974628585289,7,-0.1735835747573944
190797,-0.675753665672428,7,-0.779621616095275
283656,1.14321044156889,7,-0.034186325417405204
187671,-0.607755007457798,7,-0.7185928203476457
188015,0.616220840405521,7,0.36394581842924745
189081,0.548222182190891,7,0.38876532867758695
188764,-2.88571005764787,7,-0.8562901032322695
2436902,-0.301761045491971,7,-0.3116208509330914
375376,-0.403759032813914,7,-0.17919346406010125
375578,0.378225536654318,7,-0.03775625497367335
187481,1.22820876433718,8,0.24885808940098786
374063,0.548222182190891,8,0.8822655906702564
283220,1.22820876433718,8,-0.7218227566128402
374969,-1.4577382351406598,8,-0.5157868222225146
188362,1.39820540987375,8,0.2871073346467168
318178,1.7721980300542095,8,0.6843894952656862
283633,-1.4917375642479802,8,0.2837074017359852
189834,1.22820876433718,8,0.940914433380374
374740,0.9222148023713532,8,-0.46002792248651886
317891,-0.301761045491971,8,-0.4700577245731766
187822,-0.675753665672428,8,-0.3228406295385053
187990,-0.36975970370660105,8,0.940914433380374
284120,0.14023023290311598,8,-0.924288761446898
190811,0.616220840405521,8,0.39318524146153777
375933,-1.86573018442843,8,-0.6089449839765563
188054,-2.5117174374674103,8,-0.3107708677054083
188496,0.616220840405521,8,0.4067849731044638
187795,-0.0637657417407688,8,-0.28748132726689785
187980,0.650220169512833,8,-0.1904132426655149
308006,1.50020339719569,8,0.5060630140978217
188758,-1.21974293138946,8,-0.40426902275052307
374108,1.5682020554103202,8,0.6566800420432253
375355,-0.879749640316318,8,-1.0660659638243994
375743,0.310226878439688,8,-0.24039225645326723
375310,-1.6957335388918602,8,-0.07532551363725556
374371,-0.199763058170029,8,0.44248426866714374
188458,0.174229562010433,8,-0.746982260152253
374500,0.07223157468849101,8,-0.5404363358253178
187846,-1.59373555156992,8,-0.4994671442510035
187938,-1.21974293138946,8,-0.13227438989200732
187591,0.8882154732640349,8,0.3806054896918311
283445,0.27622754933237603,8,-0.23461237050502384
375788,-1.4917375642479802,8,-0.5497861513298292
189919,0.9222148023713532,8,0.9269747084463748
375956,0.8202168150494051,8,0.47172369169943396
190703,0.208228891117746,8,0.1589298639121407
2437266,-0.539756349243173,8,-0.7551420991380084
190116,0.174229562010433,8,0.1976890990944792
375548,0.9222148023713532,8,-0.05458592288179354
375392,-0.301761045491971,8,-0.2072429105736356
375432,-1.72973286799918,8,-0.8100510156463215
187852,-1.89972951353575,8,-0.6856134711135503
284272,-1.52573689335529,8,-0.9151089425879231
188636,1.53420272630301,8,0.4304145068340472
187817,0.4972231885299221,8,-0.47294766754729844
2437263,-1.2877415896040902,8,-0.7894814215363961
188932,0.00423291647386105,8,0.4176647584188044
374588,0.684219498620151,8,-0.1992530682334168
374385,-0.437758361921226,8,0.2056789414346984
283726,-0.5737556783504859,8,-0.2920712366963853
375726,-2.7327130766649503,8,-0.26113184720872923
188378,1.16021010612255,8,0.2621178277528405
190732,1.0242127896933,8,0.9392144669250082
2437256,-1.72973286799918,8,0.2979871199610572
374186,-0.9137489694236308,8,-0.2905412668865566
374599,-0.0637657417407688,8,-0.45696798286686047
375460,-1.78073186166015,8,-0.7412023742040098
283600,-0.6417543365651159,8,-0.2111528334209769
190796,-2.0697261590723204,8,-0.1956831386771488
373739,0.8202168150494051,8,0.2814974453440097
188104,0.446224194868948,8,0.31668675097008037
187690,0.446224194868948,8,-0.4559480029936412
375598,-1.21974293138946,8,-0.14995404102781087
187850,-0.0977650708480814,8,-0.32556057586709036
190803,0.412224865761636,8,0.15246999138175107
188398,0.27622754933237603,8,-0.1576038900769565
283753,0.8032171504957489,8,-0.2876513239124344
187574,-0.437758361921226,8,-0.42993851622654544
375838,-0.947748298530943,8,0.2850673749002778
187610,1.05821211880061,8,0.42242466449382854
190150,-1.66173420978455,8,0.32212664362725063
375850,-0.335760374599284,8,0.45336405398148416
189859,0.514222853083578,8,0.7857074960054833
374742,0.616220840405521,8,0.17150961568184703
375784,-0.5737556783504859,8,-0.5066070033635397
189980,1.2622080934445,8,0.9511142321125681
375621,-0.36975970370660105,8,-0.7685718341353979
373760,-0.743752323887058,8,-0.21472276297724516
187482,0.174229562010433,8,0.7420183581025842
338067,0.14023023290311598,8,0.39811514418209826
190144,0.106230903795803,8,0.18884927352657743
375666,0.9562141314786652,8,-0.30720093814914035
187563,-1.96772817175038,8,-0.6189747860632141
189076,-1.04974628585289,8,-0.9193588587263369
187832,0.786217485942093,8,0.41732476512773126
284357,-1.01574695674557,8,-0.8562901032322692
374739,0.514222853083578,8,-0.8273906734910517
187972,-0.0977650708480814,8,-0.10966483603564306
2437248,0.27622754933237603,8,0.04112218855529637
187587,-1.89972951353575,8,-0.6349544707436521
373682,-0.165763729062711,8,-0.44846815059003187
374691,-2.39271978559181,8,-0.21353278645848892
188601,-0.6417543365651159,8,-0.9752877551078692
189028,-1.04974628585289,8,0.3479661337488097
189014,0.07223157468849101,8,0.4095049194330489
374702,-1.21974293138946,8,0.1769495083390173
374607,-1.96772817175038,8,-0.7993412269775174
188255,-1.11774494406752,8,-0.6079250041033366
189390,0.412224865761636,8,0.10487093063151075
187839,0.344226207547006,8,0.1572298974567749
374610,-0.8457503112090009,8,-0.1302344301455685
190115,0.446224194868948,8,0.20346898504272257
190769,-1.38973957692604,8,-0.2266225281648051
188232,-0.0977650708480814,8,0.17558953517472492
373925,-0.199763058170029,8,-0.4219486738863267
188244,-0.709752994779746,8,-0.7078830316788413
374183,-0.7777516529943709,8,0.9548541583143729
284373,0.514222853083578,8,0.38774534880436745
373690,0.344226207547006,8,-0.40800894895232775
283667,0.582221511298208,8,-0.17188360830202867
188375,0.684219498620151,8,0.25939788142425524
187561,0.310226878439688,8,-0.6087749873310192
2436999,-0.6417543365651159,8,-0.4561179996391776
374617,0.480223523976261,8,-0.19925306823341682
284319,0.446224194868948,8,0.556042027885574
189077,-1.0837456149601998,8,-1.0182969064286225
187954,-0.165763729062711,8,-0.004776905739578201
188421,-2.0697261590723204,8,-0.7580320421121302
189244,-0.505757020135856,8,-0.12190459451427646
189223,-0.0977650708480814,8,-0.48807736900005294
188018,-1.86573018442843,8,-0.264021790182851
375016,1.5682020554103202,8,0.2007490387141377
188846,-1.11774494406752,8,-0.5732456884138764
283781,0.9222148023713532,8,0.940914433380374
188549,-1.32174091871141,8,-0.9348285534701654
375934,-0.267761716384654,8,0.46798376549762966
375790,-0.199763058170029,8,-0.5596459567709503
188876,0.07223157468849101,8,0.3782255366543194
375935,1.0242127896933,8,0.4948432354924077
188254,-1.72973286799918,8,-0.7981512504587616
188982,0.242228220225063,8,0.3017270461628614
188037,-0.437758361921226,8,-0.3668697607324772
374814,-0.5737556783504859,8,0.12459054151375305
190068,0.378225536654318,8,0.1511100182174584
189134,-0.7777516529943709,8,-0.9593080704274315
188224,0.106230903795803,8,-0.31536077713489596
2437282,-0.505757020135856,8,-0.4739676474205177
373758,0.14023023290311598,8,-0.2706516593587769
374401,-0.301761045491971,8,0.1507700249263852
189804,0.548222182190891,8,0.9169449063597171
189035,0.00423291647386105,8,0.3986251341187082
2437412,1.16021010612255,8,-0.24141223632648653
375499,-0.301761045491971,8,0.002532950018494309
188974,-0.5737556783504859,8,0.4071249663955369
188944,-0.131764399955399,8,-0.36771974396016005
374545,-0.9817476276382612,8,0.41766475841880424
189253,-0.335760374599284,8,-0.6364844405534807
188324,-0.0637657417407688,8,-0.2664017432203629
375315,0.684219498620151,8,-0.6939433067448423
375957,1.09221144790793,8,0.47376365144587285
188923,1.16021010612255,8,0.9543441683777629
375719,-0.36975970370660105,8,-0.45509801976595854
375500,1.16021010612255,8,-0.04064619794779459
374746,-1.35574024781872,8,0.16572972973360364
283839,-0.709752994779746,8,-0.20656292399148918
188436,0.9222148023713532,8,-0.6271346250489696
375694,0.106230903795803,8,-0.10490492996061915
284281,0.310226878439688,8,0.4382343525287293
374944,0.14023023290311598,8,0.1494100517620927
188698,0.106230903795803,8,-0.30788092473128675
374663,0.27622754933237603,8,-0.11017482597225292
375627,0.480223523976261,8,0.9577441012884945
188312,0.208228891117746,8,0.15977984713982407
376015,-0.36975970370660105,8,-0.4656378117892258
283641,0.378225536654318,8,-0.2658917532837529
284161,-2.68171408300398,8,-0.662493927320577
374361,0.07223157468849101,8,-0.2466821323381205
375465,-2.30772146282352,8,-0.20231300785307482
375437,-0.36975970370660105,8,-0.40460901604159616
284371,-1.32174091871141,8,-0.919868848662947
374659,0.480223523976261,8,-0.12785447710805622
374367,0.14023023290311598,8,-0.08331535597747454
283126,-0.199763058170029,8,-0.6868034476323064
375835,-2.1717241463942702,8,-0.06223577193093966
187874,-0.879749640316318,8,-0.26538176334714353
189624,0.75221815683478,8,0.10011102455648668
187751,-0.8457503112090009,8,-0.06682568136042702
319784,-1.4237389060333503,8,-0.533126480067245
375505,-2.32472112737718,8,-0.21948266905226896
187464,-2.40971945014547,8,-0.6410743499829682
187544,0.378225536654318,8,0.5665818199088412
283718,0.7182188277274629,8,-0.28612135410260536
190734,1.36420608076644,8,0.9269747084463748
189756,0.8202168150494051,8,0.7132889250069033
189833,1.36420608076644,8,0.9752537557787615
283844,-0.131764399955399,8,-0.04710607047818437
374608,-0.505757020135856,8,-0.2159127394960008
375475,0.684219498620151,8,0.18374937416048032
190800,-0.9817476276382612,8,-0.7034631188948904
189237,0.480223523976261,8,0.40882493285090227
188225,-0.267761716384654,8,-0.36142986807530714
374363,-0.8457503112090009,8,-0.06257576522201287
284304,0.75221815683478,8,0.08260137006621976
284334,0.8202168150494051,8,0.5053830275156755
187518,1.12621077701524,8,-0.14281418191527467
187456,-0.199763058170029,8,0.13377036037272796
187977,-0.335760374599284,8,0.006102879574762433
187823,-0.7777516529943709,8,-0.34426020687611325
374655,0.378225536654318,8,-0.42636858667027755
336479,1.19420943522987,8,0.9551941516054461
190137,-1.21974293138946,9,0.9881735008395413
374165,-0.709752994779746,9,0.3952252012079765
188494,-0.233762387277341,9,0.3857053890579289
189137,-1.4577382351406598,9,0.43500441626353437
283325,-0.165763729062711,9,-0.679833585165307
189421,0.378225536654318,9,0.07699148076351292
375767,1.46620406808838,9,-0.0957251111016441
375781,0.8202168150494051,9,-0.0006969862467002005
374825,-2.00172750085769,9,0.26092785123408435
284202,1.2622080934445,9,0.1601198404308967
284335,1.05821211880061,9,0.4611838996761663
375710,0.106230903795803,9,-0.2556919545515587
373756,0.0382322455811736,9,0.3231466235004698
188558,1.36420608076644,9,0.22811849864552602
189844,1.07521178335426,9,0.10334096082168158
187674,0.9562141314786652,9,0.1706596324541644
284164,0.75221815683478,9,0.03976221539100389
190051,0.684219498620151,9,0.5040230543513831
189164,-1.4577382351406598,9,-0.7265826626878642
189047,1.05821211880061,9,0.4594839332208007
284312,0.208228891117746,9,0.379585509818612
188467,0.310226878439688,9,-0.25450197803280306
373780,0.14023023290311598,9,0.22216861605174595
374631,-2.27372213371621,9,-0.38505940180489057
188287,1.22820876433718,9,0.38298544272934315
188989,0.480223523976261,9,0.40372503348480543
187658,-1.66173420978455,9,-0.8833195698725844
308265,0.650220169512833,9,0.33521638533356635
375433,1.12621077701524,9,0.3035970092637641
283962,-1.96772817175038,9,-0.3369503511180404
188363,0.8882154732640349,9,0.3389563115353713
190702,-0.0977650708480814,9,0.1531499779638973
189864,0.7182188277274629,9,0.9973533196985161
189109,-2.00172750085769,9,-0.8712498080394876
188405,1.5682020554103202,9,0.690509374505003
189842,0.8202168150494051,9,0.9973533196985161
375791,0.27622754933237603,9,-0.49215728849293106
190100,0.548222182190891,9,0.9973533196985161
188897,0.616220840405521,9,0.13360036372719142
187522,-0.131764399955399,9,-0.21438276968617168
187655,0.242228220225063,9,-0.5220766981073678
375971,-2.8177113994332403,9,-0.6699737797241859
188040,-0.607755007457798,9,-0.3286205154867485
190141,-1.86573018442843,9,-0.5672958058200962
375608,-0.301761045491971,9,-0.842520374943807
187758,0.0382322455811736,9,0.08532131639480502
190127,0.9562141314786652,9,0.4390843357564126
375972,0.514222853083578,9,-0.19551314203161232
189022,-0.267761716384654,9,0.19921906890430832
188286,0.9222148023713532,9,0.3989651274097815
374978,0.616220840405521,9,0.5540020681391354
375739,0.07223157468849101,9,-0.220672645571025
188934,0.242228220225063,9,0.495523222074554
374686,-0.267761716384654,9,-0.3857393883870367
189224,-0.233762387277341,9,0.39250525487939136
188448,1.46620406808838,9,0.21638873010350246
188816,1.12621077701524,9,0.36615577482122263
374471,1.05821211880061,9,0.3976051542454884
375449,-0.5737556783504859,9,-0.2385222933523651
188328,-0.165763729062711,9,-0.2444721759461452
188111,-2.7497127412186098,9,-0.6111549403685317
190149,-0.233762387277341,9,0.1555299310014098
188214,-1.11774494406752,9,-0.6310445478963108
190088,-0.675753665672428,9,-0.21523275291385485
283165,0.27622754933237603,9,-0.208432887092392
189885,-0.709752994779746,9,0.7908073953715804
188229,0.106230903795803,9,-0.11289477230083814
375552,-0.233762387277341,9,-0.0374162616826002
375645,0.990213460585978,9,0.20941886763650286
374185,-0.7777516529943709,9,0.4489441411975338
187654,1.63620071362495,9,0.5533220815569889
284162,-1.59373555156992,9,-0.6776236287733316
375932,-0.0637657417407688,9,0.3707456842507103
187928,-0.947748298530943,9,-0.02772645288701552
283833,0.854216144156723,9,-0.2500820652488518
375527,-0.8457503112090009,9,-0.4057989925603521
375954,0.378225536654318,9,-0.00783684535923656
375456,-0.8457503112090009,9,-0.5601559467075602
336783,1.07521178335426,9,-0.6033350946738496
188434,1.22820876433718,9,0.2238685825071116
373912,0.9562141314786652,9,-0.04659608054157489
189755,0.8202168150494051,9,0.9563841281242021
375579,0.310226878439688,9,-0.24957207531224238
283104,-0.301761045491971,9,-0.09215518154537626
187469,0.174229562010433,9,0.20346898504272282
283838,0.446224194868948,9,-0.33814032763679663
187791,-1.4237389060333503,9,-0.8418403883616606
189041,0.7182188277274629,9,0.30580696565573956
190015,0.446224194868948,9,1.0056831553298082
189194,-2.0697261590723204,9,-0.8816196034172186
283202,0.582221511298208,9,0.17813948485777403
374445,-1.59373555156992,9,-0.681023561684063
283616,0.75221815683478,9,-0.02483650991289386
375765,-0.743752323887058,9,0.7304585862060972
375383,-1.86573018442843,9,-0.5147668423492953
190213,1.12621077701524,9,0.5050430342246022
187935,-0.8457503112090009,9,0.44265426531268043
189970,-1.25374226049678,9,-0.0688656411068657
375976,0.07223157468849101,9,0.36088587880958906
284278,1.05821211880061,9,0.32858651615764023
189384,0.00423291647386105,9,0.06849164848668432
374174,-0.267761716384654,9,0.7571480595553391
187904,-0.0977650708480814,9,0.5115029067549921
188667,0.27622754933237603,9,0.12170059853963153
188413,0.344226207547006,9,-0.0431961476308436
190157,0.582221511298208,9,0.11133080316190046
284100,0.00423291647386105,9,0.04163217849190623
188236,-0.743752323887058,9,-0.5807255408174854
188786,-0.743752323887058,9,-0.6026551080917032
283177,0.990213460585978,9,0.055401906780368826
187974,-0.6417543365651159,9,-0.15471394710283481
374913,0.208228891117746,9,0.5159228195389428
374611,1.05821211880061,9,-0.17018364184666301
374359,0.14023023290311598,9,0.21264880390169746
189689,0.582221511298208,9,1.0044931788110523
283625,0.27622754933237603,9,-0.20333298772629438
283158,-0.165763729062711,9,0.06798165855007478
190007,-0.0637657417407688,9,0.9973533196985161
375842,-0.8457503112090009,9,0.6033010953447407
189805,0.378225536654318,9,0.682009542228174
375458,2.02719299835907,9,0.1597798471398237
190561,0.9562141314786652,9,0.11626070588246104
189006,0.0382322455811736,9,0.40644497981339056
283938,-0.0637657417407688,9,-0.2888413004311903
187704,-0.267761716384654,9,0.07903144050995174
189670,0.650220169512833,9,0.42140468462060854
374197,-0.539756349243173,9,0.9842635779921999
284209,-2.86871039309421,9,-0.5771556112612172
189732,-0.505757020135856,9,0.19802909238555233
189277,0.9562141314786652,9,0.33232644235944486
375453,-0.6417543365651159,9,-0.23070244765768283
283969,0.07223157468849101,9,0.026502477039150988
189623,0.616220840405521,9,0.11779067569229015
187924,-2.64771475389667,9,-1.0242467890224027
189157,-0.165763729062711,9,-0.49776717779563817
187636,0.208228891117746,9,-0.03231636231650301
376010,-1.25374226049678,9,-0.4554380130570314
375747,2.01019333380541,9,0.5324124941559905
373655,0.786217485942093,9,-0.3651697942771113
190789,0.990213460585978,9,0.1803494412497489
189302,-1.66173420978455,9,0.1177906756922902
283828,-0.267761716384654,9,-0.06954562768901193
190708,0.446224194868948,9,0.15722989745677496
188145,-0.811750982101688,9,-0.2985311092267754
284059,1.09221144790793,9,0.23066844832857472
373635,0.412224865761636,9,-0.23019245772107313
2437377,0.208228891117746,9,0.3683657312131982
374392,1.29620742255181,9,0.6097609678751307
187995,-0.505757020135856,9,-0.3094108945411158
190163,-0.165763729062711,9,0.1599498437853602
187914,0.75221815683478,9,-0.17902346741456474
375243,-1.7977315262138,9,-0.05968582224789115
308211,-0.36975970370660105,9,-0.267251726448046
375441,-0.879749640316318,9,-0.6313845411873842
190784,0.344226207547006,9,0.4635638527136784
374190,0.786217485942093,9,0.9973533196985161
187663,0.106230903795803,9,-0.37672956617359854
187590,-0.199763058170029,9,0.37040569095963716
189809,0.9562141314786652,9,1.0021132257735403
375883,-0.437758361921226,9,-0.5193567517787827
187951,-1.0837456149601998,9,-0.6534841051071385
189017,-0.131764399955399,9,0.3795855098186122
189099,-1.15174427317483,9,0.1186406589199731
189786,-0.165763729062711,9,0.4758036111923118
374551,1.60220138451764,9,0.5863014307910837
188083,1.05821211880061,9,0.4594839332208008
375755,-0.8457503112090009,9,-0.5611759265807794
375931,-1.0837456149601998,9,-0.2657217566382166
374680,-0.539756349243173,9,-0.7165528606012063
187479,0.8202168150494051,9,0.2537879921215483
375538,0.310226878439688,9,-0.20010305146109977
375846,0.446224194868948,9,0.625400659264495
284068,0.616220840405521,9,0.07665148747244006
189116,0.650220169512833,9,0.3925052548793918
188209,-1.18574360228215,9,-0.27813151176238676
187893,1.05821211880061,9,-0.6140448833426535
187878,1.12621077701524,9,0.4445242284135824
190139,-1.52573689335529,9,-0.616254839734629
375421,-1.6957335388918602,9,-0.7789416295131285
374697,-1.11774494406752,9,-0.44081830154088597
283604,-0.131764399955399,9,-0.1200346314133739
374591,-0.947748298530943,9,-0.16491374583502924
187667,0.7182188277274629,9,0.5145628463746502
374643,-0.165763729062711,9,-0.3746896064271597
374974,-2.20572347550158,9,-0.5802155508808756
189021,0.27622754933237603,9,-0.38590938503257355
2437250,-3.4296993233649,9,-0.41463881812825376
283615,0.548222182190891,9,-0.11850466160354502
283121,-0.36975970370660105,9,0.23542835440359833
375744,2.28218796666393,9,0.3812854762739775
190073,0.480223523976261,9,0.64155034059047
375965,1.09221144790793,9,0.4690037453708489
373716,0.07223157468849101,9,-0.24073224974434052
187819,-0.437758361921226,9,0.45948393322080044
283448,-0.335760374599284,9,-0.1943231655128559
188226,0.344226207547006,9,0.4200447114563165
189913,1.43220473898107,9,1.0242127896932947
374652,-0.165763729062711,9,-0.3610898747842335
190018,0.8202168150494051,9,1.0119730312146613
283978,1.29620742255181,9,-0.341880253838601
