id,testw,kfold,SVR_pred
189697,0.07223157468849101,0,0.737199912429981
375815,-1.4917375642479802,0,-0.532864111991666
283178,-0.6417543365651159,0,0.0401621941431449
375779,0.0382322455811736,0,0.1827152119509574
190252,0.174229562010433,0,0.7732138098416651
283209,1.09221144790793,0,0.14538094570036802
284231,0.4972231885299221,0,0.05675838311646755
189045,0.208228891117746,0,0.28529947088215435
375970,-2.05272649451866,0,-0.45957260251793963
188945,-0.131764399955399,0,0.2921681921256145
376034,-0.6417543365651159,0,-0.5877165509791539
188211,-0.5737556783504859,0,-0.16944221406594812
373626,-0.811750982101688,0,-0.43888314419131746
375623,-0.879749640316318,0,-1.1196295390336004
187944,-0.0977650708480814,0,-0.2596968514586797
376023,-0.947748298530943,0,-0.7164306286946587
187501,0.446224194868948,0,-0.023260952210298946
374154,0.650220169512833,0,0.6361393626171868
283774,0.548222182190891,0,-0.07444426904356377
375230,0.344226207547006,0,-0.6398562494954623
374620,0.412224865761636,0,-0.18368886565882286
189254,-2.13772481728695,0,-0.8508867077894557
283447,1.12621077701524,0,0.2708170592972607
283110,-0.165763729062711,0,-0.23615374351622986
189932,0.106230903795803,0,0.41015913183912234
375641,-0.0977650708480814,0,0.683248548917234
188103,0.446224194868948,0,0.1848101672124821
188993,0.00423291647386105,0,0.5079999584419469
187742,-0.947748298530943,0,0.016297892074905174
187505,0.8882154732640349,0,0.5226916870746946
187631,-0.233762387277341,0,-0.15096750465972675
283967,-1.98472783630404,0,-0.4172023825448312
190170,0.616220840405521,0,0.6235644365154664
188027,-1.52573689335529,0,0.0371124990087717
283221,1.39820540987375,0,0.2434023495843653
187733,0.378225536654318,0,-0.15148076151302858
187968,0.990213460585978,0,-0.6058065248684101
189133,0.27622754933237603,0,-0.018987128141191523
375796,-4.415679867477019,0,-0.9651610959668115
188152,-0.267761716384654,0,-0.3411507629220194
189895,1.29620742255181,0,0.9954750862141593
187637,0.106230903795803,0,0.01944326185788489
190805,-0.301761045491971,0,-0.03039793474596386
375254,0.106230903795803,0,-0.4418611408147253
374513,1.50020339719569,0,1.0268683631389721
190707,1.39820540987375,0,0.3420379149732201
188994,0.9222148023713532,0,0.35390135148858326
189005,0.854216144156723,0,0.22425539495670352
375901,0.8202168150494051,0,-0.659334187977084
375607,0.07223157468849101,0,0.05280727368153848
375974,-3.37870032970393,0,-0.630807961324969
375394,-0.811750982101688,0,0.011186507558000547
374013,1.05821211880061,0,-0.07442220140854394
374516,0.8882154732640349,0,0.7418332312646917
188316,-1.59373555156992,0,-0.21749086743141227
283231,0.27622754933237603,0,0.578886483524728
187955,0.548222182190891,0,-0.21019506688236128
189233,-0.131764399955399,0,0.21026255557876694
189753,1.46620406808838,0,0.926528906596229
375521,0.650220169512833,0,0.10765170020388298
2437252,-1.01574695674557,0,-0.749861388236879
188197,-0.267761716384654,0,0.11562422338272005
373793,1.19420943522987,0,0.8500430242417982
190177,0.344226207547006,0,0.23125923359636064
375447,0.378225536654318,0,-0.15576393472589567
188991,0.00423291647386105,0,0.3407023474806551
189784,1.36420608076644,0,1.0136441586038045
373467,1.39820540987375,0,0.3790415572949827
187562,-0.403759032813914,0,-0.3868825653678485
187515,-1.4237389060333503,0,-0.2824404964480105
374504,1.50020339719569,0,1.2013350719996592
189759,1.12621077701524,0,0.9267422444906482
283089,0.786217485942093,0,1.1044077805292598
187952,-1.38973957692604,0,-0.37817494200347246
190129,0.650220169512833,0,0.668944370721181
375467,-0.607755007457798,0,-0.5477885388198431
188258,0.446224194868948,0,0.2444723886096365
188493,0.514222853083578,0,0.2681538005363006
283205,0.310226878439688,0,0.15726009954490677
283735,1.16021010612255,0,0.3276479122826782
190148,-0.0977650708480814,0,-0.6117537354023239
283721,1.05821211880061,0,0.3006058120025877
187560,0.106230903795803,0,-0.16231596380505703
375549,-0.709752994779746,0,-0.38232924431632265
187868,-0.743752323887058,0,-0.3857799119974219
283655,0.854216144156723,0,0.3900224149240745
188386,0.208228891117746,0,-0.3675758875835158
189320,-0.879749640316318,0,-0.6653091292187445
317829,1.5682020554103202,0,0.21169145749517915
284328,0.75221815683478,0,0.2617626503899132
189744,1.12621077701524,0,0.7062736355989191
188407,1.36420608076644,0,-0.08282510999620163
187713,-1.83173085532112,0,-0.6005499600717781
188540,0.14023023290311598,0,0.6635950697389237
283773,1.90819534648347,0,1.1170715319772755
189001,0.242228220225063,0,0.38508772380481954
308009,1.3302067516591205,0,0.8693858697711481
190160,1.60220138451764,0,1.2618144652781151
187735,-0.301761045491971,0,-0.011162736445162358
187860,-1.01574695674557,0,0.09930469242497009
374534,1.09221144790793,0,0.7272499921430766
189632,1.12621077701524,0,0.47529507694561945
375094,-0.301761045491971,0,-0.40550292553687317
284247,0.106230903795803,0,-0.13397599131519594
374067,0.684219498620151,0,0.33521007614263276
187718,-1.0837456149601998,0,-0.36934683300490545
187666,1.63620071362495,0,1.0156003074758932
190058,0.378225536654318,0,0.8393203383159276
375572,-1.04974628585289,0,0.05784711303973661
187739,-1.18574360228215,0,-0.3344397264402792
374533,0.27622754933237603,0,-0.14102770601284847
374374,-0.0297664126334563,0,0.2882771302381736
284372,-0.947748298530943,0,0.2301974726653576
187907,0.854216144156723,0,0.6716460204078347
188114,0.548222182190891,0,0.4240711267896843
375738,1.12621077701524,0,0.204040547701469
284303,0.9562141314786652,0,-0.1367995873692735
189031,-0.36975970370660105,0,-0.728176908033429
188001,-0.675753665672428,0,0.3522105949681771
188546,-0.403759032813914,0,-0.94806290480828
375736,-0.505757020135856,0,-0.027887176470678676
373642,-2.30772146282352,0,-0.4826541193027718
283579,-1.55973622246261,0,-0.3479505138415413
374715,-1.04974628585289,0,-1.0120777453291194
374683,-1.62773488067723,0,-0.9124866994181118
188134,0.00423291647386105,0,-0.21626790750326058
373952,-1.32174091871141,0,-0.3971940720745547
375895,-0.301761045491971,0,-0.6718096849485642
190472,-3.29370200693564,0,-0.8490733509549411
188311,-4.07568657640388,0,-0.4421665006098623
373764,0.9222148023713532,0,0.854570271334087
187854,0.310226878439688,0,-0.0809088316765394
188423,0.412224865761636,0,0.6794757697743283
374474,1.17720977067621,0,-0.23645117412149286
188840,-0.8457503112090009,0,-0.1499925062709967
283802,0.582221511298208,0,0.22738985734142497
375665,1.04121245424695,0,0.006888287725992204
283790,0.480223523976261,0,0.455562835346473
374003,0.174229562010433,0,-0.09949162122472366
190069,0.582221511298208,0,0.5109176346802868
187475,-0.267761716384654,0,0.13513242166262113
188076,-1.11774494406752,0,-0.5634513925376856
283849,-0.267761716384654,0,0.3677784045082441
188256,-0.675753665672428,0,-0.7239685182690838
190134,0.7182188277274629,0,0.2976884527283272
283054,0.616220840405521,0,0.06934348348693603
283432,-0.403759032813914,0,-0.4088699962605573
284370,0.9562141314786652,0,0.30159681995161847
375625,-0.7777516529943709,0,-0.8909836903473394
373482,-1.11774494406752,0,0.1280144191518465
189040,-1.4577382351406598,0,-0.5096229057916057
189947,0.174229562010433,0,-0.006486661675798977
187978,-1.2877415896040902,0,-0.4327709515026198
284309,-0.675753665672428,0,0.5424311438164331
374394,-1.4237389060333503,0,0.2831065002150315
189751,0.19122922656409,0,0.34976149517829036
188172,-0.403759032813914,0,-0.41618106241059416
187605,-0.471757691028543,0,-0.476432767250073
190199,1.70419937183958,0,0.7856198429848047
189937,1.05821211880061,0,0.984359692927485
188043,-2.57971609568204,0,-0.13546598592861275
283741,-0.165763729062711,0,-0.5691895510213831
187546,-1.2877415896040902,0,-0.5347840699366935
189956,0.684219498620151,0,-0.1622308791746837
375749,0.00423291647386105,0,0.4517220016984073
190728,1.46620406808838,0,0.946084023322526
189857,0.8882154732640349,0,0.2815656648870456
375847,-1.55973622246261,0,0.2472895180419985
375581,0.344226207547006,0,0.3737681406036566
190162,1.46620406808838,0,0.7880672933664202
189030,-0.267761716384654,0,0.3025345374253248
374741,-1.35574024781872,0,0.03548233513433258
187604,0.378225536654318,0,-0.8523888304579634
375678,0.106230903795803,0,0.1482996098247274
283201,-1.11774494406752,0,-0.23523015804489983
374678,0.310226878439688,0,0.08512678651058508
188893,1.29620742255181,0,0.3015813843071794
283116,-0.233762387277341,0,0.3095144057564564
284080,0.27622754933237603,0,0.34059998305709455
374934,0.990213460585978,0,0.34131936602843604
373759,1.3302067516591205,0,0.7443795031978944
187875,1.16021010612255,0,0.5318378517672182
188742,-2.00172750085769,0,-0.27118088246136485
284015,-0.131764399955399,0,0.2562411636867362
284305,0.786217485942093,0,0.040287232806431816
375455,-1.0837456149601998,0,-0.523795644609204
187930,-0.233762387277341,0,-0.2020331029542784
319954,1.05821211880061,0,0.47261173121480854
374386,0.14023023290311598,0,-0.11302724321594859
375839,0.446224194868948,0,0.1428779550639071
375659,1.04121245424695,0,0.5262828170493099
284279,0.7182188277274629,0,0.22721554999736684
2437249,-1.89972951353575,0,-0.7171194041402145
375020,-0.0637657417407688,0,-0.2531750200174523
188058,-1.0837456149601998,0,-1.0006030719641688
283143,0.548222182190891,0,0.5617538148122103
283665,0.650220169512833,0,0.35959857666500455
188202,0.07223157468849101,0,0.0392698614223049
336686,0.225228555671402,0,0.4339251274161604
375340,0.8202168150494051,0,0.137326619225774
189829,0.00423291647386105,1,0.19827470734893676
188972,0.0382322455811736,1,0.8703091906191829
189048,0.106230903795803,1,0.31849860711523936
190787,-0.233762387277341,1,-0.2913732638256396
188373,1.89119568192981,1,0.6658234711798003
190196,-0.0637657417407688,1,0.10228581192529151
190791,-0.301761045491971,1,0.14484619044040217
375664,0.412224865761636,1,0.1695088550404375
190238,-0.743752323887058,1,0.46536041037551634
283792,-1.95072850719672,1,0.4553773810416831
189280,-0.437758361921226,1,0.4425857239036125
374178,1.36420608076644,1,0.5191593098676013
375794,1.0242127896933,1,-0.5464689523538673
283224,1.12621077701524,1,0.5168753170694922
284215,-1.18574360228215,1,-0.20824840895727065
375397,-0.36975970370660105,1,-0.22819348363124708
374624,0.12323056834946003,1,-0.39877610475085795
375395,-1.18574360228215,1,-0.6760524958995806
189803,-0.0977650708480814,1,0.7509138475909585
189070,-2.40971945014547,1,-0.2819829823250161
187769,0.412224865761636,1,-0.491409767809517
189698,1.60220138451764,1,1.053619733937743
188099,-1.96772817175038,1,0.3185954070089187
187458,1.05821211880061,1,0.9517115525403261
373904,0.480223523976261,1,-0.35900131541582997
189050,-0.743752323887058,1,-0.4429061432947911
375471,-1.72973286799918,1,-0.13694783708838543
187996,-0.165763729062711,1,-0.5602708286389697
374414,-1.0837456149601998,1,-0.16179174852816613
374413,-0.743752323887058,1,-0.10768656947023997
374662,-0.743752323887058,1,-0.36249605978559635
2437410,0.616220840405521,1,-0.14254770609110856
375766,1.36420608076644,1,1.313314087352619
188339,0.854216144156723,1,-0.2776153862667953
374407,1.50020339719569,1,1.0333156169999458
188246,0.990213460585978,1,0.37624321763772983
374945,-0.335760374599284,1,0.005356592139323824
375004,1.22820876433718,1,0.0988022695362279
189964,-0.199763058170029,1,0.39131048548544367
336782,-0.9137489694236308,1,-0.4341597395819616
375759,-0.165763729062711,1,0.10379832968145097
189079,0.310226878439688,1,0.1411457939867475
190046,0.514222853083578,1,0.7381994754171248
188669,-0.709752994779746,1,-0.31267878729020676
374536,0.378225536654318,1,0.5177027260779131
374086,-0.165763729062711,1,-0.11770285868240271
283763,0.616220840405521,1,-0.1896738167458044
189337,0.854216144156723,1,-0.653274368651029
283768,0.582221511298208,1,0.25643473820098006
187606,-1.62773488067723,1,-0.9677688051589803
189647,1.0242127896933,1,0.460532625093868
319957,1.0242127896933,1,0.6438461918486698
375991,-0.947748298530943,1,0.40559743549886396
283805,-0.131764399955399,1,0.3387582141480154
187491,0.412224865761636,1,0.2843153721164125
373835,-0.233762387277341,1,-0.359797757693937
188170,0.07223157468849101,1,-0.3180722524657585
190794,-0.301761045491971,1,-0.6800829258926624
190774,0.9562141314786652,1,0.5269377355882613
283892,-0.233762387277341,1,0.28482264863421014
308212,-1.4577382351406598,1,0.12427709594849068
187485,0.990213460585978,1,0.4535014522382639
283083,-1.0837456149601998,1,-1.0917665451398237
187539,-0.165763729062711,1,-0.370446857053577
373629,-0.9817476276382612,1,0.3113820139630975
188033,-0.0977650708480814,1,-0.423726345390867
375454,-0.0977650708480814,1,-0.23410854981434098
375949,0.0382322455811736,1,-0.02868683416367568
188501,0.446224194868948,1,0.6727995882042024
375916,-0.335760374599284,1,0.6047449211769532
2437287,-1.25374226049678,1,-0.7579514040952704
283712,0.8202168150494051,1,0.24782323499347075
187888,0.480223523976261,1,-0.07076915482703189
187814,0.514222853083578,1,-0.13552557349061378
189961,-0.675753665672428,1,-0.3721441341152762
187918,-0.233762387277341,1,-0.10544208045461684
374515,0.07223157468849101,1,0.02394143088588857
190085,-0.437758361921226,1,-0.1363570024504655
374745,-0.879749640316318,1,0.023782194835328202
283766,0.8882154732640349,1,0.5085079852813976
189856,1.16021010612255,1,0.9628469378377507
283105,1.29620742255181,1,0.3157772575908805
188340,-0.539756349243173,1,-0.709196917833474
375368,1.22820876433718,1,0.42754646311874134
375373,-1.4917375642479802,1,-0.4244965584617632
190098,-0.131764399955399,1,0.22918639449951816
375504,-0.743752323887058,1,-0.44275805240878946
190097,0.990213460585978,1,1.012222629531876
189153,-1.18574360228215,1,-0.873150301973094
284245,-0.335760374599284,1,-0.5294649395886466
189892,1.36420608076644,1,1.0147971560837044
283166,-0.8457503112090009,1,0.4476313835794261
187833,0.854216144156723,1,0.3414525789615457
190103,0.990213460585978,1,1.0065760821408616
188410,2.14619065023467,1,-0.04876273011842808
375923,0.00423291647386105,1,0.4659732917491115
284024,0.9222148023713532,1,0.9665904819176474
374202,1.46620406808838,1,1.1495525901195247
375930,-1.4577382351406598,1,-0.5751394469729836
374476,1.36420608076644,1,0.635778160692553
374530,0.446224194868948,1,0.03937192577707707
319285,-0.233762387277341,1,-0.1364389763381807
318177,1.29620742255181,1,0.9166393162436484
188231,0.07223157468849101,1,-0.09016745818741817
318548,0.9562141314786652,1,1.0348786414708455
283731,-0.0297664126334563,1,-0.06318769146089948
375550,-2.08672582362598,1,-0.809745675370031
375642,0.75221815683478,1,0.7676365579507245
375576,-0.0297664126334563,1,-0.06235035385966892
188204,-0.335760374599284,1,-0.7605821159692734
374595,-1.04974628585289,1,-0.2926673487370863
190114,1.16021010612255,1,0.7057115971300437
374632,0.242228220225063,1,-0.429980441824977
375845,-0.199763058170029,1,0.2470029129879965
375691,0.0382322455811736,1,0.11964681739831867
283723,0.07223157468849101,1,-0.015011751977182353
374535,0.548222182190891,1,-0.07139595249134817
188346,1.5682020554103202,1,0.7660998315530285
187696,-1.86573018442843,1,-0.8974903922314634
374473,1.0242127896933,1,1.0016949536081314
284262,-0.675753665672428,1,-0.09162177091540424
375474,0.14023023290311598,1,-0.3746206614639
187647,0.174229562010433,1,-0.1842911739173574
374941,0.27622754933237603,1,0.15348139500071545
187787,0.14023023290311598,1,-0.2555530567917574
188940,0.378225536654318,1,1.0464450470484246
374699,0.514222853083578,1,-0.4580251215845171
283128,-0.437758361921226,1,-0.2959412262552336
190140,0.8882154732640349,1,0.6848676758888486
189016,-0.6417543365651159,1,0.2730090030777448
190731,0.9562141314786652,1,0.7136596568927861
375015,0.75221815683478,1,-4.74082985038593e-05
283950,-2.20572347550158,1,-0.490141997207399
190203,0.0382322455811736,1,0.45369232410200955
374623,-0.6417543365651159,1,0.43512712870418024
374635,-0.301761045491971,1,-0.29387298483875085
188153,-0.199763058170029,1,-0.09989401926155878
189274,0.616220840405521,1,0.2802532095264537
188034,-0.7777516529943709,1,-0.23490707746882838
373725,0.548222182190891,1,0.1451734480835318
189683,1.00721312513964,1,0.6858248052162917
188927,0.582221511298208,1,0.6930927335866282
283139,0.378225536654318,1,0.6512477050671774
187778,0.9562141314786652,1,-0.2430665787871889
187645,0.8882154732640349,1,0.11899280967630127
187564,-0.301761045491971,1,0.22695952819347748
188715,1.60220138451764,1,1.0956574579201055
374484,0.208228891117746,1,0.3844698581342225
374546,0.8882154732640349,1,0.4144046789960789
283311,-1.0837456149601998,1,0.011044717247598757
190184,0.548222182190891,1,0.2210402652204986
188958,0.446224194868948,1,0.5156948190580765
188319,0.75221815683478,1,0.2078267310851351
283114,1.36420608076644,1,0.33731225088932926
188996,-0.165763729062711,1,0.5552077120151664
188956,0.14023023290311598,1,0.2696592062314873
189024,0.990213460585978,1,0.31402947396361014
188008,0.75221815683478,1,0.39847688298889405
375704,-0.165763729062711,1,0.11636497223972608
187530,0.174229562010433,1,-0.590738175356124
188218,-0.0977650708480814,1,-0.24920450277665657
373726,-0.233762387277341,1,0.20695678134967183
284067,0.7182188277274629,1,0.5530136549596592
189250,-0.131764399955399,1,0.3998697074662567
187936,0.00423291647386105,1,-0.016283471741468658
374160,-0.539756349243173,1,0.09096351280666176
188306,-0.607755007457798,1,-0.43966299965907857
373468,-0.301761045491971,1,0.26493275343098666
189881,0.27622754933237603,1,0.2647962118393964
188025,-0.131764399955399,1,-0.4357672771567927
188894,0.412224865761636,1,0.3034652931906481
189832,0.854216144156723,1,0.2610080988914004
373777,-0.505757020135856,1,0.2477399354973196
283623,0.650220169512833,1,0.2743450067565946
188990,0.582221511298208,1,0.353075907493578
375393,-0.675753665672428,1,-0.5491928945187032
188227,-0.811750982101688,1,-0.32150912064745146
375962,-1.25374226049678,1,-0.9148337630093504
187609,-0.5737556783504859,1,0.4456705623096641
318179,0.786217485942093,1,1.034164546590176
374145,0.684219498620151,1,-0.382257694965813
284216,0.07223157468849101,1,-0.4157881222409571
373744,-0.5737556783504859,1,-0.8601706895731889
374744,0.0382322455811736,1,-0.23363043544273993
187983,-0.0637657417407688,1,-0.39400397688278394
188825,0.616220840405521,1,-0.09113370413963823
190819,0.344226207547006,1,-0.17134985992595858
375502,-1.4237389060333503,1,-0.24975430474485333
189854,1.12621077701524,1,1.047964869038569
375995,-0.8457503112090009,1,-0.6295866187266703
375772,1.39820540987375,1,0.5842830382633736
189038,-0.0637657417407688,1,-0.7391641317428821
190815,1.09221144790793,1,0.4382536240510563
375547,-0.36975970370660105,1,-0.15965234818551255
187883,-0.709752994779746,1,-0.2477506207702272
375626,1.3302067516591205,1,1.0630258061380478
189210,-0.301761045491971,1,0.47818340536389575
375062,-0.607755007457798,1,-0.32708055357157834
373730,0.242228220225063,1,-0.2130330984700673
283252,0.27622754933237603,1,0.22820992105161575
188452,0.174229562010433,2,-0.4712092072976571
189894,1.19420943522987,2,0.8517269670590435
189979,1.46620406808838,2,0.8051217226650904
187906,0.310226878439688,2,0.5515761055947817
188268,-0.199763058170029,2,-0.9406498734614068
187599,1.3302067516591205,2,0.16414371154632124
188898,0.344226207547006,2,0.3872705147068989
284190,0.412224865761636,2,-0.16168424654295532
188174,-0.7777516529943709,2,-0.2684644883811251
188517,-1.6957335388918602,2,-0.8337422825108989
190806,-0.199763058170029,2,-0.061365085891724236
283416,-0.403759032813914,2,-0.08361037601269794
375921,0.0382322455811736,2,0.08843093038011982
189115,0.684219498620151,2,0.28218259874729845
373754,-1.18574360228215,2,-0.5595137706577351
187585,0.378225536654318,2,0.8518686620291342
308011,-1.15174427317483,2,-0.6101098080924201
188441,0.8202168150494051,2,0.8593388096135011
187771,-2.10372548817964,2,-0.46707236137523195
336684,-1.6957335388918602,2,0.0018265419067542144
284241,0.27622754933237603,2,-0.22842806433218488
373627,0.75221815683478,2,-0.3367183658530966
283796,0.242228220225063,2,0.3349711940395931
375943,-0.165763729062711,2,0.26745689167461817
188510,-0.131764399955399,2,-0.14046723824190505
284354,1.2622080934445,2,-0.49964308020785214
187984,-0.471757691028543,2,-0.5163943327842402
190296,0.616220840405521,2,0.5949603764275516
283989,-0.437758361921226,2,-0.40176742252051795
318550,1.09221144790793,2,1.0818092891725082
375899,-0.675753665672428,2,-0.6941326985955225
374517,0.106230903795803,2,0.5867507153648808
189009,-0.131764399955399,2,0.4104134224222069
188163,-0.131764399955399,2,-0.014261982512706661
283767,0.344226207547006,2,0.556139116666688
187956,0.310226878439688,2,-0.1804606099927465
374629,-1.2877415896040902,2,-0.8918610073443085
189193,-0.0977650708480814,2,-0.8825467485658192
188185,-1.25374226049678,2,0.13326943869777777
187856,-0.539756349243173,2,-0.23329010581053888
375551,-0.743752323887058,2,0.390755631303729
187992,-2.27372213371621,2,0.3177790095070065
189790,0.208228891117746,2,0.7665986184490163
187842,-0.675753665672428,2,-1.0301345855697
188930,0.8882154732640349,2,0.26400334109170215
187892,0.548222182190891,2,0.5216590234599725
189025,-1.2877415896040902,2,-0.09732207562640904
374391,1.60220138451764,2,0.9614158233935592
187783,0.0382322455811736,2,-0.019062543220594086
373509,0.582221511298208,2,-0.1740800651442645
188466,0.378225536654318,2,-0.37228025341275256
188292,-1.4917375642479802,2,-0.396952965169499
187770,-2.30772146282352,2,-0.90666659023267
375594,-0.743752323887058,2,-0.3382439272497974
308004,1.7381987009469,2,0.9859639432767986
375705,-2.9197093867551898,2,-0.8979951671474526
283171,0.344226207547006,2,-0.0781575613677154
374253,1.16021010612255,2,0.7469098073091547
188979,1.05821211880061,2,0.2259751413415421
187686,0.27622754933237603,2,1.1812241351186898
187545,-1.52573689335529,2,-1.1056535047860716
187462,-0.539756349243173,2,-0.03378209574179042
190174,0.9562141314786652,2,0.28956158977976115
375871,-0.505757020135856,2,0.5754124551513555
374037,-0.0637657417407688,2,0.0351192193726656
375905,0.208228891117746,2,-0.09861299985647654
373656,-0.36975970370660105,2,-0.1112992711032833
188341,-0.0637657417407688,2,-0.8470936910383586
283160,-0.0637657417407688,2,-0.612402955369673
375024,0.00423291647386105,2,-0.5007011371487811
283279,-0.199763058170029,2,-0.4753825649726388
283515,-0.267761716384654,2,-0.07874988103893898
373799,0.0382322455811736,2,0.4871077820859059
188536,-0.709752994779746,2,0.7975834027437632
374064,1.12621077701524,2,0.6672298053903769
190124,0.8202168150494051,2,-0.2174553714596642
188444,-0.7777516529943709,2,-0.14770150604688104
187993,-2.44371877925278,2,-0.49588065143694077
283754,-0.131764399955399,2,0.20536401130319143
188596,-1.2877415896040902,2,-0.7609772361695522
375661,0.75221815683478,2,-0.3246791965759455
375731,-0.9817476276382612,2,-0.7586309494560923
374112,-0.607755007457798,2,-0.09323656775041533
190802,0.9562141314786652,2,0.5387628102604135
375597,0.9222148023713532,2,0.39498015853298796
308269,-0.301761045491971,2,0.452136820542411
283144,-1.4917375642479802,2,-0.5771612412322733
189974,-0.8457503112090009,2,-0.22194532049626764
190173,1.09221144790793,2,0.54837245633236
374603,-0.165763729062711,2,0.03607487692818612
189734,-1.04974628585289,2,0.45740635684858977
375728,-0.505757020135856,2,-0.8226036129292951
375687,-0.233762387277341,2,0.08440514036328634
187535,0.514222853083578,2,0.21060982944029494
373795,0.446224194868948,2,0.8633856351008411
374382,1.39820540987375,2,0.4271530556097185
374331,0.106230903795803,2,0.25709771697318345
189231,0.310226878439688,2,-0.39705179427579035
189853,0.684219498620151,2,0.7193845581849194
284324,0.378225536654318,2,0.3833656771882423
375674,1.2622080934445,2,-0.31366212130290566
189236,0.208228891117746,2,0.3988785314569564
189840,0.174229562010433,2,0.49200500328270247
374917,-1.11774494406752,2,-0.9730665493488682
188957,1.09221144790793,2,0.28735207159687715
188526,-2.98770804496981,2,-1.1867389739180605
374614,0.480223523976261,2,-0.02082927104983645
374177,1.19420943522987,2,0.6320469441426608
187669,1.53420272630301,2,0.9801995212435066
374396,1.29620742255181,2,0.9977548462794212
188463,0.514222853083578,2,0.7469597957045366
375708,0.75221815683478,2,0.1315336421912482
318176,0.9222148023713532,2,0.916131103093079
375890,-0.505757020135856,2,-0.36129734380685147
188563,-1.04974628585289,2,-0.06125422047099871
187960,0.27622754933237603,2,0.34190849663384126
189301,0.514222853083578,2,0.6144653136461903
375565,1.19420943522987,2,0.5899440162070064
188988,1.2622080934445,2,0.4011108639514095
187979,-1.76373219710649,2,-0.4380883382278509
376027,-2.00172750085769,2,-0.9072674964013605
187887,0.106230903795803,2,-0.2082393603549625
374749,-0.6417543365651159,2,-0.03850990876021981
283449,-0.267761716384654,2,0.18259350537990396
375006,0.514222853083578,2,-0.08634650463233828
375706,-1.6957335388918602,2,-1.1050261088268614
284222,0.8882154732640349,2,-0.5886383861571309
190778,1.22820876433718,2,0.2873323115227957
190067,-0.505757020135856,2,0.3993330247644484
376012,-1.86573018442843,2,-0.4732555304955362
188704,-0.0637657417407688,2,-0.13413420697525386
188314,1.36420608076644,2,0.6234537236994584
188064,-1.86573018442843,2,0.3387150322916589
187958,0.27622754933237603,2,-0.4936086405310531
190082,-0.165763729062711,2,0.6709922757469857
189625,-1.18574360228215,2,-0.49200949231861585
283638,0.7182188277274629,2,-0.2016534827958904
190070,-0.9817476276382612,2,0.14565442729988493
189049,0.378225536654318,2,0.2720143285080411
188215,-1.04974628585289,2,-0.9527325473341879
187998,0.27622754933237603,2,0.27347965833705173
374927,0.514222853083578,2,0.0917343089859386
283230,-0.8457503112090009,2,-0.6606087721264071
187880,-3.2257033487210096,2,-0.2586395162563518
187714,0.310226878439688,2,-0.5010128347401888
284165,0.106230903795803,2,-0.025049564245567757
187543,-1.21974293138946,2,-0.26901954006686185
283843,-0.505757020135856,2,0.05357669496898115
190191,-0.131764399955399,2,0.10936685057317383
188922,-1.38973957692604,2,0.04902825981273412
283752,-0.165763729062711,2,-0.4377488961073544
284327,0.344226207547006,2,0.24352714666185787
188092,-0.335760374599284,2,0.04275350065661335
188355,1.70419937183958,2,0.159581693171789
188061,-0.301761045491971,2,-0.02886469450101492
188321,0.0382322455811736,2,-0.2527063359634565
187541,0.582221511298208,2,0.35912117669081967
187573,-1.6957335388918602,2,-0.6611722168325511
373872,0.650220169512833,2,0.5366437152203016
375994,-1.7977315262138,2,-0.5813888126675466
190818,0.412224865761636,2,0.374552060391786
187736,-1.86573018442843,2,-0.37772680696226485
188105,0.106230903795803,2,0.0469560694368274
187594,-0.0637657417407688,2,-0.7137949778867625
375620,1.19420943522987,2,0.668434857138958
283138,0.548222182190891,2,-0.01837951275248706
188102,0.582221511298208,2,0.6098141728992699
375707,-0.947748298530943,2,-0.4577667073691614
284002,0.8202168150494051,2,0.6099788948791086
187853,-0.9817476276382612,2,-0.19384367333843283
189042,0.106230903795803,2,-0.15471445102176834
283106,0.310226878439688,2,-0.39589736185643015
187812,-0.267761716384654,2,-0.6935779314959389
187982,0.8202168150494051,2,-0.5450303227790381
374155,0.9562141314786652,2,0.5691673642642011
374604,-0.403759032813914,2,0.17570491041645195
189958,-1.18574360228215,2,-0.21238184091046475
187507,0.548222182190891,2,0.3900357293878153
188899,1.29620742255181,2,0.8956229880177793
188975,-0.7777516529943709,2,0.052665028984314965
375693,-2.1547244818406104,2,-0.8838357135342134
187776,-1.76373219710649,2,-0.8889536627765133
187805,0.208228891117746,2,0.26074960837546846
283670,0.514222853083578,2,0.016550398972163427
336688,-0.607755007457798,2,0.7890758987871092
187804,-1.4577382351406598,2,0.17032063734767758
187844,0.0382322455811736,2,-0.15432393756167534
374658,-0.301761045491971,2,-0.8770710250593905
283825,0.174229562010433,2,0.4553639027593278
188331,0.75221815683478,2,1.0517307783087941
188357,2.41818528309319,2,0.8945225103894823
189299,-1.35574024781872,2,0.43461304510091486
283312,0.378225536654318,2,-0.5726036883244912
375494,0.27622754933237603,2,0.3434448379337346
187653,-2.27372213371621,2,-0.8288122801284414
189797,1.12621077701524,2,0.8092621880373383
283229,-0.437758361921226,2,-0.7601459409662472
283770,-0.335760374599284,2,0.2670164591760747
190005,1.60220138451764,2,0.9203033310990121
375939,-0.811750982101688,2,-0.6255393070581101
189289,-0.539756349243173,3,-0.6105429730550702
319956,1.43220473898107,3,0.6601199476852917
189278,0.650220169512833,3,0.39912484888027977
188777,0.208228891117746,3,0.17950125956558932
374213,0.7182188277274629,3,0.35630188326102663
375546,-0.879749640316318,3,0.47084256830682325
375778,-1.01574695674557,3,0.051408565545651874
189043,-1.38973957692604,3,-0.35779872628465964
374204,1.2622080934445,3,1.2309356075138427
187493,0.9562141314786652,3,0.35066397935219823
375698,-1.25374226049678,3,0.18877279449905982
190814,-1.01574695674557,3,-0.008442825542735205
373980,1.05821211880061,3,-0.17403502639848417
283162,0.8202168150494051,3,0.3137971940845988
187707,0.514222853083578,3,-0.3746062823379173
283776,0.208228891117746,3,-0.1147688104918092
188554,-2.00172750085769,3,-0.18330860314532904
189241,0.27622754933237603,3,0.5469798338093841
189059,-0.301761045491971,3,-0.7819540283265145
188943,-1.04974628585289,3,-0.5250207625161625
374505,-1.25374226049678,3,-0.14721847887852196
189002,0.27622754933237603,3,0.42923430188421174
190733,1.39820540987375,3,0.5851978343134994
283846,0.446224194868948,3,0.281012120089815
190076,1.22820876433718,3,0.5557780427863831
375389,0.582221511298208,3,-0.13693655192528775
190101,0.0382322455811736,3,-0.13194596231909822
375711,-0.811750982101688,3,-0.33673509370634463
187583,-0.607755007457798,3,-0.2834057836376172
188500,0.8202168150494051,3,-0.13148613255694858
187514,-1.55973622246261,3,0.12404501244373262
3624697,-0.335760374599284,3,-0.9392915251061871
187536,-0.9137489694236308,3,0.33624631032651425
187976,0.990213460585978,3,-0.06003975232968817
283732,0.990213460585978,3,0.20873560746221642
187537,0.07223157468849101,3,0.5653636471273044
188521,-1.83173085532112,3,-0.9793128717384576
188157,-0.471757691028543,3,-0.23187205636199415
188267,-0.233762387277341,3,-0.34219614198712517
187784,-0.199763058170029,3,0.18128527751746398
188302,-1.15174427317483,3,-0.6676826809282395
188429,-2.34172079193084,3,-0.08891434128209091
188530,0.446224194868948,3,0.15129378764837964
189819,-0.165763729062711,3,0.8846243410626176
373694,-0.5737556783504859,3,-0.14906292865808207
187879,-2.61371542478935,3,-0.25196009550705806
284192,-0.437758361921226,3,-0.9130356508064694
317951,1.60220138451764,3,0.8749477830179893
187548,-0.539756349243173,3,-0.032676850515572176
190072,-0.709752994779746,3,0.2659352665541165
375717,-0.199763058170029,3,-0.33637711375594576
190045,1.36420608076644,3,0.9581267102517002
375634,-1.4237389060333503,3,-1.135618467080971
187677,-1.0837456149601998,3,-0.30939567731558654
189003,0.9222148023713532,3,0.48545050339291357
188947,0.344226207547006,3,-0.0724021189075656
187755,-1.04974628585289,3,-0.798354069465788
373506,-0.8457503112090009,3,-0.08645806511714771
284110,1.39820540987375,3,0.23141243167221737
2437286,-3.3956999942575896,3,-0.7496158729607614
188075,-2.57971609568204,3,0.3147358560557064
336482,1.60220138451764,3,0.9450787083134828
190036,1.70419937183958,3,0.7392382306002825
374362,0.8882154732640349,3,0.2413395009031927
190142,0.514222853083578,3,0.5925534848302672
187807,-1.4237389060333503,3,-0.3113095175293464
336478,1.05821211880061,3,0.8820079924093558
187484,0.786217485942093,3,0.6453146368170668
187510,-1.2877415896040902,3,0.4105238053081394
188345,1.67020004273227,3,0.7324234541811285
187895,1.16021010612255,3,0.5423046569808717
189766,-0.403759032813914,3,1.0137328377100292
283127,0.174229562010433,3,0.2932335680851813
375503,0.7182188277274629,3,0.7284168371079947
375582,0.871215808710379,3,0.6330342056472644
283719,0.27622754933237603,3,0.03247509150440664
2437409,0.208228891117746,3,-0.49133262812370776
187664,1.67020004273227,3,0.835085010965883
187678,-1.15174427317483,3,-0.13296555541029947
190499,-0.301761045491971,3,0.46141021736896615
188781,-0.0977650708480814,3,-0.8502063649735903
375417,-0.607755007457798,3,-0.5478774268406403
188317,0.75221815683478,3,0.018638987597976442
374681,-0.7777516529943709,3,-0.0596031430227863
375681,-0.199763058170029,3,-0.3414305409118024
188291,-0.607755007457798,3,-0.1563923771159479
375557,0.854216144156723,3,-0.6155924878123717
284336,-0.471757691028543,3,-0.1437152417105757
187729,0.548222182190891,3,0.2116574142080102
2437258,-1.59373555156992,3,0.5220181058108314
374388,1.22820876433718,3,0.19659636000241293
319779,-0.7267526593334019,3,0.5323610568888589
189094,-0.0297664126334563,3,0.7282400925091648
188320,0.9222148023713532,3,0.8096005269675339
189776,1.63620071362495,3,1.0208117488660495
189225,-0.233762387277341,3,0.1008789049125682
374894,-1.59373555156992,3,0.262092418869866
374743,0.9222148023713532,3,0.5933126784541751
188792,-0.335760374599284,3,1.0230424717649784
189293,1.22820876433718,3,0.17177595730148282
373522,0.75221815683478,3,-0.16124740492532402
374718,0.378225536654318,3,0.14467120848513246
189757,1.09221144790793,3,0.38406780954213326
308008,2.28218796666393,3,0.652666872583108
373770,-0.131764399955399,3,1.0600631195160612
283757,0.582221511298208,3,-0.3152588700762476
190198,0.514222853083578,3,0.47097074567385044
189977,0.854216144156723,3,0.7594986536693475
190810,0.8882154732640349,3,-0.05215539514168649
189039,0.9562141314786652,3,0.6654717244006687
187858,-0.947748298530943,3,-0.0025548730571001155
188630,-0.7777516529943709,3,0.7264335084962386
374918,0.0382322455811736,3,0.4424513443153376
187757,0.27622754933237603,3,0.17051891392289648
284239,-0.675753665672428,3,-0.7713436997791705
189168,-0.505757020135856,3,-0.7852004122258045
188633,-1.04974628585289,3,0.317987127659433
336685,0.174229562010433,3,-0.06591224800460521
190403,0.990213460585978,3,0.6290839977208909
284182,-0.0977650708480814,3,-0.2419979076655847
187705,0.27622754933237603,3,-0.15643243029404325
2437378,-1.66173420978455,3,0.7990721107196168
284277,0.7182188277274629,3,0.20447897365102166
187810,-1.66173420978455,3,-0.4505225556807722
375857,0.07223157468849101,3,-0.07775626590166529
187508,0.7182188277274629,3,0.8680563545476256
187461,0.75221815683478,3,0.334644053316991
375589,-0.0977650708480814,3,-0.0057882375508297446
189883,1.29620742255181,3,1.252598031038814
187716,-1.2877415896040902,3,-0.023688228191517946
375813,-4.61967584212091,3,-1.0268450578712074
187756,-0.267761716384654,3,-0.22466025435622278
189068,-1.96772817175038,3,-0.6665008549866112
2437214,0.310226878439688,3,0.2626497622883831
188820,0.208228891117746,3,0.07527379335366113
375688,1.2622080934445,3,0.1192170214057024
375800,0.7352184922811191,3,-0.10265263876668579
374472,1.09221144790793,3,0.9862693621091887
374479,1.2622080934445,3,0.7158889562410249
188235,-1.6957335388918602,3,-0.8129019157803843
375825,-1.32174091871141,3,-0.6980167315009371
187840,-0.0297664126334563,3,-0.11741544172884655
375997,-1.55973622246261,3,0.0009998095306955057
189996,1.3302067516591205,3,0.9357329837594335
283598,0.0382322455811736,3,-0.10537166132586445
375941,-0.743752323887058,3,0.5631875604067569
187457,-2.68171408300398,3,0.353152058360705
336484,0.990213460585978,3,0.8907023222685868
189268,0.854216144156723,3,0.932127805091286
190190,0.106230903795803,3,0.666392550645958
187526,-0.437758361921226,3,0.5839784919994528
187579,-0.9137489694236308,3,-0.8801873762825472
189628,0.9562141314786652,3,0.19126649402832963
374239,0.582221511298208,3,0.5721419304189344
375896,0.429224530315292,3,-0.615758104022331
189703,-0.9137489694236308,3,-0.013747086288331184
188086,-0.879749640316318,3,-0.5252322573915511
374416,1.16021010612255,3,0.48935962667686783
375832,-0.6417543365651159,3,0.12428872028934107
188055,0.378225536654318,3,0.182989708756241
188142,0.480223523976261,3,0.2394440037636986
374531,0.446224194868948,3,-0.023516618338504103
189027,-0.233762387277341,3,0.19013515653768795
189669,0.9562141314786652,3,0.7909786061999347
190035,1.2622080934445,3,0.9908192334994961
375498,0.854216144156723,3,-0.5089559113432134
187901,1.12621077701524,3,0.16760121117259336
190709,1.0242127896933,3,1.0183336654064683
187728,0.650220169512833,3,0.13611971267412593
187988,-0.0977650708480814,3,-0.2903344571661823
375295,0.00423291647386105,3,-0.34348040501690563
374419,0.75221815683478,3,0.3083935000740465
375752,1.22820876433718,3,0.24921308983273305
374703,-1.76373219710649,3,-0.6492609916640701
375950,0.412224865761636,3,0.62190585174586
373733,0.650220169512833,3,-0.09523014812614239
284203,0.480223523976261,3,0.5084008991133806
188250,-1.21974293138946,3,-1.0700294473475307
283599,-1.01574695674557,3,-0.7085011644700405
190790,-0.0637657417407688,3,0.1907752981908864
187987,0.8882154732640349,3,-0.12208133586536823
189015,-0.199763058170029,3,-0.14445774940482198
374527,0.174229562010433,3,-0.3918469868710283
189629,0.582221511298208,3,0.16334209498577837
188780,-0.437758361921226,3,-0.5224447102008101
189242,0.0382322455811736,3,0.1369500820836845
319284,-1.62773488067723,3,-0.2235249158853178
188402,1.09221144790793,3,0.4912310136297285
190006,0.616220840405521,3,1.0577665453889427
374712,-1.35574024781872,3,-0.5794591050844622
336781,0.7182188277274629,3,0.26604966678126696
187588,-0.233762387277341,3,-1.1068592801411714
187834,0.14023023290311598,3,0.05642686986546558
187981,0.480223523976261,3,-0.5591439004160099
375288,-1.32174091871141,3,-0.47217320639068144
187889,-0.0297664126334563,3,0.44084792772027925
374768,-0.6417543365651159,3,0.025138177884053287
375509,-1.76373219710649,3,-0.5241695670477948
375371,-0.607755007457798,3,0.022596423832141443
188369,0.514222853083578,3,0.23893108644876193
189018,-0.539756349243173,4,0.1951910805798671
284145,-1.21974293138946,4,-0.7185188180746878
374110,0.27622754933237603,4,0.24047340912171009
190089,0.7182188277274629,4,0.48843961671562813
375391,1.05821211880061,4,-0.18638926329666633
374598,0.242228220225063,4,0.06285846355046981
190813,1.16021010612255,4,1.068307319211079
189712,1.14321044156889,4,0.3022630423563246
283300,-1.52573689335529,4,-0.5650265200536138
373743,-0.539756349243173,4,-0.7952189834626882
188543,-0.471757691028543,4,0.0880275364028534
376021,0.310226878439688,4,-0.13689514070241288
375567,1.53420272630301,4,0.45940357518710695
2437251,-3.34470100059662,4,-0.8794611902620206
283707,-1.0837456149601998,4,-0.5279711698979466
187662,-0.0977650708480814,4,-0.07986713887044
374475,1.39820540987375,4,0.4339100029613566
188603,-0.6417543365651159,4,-0.5354527431085871
187470,0.174229562010433,4,0.1920277012546897
190780,-0.743752323887058,4,-0.873755130565913
2437048,-1.25374226049678,4,-0.26004308138026977
375696,1.16021010612255,4,0.5664028168380082
188187,0.00423291647386105,4,-0.649373547080754
374609,-1.21974293138946,4,0.09783655702615762
283634,0.990213460585978,4,-0.10964143648833902
283179,0.7182188277274629,4,0.22781378652859485
283235,-0.165763729062711,4,0.309448998219858
190344,-1.7977315262138,4,-0.4029420880904622
189997,1.29620742255181,4,0.8978446518680496
373674,-3.12370536139907,4,-0.8712236208030635
374961,0.378225536654318,4,-0.2687436752899169
189294,0.8202168150494051,4,-0.07658202633446537
283808,-0.36975970370660105,4,0.17797919333428358
283215,0.684219498620151,4,0.5165725489876669
376000,-0.233762387277341,4,-0.3503958626800275
374937,0.616220840405521,4,0.25645631522356127
188449,0.00423291647386105,4,0.37536944245217657
375274,-0.199763058170029,4,-0.20299779579970306
190037,0.582221511298208,4,0.6236210250943772
188464,-2.68171408300398,4,0.08949395011181313
190111,0.9222148023713532,4,0.6508815875897209
189868,1.12621077701524,4,0.6725318013161692
375446,0.27622754933237603,4,0.029333072146718375
187567,-0.199763058170029,4,-0.05976755116569632
188541,-1.11774494406752,4,-0.5221183769035123
190132,-2.8177113994332403,4,-0.9255093907161711
187863,-0.539756349243173,4,-0.14828140439241622
375585,-0.471757691028543,4,0.15164293731797296
374483,0.208228891117746,4,0.4656608611059101
373769,0.00423291647386105,4,-0.16435999364331216
375409,0.9222148023713532,4,-0.13870805921628376
188156,0.14023023290311598,4,-0.27778366183068043
190138,-2.34172079193084,4,-1.0320442701612944
187986,-1.11774494406752,4,-0.40352129180185686
283779,-0.9817476276382612,4,-0.5843233649809771
374616,-0.607755007457798,4,-0.5095504015545049
374641,0.514222853083578,4,0.09069567939756645
189696,1.09221144790793,4,0.9984137214760211
283444,0.446224194868948,4,0.2830013118175491
375952,0.310226878439688,4,0.602069218974709
375773,0.514222853083578,4,0.27577987952049354
188911,0.00423291647386105,4,0.29688610699347373
189222,-0.607755007457798,4,-0.7832480440368115
284369,-0.267761716384654,4,-0.7253370889469235
188492,0.514222853083578,4,0.320738703260802
374378,1.5682020554103202,4,0.9609084267413086
189871,0.9562141314786652,4,0.5783770782408897
374011,0.548222182190891,4,0.4454619626984412
336476,1.19420943522987,4,0.8725768062598709
188987,0.548222182190891,4,0.43949503822724767
189630,-0.0637657417407688,4,0.7060015758339244
373734,0.548222182190891,4,-0.1828477886567917
189288,0.378225536654318,4,0.09794664978125017
374590,1.3302067516591205,4,0.5708171772443943
318173,1.63620071362495,4,0.5197612251589354
187949,-1.0837456149601998,4,-0.5322086140205837
187801,1.39820540987375,4,0.4366884662091653
284248,-2.30772146282352,4,-0.8440155211844806
188976,0.8202168150494051,4,0.5330966733122521
283964,-2.69871374755764,4,-0.620224146853456
374630,0.00423291647386105,4,-0.11051608332145468
187566,-0.0977650708480814,4,-0.5140126706233532
188909,-0.199763058170029,4,-1.240688860924427
188113,-2.10372548817964,4,-0.6078912090063848
283120,-0.301761045491971,4,0.2075852027600828
187500,0.582221511298208,4,0.5957352520557753
190757,-1.0837456149601998,4,0.1268996237104753
374395,1.60220138451764,4,1.0079142501983556
374956,0.0382322455811736,4,-0.05649763977593575
374568,1.60220138451764,4,0.48810606329693146
189686,1.46620406808838,4,1.3450774668500731
189221,-1.0837456149601998,4,-0.8751343607200832
190669,0.8202168150494051,4,0.9731307020754054
189229,0.548222182190891,4,0.33726614282661815
190795,0.8202168150494051,4,0.02160981422812175
2437415,0.7182188277274629,4,0.2766026792414547
283756,0.412224865761636,4,-0.2631533048148859
375807,-0.0637657417407688,4,-0.12016560860795167
187869,0.174229562010433,4,0.7032427928382141
188239,0.75221815683478,4,0.2605410422929074
190125,-0.199763058170029,4,-0.1737520100106672
187611,-0.199763058170029,4,0.5041910916475556
189822,1.53420272630301,4,1.178666291103922
189201,-0.607755007457798,4,-0.7922800990753855
283602,0.344226207547006,4,-0.4336092426165617
188476,-0.505757020135856,4,-0.24212323301608268
188425,-1.38973957692604,4,-0.33029815352142494
336483,1.39820540987375,4,1.0200696826133329
373863,0.27622754933237603,4,0.6724950243452235
2437280,-0.301761045491971,4,-0.21369906232640729
188146,0.480223523976261,4,0.28019606983483736
187471,1.70419937183958,4,0.08460254058092956
187711,1.0242127896933,4,0.08693654084729341
283813,0.174229562010433,4,0.2917529918538877
187681,-1.11774494406752,4,-0.6726657032474446
374017,0.9562141314786652,4,0.6132373205555044
187796,1.12621077701524,4,0.27363956246756016
374147,0.0382322455811736,4,0.11774055619091137
374024,1.16021010612255,4,-0.04841676156231478
188757,-0.0637657417407688,4,-0.08097822482285727
188482,-1.59373555156992,4,-0.01889327990571449
188249,0.480223523976261,4,-0.8974833925449872
187576,0.786217485942093,4,0.02701204344467556
187753,0.14023023290311598,4,-0.1264055919916095
187975,0.684219498620151,4,0.09811918765987343
373485,1.19420943522987,4,0.3637045007898102
190167,0.208228891117746,4,-0.04426259309970415
188906,0.344226207547006,4,0.4138301885698594
188359,1.84019668826884,4,0.7831344342081532
375746,1.7381987009469,4,0.7517274817149642
374995,1.22820876433718,4,0.7726365174137915
375662,0.786217485942093,4,0.055663434129519296
376048,-0.335760374599284,4,-0.5672958808973474
189991,0.990213460585978,4,0.8319880450883248
375342,-1.0837456149601998,4,-0.23161425050873186
374368,0.27622754933237603,4,-0.21772195571082653
188785,-1.55973622246261,4,-0.8928245109811985
187656,-0.6417543365651159,4,-0.5655970252362115
187760,-0.0977650708480814,4,-0.09448997045826013
187523,0.9562141314786652,4,0.3761469806442924
188992,0.9222148023713532,4,0.349364463461871
188248,0.786217485942093,4,0.41864183484796824
375545,0.412224865761636,4,0.26030542523182854
375820,-1.96772817175038,4,-0.9554442822234586
190062,0.344226207547006,4,-0.22626143280142874
189319,0.786217485942093,4,0.31680287924420414
189234,0.990213460585978,4,0.03223299146658734
189887,1.22820876433718,4,1.0049934691293125
376040,-0.743752323887058,4,-0.0840241329782721
374436,0.8882154732640349,4,0.5472545856957849
189238,1.22820876433718,4,0.6849247209478531
374612,0.344226207547006,4,-0.0057323463855617485
308010,-1.55973622246261,4,-0.2854591280493662
375571,-0.0977650708480814,4,0.10513416007347731
336485,1.19420943522987,4,0.9010839648374647
187920,0.174229562010433,4,-0.19300840675551534
188237,0.7182188277274629,4,-0.07562084272550479
188028,-0.301761045491971,4,-0.09048452881233837
374592,0.07223157468849101,4,0.22956459427226833
190130,1.05821211880061,4,0.6151392474686668
373575,0.310226878439688,4,-0.2652763686527802
187527,-1.32174091871141,4,-0.5234039680448275
187473,-0.6417543365651159,4,0.002914972803283511
374912,0.378225536654318,4,0.40262949882492105
373948,0.9222148023713532,4,0.2415025957517932
187824,0.106230903795803,4,0.11540086633593377
187549,-0.709752994779746,4,-0.2323616251742759
374688,0.14023023290311598,4,-0.04446925400313623
187826,-0.607755007457798,4,-0.19034368631913717
308254,-0.199763058170029,4,0.2616857869781639
187818,-0.0297664126334563,4,0.07144233886760179
375817,0.3612258721006621,4,-0.1799275782378067
189811,0.582221511298208,4,0.7701063698141375
373745,0.0892312392421472,4,0.35647096817177726
189189,1.60220138451764,4,0.6298549530097012
189862,1.09221144790793,4,0.6420635299899384
190055,1.84019668826884,4,1.370408135392642
188117,0.208228891117746,4,0.7840458301536954
187550,0.07223157468849101,4,0.34398247251090375
2437194,0.684219498620151,4,0.48863005637753615
187685,1.43220473898107,4,0.8525020280537046
283784,-1.25374226049678,4,-0.3539445013189794
319955,0.582221511298208,4,0.3885561405271476
318174,1.7381987009469,4,0.7520538104042689
187710,-0.675753665672428,4,0.06377821825243035
284025,2.02719299835907,4,0.495440013736066
188093,-0.0637657417407688,4,-0.9244189971917003
188051,-0.5737556783504859,4,-0.09388512179168634
187692,0.242228220225063,4,-0.45238932145678307
375663,0.8202168150494051,4,0.5334443333931824
375444,-0.0637657417407688,4,0.021178675994776852
283819,0.14023023290311598,4,0.350122380459023
190092,0.07223157468849101,4,-0.38394201936187683
188095,0.0382322455811736,4,-0.13832359508337805
284066,0.633220504959177,4,0.2617334206003049
190799,0.242228220225063,4,-0.36596946266472546
283755,-0.335760374599284,4,-0.3625273842230771
2437267,-1.62773488067723,4,-0.8683988922811894
375816,0.19122922656409,4,-0.22495170157125471
189063,1.46620406808838,4,0.7289873604693935
187712,-0.8457503112090009,5,0.05479966490200355
188370,0.446224194868948,5,0.12250251136947526
374541,0.344226207547006,5,-0.04631340083494173
188980,0.684219498620151,5,0.3472034935331698
283427,-0.403759032813914,5,-0.2847248214588701
375993,0.242228220225063,5,-0.0611134836234537
375702,0.684219498620151,5,0.4971530331916961
189889,0.9222148023713532,5,0.46325355052053285
189029,1.29620742255181,5,0.24391923743057475
375795,-1.76373219710649,5,0.08400657211927712
189684,1.05821211880061,5,-0.4926768506223419
189346,-1.6957335388918602,5,-0.3914997293420368
373621,0.8882154732640349,5,0.34734598314231635
188335,0.9222148023713532,5,0.7939990625945964
189666,0.684219498620151,5,0.8417503455560988
374398,1.19420943522987,5,0.7715910002826493
190057,0.412224865761636,5,0.9923052681163322
190071,-1.01574695674557,5,-0.0723718734556843
373654,-0.505757020135856,5,-0.13450285354305025
283194,0.548222182190891,5,0.6169822497936385
187921,0.310226878439688,5,0.1950419391774641
188053,0.344226207547006,5,0.00877940591047377
375692,-2.88571005764787,5,-0.8855323145301776
283119,1.19420943522987,5,0.5616506702413001
189715,-0.403759032813914,5,0.5666906265409855
375802,-0.709752994779746,5,-0.06599401683746342
187603,-0.471757691028543,5,0.1653132952655637
374706,-1.11774494406752,5,-0.2556034430659849
190817,0.990213460585978,5,0.6528076199743369
188067,-0.233762387277341,5,-0.5823079411639905
374935,0.446224194868948,5,0.16888394201547458
374589,-2.78371207032593,5,-0.6749685408400414
375335,-1.55973622246261,5,-0.7659144865618669
375740,0.837216479603067,5,0.21750726225780165
283130,0.344226207547006,5,-0.32981324322812433
374548,0.616220840405521,5,0.6451831415524445
317953,1.05821211880061,5,1.0570384633907342
284236,-0.471757691028543,5,-0.3836497458175374
187555,-1.01574695674557,5,-0.7805636990790968
190816,-0.879749640316318,5,-0.7020350084734338
187474,0.480223523976261,5,0.488108622649438
188672,0.27622754933237603,5,0.7425689661165313
188774,0.786217485942093,5,-0.06985361514772159
189291,0.344226207547006,5,0.2952847320399287
283359,-0.165763729062711,5,-0.4602059726089618
375697,-0.505757020135856,5,-0.05172470386211703
375564,-0.28476138093831505,5,0.13051418489555366
375452,1.70419937183958,5,0.8298373871812471
188942,0.7182188277274629,5,-0.2886303718565929
283668,0.00423291647386105,5,0.036109046402588385
187886,-0.165763729062711,5,-0.16134258662466677
189188,-0.233762387277341,5,-0.7260407957403117
375540,0.8882154732640349,5,0.31126198320214293
188913,-0.7777516529943709,5,0.14145456399586578
189020,0.582221511298208,5,0.5786280247486129
283722,1.50020339719569,5,0.16062751505020761
375716,-1.38973957692604,5,-1.0395076409950263
188443,-0.199763058170029,5,0.7839218249266225
188468,0.8202168150494051,5,-0.2983147598368653
188201,-0.709752994779746,5,-0.865010903628222
374397,1.70419937183958,5,0.9926680901218711
375370,-0.7777516529943709,5,-0.35932672844155233
188379,0.9222148023713532,5,0.7227378096159504
373481,0.242228220225063,5,0.25996854487049825
188269,0.242228220225063,5,0.4389357000019529
187551,0.242228220225063,5,-0.528188940310267
187985,0.208228891117746,5,-0.5678029637690483
187766,-0.267761716384654,5,-0.19719910569256405
189010,0.412224865761636,5,0.3769644246847519
283812,0.344226207547006,5,0.265028325236733
374429,-0.0467660771871126,5,0.44177750858217146
284176,-0.131764399955399,5,-0.252637741003474
283772,-1.04974628585289,5,-0.1744989413891545
375830,0.378225536654318,5,0.291623942265414
308007,1.46620406808838,5,1.0679258009010844
283736,0.344226207547006,5,0.6752897025952465
187612,-0.233762387277341,5,0.2230044959120894
373900,0.514222853083578,5,-0.2618782875468919
374001,0.75221815683478,5,0.17692570547200134
374694,-0.0977650708480814,5,-0.03525771502986358
190792,-1.15174427317483,5,-0.5841103735578311
188036,-0.7777516529943709,5,-0.009631724835996724
376032,-2.4267191146991296,5,-0.8603239946007383
188529,-1.55973622246261,5,0.029980344536318204
189869,0.9562141314786652,5,0.7513918004907012
188383,1.05821211880061,5,0.2028702220399704
284251,-0.36975970370660105,5,-0.8616935845977057
188999,-0.947748298530943,5,0.48381894525551034
189138,-0.165763729062711,5,0.3570942265435163
283715,0.208228891117746,5,-0.24218281748169923
373672,-0.36975970370660105,5,-0.26820626935896075
375780,-0.267761716384654,5,0.2294814051450132
283214,0.9222148023713532,5,0.424732228329124
190096,0.14023023290311598,5,-0.004987157335074044
187820,-0.233762387277341,5,-0.22512283485522888
375560,-0.539756349243173,5,0.006799452693214414
376050,1.39820540987375,5,1.170633576495526
284368,-1.2877415896040902,5,-0.781724139032754
284090,0.7182188277274629,5,0.27683410979075335
189928,1.36420608076644,5,1.0727803384615375
376033,0.07223157468849101,5,0.546120550072117
374156,0.446224194868948,5,0.15566288155685137
283109,0.7182188277274629,5,-0.37040095187947897
188577,0.75221815683478,5,0.1188314822675863
188220,0.854216144156723,5,-0.20170068623977966
374763,0.378225536654318,5,0.07712192952031724
374171,-0.709752994779746,5,0.30715383429817916
189668,0.412224865761636,5,0.09470558703867485
187703,0.208228891117746,5,-0.003666199295531858
376013,-1.4917375642479802,5,-0.6417813651149774
374442,-1.2877415896040902,5,-1.1153565417057045
188401,1.05821211880061,5,0.9351043084355158
375457,-0.947748298530943,5,-0.6355757066993762
187676,-0.7777516529943709,5,0.061957361232522934
373782,0.8202168150494051,5,0.47513149731746146
188532,0.582221511298208,5,0.6569589116332036
189232,0.0382322455811736,5,0.15923917587806316
375596,-0.335760374599284,5,-0.4487805218481459
190064,-0.165763729062711,5,0.7635569009898449
188997,-0.165763729062711,5,-0.6487536091520899
188970,0.480223523976261,5,0.3571690122240543
373991,0.310226878439688,5,-0.17392681019933665
283817,-0.9817476276382612,5,-0.3986893797266068
283801,0.0382322455811736,5,-0.11599566183656679
188734,0.7182188277274629,5,0.23212862775741688
375628,0.684219498620151,5,1.0696648768226904
374669,-0.5737556783504859,5,0.03871424320497996
318552,0.854216144156723,5,0.9299931906284005
188872,1.22820876433718,5,0.9353026453139216
188327,-0.0977650708480814,5,0.23157454610831993
189667,0.174229562010433,5,0.5542049174937753
189290,0.548222182190891,5,0.6258785559228617
189343,0.14023023290311598,5,-0.4455870284581235
189013,0.514222853083578,5,0.18862926372945685
188912,1.2622080934445,5,0.3626465346215748
283914,-2.27372213371621,5,-0.43669142896342283
373939,-1.55973622246261,5,0.26851098088413405
283769,-0.36975970370660105,5,0.11663513399570552
373675,-1.66173420978455,5,-0.6033773140241282
188640,1.63620071362495,5,1.0969923955509637
188384,-0.165763729062711,5,-0.12587778419753642
189008,0.582221511298208,5,0.18679697154867614
187903,1.3302067516591205,5,0.42805701565324483
187781,-2.7157134121113,5,-0.8646189986308869
373628,-0.743752323887058,5,0.5019591289307312
187754,-1.18574360228215,5,-0.6002470160124759
188506,0.412224865761636,5,0.4192209825064114
188861,0.8882154732640349,5,-0.8221517546336296
283775,-0.301761045491971,5,1.2026692688444753
374537,0.616220840405521,5,0.35318733693311866
188019,-1.72973286799918,5,-0.45064198930052946
187725,0.514222853083578,5,0.21496758668723537
373903,0.344226207547006,5,-0.30496999347249154
189760,1.05821211880061,5,1.0357626266752256
374567,1.60220138451764,5,0.5489419193406815
375372,0.174229562010433,5,-0.33854810661047574
188137,-1.32174091871141,5,0.07585174925440652
188079,-0.6417543365651159,5,-0.5384432932960826
188029,-0.6417543365651159,5,-0.063413133705429
189012,0.07223157468849101,5,0.5668446947887031
187691,-0.0977650708480814,5,0.42708166602415554
189287,0.7182188277274629,5,0.6666989111660194
188012,0.106230903795803,5,0.4205077905602954
187957,-0.403759032813914,5,0.2790322534114784
283859,-0.709752994779746,5,0.24642354157877464
190000,1.3302067516591205,5,1.1216935664514858
190458,0.7182188277274629,5,-0.1674334857617974
374377,0.990213460585978,5,1.0163887574403372
189248,-0.301761045491971,5,0.41177740537080054
188507,-0.36975970370660105,5,-0.0937653189378359
189090,0.174229562010433,5,0.3588916631601763
283777,0.412224865761636,5,0.329322047162474
308253,-0.0637657417407688,5,0.32337164874277446
375859,0.07223157468849101,5,-0.007931266439541562
188000,-1.04974628585289,5,-0.14058341538175728
188326,0.378225536654318,5,0.3298594948506095
188338,0.75221815683478,5,0.25263277432113274
376001,0.0382322455811736,5,0.2161927595685015
187857,-0.8457503112090009,5,0.08276371310575847
375591,1.05821211880061,5,1.0025218909310865
374719,0.208228891117746,5,0.7022215381846105
374451,-0.709752994779746,5,-0.09359244440280384
2437308,-0.165763729062711,5,0.41526249164360846
375511,0.9732137960323208,5,0.715358506147939
374365,-2.0697261590723204,5,-0.0741507773526382
187731,0.854216144156723,5,-0.3480990572753827
189637,0.548222182190891,5,0.07631085286767428
2437268,-0.947748298530943,5,-0.9589737439747811
189455,-0.8457503112090009,5,0.3519229714973141
319781,-0.301761045491971,5,-0.4162344701464912
374613,-1.0837456149601998,5,-0.49849672565260283
187497,1.36420608076644,5,1.214639803637021
284224,0.582221511298208,5,-0.3766157080063607
189971,0.00423291647386105,5,-0.0035102227955561283
375569,-1.38973957692604,5,-0.8100882124233385
189631,0.684219498620151,5,0.23744780804123855
375689,0.242228220225063,5,0.33161040894550897
189230,-0.675753665672428,5,-0.7994884912403358
190159,0.27622754933237603,5,0.7552671581505648
283677,-0.5737556783504859,5,-0.5067214511153757
376049,1.80619735916153,6,0.09646448623298709
375018,-0.335760374599284,6,-0.03341692321024503
189927,1.09221144790793,6,1.0715681478868442
283970,-1.89972951353575,6,-0.4123221685268845
190187,0.00423291647386105,6,0.976092522694063
283748,0.480223523976261,6,-0.0027668904886031798
283803,-0.471757691028543,6,-0.34181442138630125
283157,1.05821211880061,6,0.7448157836513007
189267,0.8202168150494051,6,0.9044144607340302
319783,0.412224865761636,6,-0.06286951287680353
187495,0.616220840405521,6,0.4142599607777497
188981,-0.233762387277341,6,0.3621758947114956
188026,0.242228220225063,6,-0.03868234512486668
187764,0.0382322455811736,6,0.4674219575869793
375524,-0.131764399955399,6,0.37766399363099146
188427,-0.505757020135856,6,-0.25119197748518773
188984,0.0382322455811736,6,0.29664701762391965
375013,0.9222148023713532,6,0.33755821667812225
375679,-1.4917375642479802,6,-0.5484997731151635
375809,-0.0127667480797952,6,-0.15006705075138677
189084,-0.131764399955399,6,-0.8804834172362374
374066,0.14023023290311598,6,0.5509889144403433
188408,-0.267761716384654,6,0.12508244704353916
2437245,-1.62773488067723,6,-0.7984669527147489
374621,-0.675753665672428,6,-0.5516074467045077
375973,-2.01872716541135,6,-0.8720770497428906
187919,1.12621077701524,6,0.08604079405986506
283671,-0.199763058170029,6,0.002661539503829302
283118,0.786217485942093,6,0.3564183176046112
374191,-0.7777516529943709,6,-0.051970242899871066
190274,0.8882154732640349,6,0.6051655989776823
374988,1.16021010612255,6,0.5960466718453038
188190,1.39820540987375,6,0.14406658865413127
187702,0.9562141314786652,6,0.5396841808431073
283639,0.616220840405521,6,0.3434766405504408
319283,-0.437758361921226,6,0.32728003360799307
283597,1.09221144790793,6,0.42004643052789825
375775,-0.743752323887058,6,0.593409899871534
373832,0.106230903795803,6,-0.11232496597506753
283199,0.344226207547006,6,0.5956082367896862
375513,0.174229562010433,6,0.6974650532540653
188222,0.0382322455811736,6,-0.2998044286759074
375714,0.599221175851864,6,0.012990588397211345
374553,-0.233762387277341,6,-0.46830867510007834
187511,-0.505757020135856,6,0.5136599494756391
188330,-0.233762387277341,6,-0.3070628382473226
283313,-1.25374226049678,6,0.23860842072554098
188243,0.650220169512833,6,0.20030218494356003
187905,-0.165763729062711,6,0.08017227943607591
189247,-0.199763058170029,6,0.46404280754378546
374547,0.0382322455811736,6,-0.03459217099753936
374004,0.07223157468849101,6,-0.2404298743961334
188412,-0.301761045491971,6,0.015004538462576322
188978,-0.199763058170029,6,0.7404706480879409
187999,-1.89972951353575,6,-0.5431227635144508
188419,0.616220840405521,6,0.025002223505828314
375169,-1.0837456149601998,6,-0.607903509486957
187528,-0.709752994779746,6,-0.724338738026639
374092,0.854216144156723,6,-0.13270296482071614
374151,-0.437758361921226,6,0.4527450061442687
187845,-0.131764399955399,6,-1.0415271054165451
189433,-0.9817476276382612,6,-0.07047915260730309
375745,1.7721980300542095,6,0.8616220681006888
189706,0.75221815683478,6,-0.421934993576904
190039,0.14023023290311598,6,-0.1558023167872975
189708,1.43220473898107,6,1.268129876468119
374124,0.446224194868948,6,0.36410743125533673
375519,-0.0637657417407688,6,-0.46992489821719496
187763,-1.4577382351406598,6,-0.709416302136949
189023,0.9222148023713532,6,0.5607947210403076
283762,0.8202168150494051,6,-0.24303058520788123
188374,-1.52573689335529,6,-0.4805725943044432
373615,1.22820876433718,6,0.9864437609166317
190195,-0.505757020135856,6,-0.3206569673619081
187556,-0.9817476276382612,6,-0.8329573441285675
187730,0.00423291647386105,6,-0.1534495737622374
189754,1.70419937183958,6,1.0789727751778941
188270,0.378225536654318,6,0.24302493432116157
190040,-0.36975970370660105,6,-0.05770704122788428
190016,1.29620742255181,6,1.0146047554923139
374747,-0.199763058170029,6,-0.0394763280610223
187867,0.480223523976261,6,-0.38574344875856637
189000,0.7182188277274629,6,0.38027357564247133
189801,1.09221144790793,6,0.8933998041009219
375851,0.344226207547006,6,-0.775517634879706
375451,0.854216144156723,6,0.973716206251063
187941,-0.36975970370660105,6,-0.21736372344209304
283132,0.8202168150494051,6,0.5119008371571199
375577,-0.233762387277341,6,-0.5660255636775772
190054,2.12919098568102,6,1.2648985504460746
375940,0.174229562010433,6,0.13628061963201207
188325,0.106230903795803,6,0.011221737284693
190434,0.514222853083578,6,0.7350223156644524
187582,0.7182188277274629,6,0.3364566766145287
187682,0.9222148023713532,6,-0.053932607416840694
283782,0.208228891117746,6,-0.534196895882843
188094,0.378225536654318,6,0.5142292461021836
375410,-1.72973286799918,6,-0.3034688568429872
189400,-1.83173085532112,6,0.08105396527107786
283676,0.7182188277274629,6,0.6721189791262956
189626,0.548222182190891,6,0.6759678752281575
374103,0.344226207547006,6,-0.27147091126045486
374600,0.412224865761636,6,-0.015003615497520217
189340,-1.0837456149601998,6,-0.7394758562353224
190808,-0.0297664126334563,6,-0.06028755458816776
188818,-0.233762387277341,6,-0.32065339595262465
189245,0.310226878439688,6,0.4709751509186376
375690,0.7182188277274629,6,0.42849306238907753
284322,0.174229562010433,6,-0.25292748363056783
189034,-0.199763058170029,6,0.4636212691057239
318549,1.22820876433718,6,1.0604685107735086
375553,0.27622754933237603,6,0.14478009188780455
188475,0.106230903795803,6,-0.46202678445038625
188418,-0.36975970370660105,6,-0.187917620743829
373571,0.378225536654318,6,-0.12693154095305564
190804,-0.471757691028543,6,0.07115500232702196
189851,-0.9817476276382612,6,0.4001074757706752
190364,1.05821211880061,6,0.6045924673088829
189949,1.53420272630301,6,0.16376921999578248
374992,0.616220840405521,6,0.6048995546800963
283553,0.684219498620151,6,-0.3872554344304623
283727,-0.165763729062711,6,-0.24383601275961786
189690,0.9222148023713532,6,0.629019898927545
284219,-0.267761716384654,6,-0.2296702485788651
190063,1.43220473898107,6,1.0275328769024648
374148,1.05821211880061,6,0.4342835511785557
189152,-0.131764399955399,6,-0.806276238137919
188849,-2.47771810836009,6,-0.7378759033743146
190280,0.174229562010433,6,0.46934186097183356
376018,-1.0837456149601998,6,-0.8109124605169261
189909,1.29620742255181,6,0.9506133623160488
375404,-0.267761716384654,6,-0.1584467669465472
189865,-0.335760374599284,6,1.012573354435217
374807,0.446224194868948,6,-0.06577636563657052
284069,0.446224194868948,6,0.3247164385341046
187816,0.378225536654318,6,-0.14421494392634987
190807,-0.947748298530943,6,-0.12090389248368727
187749,-2.0697261590723204,6,-0.694088521119436
374467,0.684219498620151,6,0.8451095360774173
190008,-0.131764399955399,6,0.49789279047641277
187866,-0.199763058170029,6,-0.08870510336528531
189139,0.344226207547006,6,-0.23935097712400077
188382,0.9562141314786652,6,0.48946959859532735
187628,0.378225536654318,6,-0.06414552686282793
374914,0.854216144156723,6,0.49568439867956215
187709,0.27622754933237603,6,-0.44396238734883675
375573,-0.0977650708480814,6,0.1580671258703526
189944,-0.131764399955399,6,-0.455230883198237
374759,1.17720977067621,6,0.5382803987149944
375977,-3.786692278991701,6,-0.5410343303103682
375724,-1.32174091871141,6,-0.7492864837048495
190029,0.412224865761636,6,0.8031849656219543
187472,0.9562141314786652,6,0.6947540120116897
187989,-1.89972951353575,6,-0.04500875783106273
285674,0.480223523976261,6,-0.3096768259518975
376022,-0.437758361921226,6,-0.8364683606514779
337841,-0.539756349243173,6,0.30204961783451223
374665,-0.301761045491971,6,-0.0909629014153514
283456,0.412224865761636,6,0.18675426451776117
187687,0.310226878439688,6,0.22523237506321325
283163,0.514222853083578,6,0.606001675262088
188907,-0.811750982101688,6,-0.7763600412647095
188702,0.208228891117746,6,-0.23398014863613054
283471,-0.233762387277341,6,-0.29544947596401594
375341,0.8882154732640349,6,-0.22810712805651057
284338,1.29620742255181,6,0.9120850817227292
187772,-1.18574360228215,6,-0.4243595732520643
190059,0.650220169512833,6,0.744976853464186
187589,0.310226878439688,6,0.4845002715276301
188110,1.16021010612255,6,0.761742522500644
189091,0.242228220225063,6,-0.09173341030755411
188009,0.378225536654318,6,0.2680231040017079
2437395,0.75221815683478,6,1.0253165883773963
187876,0.8882154732640349,6,0.2729880201818288
187767,-0.5737556783504859,6,-0.3049829357154231
374532,0.582221511298208,6,0.7252313635035859
188895,0.0382322455811736,6,0.28582714455244923
2436958,-1.15174427317483,6,-0.45858181467490355
190158,0.8202168150494051,6,0.11665395154961619
187502,0.7182188277274629,6,0.5597407166159404
189723,1.29620742255181,6,0.9320711095289803
188376,0.854216144156723,6,0.18275184030043753
375205,-1.15174427317483,6,-0.4979709428188964
189085,-0.811750982101688,6,-0.8763322944227795
189239,0.208228891117746,6,0.19271260284439837
188497,1.46620406808838,6,0.3130893620341435
373649,-0.709752994779746,6,-0.3926783122357743
375998,0.344226207547006,6,0.6411132228006362
190278,0.9222148023713532,6,0.7453900746484141
187607,0.378225536654318,6,0.5838297658542556
376002,0.00423291647386105,6,-0.2532904718221187
189957,0.00423291647386105,6,-0.28448854175499105
283431,0.8202168150494051,6,-0.14035765973700332
188035,-2.10372548817964,6,-0.37513353077069767
188552,0.310226878439688,6,0.14470900691117647
3646845,0.616220840405521,6,0.44485478173115195
188545,-1.83173085532112,6,-0.8182187513988303
188896,1.19420943522987,6,0.5644689833460015
336477,0.242228220225063,6,1.0752668304613124
190081,0.990213460585978,6,0.2894388793823246
156377,1.94219467559079,7,0.3186574409574526
318175,1.2622080934445,7,1.043220239878055
187855,-2.68171408300398,7,-0.611322989711535
375823,-1.25374226049678,7,0.15134279670532266
283751,0.378225536654318,7,-0.548391377230437
190783,0.9222148023713532,7,0.6822741379519768
375518,0.854216144156723,7,0.3400059391023852
374158,0.106230903795803,7,0.27869393728206715
189078,-0.267761716384654,7,0.16437908717827335
373861,-0.6417543365651159,7,-0.1321339559606265
188396,0.0382322455811736,7,-0.7771946648018928
283742,1.05821211880061,7,-0.4615160792446711
190189,0.582221511298208,7,0.7170354388585447
283823,0.650220169512833,7,0.3263451121436463
373850,0.14023023290311598,7,-0.059680393582430324
375539,0.582221511298208,7,-0.03113840611297325
375411,-0.403759032813914,7,-0.34604187132195174
375922,-3.76969261443805,7,-0.7226786244771309
284189,1.70419937183958,7,0.3972884647417207
283876,-0.8457503112090009,7,-0.10360739482135245
373578,-0.539756349243173,7,-0.8322469453129642
187786,0.480223523976261,7,-0.3877706832354879
283107,0.480223523976261,7,0.2685525378003193
187877,-2.7497127412186098,7,-0.7870885571568274
189282,0.650220169512833,7,0.008000393537306916
187946,-0.811750982101688,7,-0.332456143330748
188733,-1.4917375642479802,7,-0.10663547292826109
188329,0.480223523976261,7,0.18571969813176148
190022,0.446224194868948,7,0.6574690148692033
188336,-1.7977315262138,7,-0.3644770541290654
336481,0.548222182190891,7,0.7421711265348416
187794,-0.607755007457798,7,-0.43830992641451605
189243,0.174229562010433,7,0.18686200317541451
373773,0.242228220225063,7,0.4091687307369006
374062,-1.15174427317483,7,-0.4796198051719712
189093,-0.131764399955399,7,0.31473404659399673
190277,1.12621077701524,7,1.0577342593366246
374412,0.548222182190891,7,1.0850954753913593
283830,0.344226207547006,7,0.45870309042282087
283664,0.412224865761636,7,0.3324746771342988
188038,-0.199763058170029,7,-0.31313213818649344
187584,0.412224865761636,7,-0.46653983604882265
284265,-1.01574695674557,7,-0.07038575515354462
187945,-1.96772817175038,7,-0.14985753174932598
189309,0.446224194868948,7,0.23520069631249763
283815,-1.52573689335529,7,-0.7848564220505279
189858,1.05821211880061,7,1.0852260841552979
283183,-0.5737556783504859,7,0.11736634054482142
375695,-2.7497127412186098,7,-0.5438613318450546
188377,0.27622754933237603,7,-0.4118107230838066
188282,-0.8457503112090009,7,0.29717900534578423
283182,0.242228220225063,7,0.6587408390850474
283176,0.9562141314786652,7,0.046288969641424565
375461,-2.10372548817964,7,-0.8250223831788377
189032,1.29620742255181,7,0.3047686288554032
190102,1.70419937183958,7,1.2618039519927629
188349,0.0382322455811736,7,-0.34665111328084297
374640,0.14023023290311598,7,-0.018196042494431408
188154,-0.301761045491971,7,0.18634189461716527
188031,0.310226878439688,7,-0.11384013230445111
190126,0.990213460585978,7,0.6415524128336423
284291,1.50020339719569,7,0.2687519225301546
187793,-1.35574024781872,7,0.1122900169882198
375434,0.378225536654318,7,-0.09329250840382036
190121,1.09221144790793,7,0.6546226330550303
375748,1.16021010612255,7,1.0500178085527478
188848,0.344226207547006,7,-0.8255958027506098
189246,1.22820876433718,7,0.4146996473470447
187971,-0.0637657417407688,7,-0.12407758195440066
375917,1.22820876433718,7,0.6067190931460081
189240,0.9222148023713532,7,0.6297053566510804
188822,1.0242127896933,7,0.3290503503139445
375975,-1.2877415896040902,7,-0.029444602304029344
375037,-0.5737556783504859,7,-0.5652058277704372
187765,0.242228220225063,7,-0.12289484200657153
190186,0.616220840405521,7,0.7316739293248964
284280,-1.11774494406752,7,-0.4998598138375583
375640,0.106230903795803,7,0.14723321972183107
188768,-1.04974628585289,7,-0.8179225176537959
284132,-0.131764399955399,7,-0.2806487308992942
374109,0.7182188277274629,7,1.0530414180646113
319280,-0.131764399955399,7,0.12296040411739556
188160,0.344226207547006,7,-0.3510374564079819
375735,-0.0297664126334563,7,0.3786715180039484
187911,-2.5117174374674103,7,-0.8996617462298155
283603,-0.0637657417407688,7,-0.18856483409199942
187838,0.548222182190891,7,0.14034640737324366
375682,0.582221511298208,7,0.03263740523154918
283778,0.344226207547006,7,-0.24252662223055932
187848,0.242228220225063,7,0.03597834517255083
189392,0.480223523976261,7,0.34475981824477087
189700,0.75221815683478,7,0.036084388957204866
373986,0.9562141314786652,7,-0.352984780998267
188048,0.106230903795803,7,-0.10745416633117094
375810,-2.76671240577227,7,-0.8469997693333564
2437408,-0.0297664126334563,7,-0.49646284243685457
373623,0.412224865761636,7,-0.20350018568574585
188259,0.548222182190891,7,0.4414252922098722
189615,0.650220169512833,7,-0.05207734879025966
319282,-0.437758361921226,7,0.13751220078850585
375017,0.616220840405521,7,0.32535479606743983
190143,0.650220169512833,7,0.24691006890227304
2437244,-1.76373219710649,7,-0.006902505837557638
188189,-0.709752994779746,7,-0.7722079348082962
188969,0.8202168150494051,7,0.39976369138442736
375727,0.8202168150494051,7,-1.0679530385600005
189808,-0.0637657417407688,7,1.259108012526582
187780,-0.335760374599284,7,0.031540080111360946
187752,-0.403759032813914,7,-0.19243974171618788
2437340,-0.335760374599284,7,-0.17437944252170184
190711,1.22820876433718,7,0.9917492765730654
187489,-0.5737556783504859,7,0.2351637739563501
189107,-0.743752323887058,7,-0.796672123666271
375583,1.2622080934445,7,0.48224953860392783
187973,0.548222182190891,7,0.16311889018661613
283740,1.12621077701524,7,-0.7449868826726385
187741,1.84019668826884,7,0.7209754868229292
376047,-1.66173420978455,7,-0.392895877955606
188759,0.344226207547006,7,-0.43981378072361677
283789,0.310226878439688,7,-0.20235964756961483
283232,0.684219498620151,7,0.1333292667032685
190086,0.786217485942093,7,0.4299286287350437
284168,-0.0977650708480814,7,-0.5380233943770594
187649,0.242228220225063,7,0.04937601018864085
189972,0.446224194868948,7,0.22184961031604927
283760,-0.335760374599284,7,-0.5094893350708926
188006,-0.301761045491971,7,-0.3454165572625998
188101,0.582221511298208,7,0.2850331806185209
189792,1.12621077701524,7,0.41301680370622484
188365,0.27622754933237603,7,0.2893842466544848
374693,-0.505757020135856,7,-0.9965080428986606
187675,0.446224194868948,7,0.3007922629939214
188121,-0.607755007457798,7,-0.4825738573842133
373851,0.378225536654318,7,0.2813985822181576
189046,0.378225536654318,7,0.1861491470584585
188469,-3.29370200693564,7,-0.4612847339065267
187648,0.650220169512833,7,0.30164744278153927
187717,-0.437758361921226,7,-0.16505560216381554
188708,0.548222182190891,7,0.7555484189262945
375875,-0.0977650708480814,7,0.3849049269681583
188056,0.582221511298208,7,0.5312363981494266
187700,-0.0637657417407688,7,0.2701622975006898
283117,0.786217485942093,7,0.6423721114409089
374689,0.616220840405521,7,0.16375024401591293
375556,-0.437758361921226,7,-0.079101106581275
190175,0.9222148023713532,7,0.4494150059992772
188096,-0.879749640316318,7,0.13267273264989926
374339,1.22820876433718,7,1.015475626617933
375894,0.378225536654318,7,0.2628741509416773
189749,1.60220138451764,7,1.337226473595531
374638,-0.539756349243173,7,-0.10228623082539001
188472,0.9562141314786652,7,0.2660821133798027
187629,-0.0977650708480814,7,-0.07115909399098591
283759,0.00423291647386105,7,-0.24716413932827708
283125,-2.6647144184503304,7,-0.6895282578488489
189292,-0.403759032813914,7,0.02483131192579921
375799,-1.11774494406752,7,-0.9886903752554557
188052,-0.0977650708480814,7,-0.20922621827309046
283822,0.174229562010433,7,0.30072311995571704
374622,0.344226207547006,7,0.2706082340847854
283145,-0.709752994779746,7,-0.33625665384376036
188901,1.05821211880061,7,-0.803629504598627
376004,-0.947748298530943,7,-0.7550993770802008
188454,-0.233762387277341,7,-0.12512018494316657
187665,-0.9137489694236308,7,0.2625407570561847
190164,-2.0697261590723204,7,-0.2899469977346929
190782,0.174229562010433,7,-0.12360484629904872
375590,0.7182188277274629,7,0.7474191894267337
374646,0.07223157468849101,7,-0.04878979453522436
188765,0.07223157468849101,7,0.300020053422469
319279,0.446224194868948,7,0.299874369615471
187699,1.3302067516591205,7,0.47417382548787557
188998,0.480223523976261,7,0.35061743703131615
283968,1.12621077701524,7,-0.2353814406471908
187803,-0.301761045491971,7,0.03627813779279579
190056,1.29620742255181,7,0.4731839794517101
189955,-0.0977650708480814,7,-0.3219881826405684
189004,-0.437758361921226,7,0.3673209040564359
283791,-4.12668557006485,7,-0.20906124767073286
375742,1.43220473898107,7,-0.02270102985952477
373651,0.208228891117746,7,0.24439968594785721
374139,-0.471757691028543,7,0.029938073784271352
308266,0.7182188277274629,7,-0.14413627573297633
188155,0.446224194868948,7,-0.09692835052464999
189872,1.3302067516591205,7,1.3137036536918598
188122,-0.267761716384654,7,0.13699243865181857
374696,-0.335760374599284,7,-0.9484716493094232
188445,0.582221511298208,7,0.6054458517995904
189308,-0.233762387277341,7,0.4320890975162368
188415,0.548222182190891,7,0.777047840179081
187881,-1.04974628585289,7,-0.5491038512389658
190797,-0.675753665672428,7,-0.38621873480651947
283656,1.14321044156889,7,0.3895855596776687
187671,-0.607755007457798,7,-1.040339513989958
188015,0.616220840405521,7,0.35953077343731077
189081,0.548222182190891,7,0.290422754124651
188764,-2.88571005764787,7,-1.0911596595894002
2436902,-0.301761045491971,7,-0.5433190092162076
375376,-0.403759032813914,7,-0.5580134437754283
375578,0.378225536654318,7,-0.01816946189427504
187481,1.22820876433718,8,0.9836708159111235
374063,0.548222182190891,8,0.5907565993533175
283220,1.22820876433718,8,-0.11584713120394297
374969,-1.4577382351406598,8,-0.23000902272581336
188362,1.39820540987375,8,0.576684163494377
318178,1.7721980300542095,8,0.9606005510479109
283633,-1.4917375642479802,8,-0.1264327555260511
189834,1.22820876433718,8,1.1902949610399387
374740,0.9222148023713532,8,-0.2413771338486113
317891,-0.301761045491971,8,-0.3681822637639188
187822,-0.675753665672428,8,-0.3008113865773633
187990,-0.36975970370660105,8,0.6185834697595924
284120,0.14023023290311598,8,-0.6621253345367414
190811,0.616220840405521,8,0.8689792733014886
375933,-1.86573018442843,8,-0.565357673490018
188054,-2.5117174374674103,8,-0.6012773013832821
188496,0.616220840405521,8,0.22278628472529396
187795,-0.0637657417407688,8,-0.4067409352282926
187980,0.650220169512833,8,-0.3807951783714604
308006,1.50020339719569,8,0.5978745767682889
188758,-1.21974293138946,8,-0.7727518833350572
374108,1.5682020554103202,8,0.6946096637060317
375355,-0.879749640316318,8,-1.0548628680262508
375743,0.310226878439688,8,-0.07459066354737592
375310,-1.6957335388918602,8,-0.20698857727901954
374371,-0.199763058170029,8,0.5881884586713597
188458,0.174229562010433,8,-0.5102070097164101
374500,0.07223157468849101,8,-0.07758611925433972
187846,-1.59373555156992,8,-0.3133009074303864
187938,-1.21974293138946,8,-0.2587368808836902
187591,0.8882154732640349,8,0.1313708257070478
283445,0.27622754933237603,8,-0.050741782031551386
375788,-1.4917375642479802,8,-0.7440529882988142
189919,0.9222148023713532,8,1.0098339845894393
375956,0.8202168150494051,8,0.6910683407224256
190703,0.208228891117746,8,0.2769685551807084
2437266,-0.539756349243173,8,-1.0542489776733568
190116,0.174229562010433,8,0.14321683552380074
375548,0.9222148023713532,8,0.2836959499440359
375392,-0.301761045491971,8,-0.6360078678061408
375432,-1.72973286799918,8,-0.9628678819617326
187852,-1.89972951353575,8,-0.5732397784956391
284272,-1.52573689335529,8,-0.9191671369365447
188636,1.53420272630301,8,0.48262273535154543
187817,0.4972231885299221,8,-0.35824590620294305
2437263,-1.2877415896040902,8,-0.9282307215689433
188932,0.00423291647386105,8,0.46741989521377103
374588,0.684219498620151,8,0.09371889472711203
374385,-0.437758361921226,8,0.3060185520979837
283726,-0.5737556783504859,8,-0.14377429932390762
375726,-2.7327130766649503,8,-0.25821705005818596
188378,1.16021010612255,8,0.32719640992506926
190732,1.0242127896933,8,0.9630165548039183
2437256,-1.72973286799918,8,0.2624871600961822
374186,-0.9137489694236308,8,-0.253441885281126
374599,-0.0637657417407688,8,-0.054642786250777675
375460,-1.78073186166015,8,-0.7840948927578802
283600,-0.6417543365651159,8,-0.5764106526457122
190796,-2.0697261590723204,8,-0.3710655839829774
373739,0.8202168150494051,8,0.39674782263915503
188104,0.446224194868948,8,-0.1681676205149042
187690,0.446224194868948,8,-0.08623679942584572
375598,-1.21974293138946,8,-0.6382899837959765
187850,-0.0977650708480814,8,-0.16304480924870512
190803,0.412224865761636,8,-0.06052039381087637
188398,0.27622754933237603,8,-0.12805135873989193
283753,0.8032171504957489,8,-0.4628292587754931
187574,-0.437758361921226,8,-0.25164841542067795
375838,-0.947748298530943,8,-0.15816060852442404
187610,1.05821211880061,8,0.4147450917662211
190150,-1.66173420978455,8,0.09291622906668576
375850,-0.335760374599284,8,0.689178021191914
189859,0.514222853083578,8,0.3475012196001004
374742,0.616220840405521,8,0.23738396363480826
375784,-0.5737556783504859,8,-0.573104722864935
189980,1.2622080934445,8,1.1199594159466963
375621,-0.36975970370660105,8,-1.0320457936139404
373760,-0.743752323887058,8,-0.2557500738390053
187482,0.174229562010433,8,1.241220235324441
338067,0.14023023290311598,8,0.3071080880629642
190144,0.106230903795803,8,0.3345217179055009
375666,0.9562141314786652,8,0.23168445318276298
187563,-1.96772817175038,8,-0.6173904538605363
189076,-1.04974628585289,8,-0.6972351936881236
187832,0.786217485942093,8,0.39596308800306396
284357,-1.01574695674557,8,-0.6804683944212566
374739,0.514222853083578,8,-0.7504986191791313
187972,-0.0977650708480814,8,0.03957811049002652
2437248,0.27622754933237603,8,0.46660038751662336
187587,-1.89972951353575,8,-0.7162920020034322
373682,-0.165763729062711,8,-0.1782381252899593
374691,-2.39271978559181,8,-0.07651247541902956
188601,-0.6417543365651159,8,-0.6132874375376672
189028,-1.04974628585289,8,0.01573433242685998
189014,0.07223157468849101,8,0.2192881155581251
374702,-1.21974293138946,8,-0.2934503223332948
374607,-1.96772817175038,8,-0.9012047295747362
188255,-1.11774494406752,8,-0.8885823653185726
189390,0.412224865761636,8,0.3026662147047294
187839,0.344226207547006,8,0.1384530916021302
374610,-0.8457503112090009,8,0.1260641522415677
190115,0.446224194868948,8,0.19868284714893036
190769,-1.38973957692604,8,-0.6169349666226639
188232,-0.0977650708480814,8,0.03984046351482809
373925,-0.199763058170029,8,-0.15518028303271442
188244,-0.709752994779746,8,-0.7903148497706963
374183,-0.7777516529943709,8,0.4369984743337666
284373,0.514222853083578,8,0.23029317074790337
373690,0.344226207547006,8,-0.09613332746705111
283667,0.582221511298208,8,-0.040674695128448735
188375,0.684219498620151,8,0.26439563592733495
187561,0.310226878439688,8,-0.2236791302240113
2436999,-0.6417543365651159,8,-0.3127404420070665
374617,0.480223523976261,8,-0.15502030410134165
284319,0.446224194868948,8,0.4435689237091762
189077,-1.0837456149601998,8,-0.671273087306562
187954,-0.165763729062711,8,0.22285060896426778
188421,-2.0697261590723204,8,-0.8587856013705465
189244,-0.505757020135856,8,-0.241267712535353
189223,-0.0977650708480814,8,-0.0047386638074569665
188018,-1.86573018442843,8,-0.3572277303403735
375016,1.5682020554103202,8,0.8815960813474791
188846,-1.11774494406752,8,-0.36892718475326647
283781,0.9222148023713532,8,1.0521272871996485
188549,-1.32174091871141,8,-0.6772823383329792
375934,-0.267761716384654,8,0.24604659864879352
375790,-0.199763058170029,8,-0.47792813450350924
188876,0.07223157468849101,8,0.3225576197222024
375935,1.0242127896933,8,0.6348618122586822
188254,-1.72973286799918,8,-0.8244198339462893
188982,0.242228220225063,8,0.39931100569272493
188037,-0.437758361921226,8,-0.5417689331115475
374814,-0.5737556783504859,8,0.16603820451964782
190068,0.378225536654318,8,0.5582281433588461
189134,-0.7777516529943709,8,-0.7300587602016942
188224,0.106230903795803,8,-0.2990846504632044
2437282,-0.505757020135856,8,-0.05341393067977368
373758,0.14023023290311598,8,-0.4023749227518546
374401,-0.301761045491971,8,-0.10929738606273054
189804,0.548222182190891,8,0.8639015129706893
189035,0.00423291647386105,8,0.2987741210275545
2437412,1.16021010612255,8,0.10813485498442382
375499,-0.301761045491971,8,-0.11018484274861567
188974,-0.5737556783504859,8,0.2279712440491017
188944,-0.131764399955399,8,-0.2962741630803144
374545,-0.9817476276382612,8,0.28208575975982414
189253,-0.335760374599284,8,-1.0352254555298477
188324,-0.0637657417407688,8,-0.23635168751159913
375315,0.684219498620151,8,-0.5285149337196297
375957,1.09221144790793,8,0.6016493597753395
188923,1.16021010612255,8,0.6985983905360114
375719,-0.36975970370660105,8,-0.7168032521414618
375500,1.16021010612255,8,0.1775880028484087
374746,-1.35574024781872,8,-0.0870572344454581
283839,-0.709752994779746,8,-0.13950217430176043
188436,0.9222148023713532,8,-0.3772276626637773
375694,0.106230903795803,8,0.13542329204825576
284281,0.310226878439688,8,0.28230639914623745
374944,0.14023023290311598,8,-0.15736996773919887
188698,0.106230903795803,8,-0.22863020073234364
374663,0.27622754933237603,8,0.15126462510943428
375627,0.480223523976261,8,0.921336039622026
188312,0.208228891117746,8,0.3168426389596972
376015,-0.36975970370660105,8,-0.9195315274581074
283641,0.378225536654318,8,-0.09367855689817023
284161,-2.68171408300398,8,-0.9992692590290492
374361,0.07223157468849101,8,-0.21450047395391542
375465,-2.30772146282352,8,-0.29501641438842074
375437,-0.36975970370660105,8,-0.2587245800279382
284371,-1.32174091871141,8,-0.6052174944792973
374659,0.480223523976261,8,-0.20048591333059318
374367,0.14023023290311598,8,-0.36444678510538264
283126,-0.199763058170029,8,-0.5786844367519587
375835,-2.1717241463942702,8,-0.06964211197879983
187874,-0.879749640316318,8,-0.5492643225244178
189624,0.75221815683478,8,0.2876479432091713
187751,-0.8457503112090009,8,-0.2526664608574155
319784,-1.4237389060333503,8,-0.3399341578082712
375505,-2.32472112737718,8,-0.21663710681671566
187464,-2.40971945014547,8,-0.4116512845809258
187544,0.378225536654318,8,0.4670646351365655
283718,0.7182188277274629,8,-0.03766112636927699
190734,1.36420608076644,8,1.003387676913134
189756,0.8202168150494051,8,1.1343883513536177
189833,1.36420608076644,8,0.9500765896678732
283844,-0.131764399955399,8,-0.01438416364236994
374608,-0.505757020135856,8,0.09710679799159322
375475,0.684219498620151,8,0.2785599163952692
190800,-0.9817476276382612,8,-0.8035845668016323
189237,0.480223523976261,8,0.9179668167767981
188225,-0.267761716384654,8,-0.2539184011131409
374363,-0.8457503112090009,8,-0.13209531705893862
284304,0.75221815683478,8,-0.14657294002337667
284334,0.8202168150494051,8,0.5282314060244245
187518,1.12621077701524,8,-0.17325333317043273
187456,-0.199763058170029,8,-0.12028946302375981
187977,-0.335760374599284,8,0.21303428427988086
187823,-0.7777516529943709,8,-0.34919223225376017
374655,0.378225536654318,8,-0.08080375788008287
336479,1.19420943522987,8,0.5533269294386138
190137,-1.21974293138946,9,1.156068022597689
374165,-0.709752994779746,9,0.2811585831618558
188494,-0.233762387277341,9,0.33666787133443987
189137,-1.4577382351406598,9,0.5260223287406638
283325,-0.165763729062711,9,-0.572954235981396
189421,0.378225536654318,9,0.09576118453331467
375767,1.46620406808838,9,0.4017850992349978
375781,0.8202168150494051,9,0.6260399000230494
374825,-2.00172750085769,9,-0.3980229613981271
284202,1.2622080934445,9,-0.0652221345362097
284335,1.05821211880061,9,0.3669161506354358
375710,0.106230903795803,9,0.1860402190314492
373756,0.0382322455811736,9,0.6762372532540859
188558,1.36420608076644,9,0.7298179978038905
189844,1.07521178335426,9,0.4481480189129542
187674,0.9562141314786652,9,0.10299448215966717
284164,0.75221815683478,9,0.21915676654215988
190051,0.684219498620151,9,0.6489536625005271
189164,-1.4577382351406598,9,-0.6482886809624636
189047,1.05821211880061,9,0.43283738038936687
284312,0.208228891117746,9,0.22370709455300491
188467,0.310226878439688,9,-0.20573566144588049
373780,0.14023023290311598,9,0.38125226406267554
374631,-2.27372213371621,9,-0.07558561821096474
188287,1.22820876433718,9,0.45402960486512706
188989,0.480223523976261,9,0.23257981660637522
187658,-1.66173420978455,9,-0.5336431820822615
308265,0.650220169512833,9,0.4233584658921673
375433,1.12621077701524,9,0.5282860542219061
283962,-1.96772817175038,9,-0.3615114534126441
188363,0.8882154732640349,9,0.681329459569599
190702,-0.0977650708480814,9,0.22747418686736665
189864,0.7182188277274629,9,1.0808764215227622
189109,-2.00172750085769,9,-0.7508147850173862
188405,1.5682020554103202,9,0.7492752740381009
189842,0.8202168150494051,9,1.1342715309447116
375791,0.27622754933237603,9,-0.19844740324992224
190100,0.548222182190891,9,1.1028256116584754
188897,0.616220840405521,9,0.3409144876174728
187522,-0.131764399955399,9,-0.19626842130645025
187655,0.242228220225063,9,-0.14314191372396443
375971,-2.8177113994332403,9,-0.7252974321444224
188040,-0.607755007457798,9,-0.5916911404947552
190141,-1.86573018442843,9,-0.8430128974969077
375608,-0.301761045491971,9,-1.1486446943935462
187758,0.0382322455811736,9,-0.021439482201988103
190127,0.9562141314786652,9,0.7584436364417814
375972,0.514222853083578,9,0.7032135870921435
189022,-0.267761716384654,9,0.08462237035717554
188286,0.9222148023713532,9,0.33242884711300136
374978,0.616220840405521,9,0.7686236142259586
375739,0.07223157468849101,9,0.1510951248060223
188934,0.242228220225063,9,0.5051248653008993
374686,-0.267761716384654,9,-0.5228328276937929
189224,-0.233762387277341,9,0.07974057548460767
188448,1.46620406808838,9,0.7791724258213993
188816,1.12621077701524,9,0.7448568364254244
374471,1.05821211880061,9,0.8100503356063768
375449,-0.5737556783504859,9,-0.18468733261744966
188328,-0.165763729062711,9,-0.3412443007102972
188111,-2.7497127412186098,9,-0.670479420578109
190149,-0.233762387277341,9,0.10185272142836191
188214,-1.11774494406752,9,-0.8883877164433628
190088,-0.675753665672428,9,-0.3010528153937493
283165,0.27622754933237603,9,-0.32590380542145947
189885,-0.709752994779746,9,0.5234670570731811
188229,0.106230903795803,9,-0.17049249402650693
375552,-0.233762387277341,9,-0.058543759537918544
375645,0.990213460585978,9,0.6178670081724595
374185,-0.7777516529943709,9,0.6469480717771041
187654,1.63620071362495,9,0.8211207515959543
284162,-1.59373555156992,9,-0.9927182762278902
375932,-0.0637657417407688,9,0.3317580289493758
187928,-0.947748298530943,9,-0.08250624480659638
283833,0.854216144156723,9,-0.4628936564101398
375527,-0.8457503112090009,9,-0.3790774818866628
375954,0.378225536654318,9,0.24031577119323155
375456,-0.8457503112090009,9,-0.42046798870776636
336783,1.07521178335426,9,-0.08496162736303245
188434,1.22820876433718,9,0.49379740624788127
373912,0.9562141314786652,9,0.6010619002527934
189755,0.8202168150494051,9,0.8440172026764022
375579,0.310226878439688,9,-0.23276278907169548
283104,-0.301761045491971,9,-0.14537921334037598
187469,0.174229562010433,9,0.37629921468858185
283838,0.446224194868948,9,0.10493397811473495
187791,-1.4237389060333503,9,-0.6755494092049634
189041,0.7182188277274629,9,0.26821265428278807
190015,0.446224194868948,9,0.8756066756037247
189194,-2.0697261590723204,9,-0.8030107416460753
283202,0.582221511298208,9,0.29528385070499596
374445,-1.59373555156992,9,-0.8380082427207239
283616,0.75221815683478,9,0.3683869709950658
375765,-0.743752323887058,9,1.6417343338519412
375383,-1.86573018442843,9,-0.5423934648178926
190213,1.12621077701524,9,0.5070741193626794
187935,-0.8457503112090009,9,0.43588414640210194
189970,-1.25374226049678,9,-0.1306898348085572
375976,0.07223157468849101,9,0.13230888138305125
284278,1.05821211880061,9,0.876661768641506
189384,0.00423291647386105,9,0.11331099695627495
374174,-0.267761716384654,9,0.7145208300274987
187904,-0.0977650708480814,9,0.4497047806657847
188667,0.27622754933237603,9,0.44062319672230477
188413,0.344226207547006,9,0.07894796828710698
190157,0.582221511298208,9,0.3248499593089559
284100,0.00423291647386105,9,0.24083904852694482
188236,-0.743752323887058,9,-0.4990284311269697
188786,-0.743752323887058,9,-0.5174701371878424
283177,0.990213460585978,9,0.48236504260446467
187974,-0.6417543365651159,9,-0.1986259942856092
374913,0.208228891117746,9,0.7681123335163352
374611,1.05821211880061,9,0.017884229972458643
374359,0.14023023290311598,9,0.3680938270956098
189689,0.582221511298208,9,1.065802152283756
283625,0.27622754933237603,9,-0.19129355867430173
283158,-0.165763729062711,9,0.07868939958085039
190007,-0.0637657417407688,9,1.1097521572756412
375842,-0.8457503112090009,9,0.4789890609398493
189805,0.378225536654318,9,1.009826985064982
375458,2.02719299835907,9,0.8051938487244594
190561,0.9562141314786652,9,0.24288367982591588
189006,0.0382322455811736,9,0.29790326734806355
283938,-0.0637657417407688,9,-0.4958982813853915
187704,-0.267761716384654,9,0.05422898589430036
189670,0.650220169512833,9,0.6259615422717576
374197,-0.539756349243173,9,0.6346991710953636
284209,-2.86871039309421,9,-0.9080135048810999
189732,-0.505757020135856,9,0.3841009729883276
189277,0.9562141314786652,9,0.1261604732791693
375453,-0.6417543365651159,9,-0.3993138670560621
283969,0.07223157468849101,9,0.3560300373722555
189623,0.616220840405521,9,0.09552855996626958
187924,-2.64771475389667,9,-0.48251374985211115
189157,-0.165763729062711,9,-0.45650556456347713
187636,0.208228891117746,9,0.23350913746239152
376010,-1.25374226049678,9,-0.6929729338008379
375747,2.01019333380541,9,0.9231398284179713
373655,0.786217485942093,9,-0.17479118956029235
190789,0.990213460585978,9,0.149195203943067
189302,-1.66173420978455,9,0.0885255562356671
283828,-0.267761716384654,9,0.02811686285080131
190708,0.446224194868948,9,0.2797898867673897
188145,-0.811750982101688,9,-0.32151210191516755
284059,1.09221144790793,9,0.4129071795728647
373635,0.412224865761636,9,-0.15492492221732432
2437377,0.208228891117746,9,0.21002135666165134
374392,1.29620742255181,9,0.7182880081439141
187995,-0.505757020135856,9,-0.19337094308505245
190163,-0.165763729062711,9,0.4435365195857732
187914,0.75221815683478,9,0.3020613426199585
375243,-1.7977315262138,9,-0.2531274219497156
308211,-0.36975970370660105,9,-0.6982415490084632
375441,-0.879749640316318,9,-0.9265486290375552
190784,0.344226207547006,9,0.4476069540864226
374190,0.786217485942093,9,1.085224184276936
187663,0.106230903795803,9,-0.0686803617490834
187590,-0.199763058170029,9,0.2609770353207601
189809,0.9562141314786652,9,1.0959835539985134
375883,-0.437758361921226,9,-0.138137204404665
187951,-1.0837456149601998,9,-0.670867955215441
189017,-0.131764399955399,9,0.4198123730295914
189099,-1.15174427317483,9,0.19060379603454583
189786,-0.165763729062711,9,0.42367095808001454
374551,1.60220138451764,9,1.0115853166081092
188083,1.05821211880061,9,0.5297170653739105
375755,-0.8457503112090009,9,-0.3744855154725254
375931,-1.0837456149601998,9,-0.5211445417292321
374680,-0.539756349243173,9,-0.7407428448972568
187479,0.8202168150494051,9,0.4550834950618967
375538,0.310226878439688,9,0.6394107802137784
375846,0.446224194868948,9,0.41527032455221136
284068,0.616220840405521,9,0.5355663226611441
189116,0.650220169512833,9,0.40827574726729055
188209,-1.18574360228215,9,-0.6853749191344204
187893,1.05821211880061,9,-0.15712417053525915
187878,1.12621077701524,9,0.39734924540901495
190139,-1.52573689335529,9,-0.776431728591133
375421,-1.6957335388918602,9,-1.0565882233720845
374697,-1.11774494406752,9,-0.661365352663508
283604,-0.131764399955399,9,-0.23920903929116807
374591,-0.947748298530943,9,0.1627161340362962
187667,0.7182188277274629,9,0.6000875534745772
374643,-0.165763729062711,9,-0.012208977912360391
374974,-2.20572347550158,9,-0.808234503741241
189021,0.27622754933237603,9,-0.020182176951351022
2437250,-3.4296993233649,9,-0.7519602481313139
283615,0.548222182190891,9,-0.19123025760497556
283121,-0.36975970370660105,9,0.590762988117656
375744,2.28218796666393,9,0.7256180401956953
190073,0.480223523976261,9,1.0197789962156085
375965,1.09221144790793,9,0.5037442043613958
373716,0.07223157468849101,9,-0.19521381012285452
187819,-0.437758361921226,9,0.2607648116661305
283448,-0.335760374599284,9,-0.003640362793091989
188226,0.344226207547006,9,0.4142023232154025
189913,1.43220473898107,9,1.2364513013531306
374652,-0.165763729062711,9,-0.5548503126012642
190018,0.8202168150494051,9,0.9913379294677785
283978,1.29620742255181,9,-0.24360628780341173
