id,testw,kfold,XGBoost_pred
189697,0.07223157468849101,0,0.568569
375815,-1.4917375642479802,0,-0.7609342
283178,-0.6417543365651159,0,-0.09709365
375779,0.0382322455811736,0,0.03903224
190252,0.174229562010433,0,0.65655005
283209,1.09221144790793,0,0.12910704
284231,0.4972231885299221,0,-0.09227944
189045,0.208228891117746,0,0.14402407
375970,-2.05272649451866,0,-0.5944498
188945,-0.131764399955399,0,0.38578346
376034,-0.6417543365651159,0,-0.734505
188211,-0.5737556783504859,0,-0.13142301
373626,-0.811750982101688,0,-0.6655043
375623,-0.879749640316318,0,-1.40625
187944,-0.0977650708480814,0,0.040833693
376023,-0.947748298530943,0,-1.0698122
187501,0.446224194868948,0,0.3102648
374154,0.650220169512833,0,0.74826497
283774,0.548222182190891,0,-0.17963597
375230,0.344226207547006,0,-1.1748825
374620,0.412224865761636,0,-0.42350358
189254,-2.13772481728695,0,-0.8972724
283447,1.12621077701524,0,0.27467868
283110,-0.165763729062711,0,-0.20778005
189932,0.106230903795803,0,0.5313686
375641,-0.0977650708480814,0,0.6949756
188103,0.446224194868948,0,-0.071368404
188993,0.00423291647386105,0,0.45891437
187742,-0.947748298530943,0,-0.38246536
187505,0.8882154732640349,0,0.52601355
187631,-0.233762387277341,0,-0.061418924
283967,-1.98472783630404,0,-0.31138477
190170,0.616220840405521,0,0.54431885
188027,-1.52573689335529,0,-0.15092273
283221,1.39820540987375,0,0.0091077285
187733,0.378225536654318,0,-0.51659787
187968,0.990213460585978,0,-0.85114443
189133,0.27622754933237603,0,-0.26945907
375796,-4.415679867477019,0,-1.2453867
188152,-0.267761716384654,0,-0.37787357
189895,1.29620742255181,0,1.0260924
187637,0.106230903795803,0,0.08672581
190805,-0.301761045491971,0,-0.043909386
375254,0.106230903795803,0,-0.62768734
374513,1.50020339719569,0,0.8935524
190707,1.39820540987375,0,0.23404431
188994,0.9222148023713532,0,0.2733583
189005,0.854216144156723,0,0.16838372
375901,0.8202168150494051,0,-0.59221166
375607,0.07223157468849101,0,0.039246995
375974,-3.37870032970393,0,-1.5602692
375394,-0.811750982101688,0,-0.027686315
374013,1.05821211880061,0,-0.16836283
374516,0.8882154732640349,0,0.5170157
188316,-1.59373555156992,0,-0.3565732
283231,0.27622754933237603,0,0.46420482
187955,0.548222182190891,0,-0.36501402
189233,-0.131764399955399,0,0.05737379
189753,1.46620406808838,0,0.81937814
375521,0.650220169512833,0,-0.037786454
2437252,-1.01574695674557,0,-1.1538658
188197,-0.267761716384654,0,0.20111188
373793,1.19420943522987,0,0.59872013
190177,0.344226207547006,0,0.12730919
375447,0.378225536654318,0,-0.17197137
188991,0.00423291647386105,0,0.44206405
189784,1.36420608076644,0,0.8742902
373467,1.39820540987375,0,0.4702558
187562,-0.403759032813914,0,-0.41459492
187515,-1.4237389060333503,0,-0.3960119
374504,1.50020339719569,0,1.155694
189759,1.12621077701524,0,1.1159738
283089,0.786217485942093,0,1.2382891
187952,-1.38973957692604,0,-0.28045297
190129,0.650220169512833,0,0.805579
375467,-0.607755007457798,0,-0.7410415
188258,0.446224194868948,0,-0.15389499
188493,0.514222853083578,0,0.29990768
283205,0.310226878439688,0,0.006978308
283735,1.16021010612255,0,0.0062530995
190148,-0.0977650708480814,0,-0.6222465
283721,1.05821211880061,0,0.117791906
187560,0.106230903795803,0,-0.24478555
375549,-0.709752994779746,0,-0.65613437
187868,-0.743752323887058,0,-0.47952825
283655,0.854216144156723,0,0.3208649
188386,0.208228891117746,0,-0.21773341
189320,-0.879749640316318,0,-0.77514434
317829,1.5682020554103202,0,0.18992837
284328,0.75221815683478,0,0.39701235
189744,1.12621077701524,0,0.8999217
188407,1.36420608076644,0,-0.16743556
187713,-1.83173085532112,0,-0.64563584
188540,0.14023023290311598,0,0.69470835
283773,1.90819534648347,0,0.8136186
189001,0.242228220225063,0,-0.15857755
308009,1.3302067516591205,0,0.9742682
190160,1.60220138451764,0,1.3931767
187735,-0.301761045491971,0,0.03611406
187860,-1.01574695674557,0,0.08468747
374534,1.09221144790793,0,0.48332462
189632,1.12621077701524,0,0.46177536
375094,-0.301761045491971,0,-0.42762545
284247,0.106230903795803,0,-0.051266357
374067,0.684219498620151,0,0.24178983
187718,-1.0837456149601998,0,-0.4779777
187666,1.63620071362495,0,0.8970112
190058,0.378225536654318,0,0.72993326
375572,-1.04974628585289,0,-0.067486815
187739,-1.18574360228215,0,0.029652651
374533,0.27622754933237603,0,-0.24881977
374374,-0.0297664126334563,0,0.33424145
284372,-0.947748298530943,0,0.056170963
187907,0.854216144156723,0,0.8413599
188114,0.548222182190891,0,0.393534
375738,1.12621077701524,0,0.28709775
284303,0.9562141314786652,0,-0.118191466
189031,-0.36975970370660105,0,-0.34067065
188001,-0.675753665672428,0,0.3385152
188546,-0.403759032813914,0,-0.90888363
375736,-0.505757020135856,0,-0.23363708
373642,-2.30772146282352,0,-0.52172154
283579,-1.55973622246261,0,-0.23822534
374715,-1.04974628585289,0,-1.1690404
374683,-1.62773488067723,0,-1.124367
188134,0.00423291647386105,0,-0.34260222
373952,-1.32174091871141,0,-0.6098748
375895,-0.301761045491971,0,-0.31943458
190472,-3.29370200693564,0,-0.55143446
188311,-4.07568657640388,0,-0.48199016
373764,0.9222148023713532,0,0.70946944
187854,0.310226878439688,0,-0.10627265
188423,0.412224865761636,0,0.7183441
374474,1.17720977067621,0,-0.20709221
188840,-0.8457503112090009,0,-0.40126693
283802,0.582221511298208,0,0.2717235
375665,1.04121245424695,0,-0.025086481
283790,0.480223523976261,0,0.50402105
374003,0.174229562010433,0,-0.16236462
190069,0.582221511298208,0,0.5636858
187475,-0.267761716384654,0,0.008653954
188076,-1.11774494406752,0,-0.57485235
283849,-0.267761716384654,0,0.44423106
188256,-0.675753665672428,0,-0.47867492
190134,0.7182188277274629,0,0.49613482
283054,0.616220840405521,0,0.08253099
283432,-0.403759032813914,0,-0.40738183
284370,0.9562141314786652,0,0.05956518
375625,-0.7777516529943709,0,-1.1841421
373482,-1.11774494406752,0,-0.051084574
189040,-1.4577382351406598,0,-0.74889535
189947,0.174229562010433,0,0.098803066
187978,-1.2877415896040902,0,-0.123715356
284309,-0.675753665672428,0,0.5296156
374394,-1.4237389060333503,0,0.10948983
189751,0.19122922656409,0,0.033830162
188172,-0.403759032813914,0,-0.69720405
187605,-0.471757691028543,0,-0.2534872
190199,1.70419937183958,0,0.9030593
189937,1.05821211880061,0,1.0206736
188043,-2.57971609568204,0,-0.24344608
283741,-0.165763729062711,0,-0.76804173
187546,-1.2877415896040902,0,-0.52503836
189956,0.684219498620151,0,-0.23242435
375749,0.00423291647386105,0,-0.07890912
190728,1.46620406808838,0,0.81399757
189857,0.8882154732640349,0,0.5849635
375847,-1.55973622246261,0,0.3369596
375581,0.344226207547006,0,0.16446774
190162,1.46620406808838,0,0.67213666
189030,-0.267761716384654,0,0.1100104
374741,-1.35574024781872,0,0.37962177
187604,0.378225536654318,0,-1.1701157
375678,0.106230903795803,0,-0.11765608
283201,-1.11774494406752,0,-0.18895505
374678,0.310226878439688,0,-0.18599838
188893,1.29620742255181,0,0.2965932
283116,-0.233762387277341,0,0.19320214
284080,0.27622754933237603,0,0.4188922
374934,0.990213460585978,0,-0.054159705
373759,1.3302067516591205,0,0.7324923
187875,1.16021010612255,0,0.70050156
188742,-2.00172750085769,0,-0.5901767
284015,-0.131764399955399,0,0.08221611
284305,0.786217485942093,0,0.28069305
375455,-1.0837456149601998,0,-0.58791727
187930,-0.233762387277341,0,-0.2507141
319954,1.05821211880061,0,0.3499799
374386,0.14023023290311598,0,0.12044431
375839,0.446224194868948,0,0.42546383
375659,1.04121245424695,0,0.6615848
284279,0.7182188277274629,0,0.41528893
2437249,-1.89972951353575,0,-0.805496
375020,-0.0637657417407688,0,-0.32927632
188058,-1.0837456149601998,0,-1.0341651
283143,0.548222182190891,0,0.67886424
283665,0.650220169512833,0,0.373984
188202,0.07223157468849101,0,-0.1604282
336686,0.225228555671402,0,0.30934346
375340,0.8202168150494051,0,0.1938555
189829,0.00423291647386105,1,0.08790926
188972,0.0382322455811736,1,0.71945846
189048,0.106230903795803,1,0.16986363
190787,-0.233762387277341,1,-0.26308212
188373,1.89119568192981,1,0.755027
190196,-0.0637657417407688,1,0.17075598
190791,-0.301761045491971,1,0.11568816
375664,0.412224865761636,1,0.13464151
190238,-0.743752323887058,1,0.5155356
283792,-1.95072850719672,1,0.21174705
189280,-0.437758361921226,1,0.47066188
374178,1.36420608076644,1,0.5256369
375794,1.0242127896933,1,-0.8321582
283224,1.12621077701524,1,0.22942391
284215,-1.18574360228215,1,-0.22808513
375397,-0.36975970370660105,1,-0.17259127
374624,0.12323056834946003,1,-0.4706365
375395,-1.18574360228215,1,-0.6561262
189803,-0.0977650708480814,1,0.9514276
189070,-2.40971945014547,1,-0.6387492
187769,0.412224865761636,1,-0.35262588
189698,1.60220138451764,1,1.0517533
188099,-1.96772817175038,1,0.41015518
187458,1.05821211880061,1,0.9975057
373904,0.480223523976261,1,-0.3704228
189050,-0.743752323887058,1,-0.8061132
375471,-1.72973286799918,1,-0.29638493
187996,-0.165763729062711,1,-0.2553609
374414,-1.0837456149601998,1,-0.2672022
374413,-0.743752323887058,1,-0.24850763
374662,-0.743752323887058,1,-0.19330636
2437410,0.616220840405521,1,-0.1498255
375766,1.36420608076644,1,0.56662536
188339,0.854216144156723,1,-0.42681572
374407,1.50020339719569,1,1.011983
188246,0.990213460585978,1,0.16378647
374945,-0.335760374599284,1,-0.045817263
375004,1.22820876433718,1,0.27221358
189964,-0.199763058170029,1,0.38273412
336782,-0.9137489694236308,1,-0.5771213
375759,-0.165763729062711,1,-0.09759269
189079,0.310226878439688,1,0.24412927
190046,0.514222853083578,1,0.8218382
188669,-0.709752994779746,1,-0.41734034
374536,0.378225536654318,1,0.44525903
374086,-0.165763729062711,1,-0.49113366
283763,0.616220840405521,1,-0.2260409
189337,0.854216144156723,1,-0.75931865
283768,0.582221511298208,1,0.49813467
187606,-1.62773488067723,1,-1.5334561
189647,1.0242127896933,1,0.26641947
319957,1.0242127896933,1,0.69782764
375991,-0.947748298530943,1,0.44478872
283805,-0.131764399955399,1,0.4086563
187491,0.412224865761636,1,0.21721451
373835,-0.233762387277341,1,-0.40058875
188170,0.07223157468849101,1,-0.43900993
190794,-0.301761045491971,1,-0.74924976
190774,0.9562141314786652,1,0.53914183
283892,-0.233762387277341,1,0.38260454
308212,-1.4577382351406598,1,-0.11578407
187485,0.990213460585978,1,0.36964583
283083,-1.0837456149601998,1,-0.89366543
187539,-0.165763729062711,1,-0.06272947
373629,-0.9817476276382612,1,0.4081923
188033,-0.0977650708480814,1,-0.17367508
375454,-0.0977650708480814,1,-0.31032673
375949,0.0382322455811736,1,-0.33856994
188501,0.446224194868948,1,0.82236207
375916,-0.335760374599284,1,0.33851162
2437287,-1.25374226049678,1,-0.8799806
283712,0.8202168150494051,1,0.17667201
187888,0.480223523976261,1,0.09234867
187814,0.514222853083578,1,-0.34598175
189961,-0.675753665672428,1,-0.35116577
187918,-0.233762387277341,1,-0.17657033
374515,0.07223157468849101,1,-0.15066259
190085,-0.437758361921226,1,-0.2269105
374745,-0.879749640316318,1,0.08658437
283766,0.8882154732640349,1,0.52787346
189856,1.16021010612255,1,0.8756655
283105,1.29620742255181,1,0.49426877
188340,-0.539756349243173,1,-0.82162184
375368,1.22820876433718,1,0.51818275
375373,-1.4917375642479802,1,-0.6619743
190098,-0.131764399955399,1,0.24716793
375504,-0.743752323887058,1,-0.57230526
190097,0.990213460585978,1,0.9777524
189153,-1.18574360228215,1,-0.84504384
284245,-0.335760374599284,1,-0.8120553
189892,1.36420608076644,1,1.0336244
283166,-0.8457503112090009,1,0.26524726
187833,0.854216144156723,1,0.31136206
190103,0.990213460585978,1,1.1324223
188410,2.14619065023467,1,-0.4814953
375923,0.00423291647386105,1,0.28910476
284024,0.9222148023713532,1,1.1730412
374202,1.46620406808838,1,1.028708
375930,-1.4577382351406598,1,-0.39127532
374476,1.36420608076644,1,0.6749838
374530,0.446224194868948,1,-0.43956485
319285,-0.233762387277341,1,0.18501103
318177,1.29620742255181,1,0.76998
188231,0.07223157468849101,1,-0.2785203
318548,0.9562141314786652,1,1.139035
283731,-0.0297664126334563,1,-0.13484739
375550,-2.08672582362598,1,-0.396702
375642,0.75221815683478,1,0.6770466
375576,-0.0297664126334563,1,-0.09010841
188204,-0.335760374599284,1,-0.89961135
374595,-1.04974628585289,1,-0.41877753
190114,1.16021010612255,1,0.6668087
374632,0.242228220225063,1,-0.50927526
375845,-0.199763058170029,1,-0.004128693
375691,0.0382322455811736,1,0.33581015
283723,0.07223157468849101,1,-0.17507091
374535,0.548222182190891,1,-0.12410101
188346,1.5682020554103202,1,0.6662597
187696,-1.86573018442843,1,-1.0156713
374473,1.0242127896933,1,0.7453599
284262,-0.675753665672428,1,-0.1316524
375474,0.14023023290311598,1,-0.35144445
187647,0.174229562010433,1,-0.20216149
374941,0.27622754933237603,1,0.4563136
187787,0.14023023290311598,1,-0.14536762
188940,0.378225536654318,1,0.72114563
374699,0.514222853083578,1,-0.44246808
283128,-0.437758361921226,1,-0.6113879
190140,0.8882154732640349,1,0.48763868
189016,-0.6417543365651159,1,0.37534857
190731,0.9562141314786652,1,0.5255245
375015,0.75221815683478,1,0.10988628
283950,-2.20572347550158,1,-0.93454856
190203,0.0382322455811736,1,0.4020759
374623,-0.6417543365651159,1,0.21851574
374635,-0.301761045491971,1,-0.510171
188153,-0.199763058170029,1,-0.20262522
189274,0.616220840405521,1,0.48075944
188034,-0.7777516529943709,1,-0.15907684
373725,0.548222182190891,1,0.13230684
189683,1.00721312513964,1,0.68194824
188927,0.582221511298208,1,0.46465898
283139,0.378225536654318,1,0.6403252
187778,0.9562141314786652,1,-0.31531283
187645,0.8882154732640349,1,0.04942414
187564,-0.301761045491971,1,0.25125557
188715,1.60220138451764,1,0.99344015
374484,0.208228891117746,1,0.48519084
374546,0.8882154732640349,1,-0.09380243
283311,-1.0837456149601998,1,0.14358617
190184,0.548222182190891,1,0.2572594
188958,0.446224194868948,1,0.76963526
188319,0.75221815683478,1,0.047196236
283114,1.36420608076644,1,0.35465655
188996,-0.165763729062711,1,0.34461287
188956,0.14023023290311598,1,0.25403804
189024,0.990213460585978,1,0.2367866
188008,0.75221815683478,1,0.44893226
375704,-0.165763729062711,1,0.2233617
187530,0.174229562010433,1,-0.37932482
188218,-0.0977650708480814,1,-0.25099584
373726,-0.233762387277341,1,0.23848003
284067,0.7182188277274629,1,0.7016627
189250,-0.131764399955399,1,0.36871064
187936,0.00423291647386105,1,0.22565404
374160,-0.539756349243173,1,-0.003034879
188306,-0.607755007457798,1,-0.5406251
373468,-0.301761045491971,1,0.2049462
189881,0.27622754933237603,1,-0.40569195
188025,-0.131764399955399,1,-0.6763504
188894,0.412224865761636,1,0.24963592
189832,0.854216144156723,1,0.22800285
373777,-0.505757020135856,1,0.5776663
283623,0.650220169512833,1,0.39651823
188990,0.582221511298208,1,0.35923123
375393,-0.675753665672428,1,-0.73975897
188227,-0.811750982101688,1,-0.34724057
375962,-1.25374226049678,1,-0.6712911
187609,-0.5737556783504859,1,0.28300115
318179,0.786217485942093,1,1.0207216
374145,0.684219498620151,1,-0.332324
284216,0.07223157468849101,1,-0.48930067
373744,-0.5737556783504859,1,-0.7628259
374744,0.0382322455811736,1,-0.21786368
187983,-0.0637657417407688,1,-0.54597765
188825,0.616220840405521,1,-0.14183193
190819,0.344226207547006,1,-0.4780273
375502,-1.4237389060333503,1,-0.16397813
189854,1.12621077701524,1,1.0290607
375995,-0.8457503112090009,1,-0.9954217
375772,1.39820540987375,1,0.39322373
189038,-0.0637657417407688,1,-0.9061577
190815,1.09221144790793,1,0.3936047
375547,-0.36975970370660105,1,-0.3207715
187883,-0.709752994779746,1,-0.39597976
375626,1.3302067516591205,1,0.906841
189210,-0.301761045491971,1,0.7572313
375062,-0.607755007457798,1,-0.54219997
373730,0.242228220225063,1,-0.27669019
283252,0.27622754933237603,1,0.6556612
188452,0.174229562010433,2,-0.5288735
189894,1.19420943522987,2,0.9864941
189979,1.46620406808838,2,0.57997036
187906,0.310226878439688,2,0.5829021
188268,-0.199763058170029,2,-1.1023725
187599,1.3302067516591205,2,0.020312648
188898,0.344226207547006,2,0.2773138
284190,0.412224865761636,2,-0.13466422
188174,-0.7777516529943709,2,-0.2852599
188517,-1.6957335388918602,2,-1.1544462
190806,-0.199763058170029,2,-0.18880923
283416,-0.403759032813914,2,-0.14046493
375921,0.0382322455811736,2,-0.027952794
189115,0.684219498620151,2,0.16839798
373754,-1.18574360228215,2,-0.87749434
187585,0.378225536654318,2,0.6672572
308011,-1.15174427317483,2,-0.47716275
188441,0.8202168150494051,2,0.921335
187771,-2.10372548817964,2,-0.44919387
336684,-1.6957335388918602,2,-0.018610647
284241,0.27622754933237603,2,-0.36132807
373627,0.75221815683478,2,-0.28046486
283796,0.242228220225063,2,0.43862617
375943,-0.165763729062711,2,0.06091537
188510,-0.131764399955399,2,-0.44524622
284354,1.2622080934445,2,-0.4700165
187984,-0.471757691028543,2,-0.2942792
190296,0.616220840405521,2,0.3824736
283989,-0.437758361921226,2,-0.67844784
318550,1.09221144790793,2,1.1920269
375899,-0.675753665672428,2,-0.7718386
374517,0.106230903795803,2,0.725044
189009,-0.131764399955399,2,0.46132502
188163,-0.131764399955399,2,-0.2798859
283767,0.344226207547006,2,0.28084925
187956,0.310226878439688,2,-0.25641662
374629,-1.2877415896040902,2,-1.0831724
189193,-0.0977650708480814,2,-0.8360682
188185,-1.25374226049678,2,-0.17229266
187856,-0.539756349243173,2,-0.017048696
375551,-0.743752323887058,2,0.2686774
187992,-2.27372213371621,2,0.16778684
189790,0.208228891117746,2,0.6371999
187842,-0.675753665672428,2,-1.2402605
188930,0.8882154732640349,2,0.3319767
187892,0.548222182190891,2,0.5205929
189025,-1.2877415896040902,2,-0.4904355
374391,1.60220138451764,2,0.93288594
187783,0.0382322455811736,2,-0.036375705
373509,0.582221511298208,2,0.01780394
188466,0.378225536654318,2,-0.42198974
188292,-1.4917375642479802,2,-0.5213406
187770,-2.30772146282352,2,-0.7274724
375594,-0.743752323887058,2,-0.2293641
308004,1.7381987009469,2,0.89506155
375705,-2.9197093867551898,2,-0.67219436
283171,0.344226207547006,2,0.0152833685
374253,1.16021010612255,2,1.1753491
188979,1.05821211880061,2,0.07935557
187686,0.27622754933237603,2,1.012919
187545,-1.52573689335529,2,-1.6146977
187462,-0.539756349243173,2,-0.0830458
190174,0.9562141314786652,2,0.19542007
375871,-0.505757020135856,2,0.5343979
374037,-0.0637657417407688,2,0.10419657
375905,0.208228891117746,2,0.043379586
373656,-0.36975970370660105,2,-0.33137247
188341,-0.0637657417407688,2,-0.9702487
283160,-0.0637657417407688,2,-0.72061926
375024,0.00423291647386105,2,-0.42599195
283279,-0.199763058170029,2,-0.7455718
283515,-0.267761716384654,2,-0.1298128
373799,0.0382322455811736,2,0.31842995
188536,-0.709752994779746,2,0.8666407
374064,1.12621077701524,2,0.68804526
190124,0.8202168150494051,2,-0.24962868
188444,-0.7777516529943709,2,-0.20672596
187993,-2.44371877925278,2,-0.3501533
283754,-0.131764399955399,2,0.25099236
188596,-1.2877415896040902,2,-0.68972355
375661,0.75221815683478,2,-0.9955223
375731,-0.9817476276382612,2,-0.74519277
374112,-0.607755007457798,2,-0.120827734
190802,0.9562141314786652,2,0.5464809
375597,0.9222148023713532,2,0.60230726
308269,-0.301761045491971,2,0.21503873
283144,-1.4917375642479802,2,-0.23619968
189974,-0.8457503112090009,2,-0.42432144
190173,1.09221144790793,2,0.47737223
374603,-0.165763729062711,2,0.050457407
189734,-1.04974628585289,2,0.092300065
375728,-0.505757020135856,2,-1.1716261
375687,-0.233762387277341,2,-0.33730346
187535,0.514222853083578,2,0.2685753
373795,0.446224194868948,2,0.83060753
374382,1.39820540987375,2,0.3255557
374331,0.106230903795803,2,0.40784767
189231,0.310226878439688,2,-0.5217194
189853,0.684219498620151,2,0.7958928
284324,0.378225536654318,2,0.16605966
375674,1.2622080934445,2,0.0049989806
189236,0.208228891117746,2,0.5148472
189840,0.174229562010433,2,0.4108124
374917,-1.11774494406752,2,-0.8745487
188957,1.09221144790793,2,0.22794102
188526,-2.98770804496981,2,-1.3900572
374614,0.480223523976261,2,-9.837052e-05
374177,1.19420943522987,2,0.7503569
187669,1.53420272630301,2,1.0069005
374396,1.29620742255181,2,0.9695656
188463,0.514222853083578,2,0.8800593
375708,0.75221815683478,2,-0.20030671
318176,0.9222148023713532,2,1.0191101
375890,-0.505757020135856,2,-0.9160658
188563,-1.04974628585289,2,0.15849192
187960,0.27622754933237603,2,0.29273862
189301,0.514222853083578,2,0.5728178
375565,1.19420943522987,2,0.6246141
188988,1.2622080934445,2,0.37317297
187979,-1.76373219710649,2,-0.16897532
376027,-2.00172750085769,2,-1.6057332
187887,0.106230903795803,2,-0.1743386
374749,-0.6417543365651159,2,-0.05558818
283449,-0.267761716384654,2,0.21244977
375006,0.514222853083578,2,-0.08885084
375706,-1.6957335388918602,2,-0.89028525
284222,0.8882154732640349,2,-0.6747568
190778,1.22820876433718,2,0.5210907
190067,-0.505757020135856,2,0.6027374
376012,-1.86573018442843,2,-0.7109704
188704,-0.0637657417407688,2,-0.36706775
188314,1.36420608076644,2,0.50871104
188064,-1.86573018442843,2,0.0788495
187958,0.27622754933237603,2,-0.6324274
190082,-0.165763729062711,2,0.61406285
189625,-1.18574360228215,2,-0.8935961
283638,0.7182188277274629,2,-0.3175695
190070,-0.9817476276382612,2,0.20989168
189049,0.378225536654318,2,0.25055745
188215,-1.04974628585289,2,-0.9307097
187998,0.27622754933237603,2,0.60259014
374927,0.514222853083578,2,-0.10940297
283230,-0.8457503112090009,2,-1.1263627
187880,-3.2257033487210096,2,-0.41709805
187714,0.310226878439688,2,-0.77351725
284165,0.106230903795803,2,-0.12593155
187543,-1.21974293138946,2,-0.09278702
283843,-0.505757020135856,2,-0.03617814
190191,-0.131764399955399,2,-0.15383704
188922,-1.38973957692604,2,-0.20553072
283752,-0.165763729062711,2,-0.4669349
284327,0.344226207547006,2,0.34584674
188092,-0.335760374599284,2,-0.017525712
188355,1.70419937183958,2,0.2811509
188061,-0.301761045491971,2,0.105068706
188321,0.0382322455811736,2,-0.45663068
187541,0.582221511298208,2,0.45469245
187573,-1.6957335388918602,2,-0.8975013
373872,0.650220169512833,2,0.42862946
375994,-1.7977315262138,2,-0.9538676
190818,0.412224865761636,2,0.11333604
187736,-1.86573018442843,2,-0.50527877
188105,0.106230903795803,2,-0.15178116
187594,-0.0637657417407688,2,-1.1928791
375620,1.19420943522987,2,0.7369073
283138,0.548222182190891,2,-0.29539904
188102,0.582221511298208,2,0.47633958
375707,-0.947748298530943,2,-0.49508333
284002,0.8202168150494051,2,0.76627004
187853,-0.9817476276382612,2,-0.18134184
189042,0.106230903795803,2,-0.19057444
283106,0.310226878439688,2,-0.37480664
187812,-0.267761716384654,2,-0.6393488
187982,0.8202168150494051,2,-0.669759
374155,0.9562141314786652,2,0.504649
374604,-0.403759032813914,2,0.055316966
189958,-1.18574360228215,2,-0.234359
187507,0.548222182190891,2,0.41400284
188899,1.29620742255181,2,1.0016373
188975,-0.7777516529943709,2,-0.016618742
375693,-2.1547244818406104,2,-1.1843985
187776,-1.76373219710649,2,-1.157745
187805,0.208228891117746,2,0.16778028
283670,0.514222853083578,2,-0.08712705
336688,-0.607755007457798,2,0.37221697
187804,-1.4577382351406598,2,0.27781522
187844,0.0382322455811736,2,-0.3946275
374658,-0.301761045491971,2,-1.272935
283825,0.174229562010433,2,0.3901475
188331,0.75221815683478,2,1.0549594
188357,2.41818528309319,2,0.7541303
189299,-1.35574024781872,2,0.47761402
283312,0.378225536654318,2,-0.65602636
375494,0.27622754933237603,2,0.38736385
187653,-2.27372213371621,2,-0.81992865
189797,1.12621077701524,2,0.7801535
283229,-0.437758361921226,2,-0.747904
283770,-0.335760374599284,2,0.15258177
190005,1.60220138451764,2,1.0616318
375939,-0.811750982101688,2,-0.5752797
189289,-0.539756349243173,3,-0.61112666
319956,1.43220473898107,3,0.8495991
189278,0.650220169512833,3,0.23580925
188777,0.208228891117746,3,0.15836008
374213,0.7182188277274629,3,0.33093885
375546,-0.879749640316318,3,0.48330945
375778,-1.01574695674557,3,-0.0004363969
189043,-1.38973957692604,3,-0.73110765
374204,1.2622080934445,3,1.2228686
187493,0.9562141314786652,3,0.33659887
375698,-1.25374226049678,3,0.17930867
190814,-1.01574695674557,3,-0.0977821
373980,1.05821211880061,3,-0.070038535
283162,0.8202168150494051,3,0.13561954
187707,0.514222853083578,3,-0.50657195
283776,0.208228891117746,3,-0.2220033
188554,-2.00172750085769,3,-0.6065168
189241,0.27622754933237603,3,0.60989314
189059,-0.301761045491971,3,-0.9392604
188943,-1.04974628585289,3,-1.0961525
374505,-1.25374226049678,3,-0.009432358
189002,0.27622754933237603,3,0.23942009
190733,1.39820540987375,3,0.6278437
283846,0.446224194868948,3,0.32666644
190076,1.22820876433718,3,0.4770017
375389,0.582221511298208,3,-0.2887197
190101,0.0382322455811736,3,-0.1349547
375711,-0.811750982101688,3,-0.15247111
187583,-0.607755007457798,3,-0.5288931
188500,0.8202168150494051,3,-0.09658295
187514,-1.55973622246261,3,0.18589719
3624697,-0.335760374599284,3,-1.0097679
187536,-0.9137489694236308,3,0.4285487
187976,0.990213460585978,3,-0.051173575
283732,0.990213460585978,3,-0.020920018
187537,0.07223157468849101,3,0.63651264
188521,-1.83173085532112,3,-0.9845412
188157,-0.471757691028543,3,-0.27148145
188267,-0.233762387277341,3,-0.4239964
187784,-0.199763058170029,3,0.23646691
188302,-1.15174427317483,3,-1.1282448
188429,-2.34172079193084,3,-0.15678412
188530,0.446224194868948,3,0.19556919
189819,-0.165763729062711,3,0.9723646
373694,-0.5737556783504859,3,-0.3098038
187879,-2.61371542478935,3,0.08354612
284192,-0.437758361921226,3,-1.1636394
317951,1.60220138451764,3,0.9144677
187548,-0.539756349243173,3,-0.08005174
190072,-0.709752994779746,3,0.26281267
375717,-0.199763058170029,3,-1.1046627
190045,1.36420608076644,3,0.9954004
375634,-1.4237389060333503,3,-1.2059541
187677,-1.0837456149601998,3,-0.5628547
189003,0.9222148023713532,3,0.29668182
188947,0.344226207547006,3,-0.17588693
187755,-1.04974628585289,3,-1.2032163
373506,-0.8457503112090009,3,0.25039023
284110,1.39820540987375,3,0.51843345
2437286,-3.3956999942575896,3,-1.105374
188075,-2.57971609568204,3,-0.17037544
336482,1.60220138451764,3,0.73400533
190036,1.70419937183958,3,0.6863526
374362,0.8882154732640349,3,0.043913867
190142,0.514222853083578,3,0.49073538
187807,-1.4237389060333503,3,-0.27027324
336478,1.05821211880061,3,0.6586623
187484,0.786217485942093,3,0.49096373
187510,-1.2877415896040902,3,0.27747762
188345,1.67020004273227,3,0.8473808
187895,1.16021010612255,3,0.24021815
189766,-0.403759032813914,3,1.1515397
283127,0.174229562010433,3,0.24441803
375503,0.7182188277274629,3,0.675685
375582,0.871215808710379,3,0.63901544
283719,0.27622754933237603,3,0.058244955
2437409,0.208228891117746,3,-0.73796016
187664,1.67020004273227,3,0.9162142
187678,-1.15174427317483,3,-0.57769203
190499,-0.301761045491971,3,0.6083764
188781,-0.0977650708480814,3,-0.9994075
375417,-0.607755007457798,3,-0.23850474
188317,0.75221815683478,3,-0.21782033
374681,-0.7777516529943709,3,-0.21066955
375681,-0.199763058170029,3,-0.45361808
188291,-0.607755007457798,3,-0.6971021
375557,0.854216144156723,3,-0.6095776
284336,-0.471757691028543,3,-0.20250024
187729,0.548222182190891,3,0.368472
2437258,-1.59373555156992,3,0.41187713
374388,1.22820876433718,3,0.31783053
319779,-0.7267526593334019,3,0.61296415
189094,-0.0297664126334563,3,0.34367007
188320,0.9222148023713532,3,0.6096486
189776,1.63620071362495,3,0.9782195
189225,-0.233762387277341,3,-0.17091502
374894,-1.59373555156992,3,0.21552081
374743,0.9222148023713532,3,0.51509565
188792,-0.335760374599284,3,0.90960914
189293,1.22820876433718,3,0.42098698
373522,0.75221815683478,3,-0.31331256
374718,0.378225536654318,3,0.091497675
189757,1.09221144790793,3,-0.005845056
308008,2.28218796666393,3,0.7289781
373770,-0.131764399955399,3,1.0355937
283757,0.582221511298208,3,-0.3122685
190198,0.514222853083578,3,0.39441603
189977,0.854216144156723,3,0.84396094
190810,0.8882154732640349,3,-0.21821426
189039,0.9562141314786652,3,0.6171001
187858,-0.947748298530943,3,-0.1949908
188630,-0.7777516529943709,3,0.9902491
374918,0.0382322455811736,3,0.43777147
187757,0.27622754933237603,3,-0.20790417
284239,-0.675753665672428,3,-0.81113386
189168,-0.505757020135856,3,-0.72082406
188633,-1.04974628585289,3,0.23938015
336685,0.174229562010433,3,-0.27523974
190403,0.990213460585978,3,0.7386935
284182,-0.0977650708480814,3,-0.7193108
187705,0.27622754933237603,3,-0.4752915
2437378,-1.66173420978455,3,0.63920474
284277,0.7182188277274629,3,0.2751704
187810,-1.66173420978455,3,-0.7372096
375857,0.07223157468849101,3,-0.24959366
187508,0.7182188277274629,3,0.90509725
187461,0.75221815683478,3,0.27495348
375589,-0.0977650708480814,3,-0.011099533
189883,1.29620742255181,3,1.1514404
187716,-1.2877415896040902,3,-0.24374469
375813,-4.61967584212091,3,-1.051629
187756,-0.267761716384654,3,-0.34274155
189068,-1.96772817175038,3,-1.4679513
2437214,0.310226878439688,3,0.21405506
188820,0.208228891117746,3,0.12269401
375688,1.2622080934445,3,0.40067437
375800,0.7352184922811191,3,-0.12840916
374472,1.09221144790793,3,0.9805413
374479,1.2622080934445,3,0.80409086
188235,-1.6957335388918602,3,-0.7435159
375825,-1.32174091871141,3,-0.90454704
187840,-0.0297664126334563,3,-0.9257489
375997,-1.55973622246261,3,-0.123889625
189996,1.3302067516591205,3,0.9315223
283598,0.0382322455811736,3,-0.111420274
375941,-0.743752323887058,3,0.6663606
187457,-2.68171408300398,3,0.34037358
336484,0.990213460585978,3,1.1122935
189268,0.854216144156723,3,1.0908141
190190,0.106230903795803,3,0.6585077
187526,-0.437758361921226,3,0.53279305
187579,-0.9137489694236308,3,-1.3285314
189628,0.9562141314786652,3,0.067148596
374239,0.582221511298208,3,0.72877944
375896,0.429224530315292,3,-1.1821488
189703,-0.9137489694236308,3,-0.016492167
188086,-0.879749640316318,3,-0.33626884
374416,1.16021010612255,3,0.5305194
375832,-0.6417543365651159,3,-0.07924917
188055,0.378225536654318,3,-0.42776704
188142,0.480223523976261,3,-0.32292986
374531,0.446224194868948,3,0.03925458
189027,-0.233762387277341,3,0.31530595
189669,0.9562141314786652,3,0.72961706
190035,1.2622080934445,3,0.8843081
375498,0.854216144156723,3,-0.61639565
187901,1.12621077701524,3,0.24274766
190709,1.0242127896933,3,0.87429637
187728,0.650220169512833,3,0.40785304
187988,-0.0977650708480814,3,-0.4669893
375295,0.00423291647386105,3,-0.19659294
374419,0.75221815683478,3,0.372003
375752,1.22820876433718,3,0.18022157
374703,-1.76373219710649,3,-0.32248926
375950,0.412224865761636,3,0.54848033
373733,0.650220169512833,3,-0.57227975
284203,0.480223523976261,3,0.4522763
188250,-1.21974293138946,3,-1.3542341
283599,-1.01574695674557,3,-0.67527527
190790,-0.0637657417407688,3,0.011278829
187987,0.8882154732640349,3,0.040066406
189015,-0.199763058170029,3,-0.2682732
374527,0.174229562010433,3,-0.3801098
189629,0.582221511298208,3,-0.083071336
188780,-0.437758361921226,3,-0.81489766
189242,0.0382322455811736,3,-0.020397294
319284,-1.62773488067723,3,-0.4253626
188402,1.09221144790793,3,0.5474086
190006,0.616220840405521,3,0.9464224
374712,-1.35574024781872,3,-0.4779992
336781,0.7182188277274629,3,0.5740579
187588,-0.233762387277341,3,-1.5160931
187834,0.14023023290311598,3,-0.12295622
187981,0.480223523976261,3,-1.0176591
375288,-1.32174091871141,3,-0.46772298
187889,-0.0297664126334563,3,0.42869705
374768,-0.6417543365651159,3,-0.07274715
375509,-1.76373219710649,3,-0.6281016
375371,-0.607755007457798,3,-0.014843568
188369,0.514222853083578,3,0.023392564
189018,-0.539756349243173,4,0.15015958
284145,-1.21974293138946,4,-0.7322085
374110,0.27622754933237603,4,0.16073413
190089,0.7182188277274629,4,0.56092113
375391,1.05821211880061,4,-0.5010764
374598,0.242228220225063,4,0.26541066
190813,1.16021010612255,4,0.90563965
189712,1.14321044156889,4,0.27551132
283300,-1.52573689335529,4,-0.41320208
373743,-0.539756349243173,4,-1.0376768
188543,-0.471757691028543,4,0.09396871
376021,0.310226878439688,4,-0.37972552
375567,1.53420272630301,4,0.1374939
2437251,-3.34470100059662,4,-0.599606
283707,-1.0837456149601998,4,-0.40699872
187662,-0.0977650708480814,4,0.013025743
374475,1.39820540987375,4,0.37606072
188603,-0.6417543365651159,4,-1.086584
187470,0.174229562010433,4,0.15440425
190780,-0.743752323887058,4,-1.2774233
2437048,-1.25374226049678,4,-0.5213785
375696,1.16021010612255,4,0.71701837
188187,0.00423291647386105,4,-1.0751499
374609,-1.21974293138946,4,-0.2427507
283634,0.990213460585978,4,-0.27930948
283179,0.7182188277274629,4,0.16523972
283235,-0.165763729062711,4,0.34985185
190344,-1.7977315262138,4,-0.7670664
189997,1.29620742255181,4,0.8561867
373674,-3.12370536139907,4,-1.0026248
374961,0.378225536654318,4,-0.2429637
189294,0.8202168150494051,4,0.078105904
283808,-0.36975970370660105,4,0.26199254
283215,0.684219498620151,4,0.64151853
376000,-0.233762387277341,4,-0.027621768
374937,0.616220840405521,4,-0.115634665
188449,0.00423291647386105,4,0.26846874
375274,-0.199763058170029,4,-0.3240882
190037,0.582221511298208,4,0.44988596
188464,-2.68171408300398,4,0.2502011
190111,0.9222148023713532,4,0.4933947
189868,1.12621077701524,4,0.48522633
375446,0.27622754933237603,4,0.066324964
187567,-0.199763058170029,4,-0.32888368
188541,-1.11774494406752,4,-0.7927918
190132,-2.8177113994332403,4,-1.2374666
187863,-0.539756349243173,4,-0.34469017
375585,-0.471757691028543,4,0.54310685
374483,0.208228891117746,4,0.6103321
373769,0.00423291647386105,4,0.0026622089
375409,0.9222148023713532,4,-0.30275744
188156,0.14023023290311598,4,-0.21718387
190138,-2.34172079193084,4,-1.3633534
187986,-1.11774494406752,4,-0.5807929
283779,-0.9817476276382612,4,-0.4358151
374616,-0.607755007457798,4,-0.42517543
374641,0.514222853083578,4,0.026416585
189696,1.09221144790793,4,0.88360995
283444,0.446224194868948,4,0.50219077
375952,0.310226878439688,4,0.3558858
375773,0.514222853083578,4,-0.03931433
188911,0.00423291647386105,4,0.22951569
189222,-0.607755007457798,4,-0.7228717
284369,-0.267761716384654,4,-1.1499487
188492,0.514222853083578,4,0.43399015
374378,1.5682020554103202,4,0.9758944
189871,0.9562141314786652,4,0.5380378
374011,0.548222182190891,4,0.2666923
336476,1.19420943522987,4,0.8858196
188987,0.548222182190891,4,0.48338467
189630,-0.0637657417407688,4,0.6856828
373734,0.548222182190891,4,-0.47374868
189288,0.378225536654318,4,0.19050214
374590,1.3302067516591205,4,0.6077376
318173,1.63620071362495,4,0.51460737
187949,-1.0837456149601998,4,-0.64664114
187801,1.39820540987375,4,0.399091
284248,-2.30772146282352,4,-0.9807867
188976,0.8202168150494051,4,0.54561794
283964,-2.69871374755764,4,-0.47501436
374630,0.00423291647386105,4,0.010705612
187566,-0.0977650708480814,4,-0.3785473
188909,-0.199763058170029,4,-1.7698259
188113,-2.10372548817964,4,-0.40160725
283120,-0.301761045491971,4,0.096688
187500,0.582221511298208,4,0.6086434
190757,-1.0837456149601998,4,0.19637187
374395,1.60220138451764,4,0.89435405
374956,0.0382322455811736,4,0.019784205
374568,1.60220138451764,4,0.07058385
189686,1.46620406808838,4,1.3041302
189221,-1.0837456149601998,4,-0.9702091
190669,0.8202168150494051,4,1.0047133
189229,0.548222182190891,4,0.26122677
190795,0.8202168150494051,4,0.2272958
2437415,0.7182188277274629,4,0.1320415
283756,0.412224865761636,4,-0.17909591
375807,-0.0637657417407688,4,0.030464435
187869,0.174229562010433,4,0.7429491
188239,0.75221815683478,4,0.5684101
190125,-0.199763058170029,4,-0.03487397
187611,-0.199763058170029,4,0.22935751
189822,1.53420272630301,4,1.1259167
189201,-0.607755007457798,4,-1.006106
283602,0.344226207547006,4,-0.82588905
188476,-0.505757020135856,4,-0.23943023
188425,-1.38973957692604,4,-0.2669392
336483,1.39820540987375,4,0.81832
373863,0.27622754933237603,4,0.43359053
2437280,-0.301761045491971,4,-0.21672492
188146,0.480223523976261,4,0.045561895
187471,1.70419937183958,4,0.31959605
187711,1.0242127896933,4,-0.13362153
283813,0.174229562010433,4,0.41122317
187681,-1.11774494406752,4,-0.8541834
374017,0.9562141314786652,4,0.6705103
187796,1.12621077701524,4,0.16357394
374147,0.0382322455811736,4,0.4363886
374024,1.16021010612255,4,0.013275748
188757,-0.0637657417407688,4,-0.0758632
188482,-1.59373555156992,4,-0.21615855
188249,0.480223523976261,4,-0.6664369
187576,0.786217485942093,4,0.23785833
187753,0.14023023290311598,4,-0.060259324
187975,0.684219498620151,4,-0.25538954
373485,1.19420943522987,4,0.013074633
190167,0.208228891117746,4,-0.17631125
188906,0.344226207547006,4,0.40285763
188359,1.84019668826884,4,0.7801577
375746,1.7381987009469,4,0.55371165
374995,1.22820876433718,4,0.6162719
375662,0.786217485942093,4,0.2558261
376048,-0.335760374599284,4,-0.45636958
189991,0.990213460585978,4,0.7608474
375342,-1.0837456149601998,4,-0.48312274
374368,0.27622754933237603,4,-0.41174635
188785,-1.55973622246261,4,-1.0545394
187656,-0.6417543365651159,4,-1.4427365
187760,-0.0977650708480814,4,-0.070129044
187523,0.9562141314786652,4,0.28681144
188992,0.9222148023713532,4,0.38078582
188248,0.786217485942093,4,0.1609156
375545,0.412224865761636,4,-0.21967731
375820,-1.96772817175038,4,-0.72689694
190062,0.344226207547006,4,-0.36099234
189319,0.786217485942093,4,0.28213555
189234,0.990213460585978,4,-0.21324152
189887,1.22820876433718,4,0.89071757
376040,-0.743752323887058,4,-0.018770471
374436,0.8882154732640349,4,0.45331335
189238,1.22820876433718,4,0.5835566
374612,0.344226207547006,4,0.02538461
308010,-1.55973622246261,4,-0.38972664
375571,-0.0977650708480814,4,-0.023889938
336485,1.19420943522987,4,0.6281935
187920,0.174229562010433,4,-0.41503406
188237,0.7182188277274629,4,0.06416719
188028,-0.301761045491971,4,-0.22603013
374592,0.07223157468849101,4,0.26134473
190130,1.05821211880061,4,0.3810911
373575,0.310226878439688,4,-0.25121972
187527,-1.32174091871141,4,-0.5411979
187473,-0.6417543365651159,4,-0.20439321
374912,0.378225536654318,4,0.44902688
373948,0.9222148023713532,4,0.2662648
187824,0.106230903795803,4,0.039532334
187549,-0.709752994779746,4,-0.08390802
374688,0.14023023290311598,4,-0.16643462
187826,-0.607755007457798,4,-0.14911221
308254,-0.199763058170029,4,0.010048335
187818,-0.0297664126334563,4,-0.40752995
375817,0.3612258721006621,4,-0.19249758
189811,0.582221511298208,4,0.7904716
373745,0.0892312392421472,4,0.0110409465
189189,1.60220138451764,4,0.56093407
189862,1.09221144790793,4,0.5332032
190055,1.84019668826884,4,0.952284
188117,0.208228891117746,4,0.6289071
187550,0.07223157468849101,4,0.37154913
2437194,0.684219498620151,4,0.85905063
187685,1.43220473898107,4,1.0592055
283784,-1.25374226049678,4,-0.37470073
319955,0.582221511298208,4,0.31425965
318174,1.7381987009469,4,0.9110787
187710,-0.675753665672428,4,-0.33801293
284025,2.02719299835907,4,0.54691976
188093,-0.0637657417407688,4,-0.93329394
188051,-0.5737556783504859,4,-0.16547167
187692,0.242228220225063,4,-0.46193713
375663,0.8202168150494051,4,0.54274476
375444,-0.0637657417407688,4,-0.29802564
283819,0.14023023290311598,4,0.49546587
190092,0.07223157468849101,4,-0.35550135
188095,0.0382322455811736,4,-0.10558784
284066,0.633220504959177,4,0.60244024
190799,0.242228220225063,4,-0.2983397
283755,-0.335760374599284,4,-0.1569134
2437267,-1.62773488067723,4,-0.91615194
375816,0.19122922656409,4,-0.1758645
189063,1.46620406808838,4,0.7111771
187712,-0.8457503112090009,5,-0.22411105
188370,0.446224194868948,5,0.15125453
374541,0.344226207547006,5,0.1063308
188980,0.684219498620151,5,0.38559848
283427,-0.403759032813914,5,-0.5609859
375993,0.242228220225063,5,0.027915977
375702,0.684219498620151,5,0.07666149
189889,0.9222148023713532,5,0.37879744
189029,1.29620742255181,5,-0.2286652
375795,-1.76373219710649,5,0.1719911
189684,1.05821211880061,5,0.0010959739
189346,-1.6957335388918602,5,-0.7225237
373621,0.8882154732640349,5,0.3212706
188335,0.9222148023713532,5,0.9140088
189666,0.684219498620151,5,0.9069325
374398,1.19420943522987,5,0.7797065
190057,0.412224865761636,5,0.7655456
190071,-1.01574695674557,5,-0.2216257
373654,-0.505757020135856,5,-0.15695187
283194,0.548222182190891,5,0.53960234
187921,0.310226878439688,5,-0.074915156
188053,0.344226207547006,5,0.10451004
375692,-2.88571005764787,5,-0.8241784
283119,1.19420943522987,5,0.6034349
189715,-0.403759032813914,5,0.6253431
375802,-0.709752994779746,5,-0.33026758
187603,-0.471757691028543,5,0.24074812
374706,-1.11774494406752,5,-0.22870415
190817,0.990213460585978,5,0.61808157
188067,-0.233762387277341,5,-0.7801342
374935,0.446224194868948,5,-0.07979358
374589,-2.78371207032593,5,-0.73500794
375335,-1.55973622246261,5,-0.6788888
375740,0.837216479603067,5,-0.15549313
283130,0.344226207547006,5,-0.28166202
374548,0.616220840405521,5,0.5224812
317953,1.05821211880061,5,1.2102464
284236,-0.471757691028543,5,-0.5747489
187555,-1.01574695674557,5,-1.2985275
190816,-0.879749640316318,5,-0.8053791
187474,0.480223523976261,5,0.49204975
188672,0.27622754933237603,5,0.6279171
188774,0.786217485942093,5,-0.079175934
189291,0.344226207547006,5,0.2620145
283359,-0.165763729062711,5,-0.34426004
375697,-0.505757020135856,5,-0.47186914
375564,-0.28476138093831505,5,-0.044052012
375452,1.70419937183958,5,0.88692576
188942,0.7182188277274629,5,-0.5656526
283668,0.00423291647386105,5,-0.07656905
187886,-0.165763729062711,5,0.11722387
189188,-0.233762387277341,5,-0.87967014
375540,0.8882154732640349,5,0.34208155
188913,-0.7777516529943709,5,0.30730647
189020,0.582221511298208,5,0.2465269
283722,1.50020339719569,5,0.1716347
375716,-1.38973957692604,5,-1.0623657
188443,-0.199763058170029,5,0.7406504
188468,0.8202168150494051,5,-0.33938444
188201,-0.709752994779746,5,-1.0052408
374397,1.70419937183958,5,0.9335548
375370,-0.7777516529943709,5,-0.25623962
188379,0.9222148023713532,5,0.4334855
373481,0.242228220225063,5,0.19783252
188269,0.242228220225063,5,0.55732125
187551,0.242228220225063,5,-0.42882243
187985,0.208228891117746,5,-0.47978604
187766,-0.267761716384654,5,-0.19844593
189010,0.412224865761636,5,0.3393802
283812,0.344226207547006,5,0.5002423
374429,-0.0467660771871126,5,0.13278948
284176,-0.131764399955399,5,-0.22786134
283772,-1.04974628585289,5,-0.10396762
375830,0.378225536654318,5,0.43968403
308007,1.46620406808838,5,0.53024375
283736,0.344226207547006,5,0.58629495
187612,-0.233762387277341,5,0.28331578
373900,0.514222853083578,5,-0.4936521
374001,0.75221815683478,5,0.48973238
374694,-0.0977650708480814,5,-0.06806299
190792,-1.15174427317483,5,-0.66119385
188036,-0.7777516529943709,5,-0.5455743
376032,-2.4267191146991296,5,-1.6410946
188529,-1.55973622246261,5,-0.45928514
189869,0.9562141314786652,5,0.504657
188383,1.05821211880061,5,0.10247285
284251,-0.36975970370660105,5,-1.2154211
188999,-0.947748298530943,5,0.50483716
189138,-0.165763729062711,5,0.41178358
283715,0.208228891117746,5,-0.36725304
373672,-0.36975970370660105,5,-0.30777553
375780,-0.267761716384654,5,0.09905433
283214,0.9222148023713532,5,0.5710623
190096,0.14023023290311598,5,-0.009233682
187820,-0.233762387277341,5,-0.18491173
375560,-0.539756349243173,5,-0.09458377
376050,1.39820540987375,5,1.2425554
284368,-1.2877415896040902,5,-0.82272696
284090,0.7182188277274629,5,0.16279027
189928,1.36420608076644,5,0.82349503
376033,0.07223157468849101,5,0.050487224
374156,0.446224194868948,5,0.47711104
283109,0.7182188277274629,5,-0.47376496
188577,0.75221815683478,5,0.33434048
188220,0.854216144156723,5,-0.26021263
374763,0.378225536654318,5,0.11367476
374171,-0.709752994779746,5,0.14753857
189668,0.412224865761636,5,0.1199707
187703,0.208228891117746,5,-0.083836384
376013,-1.4917375642479802,5,-1.05085
374442,-1.2877415896040902,5,-1.0410541
188401,1.05821211880061,5,0.46857885
375457,-0.947748298530943,5,-0.4212271
187676,-0.7777516529943709,5,-0.4212019
373782,0.8202168150494051,5,0.532832
188532,0.582221511298208,5,0.5718349
189232,0.0382322455811736,5,0.13130784
375596,-0.335760374599284,5,-0.55275214
190064,-0.165763729062711,5,0.81471556
188997,-0.165763729062711,5,-1.170127
188970,0.480223523976261,5,0.4600458
373991,0.310226878439688,5,-0.32190406
283817,-0.9817476276382612,5,-0.42588797
283801,0.0382322455811736,5,-0.20874104
188734,0.7182188277274629,5,0.06249664
375628,0.684219498620151,5,1.0934596
374669,-0.5737556783504859,5,-0.08090764
318552,0.854216144156723,5,0.78418446
188872,1.22820876433718,5,0.8501549
188327,-0.0977650708480814,5,0.26537117
189667,0.174229562010433,5,0.31246197
189290,0.548222182190891,5,0.39235133
189343,0.14023023290311598,5,-0.814335
189013,0.514222853083578,5,0.017649295
188912,1.2622080934445,5,0.37936145
283914,-2.27372213371621,5,-0.87951857
373939,-1.55973622246261,5,-0.14087245
283769,-0.36975970370660105,5,-0.020333426
373675,-1.66173420978455,5,-0.7354851
188640,1.63620071362495,5,1.072994
188384,-0.165763729062711,5,-0.31352195
189008,0.582221511298208,5,-0.101018414
187903,1.3302067516591205,5,0.38501737
187781,-2.7157134121113,5,-1.3712964
373628,-0.743752323887058,5,0.37180108
187754,-1.18574360228215,5,-0.75085944
188506,0.412224865761636,5,0.20863622
188861,0.8882154732640349,5,-0.7617457
283775,-0.301761045491971,5,1.2898349
374537,0.616220840405521,5,0.39550677
188019,-1.72973286799918,5,-0.7199807
187725,0.514222853083578,5,0.24753714
373903,0.344226207547006,5,-0.50852907
189760,1.05821211880061,5,1.0565109
374567,1.60220138451764,5,0.6909997
375372,0.174229562010433,5,-0.18040071
188137,-1.32174091871141,5,0.031585637
188079,-0.6417543365651159,5,-0.27205995
188029,-0.6417543365651159,5,0.17198746
189012,0.07223157468849101,5,0.6574051
187691,-0.0977650708480814,5,0.39237443
189287,0.7182188277274629,5,0.6396428
188012,0.106230903795803,5,0.43505684
187957,-0.403759032813914,5,0.4149666
283859,-0.709752994779746,5,0.26035023
190000,1.3302067516591205,5,0.9150302
190458,0.7182188277274629,5,-0.19059296
374377,0.990213460585978,5,0.9036041
189248,-0.301761045491971,5,0.22609471
188507,-0.36975970370660105,5,-0.27179423
189090,0.174229562010433,5,0.6193672
283777,0.412224865761636,5,-0.15905412
308253,-0.0637657417407688,5,0.23342417
375859,0.07223157468849101,5,0.06592538
188000,-1.04974628585289,5,-0.038503505
188326,0.378225536654318,5,0.2698509
188338,0.75221815683478,5,-0.01904119
376001,0.0382322455811736,5,0.30759412
187857,-0.8457503112090009,5,0.2478122
375591,1.05821211880061,5,1.0997887
374719,0.208228891117746,5,0.6387273
374451,-0.709752994779746,5,-0.40440544
2437308,-0.165763729062711,5,0.07381994
375511,0.9732137960323208,5,0.6972049
374365,-2.0697261590723204,5,-0.24498412
187731,0.854216144156723,5,-0.62081766
189637,0.548222182190891,5,-0.065277226
2437268,-0.947748298530943,5,-0.8512826
189455,-0.8457503112090009,5,0.40742525
319781,-0.301761045491971,5,-0.23388594
374613,-1.0837456149601998,5,-0.35776952
187497,1.36420608076644,5,1.1337981
284224,0.582221511298208,5,-0.42278364
189971,0.00423291647386105,5,-0.004011031
375569,-1.38973957692604,5,-0.8165057
189631,0.684219498620151,5,0.2626232
375689,0.242228220225063,5,-0.3875051
189230,-0.675753665672428,5,-0.70437676
190159,0.27622754933237603,5,0.5079768
283677,-0.5737556783504859,5,-0.3861876
376049,1.80619735916153,6,0.23141003
375018,-0.335760374599284,6,-0.31844947
189927,1.09221144790793,6,0.92485416
283970,-1.89972951353575,6,-0.6706817
190187,0.00423291647386105,6,0.6395505
283748,0.480223523976261,6,-0.110362075
283803,-0.471757691028543,6,-0.5154108
283157,1.05821211880061,6,0.6413915
189267,0.8202168150494051,6,0.89662236
319783,0.412224865761636,6,-0.007828131
187495,0.616220840405521,6,0.27219015
188981,-0.233762387277341,6,0.24575356
188026,0.242228220225063,6,-0.3554347
187764,0.0382322455811736,6,0.5357071
375524,-0.131764399955399,6,0.09482988
188427,-0.505757020135856,6,-0.3332744
188984,0.0382322455811736,6,0.24044529
375013,0.9222148023713532,6,0.3806801
375679,-1.4917375642479802,6,-0.6949389
375809,-0.0127667480797952,6,-0.35007975
189084,-0.131764399955399,6,-0.7859391
374066,0.14023023290311598,6,0.2908615
188408,-0.267761716384654,6,-0.20217296
2437245,-1.62773488067723,6,-1.3818382
374621,-0.675753665672428,6,-0.54419273
375973,-2.01872716541135,6,-1.3694242
187919,1.12621077701524,6,0.18710163
283671,-0.199763058170029,6,-0.3376419
283118,0.786217485942093,6,0.2889044
374191,-0.7777516529943709,6,-0.11136147
190274,0.8882154732640349,6,0.23046531
374988,1.16021010612255,6,0.5029987
188190,1.39820540987375,6,0.1752625
187702,0.9562141314786652,6,0.67090964
283639,0.616220840405521,6,0.44980425
319283,-0.437758361921226,6,0.20850337
283597,1.09221144790793,6,0.24638261
375775,-0.743752323887058,6,0.37173015
373832,0.106230903795803,6,-0.1710172
283199,0.344226207547006,6,0.56262803
375513,0.174229562010433,6,0.81273204
188222,0.0382322455811736,6,-0.21726307
375714,0.599221175851864,6,0.0047338973
374553,-0.233762387277341,6,-0.5209962
187511,-0.505757020135856,6,0.5403358
188330,-0.233762387277341,6,-0.23017858
283313,-1.25374226049678,6,0.18855886
188243,0.650220169512833,6,0.20505758
187905,-0.165763729062711,6,0.074306905
189247,-0.199763058170029,6,0.2746092
374547,0.0382322455811736,6,0.06684937
374004,0.07223157468849101,6,-0.47299933
188412,-0.301761045491971,6,-0.025537666
188978,-0.199763058170029,6,0.66708297
187999,-1.89972951353575,6,-0.67196447
188419,0.616220840405521,6,0.04374219
375169,-1.0837456149601998,6,-0.73184425
187528,-0.709752994779746,6,-1.1628779
374092,0.854216144156723,6,0.11903734
374151,-0.437758361921226,6,0.382951
187845,-0.131764399955399,6,-1.2314622
189433,-0.9817476276382612,6,-0.80651796
375745,1.7721980300542095,6,0.77835095
189706,0.75221815683478,6,-0.46694
190039,0.14023023290311598,6,-0.13179713
189708,1.43220473898107,6,0.9560794
374124,0.446224194868948,6,0.2552314
375519,-0.0637657417407688,6,-0.434853
187763,-1.4577382351406598,6,-0.46473086
189023,0.9222148023713532,6,0.37412125
283762,0.8202168150494051,6,-0.2528697
188374,-1.52573689335529,6,-0.35892293
373615,1.22820876433718,6,1.0217217
190195,-0.505757020135856,6,-0.40068117
187556,-0.9817476276382612,6,-0.82373804
187730,0.00423291647386105,6,-0.3910595
189754,1.70419937183958,6,1.2604693
188270,0.378225536654318,6,0.23175122
190040,-0.36975970370660105,6,-0.21550676
190016,1.29620742255181,6,1.0601739
374747,-0.199763058170029,6,-0.36646962
187867,0.480223523976261,6,-0.40013734
189000,0.7182188277274629,6,0.6155542
189801,1.09221144790793,6,0.856785
375851,0.344226207547006,6,-0.54717636
375451,0.854216144156723,6,0.94108224
187941,-0.36975970370660105,6,-0.77436846
283132,0.8202168150494051,6,0.3340497
375577,-0.233762387277341,6,-0.42904603
190054,2.12919098568102,6,0.8249934
375940,0.174229562010433,6,0.30290136
188325,0.106230903795803,6,-0.023404134
190434,0.514222853083578,6,1.0282978
187582,0.7182188277274629,6,0.35264653
187682,0.9222148023713532,6,-0.20343232
283782,0.208228891117746,6,-0.59583694
188094,0.378225536654318,6,0.45595628
375410,-1.72973286799918,6,-0.53230506
189400,-1.83173085532112,6,-0.107542634
283676,0.7182188277274629,6,0.22171646
189626,0.548222182190891,6,0.7093763
374103,0.344226207547006,6,-0.47981334
374600,0.412224865761636,6,-0.15741612
189340,-1.0837456149601998,6,-0.8125776
190808,-0.0297664126334563,6,-0.43485424
188818,-0.233762387277341,6,-0.27516994
189245,0.310226878439688,6,0.19614244
375690,0.7182188277274629,6,0.7257113
284322,0.174229562010433,6,-0.48351195
189034,-0.199763058170029,6,0.36749476
318549,1.22820876433718,6,1.1687276
375553,0.27622754933237603,6,0.39811546
188475,0.106230903795803,6,-0.30963492
188418,-0.36975970370660105,6,-0.4105467
373571,0.378225536654318,6,0.11271236
190804,-0.471757691028543,6,0.048471175
189851,-0.9817476276382612,6,0.17767952
190364,1.05821211880061,6,0.48607025
189949,1.53420272630301,6,0.0074798777
374992,0.616220840405521,6,0.7925016
283553,0.684219498620151,6,-0.7193809
283727,-0.165763729062711,6,-0.22488539
189690,0.9222148023713532,6,0.42877525
284219,-0.267761716384654,6,-0.20771602
190063,1.43220473898107,6,1.1398937
374148,1.05821211880061,6,0.2462774
189152,-0.131764399955399,6,-0.77294904
188849,-2.47771810836009,6,-0.42841733
190280,0.174229562010433,6,0.34694168
376018,-1.0837456149601998,6,-0.64133906
189909,1.29620742255181,6,0.99460936
375404,-0.267761716384654,6,-0.36517665
189865,-0.335760374599284,6,1.0510927
374807,0.446224194868948,6,-0.31095633
284069,0.446224194868948,6,0.53166807
187816,0.378225536654318,6,-0.21346389
190807,-0.947748298530943,6,-0.53605556
187749,-2.0697261590723204,6,-0.3099758
374467,0.684219498620151,6,0.7918527
190008,-0.131764399955399,6,0.2417122
187866,-0.199763058170029,6,-0.12080567
189139,0.344226207547006,6,0.23281825
188382,0.9562141314786652,6,0.42886543
187628,0.378225536654318,6,-0.21077058
374914,0.854216144156723,6,0.63761914
187709,0.27622754933237603,6,-0.48331308
375573,-0.0977650708480814,6,0.06697521
189944,-0.131764399955399,6,-0.42194816
374759,1.17720977067621,6,0.49499714
375977,-3.786692278991701,6,-0.7650248
375724,-1.32174091871141,6,-1.0534772
190029,0.412224865761636,6,0.38177168
187472,0.9562141314786652,6,0.577393
187989,-1.89972951353575,6,0.043502282
285674,0.480223523976261,6,-0.12931229
376022,-0.437758361921226,6,-0.54631156
337841,-0.539756349243173,6,0.1308558
374665,-0.301761045491971,6,0.040776756
283456,0.412224865761636,6,0.2955581
187687,0.310226878439688,6,0.47502685
283163,0.514222853083578,6,0.57915556
188907,-0.811750982101688,6,-0.957606
188702,0.208228891117746,6,-0.35065454
283471,-0.233762387277341,6,-0.6055864
375341,0.8882154732640349,6,-0.10398419
284338,1.29620742255181,6,0.90030634
187772,-1.18574360228215,6,-0.68251586
190059,0.650220169512833,6,0.85197777
187589,0.310226878439688,6,0.10027783
188110,1.16021010612255,6,0.76965445
189091,0.242228220225063,6,0.12347026
188009,0.378225536654318,6,-0.05136284
2437395,0.75221815683478,6,1.1586713
187876,0.8882154732640349,6,0.5224555
187767,-0.5737556783504859,6,-0.08351593
374532,0.582221511298208,6,0.7562006
188895,0.0382322455811736,6,0.19030283
2436958,-1.15174427317483,6,-0.58659315
190158,0.8202168150494051,6,-0.20990895
187502,0.7182188277274629,6,0.17801537
189723,1.29620742255181,6,0.98607963
188376,0.854216144156723,6,0.38881978
375205,-1.15174427317483,6,-0.5923161
189085,-0.811750982101688,6,-0.93862414
189239,0.208228891117746,6,0.19541895
188497,1.46620406808838,6,0.31878942
373649,-0.709752994779746,6,-0.32786173
375998,0.344226207547006,6,0.910603
190278,0.9222148023713532,6,0.48435265
187607,0.378225536654318,6,0.191351
376002,0.00423291647386105,6,-0.44345427
189957,0.00423291647386105,6,-0.48039255
283431,0.8202168150494051,6,-0.11647121
188035,-2.10372548817964,6,-0.45455843
188552,0.310226878439688,6,-0.08704875
3646845,0.616220840405521,6,0.5206977
188545,-1.83173085532112,6,-0.9010982
188896,1.19420943522987,6,0.61681557
336477,0.242228220225063,6,1.0081758
190081,0.990213460585978,6,0.16238339
156377,1.94219467559079,7,0.014849153
318175,1.2622080934445,7,0.8217792
187855,-2.68171408300398,7,-0.6005199
375823,-1.25374226049678,7,0.31906664
283751,0.378225536654318,7,-0.458975
190783,0.9222148023713532,7,0.50632304
375518,0.854216144156723,7,0.108967654
374158,0.106230903795803,7,0.28320143
189078,-0.267761716384654,7,0.3494761
373861,-0.6417543365651159,7,-0.09748918
188396,0.0382322455811736,7,-1.3441308
283742,1.05821211880061,7,-0.34498152
190189,0.582221511298208,7,0.7738676
283823,0.650220169512833,7,0.41588342
373850,0.14023023290311598,7,-0.24769585
375539,0.582221511298208,7,-0.08387441
375411,-0.403759032813914,7,-0.4804954
375922,-3.76969261443805,7,-0.27245712
284189,1.70419937183958,7,0.72059214
283876,-0.8457503112090009,7,-0.11376068
373578,-0.539756349243173,7,-0.77258986
187786,0.480223523976261,7,-0.4217521
283107,0.480223523976261,7,0.341423
187877,-2.7497127412186098,7,-1.2418662
189282,0.650220169512833,7,0.10753294
187946,-0.811750982101688,7,-0.5534285
188733,-1.4917375642479802,7,-0.06316382
188329,0.480223523976261,7,0.08870516
190022,0.446224194868948,7,0.4718464
188336,-1.7977315262138,7,-0.76562697
336481,0.548222182190891,7,1.0488005
187794,-0.607755007457798,7,-0.69277775
189243,0.174229562010433,7,0.1487816
373773,0.242228220225063,7,0.35913494
374062,-1.15174427317483,7,-0.45444542
189093,-0.131764399955399,7,0.44722039
190277,1.12621077701524,7,1.025715
374412,0.548222182190891,7,0.96707433
283830,0.344226207547006,7,0.4025982
283664,0.412224865761636,7,0.318938
188038,-0.199763058170029,7,-0.41497445
187584,0.412224865761636,7,-0.7628001
284265,-1.01574695674557,7,0.044632006
187945,-1.96772817175038,7,-0.33443555
189309,0.446224194868948,7,0.23431505
283815,-1.52573689335529,7,-1.0486563
189858,1.05821211880061,7,1.0945619
283183,-0.5737556783504859,7,-0.08225224
375695,-2.7497127412186098,7,-0.96166134
188377,0.27622754933237603,7,-0.6798405
188282,-0.8457503112090009,7,0.21997763
283182,0.242228220225063,7,0.5943071
283176,0.9562141314786652,7,-0.16350488
375461,-2.10372548817964,7,-1.0823133
189032,1.29620742255181,7,0.35443074
190102,1.70419937183958,7,1.1444519
188349,0.0382322455811736,7,-0.111592695
374640,0.14023023290311598,7,-0.17307404
188154,-0.301761045491971,7,-0.03343389
188031,0.310226878439688,7,-0.25315747
190126,0.990213460585978,7,0.45158535
284291,1.50020339719569,7,0.24991493
187793,-1.35574024781872,7,-0.08518886
375434,0.378225536654318,7,-0.12480889
190121,1.09221144790793,7,0.6975031
375748,1.16021010612255,7,0.47168353
188848,0.344226207547006,7,-0.91750973
189246,1.22820876433718,7,0.37018287
187971,-0.0637657417407688,7,-0.22190431
375917,1.22820876433718,7,0.22588393
189240,0.9222148023713532,7,0.48133525
188822,1.0242127896933,7,0.41378343
375975,-1.2877415896040902,7,0.2818305
375037,-0.5737556783504859,7,-0.7347046
187765,0.242228220225063,7,0.06619471
190186,0.616220840405521,7,0.7538063
284280,-1.11774494406752,7,-1.0490324
375640,0.106230903795803,7,-0.16934767
188768,-1.04974628585289,7,-0.95318496
284132,-0.131764399955399,7,-0.16939509
374109,0.7182188277274629,7,0.90990835
319280,-0.131764399955399,7,-0.40281588
188160,0.344226207547006,7,-0.34858796
375735,-0.0297664126334563,7,0.5273045
187911,-2.5117174374674103,7,-0.9474845
283603,-0.0637657417407688,7,0.057947263
187838,0.548222182190891,7,-0.21555944
375682,0.582221511298208,7,0.1758695
283778,0.344226207547006,7,-0.41656575
187848,0.242228220225063,7,-0.15100126
189392,0.480223523976261,7,-0.04934751
189700,0.75221815683478,7,0.08162805
373986,0.9562141314786652,7,-0.49271697
188048,0.106230903795803,7,-0.10623937
375810,-2.76671240577227,7,-0.8961729
2437408,-0.0297664126334563,7,-0.81454027
373623,0.412224865761636,7,-0.3007635
188259,0.548222182190891,7,0.27187046
189615,0.650220169512833,7,-0.17544092
319282,-0.437758361921226,7,-0.45117167
375017,0.616220840405521,7,0.40031394
190143,0.650220169512833,7,-0.06673757
2437244,-1.76373219710649,7,-0.023606617
188189,-0.709752994779746,7,-0.7444223
188969,0.8202168150494051,7,0.37286416
375727,0.8202168150494051,7,-1.0926558
189808,-0.0637657417407688,7,1.1152086
187780,-0.335760374599284,7,0.015053992
187752,-0.403759032813914,7,-0.13474129
2437340,-0.335760374599284,7,-0.23486426
190711,1.22820876433718,7,1.0922407
187489,-0.5737556783504859,7,-0.119378954
189107,-0.743752323887058,7,-0.72222483
375583,1.2622080934445,7,0.485017
187973,0.548222182190891,7,-0.23794927
283740,1.12621077701524,7,-0.73106915
187741,1.84019668826884,7,1.0074831
376047,-1.66173420978455,7,-0.49560165
188759,0.344226207547006,7,-1.050777
283789,0.310226878439688,7,-0.38037902
283232,0.684219498620151,7,0.009266986
190086,0.786217485942093,7,0.40328282
284168,-0.0977650708480814,7,-0.65423274
187649,0.242228220225063,7,0.015943637
189972,0.446224194868948,7,0.0756861
283760,-0.335760374599284,7,-0.7512628
188006,-0.301761045491971,7,-0.14488317
188101,0.582221511298208,7,0.08083846
189792,1.12621077701524,7,0.41032332
188365,0.27622754933237603,7,0.40813148
374693,-0.505757020135856,7,-1.3134131
187675,0.446224194868948,7,0.11095279
188121,-0.607755007457798,7,-0.65657383
373851,0.378225536654318,7,0.2938352
189046,0.378225536654318,7,0.14787902
188469,-3.29370200693564,7,-1.2922009
187648,0.650220169512833,7,0.1420629
187717,-0.437758361921226,7,-0.16150719
188708,0.548222182190891,7,0.66685367
375875,-0.0977650708480814,7,0.38702285
188056,0.582221511298208,7,0.7691079
187700,-0.0637657417407688,7,0.2983688
283117,0.786217485942093,7,0.6270138
374689,0.616220840405521,7,-0.2707754
375556,-0.437758361921226,7,0.05002
190175,0.9222148023713532,7,0.31707868
188096,-0.879749640316318,7,-0.8720519
374339,1.22820876433718,7,1.0410173
375894,0.378225536654318,7,0.47555485
189749,1.60220138451764,7,1.0865774
374638,-0.539756349243173,7,-0.31273013
188472,0.9562141314786652,7,0.25705618
187629,-0.0977650708480814,7,-0.01481694
283759,0.00423291647386105,7,-0.33911106
283125,-2.6647144184503304,7,-1.0951849
189292,-0.403759032813914,7,0.23869322
375799,-1.11774494406752,7,-0.89122564
188052,-0.0977650708480814,7,-0.27320698
283822,0.174229562010433,7,0.16372463
374622,0.344226207547006,7,0.1389777
283145,-0.709752994779746,7,-0.35726342
188901,1.05821211880061,7,-0.7706917
376004,-0.947748298530943,7,-0.85060155
188454,-0.233762387277341,7,-0.17639868
187665,-0.9137489694236308,7,0.29818326
190164,-2.0697261590723204,7,-0.8251663
190782,0.174229562010433,7,-0.08366
375590,0.7182188277274629,7,0.7253984
374646,0.07223157468849101,7,-0.09623746
188765,0.07223157468849101,7,0.33734182
319279,0.446224194868948,7,0.45327684
187699,1.3302067516591205,7,0.6931725
188998,0.480223523976261,7,0.32693458
283968,1.12621077701524,7,-0.3599764
187803,-0.301761045491971,7,0.09671169
190056,1.29620742255181,7,0.5671713
189955,-0.0977650708480814,7,-0.25823542
189004,-0.437758361921226,7,0.34087175
283791,-4.12668557006485,7,-0.26951537
375742,1.43220473898107,7,-0.589544
373651,0.208228891117746,7,0.31599727
374139,-0.471757691028543,7,0.21692485
308266,0.7182188277274629,7,-0.55576384
188155,0.446224194868948,7,-0.11549936
189872,1.3302067516591205,7,1.2814382
188122,-0.267761716384654,7,-0.25120175
374696,-0.335760374599284,7,-1.2492356
188445,0.582221511298208,7,0.4731536
189308,-0.233762387277341,7,0.1957931
188415,0.548222182190891,7,0.8029909
187881,-1.04974628585289,7,-0.8994142
190797,-0.675753665672428,7,-0.43523178
283656,1.14321044156889,7,0.5513431
187671,-0.607755007457798,7,-1.3525217
188015,0.616220840405521,7,0.3315555
189081,0.548222182190891,7,0.3138095
188764,-2.88571005764787,7,-1.1277101
2436902,-0.301761045491971,7,-0.58420366
375376,-0.403759032813914,7,-0.5444451
375578,0.378225536654318,7,-0.3566209
187481,1.22820876433718,8,0.8584659
374063,0.548222182190891,8,0.4151746
283220,1.22820876433718,8,-0.14086697
374969,-1.4577382351406598,8,-0.42425358
188362,1.39820540987375,8,0.67973524
318178,1.7721980300542095,8,0.89011925
283633,-1.4917375642479802,8,-0.760534
189834,1.22820876433718,8,1.251055
374740,0.9222148023713532,8,-0.28968847
317891,-0.301761045491971,8,-0.4618749
187822,-0.675753665672428,8,-0.43977714
187990,-0.36975970370660105,8,0.7203584
284120,0.14023023290311598,8,-0.94836766
190811,0.616220840405521,8,0.66493845
375933,-1.86573018442843,8,-0.58445674
188054,-2.5117174374674103,8,-0.5540489
188496,0.616220840405521,8,0.32161418
187795,-0.0637657417407688,8,-0.5196007
187980,0.650220169512833,8,-0.5519582
308006,1.50020339719569,8,0.6861026
188758,-1.21974293138946,8,-1.0966538
374108,1.5682020554103202,8,0.7983405
375355,-0.879749640316318,8,-1.108643
375743,0.310226878439688,8,-0.32722694
375310,-1.6957335388918602,8,-0.46165437
374371,-0.199763058170029,8,0.37064138
188458,0.174229562010433,8,-0.72796714
374500,0.07223157468849101,8,-0.27504814
187846,-1.59373555156992,8,-0.089221716
187938,-1.21974293138946,8,0.15241614
187591,0.8882154732640349,8,0.40308815
283445,0.27622754933237603,8,-0.26262045
375788,-1.4917375642479802,8,-0.64747643
189919,0.9222148023713532,8,1.0883296
375956,0.8202168150494051,8,0.7795677
190703,0.208228891117746,8,0.26430422
2437266,-0.539756349243173,8,-1.0948374
190116,0.174229562010433,8,0.23495665
375548,0.9222148023713532,8,-0.037283685
375392,-0.301761045491971,8,-1.0146163
375432,-1.72973286799918,8,-0.79342973
187852,-1.89972951353575,8,-1.1886698
284272,-1.52573689335529,8,-1.0046699
188636,1.53420272630301,8,0.3639243
187817,0.4972231885299221,8,-0.379101
2437263,-1.2877415896040902,8,-1.1350116
188932,0.00423291647386105,8,0.32142383
374588,0.684219498620151,8,0.0823963
374385,-0.437758361921226,8,-0.03023382
283726,-0.5737556783504859,8,-0.14296514
375726,-2.7327130766649503,8,-0.2937345
188378,1.16021010612255,8,0.32394806
190732,1.0242127896933,8,0.9607361
2437256,-1.72973286799918,8,0.14556704
374186,-0.9137489694236308,8,-0.30530524
374599,-0.0637657417407688,8,-0.21509768
375460,-1.78073186166015,8,-0.8765158
283600,-0.6417543365651159,8,-0.44679993
190796,-2.0697261590723204,8,-0.16981713
373739,0.8202168150494051,8,0.3446467
188104,0.446224194868948,8,-0.19615777
187690,0.446224194868948,8,-0.14582218
375598,-1.21974293138946,8,-0.64811873
187850,-0.0977650708480814,8,-0.02043118
190803,0.412224865761636,8,0.01870656
188398,0.27622754933237603,8,-0.47591558
283753,0.8032171504957489,8,-0.47907937
187574,-0.437758361921226,8,-0.43089765
375838,-0.947748298530943,8,-0.74945974
187610,1.05821211880061,8,0.3145528
190150,-1.66173420978455,8,0.2698097
375850,-0.335760374599284,8,0.5006646
189859,0.514222853083578,8,0.3718473
374742,0.616220840405521,8,0.26408666
375784,-0.5737556783504859,8,-0.938414
189980,1.2622080934445,8,1.1839651
375621,-0.36975970370660105,8,-1.1442384
373760,-0.743752323887058,8,-0.18704441
187482,0.174229562010433,8,1.1178925
338067,0.14023023290311598,8,0.15475911
190144,0.106230903795803,8,0.30167317
375666,0.9562141314786652,8,0.2832546
187563,-1.96772817175038,8,-0.6252469
189076,-1.04974628585289,8,-0.57687956
187832,0.786217485942093,8,0.38493228
284357,-1.01574695674557,8,-0.8910385
374739,0.514222853083578,8,-1.3287857
187972,-0.0977650708480814,8,0.34198007
2437248,0.27622754933237603,8,0.4774256
187587,-1.89972951353575,8,-0.7159176
373682,-0.165763729062711,8,-0.33283836
374691,-2.39271978559181,8,0.0579334
188601,-0.6417543365651159,8,-0.7979914
189028,-1.04974628585289,8,-0.13635786
189014,0.07223157468849101,8,0.3288692
374702,-1.21974293138946,8,-0.3643329
374607,-1.96772817175038,8,-0.80866075
188255,-1.11774494406752,8,-1.4322517
189390,0.412224865761636,8,0.291005
187839,0.344226207547006,8,-0.11060283
374610,-0.8457503112090009,8,0.034142386
190115,0.446224194868948,8,0.45845905
190769,-1.38973957692604,8,-0.547591
188232,-0.0977650708480814,8,0.021891305
373925,-0.199763058170029,8,0.1383846
188244,-0.709752994779746,8,-1.2397499
374183,-0.7777516529943709,8,0.56724125
284373,0.514222853083578,8,0.29390323
373690,0.344226207547006,8,-0.06374913
283667,0.582221511298208,8,-0.0051640603
188375,0.684219498620151,8,0.26623166
187561,0.310226878439688,8,-0.25373852
2436999,-0.6417543365651159,8,-0.37371066
374617,0.480223523976261,8,-0.19288994
284319,0.446224194868948,8,0.5056621
189077,-1.0837456149601998,8,-1.0286032
187954,-0.165763729062711,8,0.21353744
188421,-2.0697261590723204,8,-1.1235857
189244,-0.505757020135856,8,-0.2574578
189223,-0.0977650708480814,8,-0.3552032
188018,-1.86573018442843,8,-0.6711104
375016,1.5682020554103202,8,0.775932
188846,-1.11774494406752,8,-0.4075107
283781,0.9222148023713532,8,0.8203276
188549,-1.32174091871141,8,-0.82682645
375934,-0.267761716384654,8,0.046135984
375790,-0.199763058170029,8,-0.6230312
188876,0.07223157468849101,8,0.30841994
375935,1.0242127896933,8,0.8308299
188254,-1.72973286799918,8,-1.0020325
188982,0.242228220225063,8,0.38518173
188037,-0.437758361921226,8,-0.24420755
374814,-0.5737556783504859,8,-0.06343561
190068,0.378225536654318,8,0.39588115
189134,-0.7777516529943709,8,-0.8526509
188224,0.106230903795803,8,-0.33972314
2437282,-0.505757020135856,8,0.04506258
373758,0.14023023290311598,8,-0.41227326
374401,-0.301761045491971,8,-0.33981344
189804,0.548222182190891,8,0.8616633
189035,0.00423291647386105,8,0.28439084
2437412,1.16021010612255,8,-0.24333061
375499,-0.301761045491971,8,-0.265447
188974,-0.5737556783504859,8,0.030493377
188944,-0.131764399955399,8,-0.3558679
374545,-0.9817476276382612,8,0.3663356
189253,-0.335760374599284,8,-1.4246541
188324,-0.0637657417407688,8,-0.35507658
375315,0.684219498620151,8,-0.5123572
375957,1.09221144790793,8,0.49495175
188923,1.16021010612255,8,0.64383423
375719,-0.36975970370660105,8,-0.8891549
375500,1.16021010612255,8,0.3839085
374746,-1.35574024781872,8,-0.46506914
283839,-0.709752994779746,8,0.050342645
188436,0.9222148023713532,8,-0.58685964
375694,0.106230903795803,8,0.25160593
284281,0.310226878439688,8,0.20180532
374944,0.14023023290311598,8,-0.4526646
188698,0.106230903795803,8,-0.22688897
374663,0.27622754933237603,8,-0.012458891
375627,0.480223523976261,8,0.87769055
188312,0.208228891117746,8,0.060863014
376015,-0.36975970370660105,8,-1.3366871
283641,0.378225536654318,8,0.010280575
284161,-2.68171408300398,8,-0.8352196
374361,0.07223157468849101,8,-0.050427437
375465,-2.30772146282352,8,-0.60243505
375437,-0.36975970370660105,8,-0.29312304
284371,-1.32174091871141,8,-0.96170956
374659,0.480223523976261,8,-0.4090352
374367,0.14023023290311598,8,-0.3896219
283126,-0.199763058170029,8,-0.77131647
375835,-2.1717241463942702,8,-0.118168905
187874,-0.879749640316318,8,-0.44462743
189624,0.75221815683478,8,-0.109081596
187751,-0.8457503112090009,8,-0.52676004
319784,-1.4237389060333503,8,-0.1722947
375505,-2.32472112737718,8,-0.23910919
187464,-2.40971945014547,8,-0.49974382
187544,0.378225536654318,8,0.36931816
283718,0.7182188277274629,8,-0.15574193
190734,1.36420608076644,8,0.6742373
189756,0.8202168150494051,8,1.0720552
189833,1.36420608076644,8,0.9585045
283844,-0.131764399955399,8,-0.034979854
374608,-0.505757020135856,8,0.1052031
375475,0.684219498620151,8,0.45329285
190800,-0.9817476276382612,8,-0.8964369
189237,0.480223523976261,8,0.75592697
188225,-0.267761716384654,8,-0.36966065
374363,-0.8457503112090009,8,-0.29451552
284304,0.75221815683478,8,0.098242484
284334,0.8202168150494051,8,0.47666
187518,1.12621077701524,8,-0.4624013
187456,-0.199763058170029,8,-0.34226185
187977,-0.335760374599284,8,-0.093223885
187823,-0.7777516529943709,8,-0.243233
374655,0.378225536654318,8,0.010199209
336479,1.19420943522987,8,0.65434426
190137,-1.21974293138946,9,1.2797216
374165,-0.709752994779746,9,0.29633746
188494,-0.233762387277341,9,0.38497916
189137,-1.4577382351406598,9,0.29978105
283325,-0.165763729062711,9,-0.5488808
189421,0.378225536654318,9,0.019736327
375767,1.46620406808838,9,0.3568379
375781,0.8202168150494051,9,0.56276715
374825,-2.00172750085769,9,-0.45966876
284202,1.2622080934445,9,-0.017546559
284335,1.05821211880061,9,0.36929718
375710,0.106230903795803,9,-0.15561228
373756,0.0382322455811736,9,0.766229
188558,1.36420608076644,9,0.7671918
189844,1.07521178335426,9,0.59756994
187674,0.9562141314786652,9,0.06612318
284164,0.75221815683478,9,-0.0090531735
190051,0.684219498620151,9,0.66045225
189164,-1.4577382351406598,9,-0.48428476
189047,1.05821211880061,9,0.17403243
284312,0.208228891117746,9,0.23802513
188467,0.310226878439688,9,0.08910935
373780,0.14023023290311598,9,0.36781642
374631,-2.27372213371621,9,0.04772383
188287,1.22820876433718,9,0.3538281
188989,0.480223523976261,9,-0.048993785
187658,-1.66173420978455,9,-0.87839085
308265,0.650220169512833,9,0.22486775
375433,1.12621077701524,9,0.41592434
283962,-1.96772817175038,9,-0.16117477
188363,0.8882154732640349,9,1.0868508
190702,-0.0977650708480814,9,0.38629723
189864,0.7182188277274629,9,1.3157318
189109,-2.00172750085769,9,-0.60036683
188405,1.5682020554103202,9,0.80586165
189842,0.8202168150494051,9,1.091286
375791,0.27622754933237603,9,-0.0038769701
190100,0.548222182190891,9,1.1414924
188897,0.616220840405521,9,0.1382977
187522,-0.131764399955399,9,-0.39944252
187655,0.242228220225063,9,-0.3030992
375971,-2.8177113994332403,9,-1.3507222
188040,-0.607755007457798,9,-0.48453423
190141,-1.86573018442843,9,-1.4550098
375608,-0.301761045491971,9,-1.1252414
187758,0.0382322455811736,9,-0.07322153
190127,0.9562141314786652,9,0.5949891
375972,0.514222853083578,9,0.86249715
189022,-0.267761716384654,9,-0.07560011
188286,0.9222148023713532,9,0.31128755
374978,0.616220840405521,9,0.3743699
375739,0.07223157468849101,9,-0.31916583
188934,0.242228220225063,9,0.31768095
374686,-0.267761716384654,9,-0.80115515
189224,-0.233762387277341,9,0.10902715
188448,1.46620406808838,9,0.8671813
188816,1.12621077701524,9,0.6497216
374471,1.05821211880061,9,0.3336304
375449,-0.5737556783504859,9,-0.1833579
188328,-0.165763729062711,9,-0.2074828
188111,-2.7497127412186098,9,-0.8475547
190149,-0.233762387277341,9,0.36055475
188214,-1.11774494406752,9,-1.0559102
190088,-0.675753665672428,9,-0.24546203
283165,0.27622754933237603,9,-0.26896468
189885,-0.709752994779746,9,0.36873192
188229,0.106230903795803,9,-0.43737018
375552,-0.233762387277341,9,0.081433535
375645,0.990213460585978,9,0.7261096
374185,-0.7777516529943709,9,0.4623041
187654,1.63620071362495,9,1.0051531
284162,-1.59373555156992,9,-1.5101929
375932,-0.0637657417407688,9,0.16231678
187928,-0.947748298530943,9,-0.015891653
283833,0.854216144156723,9,-0.5826089
375527,-0.8457503112090009,9,-0.5212867
375954,0.378225536654318,9,0.32284796
375456,-0.8457503112090009,9,-0.5080351
336783,1.07521178335426,9,0.120389454
188434,1.22820876433718,9,0.6956947
373912,0.9562141314786652,9,0.5061386
189755,0.8202168150494051,9,0.61433023
375579,0.310226878439688,9,-0.33224252
283104,-0.301761045491971,9,0.13588727
187469,0.174229562010433,9,0.4439732
283838,0.446224194868948,9,0.04997971
187791,-1.4237389060333503,9,-0.9245918
189041,0.7182188277274629,9,0.45264864
190015,0.446224194868948,9,0.6689763
189194,-2.0697261590723204,9,-0.911217
283202,0.582221511298208,9,0.1674446
374445,-1.59373555156992,9,-0.84100586
283616,0.75221815683478,9,0.18263935
375765,-0.743752323887058,9,1.3263471
375383,-1.86573018442843,9,-0.6243059
190213,1.12621077701524,9,0.42546752
187935,-0.8457503112090009,9,0.30254605
189970,-1.25374226049678,9,-0.50095594
375976,0.07223157468849101,9,0.0039789546
284278,1.05821211880061,9,1.178828
189384,0.00423291647386105,9,0.030548282
374174,-0.267761716384654,9,0.5013055
187904,-0.0977650708480814,9,0.20687166
188667,0.27622754933237603,9,0.27606732
188413,0.344226207547006,9,0.09933244
190157,0.582221511298208,9,-0.20139596
284100,0.00423291647386105,9,-0.0129493615
188236,-0.743752323887058,9,-0.56762236
188786,-0.743752323887058,9,-0.89735556
283177,0.990213460585978,9,0.300256
187974,-0.6417543365651159,9,-0.3505883
374913,0.208228891117746,9,0.7712727
374611,1.05821211880061,9,-0.10126625
374359,0.14023023290311598,9,0.3461298
189689,0.582221511298208,9,1.0671723
283625,0.27622754933237603,9,-0.18331318
283158,-0.165763729062711,9,-0.055368252
190007,-0.0637657417407688,9,1.0657588
375842,-0.8457503112090009,9,0.35213384
189805,0.378225536654318,9,1.0865086
375458,2.02719299835907,9,0.62127
190561,0.9562141314786652,9,-0.26071236
189006,0.0382322455811736,9,0.40588486
283938,-0.0637657417407688,9,-0.395493
187704,-0.267761716384654,9,0.05719295
189670,0.650220169512833,9,0.5050601
374197,-0.539756349243173,9,0.8376797
284209,-2.86871039309421,9,-1.0490739
189732,-0.505757020135856,9,0.51289
189277,0.9562141314786652,9,-0.053508107
375453,-0.6417543365651159,9,-0.3205618
283969,0.07223157468849101,9,0.14518951
189623,0.616220840405521,9,-0.05699715
187924,-2.64771475389667,9,-0.46086034
189157,-0.165763729062711,9,-0.66054094
187636,0.208228891117746,9,0.32988814
376010,-1.25374226049678,9,-0.9660657
375747,2.01019333380541,9,1.0941725
373655,0.786217485942093,9,-0.55549896
190789,0.990213460585978,9,0.015893102
189302,-1.66173420978455,9,0.37516826
283828,-0.267761716384654,9,0.002034387
190708,0.446224194868948,9,0.461639
188145,-0.811750982101688,9,-0.26999047
284059,1.09221144790793,9,0.32358116
373635,0.412224865761636,9,-0.24081556
2437377,0.208228891117746,9,-0.037354723
374392,1.29620742255181,9,0.7638805
187995,-0.505757020135856,9,-0.12066939
190163,-0.165763729062711,9,0.278969
187914,0.75221815683478,9,0.32290828
375243,-1.7977315262138,9,-0.47233862
308211,-0.36975970370660105,9,-0.75157344
375441,-0.879749640316318,9,-1.0177808
190784,0.344226207547006,9,0.15973125
374190,0.786217485942093,9,1.2138296
187663,0.106230903795803,9,-0.29575267
187590,-0.199763058170029,9,-0.07745514
189809,0.9562141314786652,9,1.1012887
375883,-0.437758361921226,9,-0.25952148
187951,-1.0837456149601998,9,-1.1262004
189017,-0.131764399955399,9,-0.17244388
189099,-1.15174427317483,9,-0.108469784
189786,-0.165763729062711,9,0.26553053
374551,1.60220138451764,9,0.52605176
188083,1.05821211880061,9,0.60790765
375755,-0.8457503112090009,9,-0.38255042
375931,-1.0837456149601998,9,-0.49674386
374680,-0.539756349243173,9,-0.74156916
187479,0.8202168150494051,9,0.43064237
375538,0.310226878439688,9,0.8937533
375846,0.446224194868948,9,0.0031471825
284068,0.616220840405521,9,0.03023956
189116,0.650220169512833,9,0.46420458
188209,-1.18574360228215,9,-0.46948943
187893,1.05821211880061,9,-0.099336065
187878,1.12621077701524,9,0.39092985
190139,-1.52573689335529,9,-1.4347862
375421,-1.6957335388918602,9,-1.2396027
374697,-1.11774494406752,9,-0.9352729
283604,-0.131764399955399,9,-0.11765243
374591,-0.947748298530943,9,-0.20407344
187667,0.7182188277274629,9,0.67410344
374643,-0.165763729062711,9,0.22128613
374974,-2.20572347550158,9,-1.2383147
189021,0.27622754933237603,9,-0.12651415
2437250,-3.4296993233649,9,-1.0542489
283615,0.548222182190891,9,-0.31909686
283121,-0.36975970370660105,9,0.7002847
375744,2.28218796666393,9,1.1640774
190073,0.480223523976261,9,0.7050382
375965,1.09221144790793,9,0.30180755
373716,0.07223157468849101,9,-0.28235677
187819,-0.437758361921226,9,0.16143827
283448,-0.335760374599284,9,-0.18175565
188226,0.344226207547006,9,0.35199872
189913,1.43220473898107,9,1.3565784
374652,-0.165763729062711,9,-0.8056538
190018,0.8202168150494051,9,0.95191574
283978,1.29620742255181,9,-0.47278777
