id,tkw,kfold,KNN_pred
283163,0.00479245865164983,0,-0.33552595346551184
188018,-0.672151941581403,0,0.030331724660442115
188012,-1.3644814418197502,0,-0.35568043447245096
319779,-0.949083741676742,0,-0.07628701837626341
375921,0.18941365871521,0,0.7680472699144163
283143,0.14325835869932002,0,-0.2619851754401941
374171,-0.19521384141720705,0,-0.17705942341095685
336782,-1.6567983419203898,0,-0.885235576654761
189014,0.281724258746989,0,-0.3566035404727687
189894,-1.33371124180916,0,-0.5644562415443258
375674,1.03559415900652,0,0.6529667218747973
375956,1.32791105910716,0,0.7334307949024985
373770,-1.6414132419150902,0,0.264954499741216
374365,-1.4260218418409398,0,-0.5544559265408832
374190,0.158643458704616,0,-0.0795178893773757
187803,-0.0105926413536468,0,0.5555790388412695
336684,-1.2414006417773795,0,-0.5666101555450677
373861,0.0201775586569465,0,-0.3702962794774826
187526,1.1586749590488998,0,-0.405989711489771
187881,0.17402855870991302,0,0.03910123166346115
375560,-0.641381741570809,0,0.2701854337430167
374592,-1.6414132419150902,0,-0.22290702142674035
375883,1.1586749590488998,0,0.7437388119060477
190277,-0.19521384141720705,0,-0.09921081738415534
2437377,0.297109358752286,0,0.7117378038950304
187631,0.7586623589111852,0,0.4114206517916398
374124,-0.764462541613182,0,0.0966415056832708
308009,-0.44137544150195296,0,-0.3824505084816664
187855,-0.902928441660852,0,0.12771940769397006
284216,0.727892158900592,0,0.718045694897202
374941,0.40480505878936296,0,-0.3449108644687429
2437245,0.0201775586569465,0,0.18864440371494473
189756,-1.19524534176149,0,-0.5766104705485102
374553,0.435575258799956,0,0.2808011527466715
187807,-2.0568109420581,0,0.023100727657952683
188501,0.420190158794659,0,0.23233808772998718
189292,-1.30294104179856,0,-0.5241472795304489
190173,-1.01062414169793,0,-0.38229665748161407
375577,0.497115658821142,0,0.2811088547467775
283598,-0.17982874141191002,0,0.10248784368528346
189253,-0.656766841576106,0,-0.8801584936530134
283784,-0.0567479413695367,0,0.051563162667751586
283817,0.0817179586781331,0,0.1967985067177519
189245,-0.564456241544326,0,-0.14659692540046926
188153,0.9278984589694492,0,0.5814260068501679
375962,-0.595226441554919,0,0.1558741407036629
373863,-1.1337049417403,0,-0.31321755845783167
187510,-1.33371124180916,0,0.6158886308620323
188441,0.2355689587311,0,0.24095374373295328
373468,0.604811358858219,0,-0.41014368849120053
187687,-0.702922141591996,0,0.460499120808536
188396,1.26637065908597,0,0.17756713171113123
375454,-0.241369141433096,0,0.31387911775805927
374476,1.6202279592078,0,0.717891843897149
308254,-0.0105926413536468,0,-0.5043005005236161
188418,-1.45679204185153,0,0.0960261016830589
189631,-0.4875307415178429,0,-0.491684718519273
188715,0.589426258852922,0,0.008177180652815188
283171,1.11251965903301,0,0.392804680785231
190186,-0.518300941528436,0,-0.37598876647944257
373799,-1.54910264188331,0,-0.5403016345360101
376002,-0.13367344139602,0,0.5728103508472018
375696,1.82023425927665,0,0.6325045388677528
188543,-1.47217714185683,0,-0.5843030205511588
188163,1.17406005905419,0,0.41034369479126914
283989,0.18941365871521,0,0.07864093867707363
187703,-0.30290954145428306,0,0.2558772907380906
373694,2.00485545934021,0,0.9712844409843848
373674,0.0971030586834297,0,0.4683455218112378
374665,0.450960358805253,0,0.42280562579555925
284190,2.281787259435549,0,0.7558930409102319
283751,-0.6259966415655129,0,0.08356417067876855
190669,-1.56448774188861,0,-0.5101468385256289
190813,-0.5490711415390289,0,-0.4442986105029592
188984,-0.118288341390723,0,-0.37229634247817134
190000,0.220183858725803,0,0.014946624655145653
188468,-0.08751814138012999,0,-0.29614009745195274
284251,1.1279047590383,0,0.5343476008339604
189084,-0.595226441554919,0,-0.8843124706544434
375411,-1.05677944171382,0,0.27957034474624776
189193,-0.9644688416820392,0,-0.820618156632515
189282,-0.641381741570809,0,-0.5656870495447498
375581,1.97408525932962,0,0.8158949309308892
376022,0.604811358858219,0,0.6837369218853907
189320,-1.70295364193628,0,-0.8964666996586276
374610,-1.10293474172971,0,0.1381812756975717
187611,0.943283558974745,0,-0.38568137948277936
375579,0.727892158900592,0,0.47096098881213805
283813,-0.872158241650259,0,-0.41014368849120103
187892,2.11255115937729,0,0.7340461989027106
190778,-1.25678574178268,0,-0.3899892074842626
375755,0.7586623589111852,0,0.7286614139008567
283830,-0.7490774416078859,0,-0.3999895224877053
373672,-0.379835041480766,0,-0.014131214354865087
188328,-0.5336860415337329,0,-0.051209305367630034
190175,0.18941365871521,0,-0.4947617385203323
188286,0.0509477586675398,0,-0.36721925947642325
189241,-0.31829464145958003,0,-0.37845038248028984
188758,-1.01062414169793,0,0.4432678088026038
375553,-0.28752444144898603,0,0.46911477681150243
188472,-0.149058541401317,0,-0.5483018865387644
187606,-0.31829464145958003,0,0.5594253138425939
189046,-0.702922141591996,0,-0.5261473425311375
375663,1.37406635912305,0,0.6314275818673817
188202,0.466345458810549,0,-0.2679853644422597
188215,0.25095405873639604,0,0.40834363179058075
375823,-0.395220141486063,0,0.7101992938945005
373903,0.574041158847626,0,0.6932756838886747
188155,1.1279047590383,0,0.7858939859205603
187730,1.02020905900123,0,0.5686563738457717
374568,0.2663391587416929,0,-0.4198363014945377
189683,2.09716605937199,0,0.6171194388624559
283776,-0.19521384141720705,0,0.09818001568380039
190126,-0.4875307415178429,0,-0.37537336247923064
187585,0.00479245865164983,0,0.5001926788222015
188250,0.204798758720506,0,0.3408030427673287
188792,1.6048428592025,0,0.19895242071849356
189971,0.604811358858219,0,0.002330842650802198
189949,0.14325835869932002,0,-0.39383548248558603
375557,1.65099815921839,0,0.3608036727742143
374407,0.2355689587311,0,0.019562154656734665
188849,-2.02604074204751,0,-0.9584686526799732
187883,1.32791105910716,0,0.9872849449898934
187856,-0.733692341602589,0,0.11679598669020944
188944,-1.04139434170852,0,-0.8380033196385004
188907,-1.76449404195746,0,-0.9293908136699622
189027,0.18941365871521,0,0.16941302870832373
374368,1.42022165913894,0,0.20141403671934083
188463,-1.28755594179327,0,-0.435836805500046
375018,-1.05677944171382,0,0.27895494074603594
375711,-0.28752444144898603,0,0.3380337247663747
189853,0.18941365871521,0,0.04587067566579197
375779,0.820202758932372,0,0.6926602798884625
283633,-1.67218344192568,0,-0.5156854745275357
188708,-0.17982874141191002,0,0.016792836655781244
187551,0.958668658980042,0,0.7232766288990029
374696,0.958668658980042,0,0.15356637570286844
187860,-0.6259966415655129,0,0.2655699037414277
374604,-0.41060524149136,0,-0.5963033985552901
284176,1.57407265919191,0,0.7208150128981555
187880,-0.8875433416555559,0,0.03340874466150151
374110,0.543270958837032,0,-0.4144515164926839
189070,-1.47217714185683,0,-0.9150826706650368
283736,-0.841388041639666,0,-0.23767671743182542
187735,0.512500758826439,0,0.4828075158162164
188033,-0.733692341602589,0,0.025870045658906132
187974,0.127873258694023,0,0.08848740268046332
188384,-1.2414006417773795,0,0.2154144777241608
374591,-0.672151941581403,0,0.0777178326767558
283205,-1.39525164183034,0,-0.6753828125825152
189895,0.0509477586675398,0,-0.11705753339029946
188734,-0.826002941634369,0,-0.5003003745222387
375547,-0.7952327416237758,0,0.27003158274296374
2437409,2.37409785946733,0,0.6855831338860264
188239,2.46640845949911,0,-0.490300059518796
188067,0.343264658768176,0,0.10141088668491255
188412,0.497115658821142,0,0.27310860274402304
375745,-0.810617841629072,0,0.2134144147234723
187972,-1.74910894195217,0,0.022177621657634962
187854,-0.702922141591996,0,-0.34814173546985505
187920,-0.672151941581403,0,-0.022285317357672488
337841,-0.8875433416555559,0,0.3977279127869261
284132,1.5894577591972,0,0.6825061138849671
187968,1.68176835922898,0,0.08448727667908634
375549,-1.07216454171912,0,0.06664056067294216
336481,-0.13367344139602,0,-0.4047589034893466
190815,1.74330875925017,0,0.2735701557441822
375590,0.866358058948262,0,-0.5841491695511055
188174,0.604811358858219,0,0.9922081769915881
375569,-0.718307241597292,0,0.17402855870991285
189433,-1.5029473418674195,0,-0.7193841985976631
375716,1.05097925901182,0,0.5463479788380916
189115,0.127873258694023,0,-0.37352715047859497
375698,1.82023425927665,0,0.5654255028446592
375391,0.512500758826439,0,0.0912567206814169
308253,0.2355689587311,0,-0.49183856951932575
375393,0.512500758826439,0,0.19202912571610992
374515,-0.2259840414278,0,0.04679378166610955
284265,-1.28755594179327,0,0.3460339767691293
188204,-0.6106115415602161,0,0.11141120168835549
188913,-0.7798476416184791,0,-0.5110699445259467
189221,-2.0721960420634,0,-0.8796969406528544
187906,0.0817179586781331,0,0.7249689898995854
188897,2.63564455955738,0,-0.010746492353699597
375784,1.34329615911246,0,0.6994297238907933
3624697,0.343264658768176,0,0.6068114218589074
189734,-0.241369141433096,0,0.43065202679826087
188249,0.7586623589111852,0,0.5081929308249559
374945,-1.47217714185683,0,-0.5504558005395062
374037,0.281724258746989,0,0.021869919657528727
190184,-1.10293474172971,0,-0.27490865944464304
187665,-0.733692341602589,0,-0.4449140145031709
190707,-0.672151941581403,0,-0.5395323795357455
188258,-0.702922141591996,0,-0.5653793475446439
375546,-0.518300941528436,0,0.2623390327403154
375692,-1.02600924170323,0,0.10664182068671371
376040,1.1586749590488998,0,0.8186642489318419
284272,-0.13367344139602,0,0.10925728768761431
283677,0.00479245865164983,0,0.0931029326820523
284164,1.74330875925017,0,0.8702043339495862
190140,0.804817658927075,1,-0.4682993665112219
375775,-0.31829464145958003,1,0.6735827558818949
375432,0.112488158688726,1,0.42126711579503007
189134,-0.841388041639666,1,-0.9546223776786489
187824,0.312494458757583,1,0.16679756170742316
188909,-1.53371754187801,1,0.6400432378703482
188325,-1.9337301420157296,1,-0.30998668745671965
283604,-0.395220141486063,1,-0.006284813352164023
284002,-0.36444994147547,1,-0.006438664352216847
189700,-0.44137544150195296,1,-0.560456115542949
375545,1.2202153590700802,1,0.8731275029505923
188053,0.527885858831736,1,-0.32183321446079793
187955,0.943283558974745,1,-0.005515558351899144
189455,-2.27220234213225,1,-0.3793734884806077
188104,-0.36444994147547,1,-0.3390645264667303
283715,-0.379835041480766,1,0.04094744366409674
284231,1.74330875925017,1,-0.4082974764905649
188095,-1.10293474172971,1,0.12356543069253956
190125,1.1432898590436,1,-0.47537651251365853
187781,-1.07216454171912,1,0.6492742978735264
188993,0.281724258746989,1,-0.34198769546773655
2437280,0.7125070588952959,1,0.40803592979047487
375589,-0.502915841523139,1,0.21987615672569663
188037,0.0663328586728364,1,-0.016131277355553707
283448,0.2355689587311,1,0.18679819171430903
283823,-1.33371124180916,1,-0.4050666054894531
375714,1.77407895926076,1,0.551886614839998
188401,-0.7798476416184791,1,0.050332354667327855
374825,-2.0414258420528,1,-0.4722994925125991
190213,1.54330245918131,1,0.740969493905094
283876,-0.472145641512546,1,0.15741265070419228
190458,-0.379835041480766,1,-0.7039990985923668
283201,0.466345458810549,1,0.24649237973485988
188093,0.312494458757583,1,0.6214272668639393
188742,-1.73372384194687,1,-0.47029942951191067
188894,0.297109358752286,1,-0.5483018865387647
188500,1.28175575909127,1,0.360342119774055
375995,0.0509477586675398,1,0.3797273457807286
188421,-1.68756854193098,1,0.4483448918043522
188526,-1.01062414169793,1,0.12402698369269888
374471,0.40480505878936296,1,-0.3379875694663595
284322,1.46637695915483,1,0.22541479272760348
189232,-1.04139434170852,1,-0.560456115542949
375016,-1.30294104179856,1,-0.4039896484890821
190064,-0.718307241597292,1,0.057409500669764336
187482,-1.2260155417720802,1,-0.6338430425682139
188972,-1.2414006417773795,1,-0.33567980446556483
190170,0.450960358805253,1,0.5632715888439181
190089,1.05097925901182,1,-0.22306087242679384
375749,0.912513358964152,1,0.7435849609059944
189844,2.512563759515,1,-0.005669409351951632
187895,0.374034858778769,1,0.41788239379386455
283773,1.46637695915483,1,0.10094933368475374
284066,2.35871275946204,1,0.8849740299546707
373851,1.00482395899593,1,0.04387061266510364
187816,1.85100445928725,1,0.8582039559454544
190058,0.40480505878936296,1,0.05356322566844021
187702,0.3894199587840661,1,-0.36614230247605256
189005,-0.44137544150195296,1,-0.38675833648315006
374156,-0.19521384141720705,1,-0.5692256225459681
190092,-0.472145641512546,1,-0.14952009440147587
375710,1.95870015932432,1,0.543270958837032
188235,0.220183858725803,1,0.5474249358384624
375778,0.0971030586834297,1,0.9431297079746919
283969,-0.21059894142250304,1,0.19141372171589777
188256,0.312494458757583,1,0.42588264579661894
190802,1.65099815921839,1,0.7394309839045643
374504,-1.28755594179327,1,-0.40583586048971765
188054,-0.949083741676742,1,0.04525527166557979
374969,-0.518300941528436,1,0.6131193128610792
284209,-1.85680464198924,1,0.30864818375625835
283759,-0.149058541401317,1,0.09417988968242337
284100,1.43560675914424,1,0.755585338910126
374401,-0.764462541613182,1,-0.5112237955259996
190792,-0.6259966415655129,1,0.18879825471499787
188934,-1.19524534176149,1,-0.25121560543648636
187456,-0.7490774416078859,1,-0.5075313715247286
376049,-0.764462541613182,1,-0.34460316246863726
189243,-1.1644751417508998,1,-0.40860517849067124
187696,-0.5336860415337329,1,0.22018385872580284
189944,1.63561305921309,1,0.2988017197528686
375607,0.18941365871521,1,0.18879825471499737
374590,-0.4875307415178429,1,-0.32860265846312847
190102,0.0201775586569465,1,0.02186991965752917
375017,0.7740474589164821,1,-0.44076003750174064
189068,0.497115658821142,1,0.3035711007545101
375765,-1.54910264188331,1,-0.2658314504415183
283839,-1.4106367418356398,1,0.1283348116941816
187560,0.7740474589164821,1,0.8603578699461961
373793,-0.7798476416184791,1,-0.3493725434702789
283789,-0.21059894142250304,1,-0.0007461773502571717
188970,0.0355626586622431,1,-0.3369106124659891
2437410,1.17406005905419,1,0.40480505878936235
189012,-0.9644688416820392,1,-0.2455231184345266
189755,-0.241369141433096,1,0.05987111667061184
283138,1.6202279592078,1,0.2628005857404745
187700,-1.1337049417403,1,-0.487223039517737
188861,-1.25678574178268,1,-0.9763153686861172
375851,1.11251965903301,1,0.715276376896249
187975,-1.10293474172971,1,-0.018592893356401175
187753,1.05097925901182,1,0.8557423399446068
374745,-1.28755594179327,1,-0.5492249925390824
283083,-0.564456241544326,1,0.6452741718721491
188172,0.297109358752286,1,0.8954358979582723
187752,0.7125070588952959,1,0.8611271249464609
189248,-0.36444994147547,1,-0.1233654243924713
374658,0.374034858778769,1,0.19756776171801668
187564,1.63561305921309,1,-0.4304520204981921
188374,-0.2259840414278,1,0.05340937466838718
187682,0.866358058948262,1,0.41142065179164
336477,-0.733692341602589,1,-0.40029722448781085
190085,0.9278984589694492,1,0.2855705337483135
375288,0.297109358752286,1,0.07171764367468986
283849,-1.6414132419150902,1,-0.4255287884964977
187470,-0.17982874141191002,1,0.18987521171536817
283553,-0.349064841470173,1,-0.07305614737515129
374532,0.0355626586622431,1,-0.3627575804748871
375702,1.55868755918661,1,0.6189656508630915
373635,0.40480505878936296,1,-0.060286514370755266
188362,0.220183858725803,1,0.17941334371176676
374109,-1.68756854193098,1,-0.47968434051514136
189996,0.481730558815846,1,0.005561713651914748
187756,0.7740474589164821,1,0.8931281329574777
2437048,0.112488158688726,1,0.2204915607259086
374599,0.0817179586781331,1,0.4017280387883031
187709,0.8355878589376691,1,0.12495008969301667
374371,0.497115658821142,1,0.6729673518816831
283748,0.574041158847626,1,-0.3156791744586796
283782,0.666351758879406,1,0.1323349376955589
284202,0.681736858884702,1,-0.2506002014362747
190088,-1.31832614180386,1,-0.09582609538299042
187711,-0.0413628413642401,1,0.19325993371653355
374541,-0.149058541401317,1,0.27218549674370535
187887,0.974053758985338,1,0.8498960019425944
187907,0.17402855870991302,1,0.4328059407990022
319954,0.466345458810549,1,-0.8189257956319324
190296,0.8355878589376691,1,0.10710337368687249
188975,-1.27217084178797,1,-0.25383107243738684
187663,1.17406005905419,1,0.4281904107974134
189000,0.0663328586728364,1,-0.47153023751233436
189006,0.497115658821142,1,-0.3749118094790716
284025,-1.0875496417244102,1,0.12048841069148056
283770,0.466345458810549,1,0.19002906271542108
190150,-0.872158241650259,1,-0.4646069425099511
283166,0.8817431589535591,1,-0.407682072490353
283727,0.0201775586569465,1,0.04925539766695694
190124,-0.641381741570809,1,-0.19136756641588262
188142,-1.77987914196276,1,-0.5113776465260527
189294,-0.118288341390723,1,-0.24752318143521534
283859,-0.5336860415337329,1,-0.3990664164873874
283116,-1.11831984173501,1,-0.5432248035370167
283311,0.17402855870991302,1,-0.2516771584366453
2437282,0.7586623589111852,1,0.40603586678978604
189754,0.450960358805253,1,0.07510236567585553
336482,-0.687537041586699,1,-0.4482987365043362
188940,-0.349064841470173,1,-0.08890280038060663
187563,-0.349064841470173,1,0.7060453168930709
190791,-0.472145641512546,1,-0.14259679939909206
283766,0.0509477586675398,1,-0.4273750004971333
187556,1.1279047590383,1,0.20941428872209475
283655,1.74330875925017,1,0.1644897967066287
2437268,-0.7490774416078859,1,0.4092667377908986
188096,-1.45679204185153,1,-0.48399216851662447
189013,-1.04139434170852,1,-0.3895276544841033
283781,-0.13367344139602,1,-0.08890280038060665
187978,-1.05677944171382,1,-0.02582389035889067
375820,-1.19524534176149,1,0.6711211398810475
375404,0.374034858778769,1,0.1331041926958236
374361,-0.17982874141191002,1,-0.06305583237170849
2437252,0.9278984589694492,1,0.18064415171219037
374694,0.589426258852922,1,0.4195747547944472
373615,-0.672151941581403,1,-0.5172239845280653
189703,-1.44140694184623,1,-0.5290705115321438
188448,-0.595226441554919,1,-0.41352841049236616
187877,-1.96450034202632,1,-1.0517023587120709
283214,0.3894199587840661,1,-0.6381508705696968
375917,-0.7798476416184791,1,-0.40583586048971754
375341,1.54330245918131,1,0.0349472546620311
188312,-0.733692341602589,1,0.9509761089773933
375666,1.28175575909127,1,0.6361969628690238
373754,0.25095405873639604,1,0.07248689867495485
283812,-1.11831984173501,1,-0.40875902949072435
188048,1.45099185914953,1,0.8477420879418527
188912,-0.7798476416184791,1,-0.5304551705326205
190096,-0.118288341390723,1,-0.527685852531667
375511,1.83561935928195,1,0.6849677298858141
187678,-0.7798476416184791,1,0.03556265866224279
188998,-0.8875433416555559,1,-0.369065471477059
374961,1.85100445928725,1,0.13018102369481727
2437340,0.989438858990635,1,0.8346647529373504
283779,0.127873258694023,1,0.14510457069995508
375583,1.34329615911246,1,0.8705120359496918
375695,-1.6414132419150902,1,0.41388226779248727
189706,0.25095405873639604,1,0.020023707656893222
188496,0.435575258799956,1,-0.3784503824802899
375567,0.7740474589164821,1,0.76927807791484
373850,0.0355626586622431,1,0.1747978137101775
283449,-1.1337049417403,1,-0.1958292454174185
283104,-1.56448774188861,1,0.15402792870302717
283232,0.0201775586569465,1,-0.3256794894621222
375707,-0.149058541401317,2,0.45803750480768846
188363,-0.08751814138012999,2,0.2131067127233662
187742,-0.595226441554919,2,0.17972104571187233
188036,0.666351758879406,2,0.16125892570551642
375621,2.37409785946733,2,0.49803876482146014
188083,1.1586749590488998,2,0.6937372368888335
188170,1.86638955929254,2,1.0657489550169061
188056,1.05097925901182,2,0.6505051058739498
283718,0.2663391587416929,2,0.30772507775594055
188064,-0.687537041586699,2,-0.6673825605797606
187546,0.2355689587311,2,0.04402446366515596
188927,0.0509477586675398,2,-0.4207594074948554
318178,-0.826002941634369,2,-0.47014557851185756
188978,-0.28752444144898603,2,-0.38737374048336165
374392,1.7279236592448703,2,0.6748135638823182
187515,-1.11831984173501,2,-0.09490298938267262
187674,-1.88757484199984,2,-0.3447570134686898
374147,-1.10293474172971,2,-0.5456864195378643
373578,0.0201775586569465,2,0.38265051478173545
188383,0.727892158900592,2,0.14925854770138505
189077,-1.56448774188861,2,-0.8360032566378117
284334,1.6202279592078,2,0.6605054208773926
374474,1.68176835922898,2,0.01340811465461583
190046,1.45099185914953,2,0.56804096984556
283721,0.681736858884702,2,-0.5895339545529592
283641,0.804817658927075,2,0.06264043467156503
374066,0.589426258852922,2,-0.0761331673762104
187505,2.17409155939848,2,-0.041362841364240184
375977,-1.1490900417456,2,0.5741950098476781
188956,0.481730558815846,2,-0.5823029575504701
187523,0.0663328586728364,2,-0.41275915549210146
319957,-0.8875433416555559,2,0.16402824370646985
375551,-0.6259966415655129,2,0.1412582956986308
187539,1.38945145912835,2,0.062332732671458974
188577,-1.2414006417773795,2,-0.5618407745434257
318177,-1.3644814418197502,2,-0.33475669846524725
283119,0.558656058842329,2,-0.3249102344618574
187507,-0.733692341602589,2,-0.6196887505633407
187654,-0.995239041692632,2,-0.4315289774985632
375550,-1.5798728418939,2,-0.027823953359579226
188840,1.38945145912835,2,1.0279016090038764
283676,-1.19524534176149,2,-0.5056851595240928
375781,1.28175575909127,2,0.8089716359285052
375410,-1.62602814190979,2,0.07048683567426625
188214,0.40480505878936296,2,0.7338923479026578
187567,1.92792995931373,2,0.7161994828965664
374185,-1.30294104179856,2,-0.3658346004759468
187822,1.69715345923428,2,1.0785185880213024
189829,-0.31829464145958003,2,-0.5572252445418368
375641,0.420190158794659,2,-0.6243042805649298
375502,-0.702922141591996,2,0.013254263654562635
308266,0.3894199587840661,2,0.4820382608159511
188976,0.481730558815846,2,-0.38583523048283225
374691,-0.256754241438393,2,0.3858813857828474
187733,0.204798758720506,2,0.07756398167670277
374747,-0.687537041586699,2,-0.5544559265408833
375735,0.3894199587840661,2,0.6295813698667461
374530,0.466345458810549,2,0.23756902173178795
188134,0.9278984589694492,2,1.0403635400081666
189009,-0.0413628413642401,2,-0.3761426174794954
284215,-0.44137544150195296,2,0.8369725179381452
374624,2.18947665940377,2,0.388035299783589
375444,0.420190158794659,2,0.07971789567744428
373506,0.158643458704616,2,-0.5063005635243047
375397,-0.21059894142250304,2,0.1120266056885671
2437256,1.05097925901182,2,-0.6299967675668896
187457,-1.73372384194687,2,-0.4646069425099505
188338,-0.36444994147547,2,-0.7041529495924194
283639,1.71253855923958,2,0.1737208567098067
189343,-0.672151941581403,2,-0.9564685896792848
188398,-0.36444994147547,2,0.027254704659382685
187527,-0.08751814138012999,2,1.024363036002658
187474,-0.502915841523139,2,-0.6330737875679489
375816,2.31255745944615,2,0.8332800939368741
283128,1.51253225917072,2,0.20110633471923486
187692,-0.118288341390723,2,-0.12182691439194175
189050,-1.10293474172971,2,-0.9469298276760005
188906,1.97408525932962,2,-0.10828802638728034
190115,-1.04139434170852,2,-0.537224614534951
188423,-0.0567479413695367,2,-0.46291458150936804
189630,-1.1644751417508998,2,-0.38506597548256755
190116,-0.687537041586699,2,-0.5207625575292838
2437395,0.497115658821142,2,0.05679409666955234
187826,-1.33371124180916,2,0.02094681365721106
375813,-2.21066194211107,2,0.3666500107762268
373795,-1.81064934197335,2,0.30449420675482836
189956,0.7586623589111852,2,-0.0249007843585726
188911,2.49717865950971,2,-0.07274844537504521
188425,-0.31829464145958003,2,0.020177558656946128
375373,-1.25678574178268,2,-0.14075058739845667
374689,0.804817658927075,2,0.39080461778454234
336485,-0.7490774416078859,2,-0.29706320345227044
375598,0.0971030586834297,2,0.02433153565837639
374616,-0.36444994147547,2,0.10264169468533633
284262,-0.27213934144369,2,0.4038819527890445
188469,-1.9029599420051295,2,0.7628163359126154
376013,-1.05677944171382,2,0.5057313148241078
187541,-0.5490711415390289,2,-0.4001433734877582
374927,-0.7490774416078859,2,-0.583072212550735
375998,2.15870645939318,2,0.7108146978947125
189093,-0.902928441660852,2,-0.4124514534919955
374331,1.11251965903301,2,-0.18213650641270443
375890,1.20483025906479,2,0.8352801569375624
188185,-1.73372384194687,2,-0.40614356248982375
374537,-0.30290954145428306,2,0.608811484859596
376032,1.06636435901712,2,0.318033094759489
190036,-0.08751814138012999,2,0.07494851467580263
375645,1.43560675914424,2,-0.6163040285621756
188229,1.45099185914953,2,-0.42291332149559707
317829,0.220183858725803,2,-0.35906515647361553
189629,-1.1337049417403,2,-0.5367630615347921
188872,-1.8260344419786496,2,-0.3018325844539124
283312,1.54330245918131,2,0.7148148238960895
187992,-1.3798665418250502,2,0.13587351069677692
373725,-0.872158241650259,2,-0.3899892074842619
375780,1.38945145912835,2,0.8209720139326359
375704,0.17402855870991302,2,0.5583483568422224
187987,1.11251965903301,2,0.0012538856504313379
283819,-1.25678574178268,2,-0.4135284104923664
189023,-0.5490711415390289,2,-0.4027588404886584
374174,0.204798758720506,2,0.3269564527625615
374388,0.112488158688726,2,-0.5212241105294426
375395,-0.149058541401317,2,0.0009461836503253796
373621,-0.2259840414278,2,-0.35398807347186806
187603,-0.28752444144898603,2,0.7277383079005391
308004,-0.718307241597292,2,-0.48122285051567126
189308,-0.733692341602589,2,-0.22706099842817073
373467,0.681736858884702,2,-0.18629048341413462
188324,-0.687537041586699,2,-0.01028493935354108
375475,-0.44137544150195296,2,-0.5516866085399298
375565,0.574041158847626,2,0.8543576809441303
188000,0.497115658821142,2,-0.006900217352375919
188633,-1.1644751417508998,2,-0.5804567455498346
189038,-0.872158241650259,2,-0.867235009648564
189010,0.804817658927075,2,-0.34321850346816063
187888,0.0971030586834297,2,0.17218234670927704
189991,-0.702922141591996,2,-0.07674857137642227
373773,-1.10293474172971,2,-0.5313782765329382
375452,-1.4260218418409398,2,-0.46137607150883836
374484,-0.872158241650259,2,-0.36829621647679384
284168,0.974053758985338,2,0.773893607916429
188413,1.28175575909127,2,0.14648922970043163
375935,0.2663391587416929,2,0.4492679978046697
374683,-1.67218344192568,2,0.1481815907010146
187936,0.0663328586728364,2,0.2255686437276563
189872,0.343264658768176,2,0.00479245865164992
190434,-0.349064841470173,2,-0.0793640383773227
189280,-1.56448774188861,2,-0.2198300014256813
187924,-0.28752444144898603,2,-0.00751562135258749
374603,-0.595226441554919,2,0.07633317367627904
189760,-1.77987914196276,2,-0.5103006895256817
189133,1.94331505931903,2,0.36141907677442586
190799,1.51253225917072,2,0.8085100829283464
187845,-0.7952327416237758,2,-0.9541608246784903
374024,0.620196458863516,2,0.18433657571346132
188376,-0.502915841523139,2,-0.3032172434543892
375392,0.820202758932372,2,0.1055648636863426
373690,2.35871275946204,2,0.4635761408095956
187921,-0.764462541613182,2,-0.384296720482302
2437287,0.527885858831736,2,0.1804903007121374
283456,0.127873258694023,2,-0.40229728748849974
189001,0.466345458810549,2,-0.3609113684742517
374155,0.158643458704616,2,-0.3772195744798662
283515,0.204798758720506,2,0.13095027869508202
189625,-2.0414258420528,2,-1.0024700386951217
374103,0.7125070588952959,2,-0.013361959354600463
283625,0.204798758720506,2,-0.023977678358255265
187713,-1.9183450420104295,2,-0.9007745276601107
375810,-0.0721330413748334,2,0.6871216438865559
188540,0.866358058948262,2,0.1258731956933343
2437308,0.574041158847626,2,-0.31706383345915595
189947,-0.08751814138012999,2,0.07756398167670277
187699,0.604811358858219,2,-0.4932232285198026
187805,0.681736858884702,2,-0.3515264574710207
190144,-0.6259966415655129,2,-0.5432248035370167
187983,0.17402855870991302,2,-0.06259427937154968
283712,0.727892158900592,2,0.17141309170901217
373726,-1.87218974199454,2,-0.04997849736720639
187988,0.358649758773473,2,0.09894927068406492
187685,-1.2414006417773795,2,-0.43875997450105253
375453,-0.21059894142250304,2,-0.02613159235899676
374516,-0.13367344139602,2,-0.4333751894991986
374759,2.3433276594567403,2,0.70912233689413
283182,-1.39525164183034,2,-0.573841152547557
188848,0.481730558815846,2,0.3992664227874558
375004,1.71253855923958,2,0.12033455969142731
189099,2.26640215943026,2,-0.11382666238918723
190162,0.18941365871521,2,0.315879180758748
187497,-1.30294104179856,2,-0.3658346004759465
375015,0.943283558974745,2,0.17048998570869428
373482,0.14325835869932002,2,-0.11274970538881628
188923,-0.31829464145958003,2,-0.06982527637403879
187903,0.666351758879406,2,0.636658515869183
375719,1.09713455902771,2,0.37111168977776243
373642,-0.856773141644962,2,0.023869982658217496
189233,-0.872158241650259,2,-0.5613792215432668
375682,-0.149058541401317,2,0.6468126818726782
374467,0.17402855870991302,2,-0.4270672984970271
283846,0.897128258958855,2,0.17218234670927696
375371,-1.5029473418674195,2,0.4089590357907923
319781,2.0663958593614,3,0.7649702499133569
375665,2.0817809593667,3,0.6100422928600193
375954,-0.241369141433096,3,0.17172079370911814
189287,-0.379835041480766,3,-0.3893738034840506
374655,1.42022165913894,3,0.4534219748060998
189277,1.11251965903301,3,0.5328090908334305
375465,-0.902928441660852,3,0.07664087567638511
283970,-0.0105926413536468,3,0.34018763876711655
190191,-0.872158241650259,3,-0.592764825554072
187976,0.0971030586834297,3,0.1978754637181225
189035,-0.9644688416820392,3,-0.3619883254746226
190499,0.681736858884702,3,0.7705088859152635
283803,-1.19524534176149,3,-0.07982559137748188
284145,0.450960358805253,3,0.609426888859808
187876,0.2663391587416929,3,-0.27752412644554364
189632,-0.21059894142250304,3,-0.560456115542949
373628,0.374034858778769,3,-0.2969093524522173
189883,-0.0567479413695367,3,0.07741013067665006
188774,1.54330245918131,3,0.7922018769227318
375417,-0.472145641512546,3,-0.05090160336752425
374622,-0.41060524149136,3,-0.5796874905495696
375717,0.574041158847626,3,0.5475787868385149
188630,-0.7798476416184791,3,0.26664686074179866
188319,0.8817431589535591,3,0.15756650170424524
284224,1.54330245918131,3,0.39388163778560176
189670,-0.41060524149136,3,-0.30660196545555435
283221,1.00482395899593,3,-0.5307628725327264
188349,-0.28752444144898603,3,-0.037978119363074846
187493,0.0817179586781331,3,-0.42229791749538476
189615,-0.21059894142250304,3,-0.624150429564877
373522,1.38945145912835,3,0.3392645327667988
319279,-1.27217084178797,3,-0.38937380348405015
188958,-0.472145641512546,3,-0.3161407274588381
373734,0.204798758720506,3,0.45542203780678797
375446,0.820202758932372,3,0.15018165370170297
188410,0.6971219588899991,3,0.6780444348834309
190811,-0.902928441660852,3,-0.3379875694663595
189698,-0.472145641512546,3,-0.07167148837467442
373575,0.8817431589535591,3,0.028331661659753603
188454,0.604811358858219,3,0.7894325589217785
283723,0.0971030586834297,3,0.03294719166134247
189708,1.08174945902242,3,0.07233304767490216
189997,0.220183858725803,3,-0.06782521337335021
374546,1.80484915927136,3,0.7372770699038229
188672,0.297109358752286,3,0.24310765773369478
190780,-0.44137544150195296,3,0.1989524207184935
188225,1.65099815921839,3,1.0008238329945545
189246,0.127873258694023,3,-0.5523020125401419
283760,1.6202279592078,3,-0.03997818236376364
285674,0.7432772589058891,3,0.1797210457118727
283755,0.2663391587416929,3,-0.015669724355394907
336479,-0.349064841470173,3,-0.7649240946133413
284324,2.57410415953619,3,0.5172701398280809
188270,-0.7798476416184791,3,-0.6144578165615403
375094,0.40480505878936296,3,0.3855736837827417
2437286,-0.949083741676742,3,0.1269501526937053
189686,0.0201775586569465,3,0.05756335166981743
283209,0.112488158688726,3,-0.3118328994573549
373769,1.7279236592448703,3,0.000176928650060591
374917,-1.76449404195746,3,-0.8967744016587335
189254,-0.995239041692632,3,-0.9881618956901959
283825,-0.595226441554919,3,-0.38414286948224985
188197,0.543270958837032,3,0.7177379928970956
308211,-0.7490774416078859,3,-0.14459686239978084
187749,-1.5952579418992,3,-0.09582609538299032
283843,-1.28755594179327,3,-0.06767136237329727
375504,-0.44137544150195296,3,0.38111200478120566
375620,1.91254485930843,3,0.6749674148823712
189081,0.40480505878936296,3,-0.3559881364725569
187508,-1.45679204185153,3,0.3137252667580064
188102,-1.05677944171382,3,-0.3347566984652471
188464,-1.99527054203691,3,-0.5604561155429487
374186,-1.05677944171382,3,-0.16952072440836147
187666,-1.4260218418409398,3,-0.4666070055106394
187812,-0.17982874141191002,3,-0.8903126596565091
283731,-0.702922141591996,3,0.0020231406506962145
375451,-1.87218974199454,3,-0.43952922950131706
188232,-1.05677944171382,3,-0.2582927514389228
374632,-0.0413628413642401,3,-0.5126084545264765
376010,-0.44137544150195296,3,0.21541447772416103
284219,0.00479245865164983,3,0.4308058777983137
374715,-0.687537041586699,3,0.18479812871362056
187731,1.00482395899593,3,0.5681948208456131
374416,1.1279047590383,3,-0.248600138435586
189222,-1.9029599420051295,3,-0.9029284416608522
189792,0.620196458863516,3,0.6745058618822126
187574,0.0201775586569465,3,0.18879825471499775
187911,-1.30294104179856,3,0.07341000467527267
373629,-0.0413628413642401,3,-0.3766041704796539
374374,-0.0413628413642401,3,-0.551840459539983
376023,1.32791105910716,3,0.3068019717556225
187555,1.05097925901182,3,0.20464490772045288
187471,0.527885858831736,3,-0.36645000447615866
187495,-0.502915841523139,3,-0.4196824504944846
189016,0.0817179586781331,3,-0.3315258274641352
187869,0.0355626586622431,3,-0.2662930034416771
187481,-1.3644814418197502,3,-0.40922058249088294
373745,1.66638325922369,3,0.6851215808858672
188942,0.0817179586781331,3,-0.882004705653649
283157,0.112488158688726,3,0.7308153279015984
189223,-1.3798665418250502,3,0.30849433275620536
189889,-0.595226441554919,3,0.1111034996882497
188152,1.11251965903301,3,1.0362095630067367
188825,-0.564456241544326,3,0.1680283697078472
374912,0.17402855870991302,3,-0.35937285847372175
188898,-0.564456241544326,3,-0.5479941845386588
187589,2.5279488595203,3,0.04833229166663962
373627,1.09713455902771,3,0.21818379572511412
190806,-0.841388041639666,3,-0.5506096515395591
189017,-0.5336860415337329,3,-0.378758084480396
374598,-0.349064841470173,3,0.07448696167564364
283665,1.28175575909127,3,0.17002843270853557
308265,-0.17982874141191002,3,-0.3393722284668362
187935,-0.702922141591996,3,-0.32598719146222843
188781,0.2663391587416929,3,0.17972104571187242
188370,0.543270958837032,3,0.31326371375784734
284241,1.49714715916542,3,0.3531111227715658
187535,1.08174945902242,3,0.8082023809282403
189346,-1.33371124180916,3,-0.9273907506692738
189809,-0.6259966415655129,3,-0.07167148837467442
374992,0.2355689587311,3,-0.5875338915522709
318176,-0.702922141591996,3,-0.4609145185086794
189278,-0.672151941581403,3,-0.3244486814616983
373739,-0.902928441660852,3,-0.4775304265144
375447,0.589426258852922,3,0.017408240655992935
188079,-1.04139434170852,3,0.3018787397539278
189854,0.0971030586834297,3,-0.06782521337335021
283127,0.0509477586675398,3,-0.32598719146222843
284368,0.0509477586675398,3,0.2167991367246378
187605,1.82023425927665,3,0.7674318659142045
188990,0.0817179586781331,3,-0.3598344114738811
375509,1.28175575909127,3,0.20741422572140647
373571,1.11251965903301,3,-0.11290355638886972
188110,-1.76449404195746,3,-0.3236794264614336
374988,1.00482395899593,3,-0.5487634395389235
189696,0.00479245865164983,3,-0.046901477366146846
373716,0.25095405873639604,3,-0.07244074337493944
189340,-0.149058541401317,3,-0.7363078086034893
190187,1.1279047590383,3,0.32218707176091954
189034,-0.7798476416184791,3,-0.3733732994785421
190728,-1.9183450420104295,3,-0.43475984849967547
188957,-1.54910264188331,3,-0.4833767645164128
187676,-0.902928441660852,3,-0.3476801824696962
190056,1.28175575909127,3,0.34880329477008254
283194,-1.68756854193098,3,-0.08090254837785242
373481,-1.27217084178797,3,-0.45614513750703767
189138,0.604811358858219,3,0.3334181947647859
188988,-0.7798476416184791,3,-0.34691092746943186
188331,-1.31832614180386,3,-0.3593728584737218
190111,-0.564456241544326,3,-0.3666038554762116
188969,0.0663328586728364,3,-0.38521982648262015
190057,-1.1337049417403,3,-0.06828676637350925
374693,1.1279047590383,3,0.18587508571399133
187645,1.45099185914953,3,-0.2684469174424187
375494,-0.656766841576106,3,-0.4164515794933727
375457,-1.9337301420157296,3,0.048639993666745235
374595,-0.902928441660852,3,-0.5336860415337329
375458,-1.2414006417773795,3,-0.44506786550322386
284357,0.435575258799956,3,0.18418272471340888
187760,0.358649758773473,3,-0.25629268843823416
375772,0.7432772589058891,3,0.9202059089668002
187544,1.51253225917072,3,0.5381938758352842
190158,0.0663328586728364,3,-0.606457564558786
188545,-1.3798665418250502,3,-0.9244675816682676
375243,0.527885858831736,3,0.17802868471128977
190783,1.69715345923428,3,0.7718935449157399
374663,-0.349064841470173,3,0.091102869681364
190132,-2.1183513420792903,3,-0.9703151796840515
375791,1.95870015932432,3,0.7645086969131982
283967,-1.39525164183034,3,0.058640308670187796
187852,-1.74910894195217,3,-1.0066240156965516
283740,0.589426258852922,3,0.1369504676971479
189030,-1.30294104179856,3,-0.3609113684742517
374013,1.28175575909127,3,0.3918815747849132
375839,0.312494458757583,3,0.7562007429103378
338067,-0.472145641512546,3,-0.2352151014309778
190100,-0.564456241544326,3,-0.06828676637350922
188375,-0.395220141486063,3,-0.43922152750121135
373626,0.17402855870991302,3,-0.20921428242202683
374527,1.46637695915483,3,0.33834142676648093
188443,0.9278984589694492,3,0.2226454747266501
2437412,0.989438858990635,3,0.44634482880366305
187736,-0.395220141486063,3,0.35203416577119495
319283,-1.28755594179327,3,-0.5332244885335736
190072,-0.841388041639666,3,-0.5912263155535423
189757,-0.841388041639666,3,0.014946624655145645
190130,0.204798758720506,3,-0.3821428064815612
188757,0.312494458757583,3,0.4115745027916931
319955,-0.17982874141191002,3,-0.4359906565000989
283117,0.281724258746989,3,-0.25183100943669834
187998,-1.4260218418409398,3,-0.26875461944252454
189964,-0.118288341390723,3,0.6629670368782401
187879,-1.19524534176149,3,0.16233588270588753
375295,-0.6106115415602161,3,0.05571713966918149
375013,1.18944515905949,3,0.1627974357060461
375932,0.0355626586622431,3,0.750046702908219
189979,0.358649758773473,3,0.0955645486829001
189732,-0.8875433416555559,3,-0.5341475945338918
190757,0.466345458810549,3,-0.0024385383508397198
283962,-1.04139434170852,3,0.07279460067506065
189932,1.1279047590383,4,0.31603303175880104
373623,-0.4875307415178429,4,0.18479812871362042
187751,-0.31829464145958003,4,0.23479970373083447
187607,-1.2414006417773795,4,-0.37321944847848904
189049,-0.702922141591996,4,-0.5732257485473452
375894,-0.08751814138012999,4,0.6371200688693417
188449,-0.826002941634369,4,-0.38291206148182566
190789,-0.149058541401317,4,-0.5675332615453855
284303,0.804817658927075,4,-0.8301569186357992
188945,-0.672151941581403,4,-0.5939956335544957
283178,-1.1337049417403,4,-0.1729054464095266
375372,-0.5490711415390289,4,-0.1275194013939015
190063,-0.21059894142250304,4,-0.08921050238071256
189833,0.589426258852922,4,-0.039978182363763354
190114,-0.2259840414278,4,-0.35014179847054416
374937,0.681736858884702,4,-0.4458371205034885
374419,-0.4875307415178429,4,-0.4093744334909362
188415,-0.841388041639666,4,-0.48629993351741907
375974,-1.5183324418727198,4,0.3409568937673808
375739,-0.19521384141720705,4,0.7557391899101787
187766,1.1432898590436,4,0.832972391936768
318179,0.2355689587311,4,-0.40414349948913497
190121,0.804817658927075,4,-0.29690935245221767
187919,0.943283558974745,4,-0.48091514851556527
187893,0.127873258694023,4,-0.03690116236270408
188339,0.312494458757583,4,0.8226643749332192
374702,-0.764462541613182,4,-0.5198394515289659
187501,-0.595226441554919,4,0.13556580869667123
189744,0.17402855870991302,4,-0.10874957938743926
283231,-0.7490774416078859,4,-0.6972296545900357
283914,-1.28755594179327,4,0.05387092766854595
376033,0.866358058948262,4,0.7251228408996383
190702,-0.6259966415655129,4,-0.5738411525475571
188154,1.5894577591972,4,-0.28521667644819193
375705,-0.102903241385427,4,0.5140392688269686
187848,-0.0413628413642401,4,0.387881448783536
187662,0.281724258746989,4,0.4503449548050405
373649,-0.31829464145958003,4,0.06648670967288918
190196,-0.379835041480766,4,-0.4416831435020591
187579,-0.595226441554919,4,0.15956656470493413
188001,-0.395220141486063,4,-0.37906578648050177
187850,1.45099185914953,4,1.1046732580303067
374686,1.2356004590753795,4,0.14772003770085557
375571,0.558656058842329,4,0.5818875598503267
187818,-0.6259966415655129,4,-0.5295320645323025
189291,-0.28752444144898603,4,-0.510762242525841
375952,1.2356004590753795,4,0.6674287158797764
188818,-0.5336860415337329,4,0.15710494870408656
375748,-1.47217714185683,4,0.24926169773581328
189008,0.666351758879406,4,-0.3566035404727686
375006,0.666351758879406,4,0.19249067871626852
189076,-1.39525164183034,4,-0.9532377186781723
189859,0.650966658874109,4,0.1692591777082711
189239,-0.31829464145958003,4,-0.36044981547409266
189319,0.00479245865164983,4,-0.24890784043569192
189819,-1.39525164183034,4,-0.40568200948966476
375794,-0.7798476416184791,4,0.8700504829495331
375628,-0.472145641512546,4,-0.07136378637456846
190189,-0.8875433416555559,4,-0.3384491224665187
187461,0.2663391587416929,4,-0.34829558646990827
190164,-0.995239041692632,4,-0.9064670146620706
188267,-0.979853941687335,4,-0.13782741839745033
375662,0.989438858990635,4,0.6285044128663752
319282,-1.1644751417508998,4,-0.32091010846048
188765,0.14325835869932002,4,0.18525968171377918
187629,1.94331505931903,4,0.40803592979047465
375950,0.912513358964152,4,0.6657363548791936
375556,-0.41060524149136,4,0.24510772073438317
318548,0.297109358752286,4,-0.353834222471815
375552,-0.21059894142250304,4,0.22510709072749752
284161,-0.764462541613182,4,0.5748104138478906
188816,-0.149058541401317,4,0.20064478171907607
375923,1.77407895926076,4,-0.4661454525104801
190051,0.6355815588688121,4,0.6531205728748504
188254,1.34329615911246,4,0.45819135580774206
375505,-1.34909634181445,4,0.010638796653662422
187491,0.281724258746989,4,-0.37168093847795924
189048,-0.7798476416184791,4,-0.36198832547462245
336686,-1.94911524202102,4,-0.11736523539040547
188103,-1.05677944171382,4,-0.5807644475499403
375024,-0.0105926413536468,4,0.1377197226974126
374659,0.512500758826439,4,0.6212734158638862
283754,-1.47217714185683,4,-0.28521667644819226
188292,-1.19524534176149,4,0.14233525269900157
188822,1.20483025906479,4,0.6463511288725198
187928,0.127873258694023,4,0.19879856971844018
188187,0.00479245865164983,4,0.4761919228139391
190805,-0.826002941634369,4,-0.16736681040761983
189392,0.281724258746989,4,-0.3144483664582557
189892,0.158643458704616,4,-0.08921050238071258
187712,-1.53371754187801,4,-0.0755177633759988
375724,-0.687537041586699,4,0.5837337718509619
188764,0.0509477586675398,4,0.4277288577972545
283597,-0.08751814138012999,4,0.18633663871414996
375315,0.850972958942965,4,0.08125640567797418
188434,-1.01062414169793,4,-0.45414507450634917
189811,0.00479245865164983,4,0.04710148366621575
187833,0.204798758720506,4,-0.36475764347557593
188427,-0.395220141486063,4,0.02694700265927685
189647,-0.718307241597292,4,-0.45445277650645527
319783,1.09713455902771,4,0.20356795072008285
187823,1.1432898590436,4,1.079903247021779
374567,0.850972958942965,4,-0.48306906251630694
188493,-1.1644751417508998,4,-0.35429577547197416
189020,-0.595226441554919,4,-0.40660511548998246
189623,0.0201775586569465,4,-0.6069191175589449
374154,-0.872158241650259,4,0.1564895447038746
2437250,-0.810617841629072,4,0.17172079370911852
374697,0.604811358858219,4,0.08741044568009283
187786,0.543270958837032,4,-0.08613348237965353
284080,0.358649758773473,4,0.8755891189514396
189247,-0.5336860415337329,4,-0.1838288674132872
187475,0.0817179586781331,4,-0.5018388845227685
283202,-0.349064841470173,4,-0.27229319244374284
375931,-0.672151941581403,4,0.03710116866277263
375524,0.897128258958855,4,0.8229720769333252
190784,-0.17982874141191002,4,-0.15644338940385916
284120,1.85100445928725,4,0.26295443674052765
283183,-1.9337301420157296,4,-0.3102943894568255
2437378,0.2355689587311,4,0.04294750666478562
188419,-0.19521384141720705,4,-0.036439609362545165
374688,1.1586749590488998,4,0.3811120047812055
188989,-0.5336860415337329,4,-0.34475701346869025
189299,-1.99527054203691,4,-0.39568169448622226
376050,-1.6106430419045,4,-0.47137638651228136
189302,-1.3644814418197502,4,-0.5916878685537011
188408,-0.733692341602589,4,0.04663993066605669
187514,-0.379835041480766,4,0.15064320670186176
190731,0.220183858725803,4,0.2152606267241078
188058,-0.395220141486063,4,0.5977342128557824
374391,0.312494458757583,4,-0.08259490937843507
317951,0.0201775586569465,4,-0.37968119048071325
188255,-0.502915841523139,4,0.2611082247398917
375627,0.820202758932372,4,0.04556297366568605
188330,-0.30290954145428306,4,-0.10890343038749255
375905,0.620196458863516,4,0.4484987428044048
189868,1.37406635912305,4,0.05033235466732799
2437244,0.00479245865164983,4,0.40357425078893866
187511,0.220183858725803,4,0.7071222738934414
187949,-1.31832614180386,4,-0.99616214769295
376000,-0.28752444144898603,4,0.597734212855782
187707,-0.733692341602589,4,0.3721886467781335
188563,-1.6414132419150902,4,-0.6259966415655126
187637,-0.31829464145958003,4,-0.09597994638304334
189808,-0.17982874141191002,4,0.016177432655569476
187675,2.55871905953089,4,0.01740824065599333
188506,-0.241369141433096,4,-0.29060146145004556
189927,0.3894199587840661,4,-0.08921050238071256
374719,1.2356004590753795,4,0.6732750538817889
187993,-1.73372384194687,4,-0.006900217352375806
188780,-0.7490774416078859,4,-0.9220059656674202
375694,1.42022165913894,4,0.7325076889021802
189267,1.03559415900652,4,0.6369662178692889
374681,0.343264658768176,4,0.5478864888386209
374253,0.666351758879406,4,-0.033824142361644646
375498,1.38945145912835,4,0.16941302870832387
188444,-1.53371754187801,4,0.11848834769079161
374536,0.7740474589164821,4,-0.5090698815252582
190015,-0.19521384141720705,4,0.04710148366621575
374763,-0.08751814138012999,4,-0.5761489175483515
283300,-1.28755594179327,4,0.19587540071743398
284162,-0.7490774416078859,4,0.6195810548633037
284069,0.14325835869932002,4,0.8622040819468316
373744,1.7279236592448703,4,0.47911509181494544
188043,1.69715345923428,4,0.5374246208350196
187938,-0.0105926413536468,4,0.17972104571187242
187655,1.32791105910716,4,0.8509729589429651
374378,0.18941365871521,4,0.04710148366621576
187944,0.7740474589164821,4,0.14756618670080246
190280,0.7125070588952959,4,0.24741548573517805
374746,-1.6106430419045,4,-0.5819952555503644
187543,1.1432898590436,4,1.0737492070196604
283664,1.18944515905949,4,0.22541479272760348
283732,0.0355626586622431,4,-0.06151732237117877
189288,-2.1952768421057702,4,-0.06490204437234398
190054,-1.17986024175619,4,-0.29306307745089344
187757,-2.0414258420528,4,-0.5255319385309254
2437408,0.0201775586569465,4,0.4795766448151037
284304,-1.1337049417403,4,-0.21352211042350974
376004,1.86638955929254,4,0.6648132488788759
374607,0.7432772589058891,4,0.43357519579926745
283791,-2.25681724212696,4,-0.4819921055159362
284278,0.2355689587311,4,0.0931029326820525
284248,1.34329615911246,4,0.6585053578767043
283447,0.866358058948262,4,0.1754132177103893
188532,2.03562565935081,4,0.6811214548844902
189400,-1.44140694184623,4,-0.4378368685007348
2437248,-0.44137544150195296,4,-0.10398019838579757
187754,0.512500758826439,4,0.6014266368570538
283432,-0.31829464145958003,4,-0.12305772239236559
190016,-0.27213934144369,4,-0.08921050238071256
283769,-0.564456241544326,4,0.0246392376584824
374623,-1.39525164183034,4,-0.298909415452906
188282,-0.518300941528436,4,-0.5018388845227686
187653,-0.6106115415602161,4,0.49788491382140726
189881,1.20483025906479,4,-0.39645094948648674
189857,1.1586749590488998,4,0.5738873078475727
187769,1.32791105910716,4,0.824510586933855
375625,0.620196458863516,4,0.33511055576536886
187484,-0.349064841470173,4,0.5669640128451888
375847,-1.05677944171382,5,0.7434311099059414
189961,0.943283558974745,5,0.041408996664255585
318173,-1.4260218418409398,5,-0.05813260037001335
374517,-0.687537041586699,5,-0.08044099537769359
317953,-1.05677944171382,5,-0.5241472795304487
283741,-0.841388041639666,5,0.00356165065122609
189958,0.0663328586728364,5,0.1581819057044573
283756,0.312494458757583,5,-0.011823449354070648
283279,1.00482395899593,5,-0.0502861993673123
188008,-0.395220141486063,5,-0.40891288049077734
375274,1.2202153590700802,5,-0.026439294359102358
190817,0.9278984589694492,5,-0.6573822455763174
283778,0.17402855870991302,5,-0.10182628438505571
187982,0.420190158794659,5,-0.058594153370172465
188316,-0.44137544150195296,5,-0.931390876670651
189669,-0.656766841576106,5,-0.377681127480025
189786,-0.9644688416820392,5,0.6992758728907402
283796,0.18941365871521,5,-0.3779888294801313
190006,-0.502915841523139,5,-0.016131277355553537
188899,-0.31829464145958003,5,-0.009515684353276039
374600,1.05097925901182,5,0.46680701181070783
374397,0.00479245865164983,5,0.00725407465249734
190787,-0.641381741570809,5,-0.16936687340830847
375726,-1.8414195419839496,5,0.47926894281499793
375835,0.8355878589376691,5,0.8315877329362913
188458,0.9278984589694492,5,0.1757209197104957
187767,0.8355878589376691,5,0.7898941119219371
2437251,-2.0875811420686903,5,0.6011189348569477
375993,0.7432772589058891,5,0.46603775681044296
188820,-0.44137544150195296,5,0.13356574569598254
188601,-1.19524534176149,5,-0.9449297646753121
190711,-0.27213934144369,5,-0.0035154953512103026
374935,-1.5952579418992,5,-0.5158393255275888
187776,0.14325835869932002,5,0.5631177378438649
375971,-0.579841341549623,5,0.22572249472770917
374414,0.158643458704616,5,0.3523418677713009
190103,-1.04139434170852,5,-0.016131277355553544
190005,0.14325835869932002,5,0.08202566067823898
375467,0.297109358752286,5,-0.045670669365723324
283762,0.574041158847626,5,0.05371707666849323
375335,-1.5952579418992,5,-0.07428695537557499
375342,-0.7952327416237758,5,0.1011031846848068
188335,-0.902928441660852,5,-0.4664531545105862
284068,1.03559415900652,5,0.8908203679566832
188121,1.17406005905419,5,-0.02674699635920842
283616,1.48176205916013,5,0.172490048709383
373743,2.32794255945144,5,0.5148085238272335
187945,0.0817179586781331,5,0.7642009949130919
187479,-0.7798476416184791,5,-0.5773797255487749
189210,-0.764462541613182,5,-0.2692161724426833
2437267,-1.33371124180916,5,0.3788042397804113
190067,-0.5490711415390289,5,-0.5398400815358516
188994,-1.1337049417403,5,-0.3407568874673131
187954,0.158643458704616,5,0.16048967070525158
188035,-0.518300941528436,5,0.3978817637869788
374165,-0.502915841523139,5,0.32326402876129
375825,-0.19521384141720705,5,0.03479340366197825
187755,0.527885858831736,5,0.5708102878465133
190029,0.2355689587311,5,0.07771783267675589
190040,-0.979853941687335,5,-0.5603022645428962
374535,0.220183858725803,5,-0.05567098436916612
374451,1.29714085909657,5,0.3257256447621377
374197,-0.31829464145958003,5,-0.015054320355182747
283603,1.45099185914953,5,0.08956435968083415
187550,-0.4875307415178429,5,0.18233651271277285
188189,-0.872158241650259,5,-0.8920050206570918
283938,1.68176835922898,5,0.009869541653397573
374613,0.0971030586834297,5,0.28895525574947856
283359,1.2202153590700802,5,0.46511465081012526
375659,2.60487435954678,5,0.8338954979370857
190797,0.497115658821142,5,0.14295065669921372
284236,1.74330875925017,5,0.6981989158903693
189689,-0.702922141591996,5,0.0072540746524973375
375688,1.17406005905419,5,0.5637331418440766
188759,0.7432772589058891,5,0.4158823307931761
187905,0.158643458704616,5,0.07264074967500789
187681,0.281724258746989,5,0.6478896388730493
375899,1.65099815921839,5,0.6612746758776573
189029,-0.149058541401317,5,-0.3678346634766351
189152,-1.31832614180386,5,-0.9461605726757358
284189,2.14332135938788,5,0.7774321809176472
374445,-0.5490711415390289,5,0.4914231718191827
375474,0.574041158847626,5,0.10048778068459485
373925,0.497115658821142,5,0.49880801982172485
374001,0.420190158794659,5,-0.38583523048283197
373759,0.297109358752286,5,-0.2990632664529589
189840,0.6971219588899991,5,0.30080178275355735
187610,0.14325835869932002,5,-0.3842967204823027
188452,0.220183858725803,5,0.44449861680302793
187875,0.450960358805253,5,-0.25198486043675133
190344,-2.01065564204221,5,-0.9655457986824096
189015,-0.6106115415602161,5,-0.6938449325888708
190071,0.0509477586675398,5,-0.5923032725539131
188236,1.26637065908597,5,0.6449664698720432
375901,1.20483025906479,5,0.6831215178851786
376048,0.2355689587311,5,0.29803246475260375
188218,1.26637065908597,5,0.0020231406506961403
189909,0.0663328586728364,5,-0.0035154953512102982
374547,-0.564456241544326,5,0.4434216598026569
188156,1.20483025906479,5,0.9769769279863444
189690,0.0509477586675398,5,0.07894864067717963
2437266,-0.841388041639666,5,0.42480568879624825
188160,1.7279236592448703,5,0.9789769909870327
189137,-1.25678574178268,5,-0.14859698840115787
189063,1.32791105910716,5,0.7418925999054119
187599,-0.656766841576106,5,-0.4192208974943255
189025,0.0201775586569465,5,0.5009619338224665
376012,-0.4875307415178429,5,0.5491172968390446
187710,-1.31832614180386,5,0.029408618660124203
3646845,0.127873258694023,5,-0.4892231025184256
187784,0.0663328586728364,5,0.1500278027016499
187671,0.112488158688726,5,0.5388092798354962
190068,-0.7490774416078859,5,-0.5679948145455443
188378,-0.17982874141191002,5,-0.5856876795516351
374394,1.46637695915483,5,0.02402383365827086
187960,-0.118288341390723,5,0.20295254671987042
375697,1.1279047590383,5,0.40988214179111027
373872,-1.01062414169793,5,-0.339833781466995
190159,-0.36444994147547,5,-0.3539880734718684
375896,1.98947035933492,5,0.6220426708641511
188530,0.543270958837032,5,0.7625086339125093
283892,-1.25678574178268,5,-0.36629615347610545
375809,2.2202468594143703,5,0.7832785189196596
375679,-0.2259840414278,5,0.5415785978364493
373654,-0.595226441554919,5,-0.05997881237064912
190139,-1.62602814190979,5,-1.010008737697717
374092,0.850972958942965,5,0.09925697268417107
189107,-1.1337049417403,5,-0.9218521146673669
188846,1.69715345923428,5,0.6851215808858673
187649,0.00479245865164983,5,0.16818222070790007
190018,0.18941365871521,5,0.0772562796765971
374588,0.17402855870991302,5,-0.061825024371284745
190127,-0.702922141591996,5,-0.34029533446715426
374531,0.0201775586569465,5,-0.08228720737832931
187686,-2.02604074204751,5,-0.5227626205299721
284247,2.0663958593614,5,0.7688165249146809
189749,-1.1337049417403,5,-0.540455485536063
187838,0.435575258799956,5,-0.6135347105612226
374191,-1.53371754187801,5,-0.5670717085452266
188494,-1.2414006417773795,5,-0.3410645894674191
374086,0.866358058948262,5,0.1607973727053576
374064,1.1586749590488998,5,-0.23106112442954785
375689,1.2202153590700802,5,0.662351632878028
187549,1.71253855923958,5,0.9471298339760689
188076,-0.5336860415337329,5,-0.1067495163867511
373733,0.0971030586834297,5,0.54680953183825
283471,0.604811358858219,5,0.03263948966123663
189624,-0.0413628413642401,5,-0.5987650145561377
374662,0.681736858884702,5,0.31418681975816526
319956,-0.44137544150195296,5,0.0943337406824762
190070,-1.2260155417720802,5,-0.5575329465419427
374978,-0.672151941581403,5,-0.3122944524575143
2437415,0.543270958837032,5,0.1652590517068936
189168,-1.11831984173501,5,-0.8689273706491467
187956,0.604811358858219,5,-0.0385935233632869
187647,-0.31829464145958003,5,0.19325993371653347
375383,-0.8875433416555559,5,0.14618152770032605
188052,0.512500758826439,5,0.7026605948919054
187914,-1.97988544203162,5,-0.026593145359155093
375691,1.45099185914953,5,0.6000419778565766
375738,0.7432772589058891,5,0.6789675408837483
283656,1.45099185914953,5,0.15695109770403343
374442,-1.8260344419786496,5,0.04987080166716898
188369,1.1279047590383,5,0.13587351069677697
188190,0.497115658821142,5,-0.33706446346604174
374177,-0.41060524149136,5,-0.3690654714770589
188302,-1.39525164183034,5,-0.23152267742970667
375766,-1.10293474172971,5,-0.3402953344671538
374914,0.527885858831736,5,-0.22090695842605224
188702,1.43560675914424,5,0.7578931039109201
336783,-0.13367344139602,5,-0.8727736456504708
190082,-1.5029473418674195,5,-0.25952355943934674
189977,1.02020905900123,5,0.7215842678984202
190814,-0.979853941687335,5,-0.5261473425311375
189244,-0.0567479413695367,5,0.13925823269794244
308212,-1.5952579418992,5,-0.6139962635613814
375519,0.527885858831736,5,-0.011208045353858588
283427,-0.4875307415178429,5,0.22049156072590884
188365,0.0817179586781331,5,-0.40875902949072385
318549,-0.31829464145958003,5,-0.39491243948595695
187669,-0.7952327416237758,5,-0.40706666849014117
374505,0.00479245865164983,5,0.7798937969184945
187820,1.43560675914424,5,0.7889710059216195
283199,-0.28752444144898603,5,-0.5972265045556079
188667,1.32791105910716,5,0.009254137653186074
187561,-0.379835041480766,5,-0.21121434542271508
190796,-0.733692341602589,5,0.3678808187766506
188386,-0.44137544150195296,5,-0.057209494369695746
189980,0.3894199587840661,5,0.09356448568221153
187889,-0.902928441660852,5,0.18741359571452093
373986,0.112488158688726,5,0.02310072765795254
190076,1.52791735917602,5,-0.22921491242891243
283105,0.312494458757583,5,-0.21675298142462204
189090,-0.41060524149136,5,-0.3442954604685313
375548,-0.08751814138012999,5,0.5043466558236317
375062,0.374034858778769,5,-0.04674762636609398
374739,0.497115658821142,5,0.3184946477596483
373777,-0.8875433416555559,5,-0.5756873645481927
189666,0.14325835869932002,5,-0.387219889483309
374062,-0.379835041480766,5,-0.20121403041927255
374635,0.897128258958855,6,0.186182787714097
375539,-0.149058541401317,6,0.23987678673258228
189784,-0.764462541613182,6,-0.6456895695722921
187763,-0.672151941581403,6,0.44357551080271024
373485,0.958668658980042,6,0.8923588779572129
375230,0.220183858725803,6,0.20372180172013535
189289,-1.47217714185683,6,-0.9992391676940093
189790,0.0355626586622431,6,0.6446587678719369
284110,1.05097925901182,6,0.9098978919632509
336685,-0.36444994147547,6,-0.6290736615665721
373760,0.204798758720506,6,-0.1056725593863804
374995,0.727892158900592,6,-0.6466126755726098
376027,-0.764462541613182,6,0.28157040774693587
189240,0.7125070588952959,6,-0.3381414204664125
283120,0.25095405873639604,6,-0.3746041074789656
188055,-1.9029599420051295,6,-0.5975342065557137
187573,0.0355626586622431,6,0.20341409972002936
376018,0.343264658768176,6,0.5361938128345958
283229,0.466345458810549,6,0.0721791966748488
375564,1.48176205916013,6,0.42557494379651284
284369,0.0355626586622431,6,0.1680283697078474
187528,1.28175575909127,6,0.4368060668003797
188040,-0.656766841576106,6,0.4889615558183353
188554,-0.17982874141191002,6,0.18541353271383237
187536,0.574041158847626,6,-0.3559881364725564
374703,-2.14912154208988,6,0.16618215770721165
188357,1.09713455902771,6,0.10094933368475373
190157,-0.702922141591996,6,-0.6376893175695382
187868,1.68176835922898,6,0.18833670171483874
188311,-2.2414321421216603,6,-0.93031391967028
188287,-0.687537041586699,6,-0.367219259476423
284067,1.6048428592025,6,0.904820808961503
283801,0.158643458704616,6,0.08556423367945701
187462,0.3894199587840661,6,-0.5499942475393473
375572,2.43563825948852,6,0.23833827673205266
375799,1.91254485930843,6,0.6595823148770747
375706,0.7894325589217791,6,0.17772098271118397
318552,-0.379835041480766,6,-0.4916847185192728
374398,-0.08751814138012999,6,-0.44906799150460125
374367,0.497115658821142,6,0.19449074171695713
283224,0.358649758773473,6,-0.36568074947589346
283179,0.435575258799956,6,-0.24367690643389103
283753,1.35868125911775,6,-0.03443954636185678
283808,-0.08751814138012999,6,0.22264547472665006
187562,-0.672151941581403,6,0.006330968652179276
284192,1.98947035933492,6,0.30049408075345146
188475,-0.0413628413642401,6,0.13787357369746572
188359,0.958668658980042,6,0.11633443369005045
187765,1.74330875925017,6,0.760508570911821
188379,1.00482395899593,6,0.08679504167988089
375727,0.681736858884702,6,0.4195747547944474
189972,-1.10293474172971,6,-0.570148728546286
374429,1.2356004590753795,6,0.5555790388412697
375940,0.558656058842329,6,0.7355847089032401
189834,-0.118288341390723,6,-0.06582515037266165
188529,2.5433339595256,6,0.6558898908758037
187725,-0.28752444144898603,6,-0.6347661485685319
188733,-1.9183450420104295,6,0.4994234238219369
190167,1.43560675914424,6,-0.32398712846153954
375846,1.6048428592025,6,0.5101929938256444
188992,-0.27213934144369,6,-0.4127591554921014
188099,-0.7490774416078859,6,-0.29783245845253525
308006,0.297109358752286,6,-0.3695270244772175
189201,-1.54910264188331,6,-0.8872356396554497
375573,-0.4875307415178429,6,-0.3864506344830439
187729,-0.595226441554919,6,-0.6061498625586801
190238,1.1279047590383,6,-0.3912200154846858
283118,0.974053758985338,6,-0.2404460354327789
284354,0.527885858831736,6,-0.155827985403647
190795,0.297109358752286,6,0.366188457776068
374483,-0.5336860415337329,6,-0.40245113848855263
283707,0.18941365871521,6,0.18202881071266716
189236,0.25095405873639604,6,-0.18798284441471724
283757,1.43560675914424,6,0.021100664657264137
188980,-0.149058541401317,6,-0.4086051784906713
375790,1.28175575909127,6,0.6349661548686002
336476,-0.41060524149136,6,-0.3969125024866454
187656,0.681736858884702,6,0.3903430647843835
308007,-0.9644688416820392,6,-0.33275663546455875
189028,-0.6106115415602161,6,-0.42983661649798066
188492,-1.1644751417508998,6,-0.545686419537864
374706,0.281724258746989,6,0.34403391376844056
188943,-0.702922141591996,6,-0.9947774886924734
374395,-0.0567479413695367,6,-0.06582515037266165
187901,-0.979853941687335,6,0.49726950982119505
190142,-0.395220141486063,6,-0.4267595964969213
375355,-0.17982874141191002,6,-0.02982401636026744
375800,2.38948295947263,6,0.7794322439183357
187522,-0.44137544150195296,6,0.05202471566791027
374382,1.08174945902242,6,0.6175809918626151
375747,-0.45676054150725,6,0.2000293777188641
187691,-0.502915841523139,6,-0.258292751438923
374630,0.220183858725803,6,0.3678808187766505
190794,0.574041158847626,6,0.15602799170371584
284182,2.0510107593561,6,0.6985066178904755
375943,0.0663328586728364,6,0.6577361028764392
374617,0.0663328586728364,6,0.07371770667537864
375640,2.60487435954678,6,0.5183470968284513
188122,-0.518300941528436,6,-0.49630024852086174
188541,-0.27213934144369,6,0.41280531079211635
189384,-1.54910264188331,6,-0.6493819935735636
187664,-1.28755594179327,6,-0.3693731734771644
374740,1.42022165913894,6,0.764508696913198
188982,-0.979853941687335,6,-0.5029158415231395
283220,1.03559415900652,6,-0.16721295940756664
190190,0.297109358752286,6,0.30387880275461654
190022,0.281724258746989,6,0.6554283378756448
189018,-0.9336986416714448,6,-0.4273750004971331
283106,-0.0105926413536468,6,-0.1250577853930541
374913,0.7740474589164821,6,0.6689672258803057
375527,0.8355878589376691,6,0.12571934469328133
189024,0.589426258852922,6,-0.3924508234851098
374646,1.17406005905419,6,0.3966509557865552
188326,-0.702922141591996,6,0.22187621972638522
189864,-0.0413628413642401,6,-0.08628733337970626
187804,-0.733692341602589,6,0.5012696358225722
374894,-1.70295364193628,6,0.27064698674317555
187717,1.1586749590488998,6,0.39465089278586674
190708,0.6971219588899991,6,-0.5689179205458622
374641,0.297109358752286,6,0.38265051478173534
283252,-0.27213934144369,6,0.10941113868766683
189022,-0.718307241597292,6,-0.381681253481402
283828,-0.902928441660852,6,-0.04413215936519344
376047,-0.28752444144898603,6,0.368496222776862
187973,-1.47217714185683,6,0.026639300659170972
373764,0.481730558815846,6,0.8837432219542469
374112,1.38945145912835,6,0.024023833658270332
375934,0.9278984589694492,6,0.6472742348728374
375976,1.05097925901182,6,0.7540468289095962
187794,-0.44137544150195296,6,0.08541038267940429
375859,1.26637065908597,6,0.3726501997782924
374213,-0.149058541401317,6,0.13941208369799546
284165,1.05097925901182,6,-0.3550650304722388
188947,-0.872158241650259,6,-0.7576930976108518
187819,-1.71833874194157,6,-0.34183384446768345
189957,0.543270958837032,6,0.003253948651119898
375916,0.2355689587311,6,0.5600407178428055
187502,-0.17982874141191002,6,-0.5621484765435316
374473,-0.44137544150195296,6,-0.09059516138118924
188317,0.681736858884702,6,-0.629381363566678
189753,0.3894199587840661,6,-0.06582515037266166
283777,-0.0105926413536468,6,-0.044747563365405155
284335,2.62025945955208,6,0.6861985378862379
284371,1.00482395899593,6,0.09864156868395961
190818,1.02020905900123,6,0.6918910248881978
284222,1.37406635912305,6,0.6171194388624563
374768,-1.3644814418197502,6,-0.5609176685431079
187795,-0.718307241597292,6,-0.020131403356930973
374145,0.297109358752286,6,-0.10090317838473846
374479,1.6048428592025,6,0.6592746128769689
188157,0.974053758985338,6,0.9980545149936008
374918,-1.1644751417508998,6,-0.3819889554815081
283054,0.7125070588952959,6,-0.2162914284244629
374548,-0.241369141433096,6,-0.6390739765700144
283431,-0.2259840414278,6,0.23049187572935143
190278,0.127873258694023,6,0.050332354667327994
190732,0.281724258746989,6,-0.08628733337970625
375521,0.2663391587416929,6,0.21033739472241286
283767,1.63561305921309,6,-0.4116821984917307
374589,-0.8875433416555559,6,-0.05613253736932499
189229,0.650966658874109,6,-0.23598435643124283
283671,-1.74910894195217,6,-0.517377835528118
187636,-0.0105926413536468,6,0.21556832872421355
189224,0.0201775586569465,6,0.4098821417911102
375578,0.112488158688726,6,0.1560279917037157
189047,0.8355878589376691,6,-0.18290576141296935
283325,1.49714715916542,6,-0.9947774886924735
187857,-1.56448774188861,6,-0.01905444635656008
189858,-0.472145641512546,6,-0.08628733337970625
190198,0.0817179586781331,6,-0.4273750004971331
189626,-0.9336986416714448,6,-0.40060492648791696
187863,-0.118288341390723,6,-0.06397893837202646
188996,-0.8875433416555559,6,-0.4130668574922073
190790,1.2356004590753795,6,-0.3918354194848978
375623,1.40483655913364,6,0.35157261277103613
189759,0.666351758879406,6,-0.09059516138118924
188222,1.28175575909127,6,1.0166704860000098
189234,-0.118288341390723,6,-0.5992265675562966
188006,-0.641381741570809,6,0.05725564966971135
375642,0.0509477586675398,6,-0.39260467448516256
374629,-0.241369141433096,6,-0.11690368239024652
188436,0.7586623589111852,6,0.430959728798367
375376,-0.241369141433096,6,0.027408555659435622
189250,-0.5336860415337329,6,-0.234907399430872
187886,2.03562565935081,6,0.7780475849178591
373952,-0.27213934144369,6,0.10679567168676644
190059,1.11251965903301,6,0.11141120168835564
375949,0.220183858725803,6,0.34834174176992394
375807,2.03562565935081,6,0.7745090119166407
189801,0.604811358858219,6,0.6531205728748504
374608,-0.595226441554919,6,-0.04690147736614705
188237,1.37406635912305,6,0.6465049798725724
375690,1.75869385925547,6,0.8262029479344369
187464,-2.22604704211636,6,-1.0309324737049201
189043,-1.3798665418250502,6,-0.9650842456822505
336483,-0.902928441660852,6,-0.46122222050878536
190097,-0.6259966415655129,6,-0.08628733337970625
284024,-0.872158241650259,6,0.18556738371388515
188932,0.00479245865164983,6,-0.37783497848007785
373730,0.0663328586728364,6,0.05587099066923455
188019,-0.826002941634369,7,0.014331220654933585
187472,-0.13367344139602,7,-0.39198927048495064
188896,0.543270958837032,7,0.03771657266298458
375802,0.7586623589111852,7,0.39526629678607833
283623,1.32791105910716,7,0.24003063773263522
187566,1.82023425927665,7,0.8040484039268104
283144,-2.17989174210047,7,-0.8550807806443794
190055,-0.8875433416555559,7,-0.2844474214479273
187716,-1.6106430419045,7,0.039562784663619885
189766,-1.47217714185683,7,-0.3110636444570903
190782,-0.7490774416078859,7,0.39295853178528384
375795,-1.5952579418992,7,-0.3779888294801306
374669,0.650966658874109,7,0.4017280387883031
374638,0.220183858725803,7,0.40895903579079246
187704,-1.3644814418197502,7,-0.6033805445577266
375922,-2.10296624207399,7,0.03817812566314352
376021,-1.04139434170852,7,0.04017818866383182
375997,0.7125070588952959,7,0.479576644815104
375939,-0.13367344139602,7,0.82374133193359
188930,0.00479245865164983,7,-0.39445088648579835
375540,0.2663391587416929,7,0.4195747547944472
188429,2.5894892595414905,7,0.39403548878565464
283416,0.112488158688726,7,0.18910595671510333
2437263,-1.45679204185153,7,0.4226517747955068
375449,-0.241369141433096,7,-0.11844219239077647
283313,-0.36444994147547,7,-0.3361413574657237
188248,1.92792995931373,7,0.5737334568475194
189865,-0.5336860415337329,7,-0.0830564623785939
373656,0.2663391587416929,7,0.45372967680620574
374749,-0.8875433416555559,7,-0.5624561785436375
188876,0.0663328586728364,7,-0.23198423042986555
188603,-1.48756224186212,7,-0.01582357535544761
283964,-0.425990341496656,7,0.16556675370699964
283833,-0.395220141486063,7,-0.058132600370013596
188209,-0.7798476416184791,7,-0.16059736640528946
283165,0.804817658927075,7,-0.14936624340142288
189041,0.589426258852922,7,0.21464522272389583
2436999,1.05097925901182,7,0.4237287317958772
188466,-0.518300941528436,7,0.13279649069571783
374974,-0.5336860415337329,7,0.7738936079164289
187801,1.11251965903301,7,-0.4935309305199085
375845,0.297109358752286,7,0.7345077519028693
283600,-0.7798476416184791,7,0.1544894817031862
188028,0.358649758773473,7,-0.022439168357725397
283160,0.7432772589058891,7,0.1034109496856013
188211,0.620196458863516,7,0.45434508080641756
190138,-2.01065564204221,7,-0.9289292606698036
190008,1.03559415900652,7,0.3121867567574768
189094,0.0663328586728364,7,-0.4890692515183725
188259,-1.2414006417773795,7,-0.5969188025555016
284090,1.1586749590488998,7,0.7729705019161114
188510,-0.395220141486063,7,0.15172016370223285
189021,-0.9336986416714448,7,0.37265019977829233
375471,-1.10293474172971,7,0.10710337368687224
188987,-0.149058541401317,7,-0.3464493744692728
189887,0.17402855870991302,7,-0.07413310437552187
375767,0.312494458757583,7,0.6920448758882506
187979,0.18941365871521,7,0.10464175768602488
373832,0.589426258852922,7,0.4003433797878263
190769,-0.5490711415390289,7,-0.14228909739898643
317891,0.40480505878936296,7,0.3828043657817882
187587,0.0201775586569465,7,0.708660783893971
188895,-0.518300941528436,7,-0.5413785915363811
187469,-0.518300941528436,7,-0.5959956965551839
188025,1.1586749590488998,7,0.010946498653768323
283130,0.40480505878936296,7,-0.1522894124024292
188893,-1.07216454171912,7,-0.5752258115480336
190069,-1.04139434170852,7,-0.4002972244878108
188377,0.0201775586569465,7,0.23772287273184098
374377,-0.0105926413536468,7,-0.06920987237382695
374017,2.281787259435549,7,0.6011189348569476
308008,-1.01062414169793,7,-0.3599882624739336
283802,-1.04139434170852,7,-0.3904507604844214
375796,-2.13373644208458,7,0.6160424818620855
375500,1.86638955929254,7,0.6329660918679114
190816,0.7125070588952959,7,0.8152795269306768
373675,-0.16444364140661302,7,0.090949018681311
188111,-2.16450664209518,7,-0.9300062176701743
188009,-1.3798665418250502,7,-0.3887583994838387
187705,2.26640215943026,7,0.8855894339548824
283726,0.512500758826439,7,-0.04536296736561735
187770,-0.472145641512546,7,0.1940291887167982
319284,-0.7798476416184791,7,0.3991125717874025
284338,0.40480505878936296,7,0.1311041296951352
283109,0.420190158794659,7,-0.1665975554073551
187728,-0.44137544150195296,7,-0.5726103445471333
375991,-0.2259840414278,7,0.041716698664362124
283110,0.7586623589111852,7,0.35572658977246596
283126,-0.7490774416078859,7,-0.9920081706915195
190561,0.2663391587416929,7,0.1420275506988959
374743,0.204798758720506,7,-0.5549174795410422
375830,2.25101705942496,7,0.8205104609324779
188521,-0.7952327416237758,7,0.18018259871203168
374183,-1.3798665418250502,7,-0.041516692364293
188224,1.68176835922898,7,1.0809802040221497
190141,-1.6106430419045,7,-0.9241598796681615
188029,0.0971030586834297,7,0.4321905367987903
374339,0.650966658874109,7,0.04848614266669243
189293,-0.841388041639666,7,-0.39752790648685765
189194,-1.68756854193098,7,-0.7903095096220811
187604,0.420190158794659,7,0.7671241639140984
188777,-0.826002941634369,7,0.47234564781261457
189039,0.466345458810549,7,-0.48645378451747207
375433,-1.4260218418409398,7,-0.4999926725221329
375746,-0.9183135416661492,7,0.1284886626942347
283177,-1.73372384194687,7,0.008484882652920989
187590,-0.395220141486063,7,0.7365078149035579
283089,-0.995239041692632,7,-0.5286089585319848
375370,0.497115658821142,7,-0.16075121740534232
284336,0.989438858990635,7,0.856357743944819
375421,0.00479245865164983,7,0.3831120677818944
190037,-0.641381741570809,7,0.0006384816502197954
375850,0.989438858990635,7,0.7158917808964604
374643,0.650966658874109,7,0.44634482880366333
187878,0.8355878589376691,7,0.745738874906736
283638,0.312494458757583,7,-0.05597868636927207
187677,0.989438858990635,7,0.5066544208244264
187918,-0.7798476416184791,7,0.2523387177368725
189712,1.98947035933492,7,-0.07105608437446255
188382,0.727892158900592,7,0.8129717619298824
319280,0.989438858990635,7,0.34557242376897007
188558,-0.7490774416078859,7,-0.444606312503065
189003,-0.149058541401317,7,-0.382450508481667
188445,-1.2414006417773795,7,0.26603145674158674
375972,1.43560675914424,7,0.5835799208509093
189337,-0.17982874141191002,7,-0.9469298276760004
187977,0.0663328586728364,7,0.2058757157208767
374609,-1.1337049417403,7,0.0912567206814169
187957,1.42022165913894,7,-0.3472186294695378
188034,0.0355626586622431,7,-0.024900784358572868
2436958,0.497115658821142,7,0.08202566067823876
188201,-0.979853941687335,7,-0.11198045038855164
187839,-1.04139434170852,7,-0.5581483505421544
188979,-0.841388041639666,7,-0.3484494374699614
189684,1.05097925901182,7,0.019254452656628836
336781,-1.33371124180916,7,-0.3139868134580967
283790,-0.7798476416184791,7,-0.37860423348034294
187980,0.727892158900592,7,0.136181212696883
374363,-0.31829464145958003,7,0.17125924070895926
187951,-1.1337049417403,7,-0.9072362696623353
375441,0.0201775586569465,7,0.476038071813886
336478,-0.4875307415178429,7,-0.3192177474598974
284372,-1.27217084178797,7,0.4905000658188645
187718,0.40480505878936296,7,0.21526062672410778
187985,0.543270958837032,7,0.018792899656469717
190195,-0.41060524149136,7,-0.16167432340566024
375409,1.42022165913894,7,0.0004846306501668296
374678,0.0201775586569465,7,0.05894801067029394
188497,-0.149058541401317,7,-0.6112269455604278
189822,-1.3644814418197502,7,-0.40968213549104177
374807,0.650966658874109,7,0.34711093376950003
375965,1.55868755918661,7,0.7291229669010155
187741,-1.45679204185153,7,-0.14598152140025725
374362,0.17402855870991302,7,0.6666594608795111
374436,2.40486805947793,7,0.6720442458813649
187612,1.08174945902242,7,-0.5279935545317727
188094,-1.2414006417773795,7,-0.23736901543171945
284305,0.989438858990635,7,-0.24690777743500333
375455,-0.19521384141720705,7,0.11402666868925586
373758,1.78946405926606,7,0.3704962857775508
187858,-0.518300941528436,7,0.1803364497120844
189040,-1.56448774188861,7,-0.8800046426529602
187793,-1.87218974199454,7,-0.1827519104129163
188407,0.9278984589694492,7,0.20602956672092973
374413,1.08174945902242,7,0.32711030376261435
187930,0.25095405873639604,7,0.8086639339283994
188405,-1.25678574178268,7,-0.40414349948913497
187583,-0.502915841523139,7,-0.007207919352481833
375437,-0.6259966415655129,7,0.07110223967447855
283139,0.0817179586781331,7,-0.30952513445656077
188901,-0.5336860415337329,7,0.4524988688057824
375461,-1.21063044176679,7,0.24264610473353598
190035,-0.641381741570809,7,-0.06382508737197314
188145,0.974053758985338,7,1.0968268570276054
190134,0.17402855870991302,7,-0.41122064549157167
189723,0.666351758879406,7,-0.06413278937207906
187787,0.374034858778769,7,0.008638733652973773
2436902,0.00479245865164983,7,-0.14890469040126394
190148,-0.7798476416184791,7,-0.9507761026773249
375994,1.2202153590700802,7,0.4945001918202413
374202,-1.62602814190979,7,-0.46106836950873253
284281,0.18941365871521,7,-0.23675361143150753
284277,0.666351758879406,7,0.7106608468946594
188306,0.204798758720506,7,0.0083310316528679
283735,0.17402855870991302,7,0.21279901072326038
375582,1.88177465929784,7,0.7732782039162168
375368,1.85100445928725,7,-0.015208171355235667
188981,-0.27213934144369,7,-0.359834411473881
373509,0.466345458810549,7,0.12510394069306932
375608,0.6971219588899991,7,0.6029651468575832
188146,0.0971030586834297,7,0.19818316571822833
190062,0.497115658821142,7,0.03356259566155431
375693,0.3278795587628789,7,0.5857338348516511
187591,0.14325835869932002,7,0.3448031687687055
374534,0.281724258746989,7,-0.372296342478171
373835,0.2663391587416929,7,0.11894990069095066
375169,0.158643458704616,7,0.11818064569068568
190045,0.0971030586834297,7,-0.073671551375363
190733,-1.2260155417720802,7,0.2955708487517562
188015,-1.3644814418197502,7,-0.3855275284827265
187772,0.8355878589376691,8,0.08525653167935125
374744,-0.872158241650259,8,-0.5439940585372816
374067,1.28175575909127,8,-0.3195254494600035
189274,0.958668658980042,8,0.4180362447939175
374712,-1.39525164183034,8,0.2134144147234724
190807,-0.5490711415390289,8,-0.588149295552483
375957,0.804817658927075,8,0.43234438779884327
190129,-0.902928441660852,8,-0.31567917445867966
187904,-0.595226441554919,8,0.5840414738510684
336484,-1.30294104179856,8,-0.41999015249459065
187628,-0.28752444144898603,8,0.18510583071372624
189928,0.40480505878936296,8,-0.08644118437975916
375678,1.31252595910186,8,0.4118822047917986
374003,-0.0413628413642401,8,0.014023518654827608
188536,0.450960358805253,8,0.16772066770774127
374158,-0.149058541401317,8,-0.3176792374593681
374178,-1.3798665418250502,8,-0.313525260457938
187588,0.343264658768176,8,0.7012759358914288
190203,0.897128258958855,8,0.5471172338383563
375941,1.05097925901182,8,0.7214304168983672
190774,-0.0413628413642401,8,-0.5133777095267412
188467,-0.9644688416820392,8,-0.16013581340513053
188329,-0.21059894142250304,8,-0.5772258745487224
188031,0.374034858778769,8,-0.1107496423881283
188051,1.05097925901182,8,0.8386648789387278
284373,0.558656058842329,8,0.6803521998842251
187866,-0.6259966415655129,8,0.17541321771038937
190403,-0.0105926413536468,8,-0.10013392338447319
375518,1.78946405926606,8,0.9669766129829018
188246,-0.6259966415655129,8,-0.5019927355228216
189862,1.08174945902242,8,0.05294782166822836
374545,0.989438858990635,8,0.59034936485324
190274,-0.641381741570809,8,0.36541920277580303
375871,1.2356004590753795,8,0.6295813698667465
374620,0.897128258958855,8,0.016331283655622288
375743,0.435575258799956,8,0.5169624378279749
188546,-0.718307241597292,8,-0.9687766696835217
188373,-0.9644688416820392,8,0.07064068667431951
284279,1.00482395899593,8,0.6892755578872972
374513,0.0663328586728364,8,-0.09136441638145404
374612,1.1586749590488998,8,0.33941838376685174
283822,-0.7952327416237758,8,-0.33660291046588314
187996,-0.21059894142250304,8,-0.016131277355553635
188355,1.03559415900652,8,0.11771909269052692
284059,0.312494458757583,8,0.2761856227450825
283844,-0.8875433416555559,8,-0.08490267437922956
374741,-1.6414132419150902,8,-0.5636869865440611
189797,1.02020905900123,8,0.6885063028870327
375389,0.681736858884702,8,0.12510394069306938
373939,-1.3798665418250502,8,-0.03828582136318092
188636,-0.6259966415655129,8,0.37388100777871613
376001,0.727892158900592,8,0.7109685488947654
187971,1.26637065908597,8,0.33234123776441515
189153,-1.10293474172971,8,-0.9666227556827803
375254,1.02020905900123,8,0.19756776171801665
190174,-0.672151941581403,8,-0.23213808142991893
374239,0.512500758826439,8,0.049716950667116094
188482,-1.71833874194157,8,-0.5012234805225565
308269,-1.33371124180916,8,0.36526535177575
374614,1.40483655913364,8,0.3603421197740551
189031,-0.872158241650259,8,-0.9646226926820917
375661,2.02024055934551,8,0.7677395679143098
190101,-0.8875433416555559,8,-0.5379938695352159
373655,-0.702922141591996,8,0.05956341467050581
189390,-0.518300941528436,8,-0.5855338285515824
283215,-0.21059894142250304,8,-0.6784598325835742
374533,-0.9336986416714448,8,-0.03136252636079737
283579,-0.0567479413695367,8,-0.08813354538034217
375975,-0.872158241650259,8,-0.5258396405310315
187780,0.820202758932372,8,0.032177936661077655
187840,0.112488158688726,8,0.019562154656734367
190819,-0.44137544150195296,8,-0.5590714565424723
375895,1.29714085909657,8,0.8491267469423298
188669,-0.395220141486063,8,0.06740981567320693
375740,1.97408525932962,8,0.7178918438971489
374718,0.650966658874109,8,0.6688133748802527
188340,-1.31832614180386,8,-0.9596994606803968
376015,0.17402855870991302,8,0.26249288374036817
187846,-0.31829464145958003,8,0.8417418989397872
374680,1.08174945902242,8,0.17941334371176665
188997,-0.595226441554919,8,-0.7867709366208626
283774,-0.36444994147547,8,-0.08444112137907074
189751,2.2202468594143703,8,-0.060440365370807665
189421,-1.19524534176149,8,-0.6279967045662013
375752,1.78946405926606,8,0.5629638868438115
187537,0.666351758879406,8,0.14710463370064358
190199,0.40480505878936296,8,0.2644929467410571
375513,0.7432772589058891,8,0.8565115949448718
375576,-0.564456241544326,8,0.17972104571187245
188038,0.0663328586728364,8,-0.03413184436175087
374621,0.435575258799956,8,0.32587949576219055
187582,0.0509477586675398,8,-0.36137292147441064
189667,-0.902928441660852,8,-0.33721831446609507
374148,-0.36444994147547,8,-0.25229256243685705
373780,-1.45679204185153,8,-0.5726103445471333
189776,-1.1337049417403,8,-0.5193778985288069
189116,-0.44137544150195296,8,-0.29629394845200574
189869,0.343264658768176,8,0.040793592664043976
187958,0.297109358752286,8,-0.007669472352640689
188768,-0.841388041639666,8,-0.9618533746811384
188999,-1.3644814418197502,8,-0.45414507450634917
189628,-0.19521384141720705,8,-0.5366092105347391
375857,1.08174945902242,8,0.3591113117736313
283602,0.450960358805253,8,0.09202597568168171
283722,1.42022165913894,8,0.16648985970731736
190086,1.00482395899593,8,-0.009515684353276033
190160,0.312494458757583,8,0.02787010865959487
283838,1.68176835922898,8,0.4138822677924875
375933,-0.21059894142250304,8,0.5305013258326364
374814,-1.54910264188331,8,-0.5629177315437964
375596,0.7432772589058891,8,0.0072540746524971155
190472,-0.102903241385427,8,-0.10505715538616833
187874,-0.36444994147547,8,0.07602547167617317
187667,-0.841388041639666,8,-0.24844628743553326
375773,1.74330875925017,8,0.8692812279492682
374934,0.7586623589111852,8,-0.0422859473645577
188113,-1.97988544203162,8,-0.9170827336657251
190703,0.25095405873639604,8,-0.5526097145402477
187594,1.75869385925547,8,-0.001207730350415881
187714,0.0663328586728364,8,0.03263948966123663
284319,0.297109358752286,8,0.6872754948866087
190137,-0.656766841576106,8,-0.08705658837997104
188101,-0.08751814138012999,8,-0.3250640854619105
283444,0.527885858831736,8,0.1966446557176987
188517,-0.702922141591996,8,0.2220300707264382
189268,0.912513358964152,8,0.6325045388677529
374004,-0.379835041480766,8,-0.0015154323505220746
189002,-0.6106115415602161,8,-0.3016787334538596
374475,0.9278984589694492,8,-0.3155253234586264
188596,-0.13367344139602,8,0.6312737308673291
188341,-0.30290954145428306,8,-0.9060054616619115
188314,-0.764462541613182,8,-0.38768144248346764
375460,-0.3336797414648761,8,0.1191037516910038
187764,-1.07216454171912,8,-0.3235255754613809
283670,1.37406635912305,8,0.10618026768655453
283445,1.42022165913894,8,0.015869730655463255
375499,-0.44137544150195296,8,0.23895368073226475
190163,-0.2259840414278,8,-0.5483018865387645
187952,0.650966658874109,8,0.8494344489424354
189230,-1.10293474172971,8,-0.9476990826762655
283792,-0.7798476416184791,8,0.0006384816502198559
189032,-0.349064841470173,8,-0.2609082184398231
375340,1.69715345923428,8,0.15910501170477492
2437214,1.86638955929254,8,0.7405079409049351
375973,-0.0259777413589435,8,0.3894199587840654
319784,0.435575258799956,8,0.8417418989397872
189164,-1.53371754187801,8,-0.9430835526746766
188061,0.866358058948262,8,0.4101898437912162
283158,0.512500758826439,8,0.2528002707370316
187489,-1.77987914196276,8,-0.4989157155217623
283125,-1.9183450420104295,8,0.055717139669181605
375687,0.7125070588952959,8,0.49311553281976467
376034,0.40480505878936296,8,0.3061865677554106
190098,-1.25678574178268,8,-0.5407631875361693
283763,0.358649758773473,8,0.10571871468639575
283162,-0.4875307415178429,8,-0.20275254041980226
283132,0.2663391587416929,8,-0.294601587451423
188075,1.08174945902242,8,-0.398758714487281
374359,-0.395220141486063,8,-0.5446094625374935
375394,-0.41060524149136,8,0.035870360662349006
283615,0.8355878589376691,8,0.19956782471870507
374551,0.850972958942965,8,0.6697364808805708
189668,-1.1337049417403,8,-0.5710718345466037
336688,-1.96450034202632,8,0.22218392172649135
188268,-0.08751814138012999,8,0.5668101618451362
375788,0.0817179586781331,8,0.6520436158744797
189225,0.112488158688726,8,-0.49768490752133887
187548,1.78946405926606,8,1.075133866020137
373782,-1.31832614180386,8,-0.4386061235009995
284309,0.574041158847626,8,0.6471203838727847
375634,1.74330875925017,8,0.526347348831206
375037,-1.31832614180386,8,0.12833481169418173
187834,-0.395220141486063,8,-0.6433818045714981
188991,-0.564456241544326,8,-0.308909730456349
187609,-0.7952327416237758,8,-0.3718347894780124
189231,1.08174945902242,8,0.22033770972585573
188243,-0.518300941528436,8,-0.3495263944703319
284370,0.7740474589164821,8,0.5358861108344898
375591,-0.0413628413642401,8,-0.09136441638145407
187844,1.49714715916542,8,0.8311261799361325
188226,-1.53371754187801,8,-0.3424492484678958
283176,1.18944515905949,8,-0.5623023275435847
283978,0.204798758720506,8,-0.04213209636450522
283719,-1.53371754187801,8,-0.054594027368795324
187946,-0.349064841470173,8,0.05556328866912849
189804,-0.44137544150195296,8,0.06940987867389575
187832,0.220183858725803,8,-0.35321881847160347
189851,1.51253225917072,8,-0.01674668135576527
188346,-0.841388041639666,8,-0.560609966543002
375020,0.0663328586728364,8,0.15756650170424538
188269,-0.902928441660852,8,-0.555532883541254
318174,-1.39525164183034,8,-0.500608076522345
189974,-0.0105926413536468,8,-0.043978308365140634
283950,1.2509855590806798,8,0.14095059369852483
189079,-0.28752444144898603,8,0.05017850366727459
374063,1.1586749590488998,8,0.05925571267039993
187867,0.527885858831736,8,0.10679567168676646
187458,-0.0105926413536468,8,0.3377260227662691
375594,-0.0567479413695367,8,-0.09674920138330831
189085,-0.6259966415655129,8,-0.9283138566695918
283668,0.0201775586569465,9,0.05987111667061166
187990,-1.7952642419680602,9,0.04371676166505041
189803,-0.17982874141191002,9,0.028023959659647883
375759,0.0201775586569465,9,0.2626467347404214
187791,-0.656766841576106,9,0.1866443407142561
375742,0.989438858990635,9,0.5263473488312056
190143,0.450960358805253,9,0.04848614266669247
189242,-0.995239041692632,9,-0.4778381285145061
375930,-0.5336860415337329,9,0.04371676166505026
187941,0.558656058842329,9,0.01879289965646961
187758,0.0355626586622431,9,-0.21136819642276794
283599,-1.47217714185683,9,0.12002685769132165
375597,1.77407895926076,9,0.21695298772469035
188549,-1.5029473418674195,9,-0.8336954916370174
187485,-0.19521384141720705,9,-0.5446094625374933
374742,0.40480505878936296,9,-0.5483018865387645
189157,-0.5336860415337329,9,-0.3487571394700668
189004,-1.07216454171912,9,-0.382758210481773
284015,-0.36444994147547,9,0.6258889458654755
189805,-0.564456241544326,9,-0.3553727324723446
375626,-0.0413628413642401,9,0.04448601666531521
375731,0.804817658927075,9,0.4971156588211423
189301,-0.826002941634369,9,-0.3646037924755229
188922,-0.826002941634369,9,0.33587981076563345
373682,0.2663391587416929,9,0.29772476275249804
284312,0.2663391587416929,9,0.7460465769068417
375970,-0.36444994147547,9,0.4752688168136207
188345,-1.07216454171912,9,-0.528608958531985
375503,2.12793625938259,9,0.5878877488523923
374472,0.0663328586728364,9,0.04156284766430888
190709,-0.6106115415602161,9,0.05802490466997626
375838,-1.4106367418356398,9,-0.5513789065398238
284327,0.727892158900592,9,0.7965097049242148
188327,-1.9183450420104295,9,-0.5399939325359044
187584,0.512500758826439,9,0.42557494379651284
188698,1.34329615911246,9,1.0815956080223617
374699,1.74330875925017,9,0.3431108077681228
189238,-0.5336860415337329,9,-0.38906610148394427
189045,0.681736858884702,9,-0.23906137643230196
374160,0.604811358858219,9,-0.2776779774455968
187545,-0.502915841523139,9,0.3840351737822122
373948,0.604811358858219,9,-0.2658314504415181
189842,-0.28752444144898603,9,0.05802490466997626
375832,-1.81064934197335,9,-0.3641422394753637
190364,0.650966658874109,9,0.17956719471181967
283230,-1.30294104179856,9,-0.03643960936254514
187814,0.620196458863516,9,0.2386459787321586
187986,-0.6259966415655129,9,0.44680638180382204
375538,1.28175575909127,9,0.6046575078581656
284239,-0.9336986416714448,9,0.6480434898731027
284328,0.974053758985338,9,0.7431234079058356
187690,0.958668658980042,9,0.41095909879148107
283667,1.65099815921839,9,0.08679504167988072
283815,-0.0567479413695367,9,0.16648985970731722
375744,-0.902928441660852,9,0.23618436273131116
189042,-0.687537041586699,9,-0.6363046585690614
283768,0.14325835869932002,9,-0.011823449354070613
375456,0.40480505878936296,9,0.23603051173125802
283742,0.0355626586622431,9,0.09402603868237042
318550,-0.17982874141191002,9,-0.40752822149030016
374611,0.604811358858219,9,0.06664056067294231
189856,0.343264658768176,9,0.05587099066923471
374500,0.650966658874109,9,0.8189719509319481
373912,1.00482395899593,9,0.9114364019637808
374385,-1.10293474172971,9,-0.4061435624898233
2437249,0.604811358858219,9,0.09294908168199965
188321,-0.7952327416237758,9,0.19726005971791064
187989,-1.54910264188331,9,-0.3501417984705438
187984,0.435575258799956,9,-0.0685944683736152
283752,0.497115658821142,9,0.04402446366515611
187778,0.866358058948262,9,0.7868170919208781
283805,-0.118288341390723,9,0.013715816654721845
187796,-0.826002941634369,9,-0.42183636449522643
375875,0.343264658768176,9,0.4624991838092246
190808,-0.28752444144898603,9,-0.5487634395389235
375681,1.05097925901182,9,0.27387785774428797
189697,-1.05677944171382,9,0.2534156747372436
375310,-1.4260218418409398,9,0.2637236917407921
189188,-0.7490774416078859,9,-0.8692350726492525
374956,0.543270958837032,9,0.3812658557812585
375205,-1.1337049417403,9,0.2394152337324234
373756,0.7432772589058891,9,-0.2401383334326728
190081,1.26637065908597,9,-0.25198486043675156
189078,0.0201775586569465,9,-0.3456801194690079
374412,-1.04139434170852,9,0.044486016665315195
189059,-0.6259966415655129,9,-0.09413373438240745
188785,-0.9644688416820392,9,0.023869982658217638
188227,-1.25678574178268,9,1.0625180840157937
189091,0.912513358964152,9,0.4223440727954005
375728,0.00479245865164983,9,0.55819450584217
188220,1.74330875925017,9,1.0829802670228386
374204,-0.13367344139602,9,0.12341157969248703
308010,-0.149058541401317,9,0.3663423087761206
284291,0.7125070588952959,9,0.6597361658771277
190252,-0.118288341390723,9,0.0038693526513320854
189885,-0.733692341602589,9,0.32603334676224377
190800,-0.17982874141191002,9,0.3221870717609199
189309,-0.21059894142250304,9,-0.4886076985182137
189637,-0.518300941528436,9,-0.6227657705644004
283114,0.497115658821142,9,-0.33229508246439976
375815,-0.118288341390723,9,0.8225105239331664
188244,-1.11831984173501,9,-1.0026238896951745
375842,0.804817658927075,9,0.6380431748696594
189237,-0.7798476416184791,9,-0.38214280648156085
283107,-0.19521384141720705,9,-0.2112143454227151
187473,-0.395220141486063,9,0.10879573468745499
374640,1.1586749590488998,9,0.4377291728006971
188117,-0.118288341390723,9,0.1337195966960358
188291,-0.979853941687335,9,0.12233462269211605
189970,-0.7952327416237758,9,0.16972073070842952
190073,0.112488158688726,9,0.6238888828647867
190804,-1.39525164183034,9,-0.23290733643018335
189109,-2.0414258420528,9,-0.8450804656409369
190177,-1.11831984173501,9,-0.5246088325306077
374011,0.527885858831736,9,-0.15598183640370006
374151,0.158643458704616,9,0.7052760618928059
190810,0.589426258852922,9,-0.3695270244772175
283968,0.8355878589376691,9,-0.0024385383508396643
373651,1.46637695915483,9,0.19556769871732796
190039,-1.05677944171382,9,-0.5636869865440612
283235,0.14325835869932002,9,-0.29414003445126413
187817,2.29717235944085,9,0.7937403869232615
190007,-0.979853941687335,9,0.056947947669605495
374396,0.220183858725803,9,0.041562847664308886
190149,-1.56448774188861,9,-0.574610407547822
375664,1.69715345923428,9,0.7471235339072123
188402,1.26637065908597,9,0.8775891819521283
2437258,0.343264658768176,9,0.7846631779201365
189919,-0.564456241544326,9,0.05802490466997627
374108,-1.48756224186212,9,-0.518454792528489
189139,0.7586623589111852,9,-0.1636743864063485
188507,-0.702922141591996,9,0.013254263654562882
284245,1.89715975930314,9,0.6318891348675413
187658,-0.764462541613182,9,-0.031824079360956124
375736,0.343264658768176,9,0.37357330577861037
189955,1.18944515905949,9,0.05217856666796316
375434,0.204798758720506,9,0.10002622768443584
187648,2.42025315948322,9,0.746046576906842
283145,-1.2414006417773795,9,-0.10721106938691002
375708,0.204798758720506,9,0.8535884259438652
187500,-0.2259840414278,9,0.6806599018843312
283775,0.312494458757583,9,0.0718714946747431
373980,-0.2259840414278,9,-0.06105576937101992
187853,-0.872158241650259,9,0.06571745467262423
188336,-2.25681724212696,9,-0.9607764176807676
187999,-0.656766841576106,9,0.1315656826952941
373991,0.604811358858219,9,0.02956246966017731
187810,-0.841388041639666,9,0.01940830365668148
187739,1.98947035933492,9,0.1969523577178049
283772,-0.7798476416184791,9,0.26095437373983876
188320,-1.47217714185683,9,-0.5159931765276415
190803,-0.687537041586699,9,-0.24044603543277873
188026,0.0201775586569465,9,-0.3252179364619632
373900,1.86638955929254,9,0.07217919667484893
187576,0.7125070588952959,9,0.4925001288195537
2437194,-0.7490774416078859,9,0.018331346656310876
189937,-0.5336860415337329,9,0.05802490466997624
373904,1.28175575909127,9,0.044793718665421
188137,-0.979853941687335,9,0.1574126507041923
318175,-0.41060524149136,9,-0.45183730950555434
189913,0.604811358858219,9,0.12402698369269888
187518,-0.5336860415337329,9,-0.024131529358308007
319285,0.512500758826439,9,0.4278827087973072
156377,1.6202279592078,9,0.05987111667061203
308011,0.25095405873639604,9,0.5628100358437591
188027,-1.25678574178268,9,-0.36798851447668796
189290,-0.0567479413695367,9,-0.364603792475523
188114,-0.149058541401317,9,-0.25460032743765165
190734,-0.118288341390723,9,0.056947947669605495
284203,2.2048617594090696,9,0.805433062927287
374631,-0.6259966415655129,9,0.43495985479974364
375817,2.11255115937729,9,0.8338954979370857
187995,0.0817179586781331,9,-0.05074775236747132
375585,1.97408525932962,9,0.9694382289837492
283634,-0.9336986416714448,9,0.07817938567691492
374944,-0.902928441660852,9,-0.5429171015369108
188640,-0.472145641512546,9,0.09156442268152293
188974,-0.564456241544326,9,-0.36137292147441047
374386,0.8817431589535591,9,-0.5393785285356926
188231,1.5894577591972,9,0.7802014989186005
189832,-0.241369141433096,9,-0.34691092746943125
187783,0.9278984589694492,9,0.2237224317270209
374139,-0.7798476416184791,9,-0.5227626205299721
284280,0.7125070588952959,9,0.7597393159115557
187981,-0.13367344139602,9,-0.024131529358307997
189871,-0.149058541401317,9,0.14895084570127948
188704,-1.01062414169793,9,-0.5575329465419425
188105,-0.702922141591996,9,-0.3009094784535946
188476,-0.31829464145958003,9,0.2952631467516503
187771,-0.5336860415337329,9,0.06617900767278347
189189,0.2355689587311,9,-0.39768175748691026
188086,-0.7952327416237758,9,0.04556297366568585
187530,0.8817431589535591,9,0.732353837902128
188786,-0.902928441660852,9,-0.9120056506639771
188092,-0.979853941687335,9,-0.47168408851238725
189715,-0.08751814138012999,9,0.12295002669232807
187842,-1.2414006417773795,9,-0.9327755356711276
188552,0.450960358805253,9,-0.5292243625321966
283121,0.220183858725803,9,-0.32614104246228115
374652,1.00482395899593,9,0.11325741368899125
