id,tkw,kfold,linearSVR_pred
283163,0.00479245865164983,0,-0.33397037210519903
188018,-0.672151941581403,0,0.03920706405731398
188012,-1.3644814418197502,0,-0.7565549558010195
319779,-0.949083741676742,0,-0.15592931047463085
375921,0.18941365871521,0,0.5611549935152808
283143,0.14325835869932002,0,0.1888951705226191
374171,-0.19521384141720705,0,-0.013295257939058296
336782,-1.6567983419203898,0,-0.2784631653489503
189014,0.281724258746989,0,0.31458079827985214
189894,-1.33371124180916,0,-0.5730303385799146
375674,1.03559415900652,0,0.9754773979377744
375956,1.32791105910716,0,1.5838603378422111
373770,-1.6414132419150902,0,-0.42803791425145876
374365,-1.4260218418409398,0,-0.7813209191031117
374190,0.158643458704616,0,-0.2540168381586779
187803,-0.0105926413536468,0,-0.4029790738821506
336684,-1.2414006417773795,0,-0.6645201630643193
373861,0.0201775586569465,0,-0.8559061289245854
187526,1.1586749590488998,0,-0.19259575318076058
187881,0.17402855870991302,0,0.07769928842406555
375560,-0.641381741570809,0,-0.17961610450312712
374592,-1.6414132419150902,0,-0.2609896651843985
375883,1.1586749590488998,0,1.2640255206992372
190277,-0.19521384141720705,0,-0.2979963960014859
2437377,0.297109358752286,0,0.3697378343226606
187631,0.7586623589111852,0,0.72786851716966
374124,-0.764462541613182,0,0.16934797951224242
308009,-0.44137544150195296,0,-0.9475872540135852
187855,-0.902928441660852,0,-0.2831930360708098
284216,0.727892158900592,0,0.8031649649378696
374941,0.40480505878936296,0,-0.3862747254956496
2437245,0.0201775586569465,0,0.10812801642594677
189756,-1.19524534176149,0,-1.1013770748015062
374553,0.435575258799956,0,0.610067875706254
187807,-2.0568109420581,0,0.2193756283312676
188501,0.420190158794659,0,0.12706419334162192
189292,-1.30294104179856,0,-0.9755928456914277
190173,-1.01062414169793,0,-0.932140887085433
375577,0.497115658821142,0,1.3404612409742995
283598,-0.17982874141191002,0,0.22903410648780506
189253,-0.656766841576106,0,-1.1069971583814233
283784,-0.0567479413695367,0,-0.37678144518884077
283817,0.0817179586781331,0,-0.1344949950537111
189245,-0.564456241544326,0,0.38812660455130166
188153,0.9278984589694492,0,1.200368953472244
375962,-0.595226441554919,0,0.17633595618478137
373863,-1.1337049417403,0,-0.23227008734014468
187510,-1.33371124180916,0,-0.33852045522395624
188441,0.2355689587311,0,-0.4555013861852178
373468,0.604811358858219,0,-0.18781041968304976
187687,-0.702922141591996,0,0.1813856493355571
188396,1.26637065908597,0,0.33477804816767004
375454,-0.241369141433096,0,0.4637397055860513
374476,1.6202279592078,0,0.8016145677749418
308254,-0.0105926413536468,0,-0.36942090933732824
188418,-1.45679204185153,0,0.3360895744470353
189631,-0.4875307415178429,0,-0.5117197112142449
188715,0.589426258852922,0,0.5514768944249422
283171,1.11251965903301,0,0.864337343415294
190186,-0.518300941528436,0,-0.37344451063947603
373799,-1.54910264188331,0,-1.2206384151757417
376002,-0.13367344139602,0,0.3949419810309177
375696,1.82023425927665,0,1.7311759773020419
188543,-1.47217714185683,0,-1.0415317570253746
188163,1.17406005905419,0,0.222692875628366
283989,0.18941365871521,0,-0.26772926138194386
187703,-0.30290954145428306,0,-0.014438346745286853
373694,2.00485545934021,0,0.740033000271116
373674,0.0971030586834297,0,-0.31582155215747343
374665,0.450960358805253,0,0.920096724494586
284190,2.281787259435549,0,1.0670458007108468
283751,-0.6259966415655129,0,-0.32598163634113
190669,-1.56448774188861,0,-1.0433027372804697
190813,-0.5490711415390289,0,-1.1367201693844335
188984,-0.118288341390723,0,-0.41286737151034425
190000,0.220183858725803,0,0.5001064185127553
188468,-0.08751814138012999,0,-0.5722789006017494
284251,1.1279047590383,0,0.08772514002895743
189084,-0.595226441554919,0,-1.4101566466351605
375411,-1.05677944171382,0,-0.038057543675225916
189193,-0.9644688416820392,0,-1.2684900938603532
189282,-0.641381741570809,0,-0.7762255718457941
375581,1.97408525932962,0,1.11904847504805
376022,0.604811358858219,0,0.8935122787425765
189320,-1.70295364193628,0,-0.7435566492202564
374610,-1.10293474172971,0,-0.0047726738299063865
187611,0.943283558974745,0,0.08631663518708849
375579,0.727892158900592,0,0.8108580910597943
283813,-0.872158241650259,0,-0.6534896095153242
187892,2.11255115937729,0,1.549297046466172
190778,-1.25678574178268,0,-0.5090699967051536
375755,0.7586623589111852,0,0.8727792025490047
283830,-0.7490774416078859,0,-0.8025794977241103
373672,-0.379835041480766,0,-0.7430696755039432
188328,-0.5336860415337329,0,-0.12442760566849645
190175,0.18941365871521,0,-0.36854961688227433
188286,0.0509477586675398,0,-0.717343684072133
189241,-0.31829464145958003,0,-0.6572462634548516
188758,-1.01062414169793,0,-0.31771960762562734
375553,-0.28752444144898603,0,0.40918556708832876
188472,-0.149058541401317,0,-0.6656878405186825
187606,-0.31829464145958003,0,0.41172982862659385
189046,-0.702922141591996,0,-0.23572839080080407
375663,1.37406635912305,0,1.889267478580925
188202,0.466345458810549,0,-0.24820045346233385
188215,0.25095405873639604,0,-0.3991401398008965
375823,-0.395220141486063,0,0.6632259245120012
373903,0.574041158847626,0,0.8029054003573114
188155,1.1279047590383,0,0.5626748938316161
187730,1.02020905900123,0,0.5479889567509578
374568,0.2663391587416929,0,0.2973146962420056
189683,2.09716605937199,0,1.825941662356971
283776,-0.19521384141720705,0,0.5349887108215069
190126,-0.4875307415178429,0,-0.3239696039681146
187585,0.00479245865164983,0,0.3877279379216929
188250,0.204798758720506,0,-0.12914623451530574
188792,1.6048428592025,0,-0.22794547226298786
189971,0.604811358858219,0,-0.01616360926892444
189949,0.14325835869932002,0,-0.008891671345341823
375557,1.65099815921839,0,-0.1875544662614882
374407,0.2355689587311,0,0.13795912300043955
188849,-2.02604074204751,0,-0.8529866962405351
187883,1.32791105910716,0,0.6876954032259434
187856,-0.733692341602589,0,-0.07527730871159236
188944,-1.04139434170852,0,-0.6602443576520736
188907,-1.76449404195746,0,-1.4213815525262217
189027,0.18941365871521,0,-0.24146328662439057
374368,1.42022165913894,0,0.4287657991740351
188463,-1.28755594179327,0,-0.838168766709021
375018,-1.05677944171382,0,0.2418757162199507
375711,-0.28752444144898603,0,-0.7489190336283962
189853,0.18941365871521,0,0.32233917376591636
375779,0.820202758932372,0,1.3013242567806582
283633,-1.67218344192568,0,-1.5861894267648546
188708,-0.17982874141191002,0,0.44888575250360147
187551,0.958668658980042,0,1.0935102166205928
374696,0.958668658980042,0,0.23200302861010205
187860,-0.6259966415655129,0,0.455118581900698
374604,-0.41060524149136,0,-0.5482029361443241
284176,1.57407265919191,0,1.186425068364089
187880,-0.8875433416555559,0,0.05280299372959989
374110,0.543270958837032,0,-0.1444453984653913
189070,-1.47217714185683,0,-0.5911018594053046
283736,-0.841388041639666,0,0.08414154782242403
187735,0.512500758826439,0,0.8869535962028682
188033,-0.733692341602589,0,-0.6547658196157046
187974,0.127873258694023,0,0.006080299601314017
188384,-1.2414006417773795,0,-0.006364587148203241
374591,-0.672151941581403,0,-0.06390721233300349
283205,-1.39525164183034,0,0.19757915002322116
189895,0.0509477586675398,0,-0.43014175390625425
188734,-0.826002941634369,0,-0.21698478833351567
375547,-0.7952327416237758,0,0.13905832225853795
2437409,2.37409785946733,0,1.0398833695239122
188239,2.46640845949911,0,0.44833073963390746
188067,0.343264658768176,0,-0.00932375036272098
188412,0.497115658821142,0,0.36515494074901733
375745,-0.810617841629072,0,-0.1581388434063636
187972,-1.74910894195217,0,-1.5416217918705415
187854,-0.702922141591996,0,-0.334306924851868
187920,-0.672151941581403,0,-0.281071497423467
337841,-0.8875433416555559,0,0.07115661214043567
284132,1.5894577591972,0,1.0706718563608257
187968,1.68176835922898,0,-0.038729473511179155
375549,-1.07216454171912,0,-0.2671567097221724
336481,-0.13367344139602,0,-0.6178347173357697
190815,1.74330875925017,0,0.43805460063893076
375590,0.866358058948262,0,0.44621481983656686
188174,0.604811358858219,0,0.9758079311822594
375569,-0.718307241597292,0,-0.37182913744798846
189433,-1.5029473418674195,0,-0.7583724858203913
375716,1.05097925901182,0,0.9364206316740673
189115,0.127873258694023,0,-0.07764942154838346
375698,1.82023425927665,0,1.421831906663969
375391,0.512500758826439,0,0.4841158451939302
308253,0.2355689587311,0,-0.3132566208178353
375393,0.512500758826439,0,0.06623006125739324
374515,-0.2259840414278,0,0.04601246623938769
284265,-1.28755594179327,0,0.2776144004465092
188204,-0.6106115415602161,0,-0.15848469010353916
188913,-0.7798476416184791,0,-0.9430644650711306
189221,-2.0721960420634,0,-1.1546853561623547
187906,0.0817179586781331,0,1.3370668921890685
188897,2.63564455955738,0,1.2532318859498461
375784,1.34329615911246,0,1.0372396737601228
3624697,0.343264658768176,0,0.34916062560946187
189734,-0.241369141433096,0,0.49389424024774986
188249,0.7586623589111852,0,1.0782499345259673
374945,-1.47217714185683,0,-0.6168855056909774
374037,0.281724258746989,0,-0.5555411644369043
190184,-1.10293474172971,0,-0.224585056880796
187665,-0.733692341602589,0,-0.21648923163425957
190707,-0.672151941581403,0,-0.8389048415638442
188258,-0.702922141591996,0,-0.24446860399397743
375546,-0.518300941528436,0,0.6473208354713724
375692,-1.02600924170323,0,-0.7376520348595837
376040,1.1586749590488998,0,1.724706011604955
284272,-0.13367344139602,0,-0.40289711402950457
283677,0.00479245865164983,0,0.1635951061209624
284164,1.74330875925017,0,0.3971039084586342
190140,0.804817658927075,1,0.7573309728240087
375775,-0.31829464145958003,1,0.6950529583591292
375432,0.112488158688726,1,0.733055266932981
189134,-0.841388041639666,1,-1.0099459979143834
187824,0.312494458757583,1,0.38907917958848864
188909,-1.53371754187801,1,-0.38588667594374426
188325,-1.9337301420157296,1,-0.2943685746680782
283604,-0.395220141486063,1,-0.20109591958542072
284002,-0.36444994147547,1,-0.1319338758522366
189700,-0.44137544150195296,1,-0.8576873652991881
375545,1.2202153590700802,1,1.0254713920344627
188053,0.527885858831736,1,-0.990010499452858
187955,0.943283558974745,1,-0.15859170773006373
189455,-2.27220234213225,1,-0.7153635686806947
188104,-0.36444994147547,1,-0.02689914611499165
283715,-0.379835041480766,1,0.45744243175092886
284231,1.74330875925017,1,0.15937884267779648
188095,-1.10293474172971,1,-0.12787469662831585
190125,1.1432898590436,1,-0.5410229709527977
187781,-1.07216454171912,1,-0.5188789745611321
188993,0.281724258746989,1,-0.6269456609834857
2437280,0.7125070588952959,1,0.40845778431092433
375589,-0.502915841523139,1,0.4027520323362766
188037,0.0663328586728364,1,0.2509944824245974
283448,0.2355689587311,1,0.6791949284077348
283823,-1.33371124180916,1,-0.418733109559063
375714,1.77407895926076,1,1.4406783630101216
188401,-0.7798476416184791,1,0.16893998512191732
374825,-2.0414258420528,1,-1.14842867606466
190213,1.54330245918131,1,1.0656735556922103
283876,-0.472145641512546,1,0.12694473237514584
190458,-0.379835041480766,1,-1.1760643741940962
283201,0.466345458810549,1,0.5046791329023427
188093,0.312494458757583,1,0.16077477339475646
188742,-1.73372384194687,1,-0.7571489855463179
188894,0.297109358752286,1,-0.2024383004626929
188500,1.28175575909127,1,0.3847436084889234
375995,0.0509477586675398,1,0.1353106255572305
188421,-1.68756854193098,1,-0.35370009240611
188526,-1.01062414169793,1,-0.5945678250994672
374471,0.40480505878936296,1,-0.0771232800145893
284322,1.46637695915483,1,0.28897404326422427
189232,-1.04139434170852,1,-0.6215123141653537
375016,-1.30294104179856,1,-0.856357108703898
190064,-0.718307241597292,1,0.12585450087810374
187482,-1.2260155417720802,1,-1.3756971689684272
188972,-1.2414006417773795,1,0.25636835104567457
190170,0.450960358805253,1,0.8353466840691175
190089,1.05097925901182,1,0.4835846920926886
375749,0.912513358964152,1,-0.07471991766992254
189844,2.512563759515,1,1.6017703125470275
187895,0.374034858778769,1,0.37202589979592743
283773,1.46637695915483,1,0.13637901513470443
284066,2.35871275946204,1,1.1385769344071057
373851,1.00482395899593,1,1.1541481054546632
187816,1.85100445928725,1,1.2918336055852229
190058,0.40480505878936296,1,0.5729749817928019
187702,0.3894199587840661,1,-0.5383680338978919
189005,-0.44137544150195296,1,-0.45930855547811716
374156,-0.19521384141720705,1,-0.26780297334783093
190092,-0.472145641512546,1,-0.13126895906595965
375710,1.95870015932432,1,1.572724113555587
188235,0.220183858725803,1,0.8606979552712699
375778,0.0971030586834297,1,1.2134218100783123
283969,-0.21059894142250304,1,-0.19800888141560608
188256,0.312494458757583,1,0.046672774569458106
190802,1.65099815921839,1,1.3660893758549417
374504,-1.28755594179327,1,-0.4959282362042775
188054,-0.949083741676742,1,-0.22922552245231229
374969,-0.518300941528436,1,0.22076281275404314
284209,-1.85680464198924,1,-0.29542885702207594
283759,-0.149058541401317,1,-0.019350186511843722
284100,1.43560675914424,1,0.3712251169467512
374401,-0.764462541613182,1,-0.9875256072156069
190792,-0.6259966415655129,1,-0.06759229246474832
188934,-1.19524534176149,1,0.4481475868798248
187456,-0.7490774416078859,1,-0.8042063454632271
376049,-0.764462541613182,1,-0.09116063999698958
189243,-1.1644751417508998,1,-0.8357033249673386
187696,-0.5336860415337329,1,-0.6914139239636093
189944,1.63561305921309,1,0.7357201646725037
375607,0.18941365871521,1,0.0043853404878612025
374590,-0.4875307415178429,1,-0.7006098498937857
190102,0.0201775586569465,1,0.5678931907811052
375017,0.7740474589164821,1,-0.20528078866690175
189068,0.497115658821142,1,0.051769763498330915
375765,-1.54910264188331,1,-0.8192262203245788
283839,-1.4106367418356398,1,-0.5785491755626623
187560,0.7740474589164821,1,1.4461269838010684
373793,-0.7798476416184791,1,-1.3720729232521887
283789,-0.21059894142250304,1,0.16166859500965827
188970,0.0355626586622431,1,-0.012985411828327855
2437410,1.17406005905419,1,0.3875602528555934
189012,-0.9644688416820392,1,-0.02043558792964893
189755,-0.241369141433096,1,0.14503746347929136
283138,1.6202279592078,1,0.5320908010232951
187700,-1.1337049417403,1,-0.7849774532893031
188861,-1.25678574178268,1,-1.4524525045756942
375851,1.11251965903301,1,0.6209409929168832
187975,-1.10293474172971,1,-1.0446353406013666
187753,1.05097925901182,1,1.4913452852890172
374745,-1.28755594179327,1,-0.8263067470605018
283083,-0.564456241544326,1,-0.22557039975613502
188172,0.297109358752286,1,1.0213916684985593
187752,0.7125070588952959,1,1.1626032646695341
189248,-0.36444994147547,1,-0.06178774812814648
374658,0.374034858778769,1,0.3726624649507231
187564,1.63561305921309,1,0.016693024410856613
188374,-0.2259840414278,1,0.34815212461616973
187682,0.866358058948262,1,0.4203874096449939
336477,-0.733692341602589,1,-0.7629132323251909
190085,0.9278984589694492,1,1.0575494726096863
375288,0.297109358752286,1,0.5261033800564134
283849,-1.6414132419150902,1,-0.607605790090248
187470,-0.17982874141191002,1,0.90419151291097
283553,-0.349064841470173,1,-0.20554112531495095
374532,0.0355626586622431,1,-0.16783181611856515
375702,1.55868755918661,1,1.5206314294207341
373635,0.40480505878936296,1,0.475732126043169
188362,0.220183858725803,1,0.20990315464914203
374109,-1.68756854193098,1,-1.3146430349516125
189996,0.481730558815846,1,0.3633826422206695
187756,0.7740474589164821,1,1.5224634254835165
2437048,0.112488158688726,1,0.9939206947931888
374599,0.0817179586781331,1,0.5240488932190224
187709,0.8355878589376691,1,0.01527466481540758
374371,0.497115658821142,1,0.5514217801129109
283748,0.574041158847626,1,0.5004702807556936
283782,0.666351758879406,1,-0.09888379952379414
284202,0.681736858884702,1,-1.0142246834748516
190088,-1.31832614180386,1,-0.367645154808745
187711,-0.0413628413642401,1,-0.10466296268831334
374541,-0.149058541401317,1,-0.5366764044407442
187887,0.974053758985338,1,1.0265945244869183
187907,0.17402855870991302,1,0.4845771513915026
319954,0.466345458810549,1,-1.039210930990051
190296,0.8355878589376691,1,0.30613865287328884
188975,-1.27217084178797,1,-0.9787196409574762
187663,1.17406005905419,1,0.8162696595128444
189000,0.0663328586728364,1,-0.31038185960362885
189006,0.497115658821142,1,-0.49761227293874705
284025,-1.0875496417244102,1,-0.7396482869936228
283770,0.466345458810549,1,0.6602929832399097
190150,-0.872158241650259,1,-1.0485737866446931
283166,0.8817431589535591,1,1.1023937671934847
283727,0.0201775586569465,1,-0.060665756463648385
190124,-0.641381741570809,1,-0.783471738415325
188142,-1.77987914196276,1,-1.3081969205518902
189294,-0.118288341390723,1,-0.6590926687457209
283859,-0.5336860415337329,1,-0.26570765350628617
283116,-1.11831984173501,1,-0.6237496654590613
283311,0.17402855870991302,1,-1.131971277308575
2437282,0.7586623589111852,1,0.7368934749459017
189754,0.450960358805253,1,0.4702109795012725
336482,-0.687537041586699,1,-0.7937433669040483
188940,-0.349064841470173,1,-0.22902617196256037
187563,-0.349064841470173,1,0.674339924271972
190791,-0.472145641512546,1,0.731573174946779
283766,0.0509477586675398,1,-0.08785845583471921
187556,1.1279047590383,1,0.14317936589028282
283655,1.74330875925017,1,0.900262908717309
2437268,-0.7490774416078859,1,-0.49654817493594006
188096,-1.45679204185153,1,-0.8902637542081437
189013,-1.04139434170852,1,-1.0252637241920464
283781,-0.13367344139602,1,-0.1845316218415765
187978,-1.05677944171382,1,-0.4549419080956229
375820,-1.19524534176149,1,0.23849041578975705
375404,0.374034858778769,1,0.193886347390417
374361,-0.17982874141191002,1,0.33679956509266656
2437252,0.9278984589694492,1,0.34965014452739507
374694,0.589426258852922,1,0.913531459568809
373615,-0.672151941581403,1,-0.7996483841506938
189703,-1.44140694184623,1,-1.08080401055911
188448,-0.595226441554919,1,-0.8118271812624077
187877,-1.96450034202632,1,-1.2761689380694197
283214,0.3894199587840661,1,-0.45764182066734904
375917,-0.7798476416184791,1,-1.1034875356726241
375341,1.54330245918131,1,0.144908770399617
188312,-0.733692341602589,1,1.2123516108842782
375666,1.28175575909127,1,1.3873844686013688
373754,0.25095405873639604,1,-0.05275574452596871
283812,-1.11831984173501,1,-0.5507708994436495
188048,1.45099185914953,1,1.245299070020433
188912,-0.7798476416184791,1,-0.5021713192550046
190096,-0.118288341390723,1,-0.9620977851448801
375511,1.83561935928195,1,1.7201198705066185
187678,-0.7798476416184791,1,-0.08156319557495607
188998,-0.8875433416555559,1,0.1577402512242507
374961,1.85100445928725,1,0.3976267910389811
2437340,0.989438858990635,1,1.102601464965708
283779,0.127873258694023,1,-0.09286416421978849
375583,1.34329615911246,1,1.1942214654508174
375695,-1.6414132419150902,1,-0.12616017861416612
189706,0.25095405873639604,1,0.5223611902645394
188496,0.435575258799956,1,-0.3835120515234416
375567,0.7740474589164821,1,0.9025011911216669
373850,0.0355626586622431,1,0.4210579721210477
283449,-1.1337049417403,1,-0.0887596331346318
283104,-1.56448774188861,1,-0.8935606951996722
283232,0.0201775586569465,1,-1.3077893832893086
375707,-0.149058541401317,2,0.08417242463389261
188363,-0.08751814138012999,2,0.575941103121918
187742,-0.595226441554919,2,0.8355832911186692
188036,0.666351758879406,2,0.15684248314922872
375621,2.37409785946733,2,0.909434625698126
188083,1.1586749590488998,2,1.2589535731530221
188170,1.86638955929254,2,1.1365700133515761
188056,1.05097925901182,2,1.2622762878135236
283718,0.2663391587416929,2,-0.24488928857649378
188064,-0.687537041586699,2,-1.4855014012152667
187546,0.2355689587311,2,0.4343591366621604
188927,0.0509477586675398,2,-0.6108079732711126
318178,-0.826002941634369,2,-0.1817668018146194
188978,-0.28752444144898603,2,-0.581153771899443
374392,1.7279236592448703,2,0.8973186575713861
187515,-1.11831984173501,2,-0.7143429799056189
187674,-1.88757484199984,2,0.11084598866789547
374147,-1.10293474172971,2,-0.7780730098847265
373578,0.0201775586569465,2,-0.20458489483081616
188383,0.727892158900592,2,0.08013765215246499
189077,-1.56448774188861,2,-1.1270157902674711
284334,1.6202279592078,2,0.3704231010689574
374474,1.68176835922898,2,-0.4141949125270764
190046,1.45099185914953,2,0.23494333046425256
283721,0.681736858884702,2,0.37812069776475166
283641,0.804817658927075,2,0.23296544852232268
374066,0.589426258852922,2,2.4332558017030257
187505,2.17409155939848,2,1.0054502575009532
375977,-1.1490900417456,2,0.1957525388303158
188956,0.481730558815846,2,-0.44848957610553236
187523,0.0663328586728364,2,-0.7511140860847123
319957,-0.8875433416555559,2,-0.5790490841065219
375551,-0.6259966415655129,2,0.046641113635848136
187539,1.38945145912835,2,0.2939065887022459
188577,-1.2414006417773795,2,-0.6318446749969937
318177,-1.3644814418197502,2,-0.36304538768515465
283119,0.558656058842329,2,-0.21707245339176165
187507,-0.733692341602589,2,-0.8504274155566462
187654,-0.995239041692632,2,-1.0414228047560505
375550,-1.5798728418939,2,-0.3439470643300251
188840,1.38945145912835,2,1.2380074845786497
283676,-1.19524534176149,2,-1.1184154018197887
375781,1.28175575909127,2,0.6732598916783618
375410,-1.62602814190979,2,-0.12024846401618718
188214,0.40480505878936296,2,0.8740739272789351
187567,1.92792995931373,2,1.7408920796812812
374185,-1.30294104179856,2,-0.2897340107901115
187822,1.69715345923428,2,1.1765729053523573
189829,-0.31829464145958003,2,-0.15191920316696592
375641,0.420190158794659,2,0.33976110283757055
375502,-0.702922141591996,2,-0.15984515158955415
308266,0.3894199587840661,2,0.6208268813886058
188976,0.481730558815846,2,-0.6338265158923684
374691,-0.256754241438393,2,0.5847313227323047
187733,0.204798758720506,2,0.20286745276671342
374747,-0.687537041586699,2,-0.9102548499739526
375735,0.3894199587840661,2,1.1557617216299687
374530,0.466345458810549,2,0.08791165135126418
188134,0.9278984589694492,2,1.395677277039549
189009,-0.0413628413642401,2,0.03213871066476878
284215,-0.44137544150195296,2,0.9831987733422126
374624,2.18947665940377,2,0.6110896408468615
375444,0.420190158794659,2,0.5883685192181725
373506,0.158643458704616,2,-0.6015478538556224
375397,-0.21059894142250304,2,0.26586900719635964
2437256,1.05097925901182,2,-0.26663710413790426
187457,-1.73372384194687,2,0.06282443508776618
188338,-0.36444994147547,2,-0.5425302833629948
283639,1.71253855923958,2,0.7317509181782393
189343,-0.672151941581403,2,-0.8698233284891219
188398,-0.36444994147547,2,-0.07839908312631522
187527,-0.08751814138012999,2,0.697215670278527
187474,-0.502915841523139,2,-0.9305190608625776
375816,2.31255745944615,2,1.3567054382913728
283128,1.51253225917072,2,1.087516055678838
187692,-0.118288341390723,2,-0.3227205022957156
189050,-1.10293474172971,2,-1.162317499731311
188906,1.97408525932962,2,1.606506712233778
190115,-1.04139434170852,2,-0.7747381040737156
188423,-0.0567479413695367,2,-0.6379977883489255
189630,-1.1644751417508998,2,-0.26903459009573333
190116,-0.687537041586699,2,-1.0944717929655188
2437395,0.497115658821142,2,0.29293997561413765
187826,-1.33371124180916,2,-0.14145663234433417
375813,-2.21066194211107,2,-0.4427145359785219
373795,-1.81064934197335,2,-0.7496213335592539
189956,0.7586623589111852,2,0.3221699321824802
188911,2.49717865950971,2,0.9582030458210758
188425,-0.31829464145958003,2,0.08246762284847975
375373,-1.25678574178268,2,-0.27448109235703316
374689,0.804817658927075,2,0.772955430076554
336485,-0.7490774416078859,2,-0.4524441453256344
375598,0.0971030586834297,2,-0.33304511893067684
374616,-0.36444994147547,2,0.4511366540426794
284262,-0.27213934144369,2,0.6023062865081481
188469,-1.9029599420051295,2,-0.04772150285744128
376013,-1.05677944171382,2,-0.2525368518528596
187541,-0.5490711415390289,2,-0.5534607074405455
374927,-0.7490774416078859,2,-0.4642227862709467
375998,2.15870645939318,2,1.4383962756230473
189093,-0.902928441660852,2,-0.12486635869254134
374331,1.11251965903301,2,-0.07925516195978427
375890,1.20483025906479,2,1.093888762913812
188185,-1.73372384194687,2,-0.33250572787181304
374537,-0.30290954145428306,2,0.6819337918410656
376032,1.06636435901712,2,-0.02612038660486945
190036,-0.08751814138012999,2,-0.12809938321199843
375645,1.43560675914424,2,0.3034090537658453
188229,1.45099185914953,2,-0.9175120564145519
317829,0.220183858725803,2,-0.8480777315440974
189629,-1.1337049417403,2,-0.810871983968296
188872,-1.8260344419786496,2,-1.5497185553399122
283312,1.54330245918131,2,-0.013986685798326775
187992,-1.3798665418250502,2,0.8134110095283791
373725,-0.872158241650259,2,-0.1070318275963739
375780,1.38945145912835,2,0.7759875159402613
375704,0.17402855870991302,2,0.816896869410349
187987,1.11251965903301,2,0.31945218119723845
283819,-1.25678574178268,2,-0.5664925318182445
189023,-0.5490711415390289,2,-0.29878018703580367
374174,0.204798758720506,2,0.18770127926631922
374388,0.112488158688726,2,-0.16463958592131026
375395,-0.149058541401317,2,-0.6324568985712712
373621,-0.2259840414278,2,0.2373856603655818
187603,-0.28752444144898603,2,0.5008905438020921
308004,-0.718307241597292,2,-0.6607405761957317
189308,-0.733692341602589,2,-0.47579704740376744
373467,0.681736858884702,2,0.030537705388873317
188324,-0.687537041586699,2,-0.2533717768701622
375475,-0.44137544150195296,2,-0.7448903086470762
375565,0.574041158847626,2,0.6069035487777633
188000,0.497115658821142,2,-0.2503706677739941
188633,-1.1644751417508998,2,-0.15298288521677456
189038,-0.872158241650259,2,-1.186061034483734
189010,0.804817658927075,2,0.09742523171760634
187888,0.0971030586834297,2,0.02032404563034823
189991,-0.702922141591996,2,-0.29646893343515657
373773,-1.10293474172971,2,-1.1120863148971964
375452,-1.4260218418409398,2,-1.0997760294313144
374484,-0.872158241650259,2,-0.09532697743429462
284168,0.974053758985338,2,1.1643293180514862
188413,1.28175575909127,2,0.3893148920446592
375935,0.2663391587416929,2,0.5668115698594971
374683,-1.67218344192568,2,-0.20413172586260192
187936,0.0663328586728364,2,-0.19029385096398863
189872,0.343264658768176,2,0.10654692816516012
190434,-0.349064841470173,2,0.15422036831692704
189280,-1.56448774188861,2,-0.28367976894689256
187924,-0.28752444144898603,2,-0.2454599350663903
374603,-0.595226441554919,2,-0.10517292833689967
189760,-1.77987914196276,2,-1.5386272296117784
189133,1.94331505931903,2,0.8014419968609633
190799,1.51253225917072,2,0.9520217570054619
187845,-0.7952327416237758,2,-1.4959611549844765
374024,0.620196458863516,2,-0.2007933211257254
188376,-0.502915841523139,2,-0.40054436551553013
375392,0.820202758932372,2,0.6011655406051729
373690,2.35871275946204,2,0.3929615564308793
187921,-0.764462541613182,2,0.009252217789237512
2437287,0.527885858831736,2,-0.16907771343390834
283456,0.127873258694023,2,-0.615086645466397
189001,0.466345458810549,2,-0.13553217053678918
374155,0.158643458704616,2,-0.32814950034442414
283515,0.204798758720506,2,0.16470240116677873
189625,-2.0414258420528,2,-1.2256004206518871
374103,0.7125070588952959,2,-0.36301207985226513
283625,0.204798758720506,2,-0.2393871886585976
187713,-1.9183450420104295,2,-1.166847201325691
375810,-0.0721330413748334,2,0.7493693943819653
188540,0.866358058948262,2,-0.04611634058360284
2437308,0.574041158847626,2,-0.5276607284032515
189947,-0.08751814138012999,2,-0.28318446158334204
187699,0.604811358858219,2,-0.2973374090500684
187805,0.681736858884702,2,-0.1929673007616617
190144,-0.6259966415655129,2,-0.5539780690842256
187983,0.17402855870991302,2,0.12783698052311637
283712,0.727892158900592,2,0.1711702593084513
373726,-1.87218974199454,2,-0.9314808855095819
187988,0.358649758773473,2,0.1312978920507334
187685,-1.2414006417773795,2,-0.6893525929831641
375453,-0.21059894142250304,2,0.051651488664321954
374516,-0.13367344139602,2,-0.09417298490921981
374759,2.3433276594567403,2,1.0074614765341334
283182,-1.39525164183034,2,-0.7031953520230668
188848,0.481730558815846,2,0.04860074045290976
375004,1.71253855923958,2,0.10227955619811178
189099,2.26640215943026,2,0.523536262874707
190162,0.18941365871521,2,0.13785465787516948
187497,-1.30294104179856,2,-1.2317879156430342
375015,0.943283558974745,2,0.4108497375336193
373482,0.14325835869932002,2,0.06704833094508052
188923,-0.31829464145958003,2,-0.17375287637905976
187903,0.666351758879406,2,0.16070056505182845
375719,1.09713455902771,2,0.24115176479217335
373642,-0.856773141644962,2,-0.05467496758632267
189233,-0.872158241650259,2,-0.5762730655223545
375682,-0.149058541401317,2,0.5967832255778328
374467,0.17402855870991302,2,0.082541053566093
283846,0.897128258958855,2,0.19380194592796315
375371,-1.5029473418674195,2,0.17265781344056252
319781,2.0663958593614,3,0.9643713281091618
375665,2.0817809593667,3,0.8858510684878546
375954,-0.241369141433096,3,0.348275821791072
189287,-0.379835041480766,3,-0.5341240987780465
374655,1.42022165913894,3,0.5984374020759068
189277,1.11251965903301,3,0.274814790884932
375465,-0.902928441660852,3,-0.685253800097497
283970,-0.0105926413536468,3,0.5384173991042304
190191,-0.872158241650259,3,-1.338810737415666
187976,0.0971030586834297,3,0.8562491436396796
189035,-0.9644688416820392,3,-0.06588505470522425
190499,0.681736858884702,3,0.6763193350862859
283803,-1.19524534176149,3,-0.5536950495613127
284145,0.450960358805253,3,0.38194017565064314
187876,0.2663391587416929,3,0.1586718434103013
189632,-0.21059894142250304,3,-0.535362671803497
373628,0.374034858778769,3,-0.754504405644783
189883,-0.0567479413695367,3,0.009995962692118393
188774,1.54330245918131,3,1.6630568760686595
375417,-0.472145641512546,3,-0.3758857862613664
374622,-0.41060524149136,3,-0.2712842123719272
375717,0.574041158847626,3,0.17065430281893645
188630,-0.7798476416184791,3,-0.4963529222326399
188319,0.8817431589535591,3,0.31444652022766373
284224,1.54330245918131,3,0.23106193418865495
189670,-0.41060524149136,3,-0.4423465182681918
283221,1.00482395899593,3,-0.09681175649018611
188349,-0.28752444144898603,3,-0.29161525695942947
187493,0.0817179586781331,3,-0.22752932602222092
189615,-0.21059894142250304,3,-0.8659831557614862
373522,1.38945145912835,3,0.3437813217550086
319279,-1.27217084178797,3,-0.47229977350267605
188958,-0.472145641512546,3,-0.6411735347594383
373734,0.204798758720506,3,-0.04626579442011189
375446,0.820202758932372,3,0.5225200853142753
188410,0.6971219588899991,3,0.6014435392204468
190811,-0.902928441660852,3,-0.7015012189133416
189698,-0.472145641512546,3,-0.15738870845818376
373575,0.8817431589535591,3,-0.11355084332803891
188454,0.604811358858219,3,1.4282907276498067
283723,0.0971030586834297,3,0.31602050583277397
189708,1.08174945902242,3,0.022038677778605336
189997,0.220183858725803,3,-0.3242580107865669
374546,1.80484915927136,3,0.6529792204097692
188672,0.297109358752286,3,-0.907837522937466
190780,-0.44137544150195296,3,0.5608340148829697
188225,1.65099815921839,3,0.948735912840954
189246,0.127873258694023,3,-0.8529579512785715
283760,1.6202279592078,3,-0.14973301723152926
285674,0.7432772589058891,3,-0.2288030617843209
283755,0.2663391587416929,3,-0.12506162723135186
336479,-0.349064841470173,3,-0.7509284626526479
284324,2.57410415953619,3,0.49762470656331237
188270,-0.7798476416184791,3,-0.3220173464949512
375094,0.40480505878936296,3,0.3871197280176692
2437286,-0.949083741676742,3,0.17886458668251687
189686,0.0201775586569465,3,0.1338174343687737
283209,0.112488158688726,3,0.15919115839694895
373769,1.7279236592448703,3,0.21892851418919013
374917,-1.76449404195746,3,-1.3827259437733348
189254,-0.995239041692632,3,-1.7214416084696176
283825,-0.595226441554919,3,-0.6777734322152833
188197,0.543270958837032,3,0.8284375905305494
308211,-0.7490774416078859,3,-0.6574189567182449
187749,-1.5952579418992,3,-0.2397121469169557
283843,-1.28755594179327,3,-0.7448202755962382
375504,-0.44137544150195296,3,0.43928036818863825
375620,1.91254485930843,3,1.5636058962948522
189081,0.40480505878936296,3,-0.40011202083571024
187508,-1.45679204185153,3,-0.6550877344624362
188102,-1.05677944171382,3,-0.23448146188381763
188464,-1.99527054203691,3,-0.6606913885982778
374186,-1.05677944171382,3,-0.05087877812616498
187666,-1.4260218418409398,3,-1.1703509865630697
187812,-0.17982874141191002,3,-0.9785877602474691
283731,-0.702922141591996,3,0.14741206234997292
375451,-1.87218974199454,3,-1.0489782950739617
188232,-1.05677944171382,3,0.027585425943524665
374632,-0.0413628413642401,3,-0.6713897629014444
376010,-0.44137544150195296,3,0.15414269833271593
284219,0.00479245865164983,3,0.5697630575461599
374715,-0.687537041586699,3,-0.28286188543071256
187731,1.00482395899593,3,0.1601306589898927
374416,1.1279047590383,3,0.348700186099294
189222,-1.9029599420051295,3,-0.9419963612064871
189792,0.620196458863516,3,0.38148468602766916
187574,0.0201775586569465,3,-0.05114609385999219
187911,-1.30294104179856,3,-0.24783968044361232
373629,-0.0413628413642401,3,-0.6574844417186151
374374,-0.0413628413642401,3,-0.1441341653561966
376023,1.32791105910716,3,-0.2724378400307631
187555,1.05097925901182,3,0.30319485913247385
187471,0.527885858831736,3,-0.7910898324562708
187495,-0.502915841523139,3,-0.641291405493617
189016,0.0817179586781331,3,-0.2102814002686437
187869,0.0355626586622431,3,0.39498843160810193
187481,-1.3644814418197502,3,-0.8829013651650267
373745,1.66638325922369,3,1.2903191231859976
188942,0.0817179586781331,3,-0.5522550852430294
283157,0.112488158688726,3,0.7373357429142717
189223,-1.3798665418250502,3,0.08446794965224326
189889,-0.595226441554919,3,0.13112295137165197
188152,1.11251965903301,3,0.9828757598322239
188825,-0.564456241544326,3,0.1512827385378064
374912,0.17402855870991302,3,0.00513265708575414
188898,-0.564456241544326,3,-0.27981024110769803
187589,2.5279488595203,3,1.648128112615333
373627,1.09713455902771,3,0.16564661579361006
190806,-0.841388041639666,3,-1.1855700321084321
189017,-0.5336860415337329,3,-0.4682818060267902
374598,-0.349064841470173,3,-0.20216787503263367
283665,1.28175575909127,3,0.5804484260981844
308265,-0.17982874141191002,3,-0.06410992879685275
187935,-0.702922141591996,3,0.04640531597606905
188781,0.2663391587416929,3,-0.7414710725111399
188370,0.543270958837032,3,-0.15393190738659449
284241,1.49714715916542,3,0.5158148046670525
187535,1.08174945902242,3,0.36541313820869054
189346,-1.33371124180916,3,-1.0374345996676169
189809,-0.6259966415655129,3,-0.21114897619066939
374992,0.2355689587311,3,0.4172019469702557
318176,-0.702922141591996,3,-0.7555307242006495
189278,-0.672151941581403,3,-0.35682439783042996
373739,-0.902928441660852,3,-0.23753516541341466
375447,0.589426258852922,3,0.07705738742255366
188079,-1.04139434170852,3,0.10997297766793349
189854,0.0971030586834297,3,-0.1535185997552697
283127,0.0509477586675398,3,-0.571032646655064
284368,0.0509477586675398,3,0.2930643937765572
187605,1.82023425927665,3,1.6121931647856313
188990,0.0817179586781331,3,0.13552363183806201
375509,1.28175575909127,3,0.5188625045674126
373571,1.11251965903301,3,0.007905409516883746
188110,-1.76449404195746,3,-0.37315320664561
374988,1.00482395899593,3,0.3953513221681249
189696,0.00479245865164983,3,0.08847434067765421
373716,0.25095405873639604,3,-0.4243018314193941
189340,-0.149058541401317,3,-0.7669912930545548
190187,1.1279047590383,3,0.9238806495091406
189034,-0.7798476416184791,3,-0.17942103485200528
190728,-1.9183450420104295,3,-1.327715038188589
188957,-1.54910264188331,3,-1.298685092782795
187676,-0.902928441660852,3,-0.7876435424020862
190056,1.28175575909127,3,-0.3858151316533452
283194,-1.68756854193098,3,-0.4345791733849503
373481,-1.27217084178797,3,-0.6672404282423291
189138,0.604811358858219,3,0.17143915353331707
188988,-0.7798476416184791,3,0.011600872707621505
188331,-1.31832614180386,3,-0.6359839974579349
190111,-0.564456241544326,3,-0.4303435421322069
188969,0.0663328586728364,3,-0.22606502513938628
190057,-1.1337049417403,3,-0.18779112971761544
374693,1.1279047590383,3,0.30598447461920536
187645,1.45099185914953,3,-0.17294619947269546
375494,-0.656766841576106,3,-0.1350588107123511
375457,-1.9337301420157296,3,-0.33452189072546606
374595,-0.902928441660852,3,-0.2481829525181432
375458,-1.2414006417773795,3,-1.0395327006994206
284357,0.435575258799956,3,-0.6008901458302015
187760,0.358649758773473,3,-0.1102385229763664
375772,0.7432772589058891,3,1.7032075127247757
187544,1.51253225917072,3,0.9028189161143554
190158,0.0663328586728364,3,-0.730559996930482
188545,-1.3798665418250502,3,-1.2084734013827358
375243,0.527885858831736,3,0.1378023352608164
190783,1.69715345923428,3,1.3839530585854212
374663,-0.349064841470173,3,-0.2109903513995626
190132,-2.1183513420792903,3,-1.429564058903246
375791,1.95870015932432,3,1.34943463277328
283967,-1.39525164183034,3,0.5620484286473454
187852,-1.74910894195217,3,-0.6608755219374816
283740,0.589426258852922,3,0.18875564976078113
189030,-1.30294104179856,3,-0.2444592114120767
374013,1.28175575909127,3,0.6150006906094134
375839,0.312494458757583,3,0.6948049954143068
338067,-0.472145641512546,3,0.7734279197171742
190100,-0.564456241544326,3,-0.15499196243056693
188375,-0.395220141486063,3,-0.8702665154283427
373626,0.17402855870991302,3,-0.2758601966935357
374527,1.46637695915483,3,1.07078956782258
188443,0.9278984589694492,3,0.07903043038167333
2437412,0.989438858990635,3,0.56027505622338
187736,-0.395220141486063,3,0.28255641661837844
319283,-1.28755594179327,3,-0.2865411984150183
190072,-0.841388041639666,3,-0.9514820310882768
189757,-0.841388041639666,3,1.388116645221195
190130,0.204798758720506,3,-0.27153293282883945
188757,0.312494458757583,3,0.338664783523475
319955,-0.17982874141191002,3,-0.2786649728475152
283117,0.281724258746989,3,-0.03931918102911479
187998,-1.4260218418409398,3,-0.24643547261064264
189964,-0.118288341390723,3,-0.29956327285194095
187879,-1.19524534176149,3,0.3431526642231237
375295,-0.6106115415602161,3,-0.43726082552581425
375013,1.18944515905949,3,0.6091189043814269
375932,0.0355626586622431,3,0.3311300455360314
189979,0.358649758773473,3,0.31973175015863964
189732,-0.8875433416555559,3,-0.49884211129132267
190757,0.466345458810549,3,0.481808333404479
283962,-1.04139434170852,3,-0.2626582479836064
189932,1.1279047590383,4,0.6287475199484804
373623,-0.4875307415178429,4,-0.18182096897178318
187751,-0.31829464145958003,4,0.36388138245636187
187607,-1.2414006417773795,4,-0.173286217187268
189049,-0.702922141591996,4,-0.4488444388335446
375894,-0.08751814138012999,4,1.0714595739685908
188449,-0.826002941634369,4,-0.47330442524101823
190789,-0.149058541401317,4,-0.5587475114258216
284303,0.804817658927075,4,-0.07996976279729286
188945,-0.672151941581403,4,-0.46889822883686666
283178,-1.1337049417403,4,-0.20355775317631547
375372,-0.5490711415390289,4,-0.29080553060935777
190063,-0.21059894142250304,4,-0.3977144682105944
189833,0.589426258852922,4,0.34802980660434385
190114,-0.2259840414278,4,-0.2334826139943546
374937,0.681736858884702,4,-0.2484292910091944
374419,-0.4875307415178429,4,-0.6293289138681301
188415,-0.841388041639666,4,-0.7545939290942032
375974,-1.5183324418727198,4,-0.17262508335779203
375739,-0.19521384141720705,4,1.0194322966162062
187766,1.1432898590436,4,1.058301349772342
318179,0.2355689587311,4,-0.9120205025309128
190121,0.804817658927075,4,-0.48962267673883836
187919,0.943283558974745,4,-0.7262767740266681
187893,0.127873258694023,4,-0.14621875904736567
188339,0.312494458757583,4,1.206230594536068
374702,-0.764462541613182,4,-0.2933759706552584
187501,-0.595226441554919,4,-0.1616285977785622
189744,0.17402855870991302,4,-0.048601125679999524
283231,-0.7490774416078859,4,-0.21311481743276614
283914,-1.28755594179327,4,0.05492285177273998
376033,0.866358058948262,4,1.4895563862003227
190702,-0.6259966415655129,4,-0.8259066623992563
188154,1.5894577591972,4,0.16700000261677758
375705,-0.102903241385427,4,1.2071136318033713
187848,-0.0413628413642401,4,0.8381763955481368
187662,0.281724258746989,4,0.6711006893089663
373649,-0.31829464145958003,4,-0.2700631245841367
190196,-0.379835041480766,4,-0.6024190133336756
187579,-0.595226441554919,4,-0.5055376895559044
188001,-0.395220141486063,4,-0.00140973633652063
187850,1.45099185914953,4,1.1253368184509267
374686,1.2356004590753795,4,-0.10937929440860235
375571,0.558656058842329,4,0.8375008349994296
187818,-0.6259966415655129,4,-0.7015234413110818
189291,-0.28752444144898603,4,-0.3485898717363681
375952,1.2356004590753795,4,1.5418258757318102
188818,-0.5336860415337329,4,-0.09440960871346137
375748,-1.47217714185683,4,-0.672239372758599
189008,0.666351758879406,4,-0.23569878849142661
375006,0.666351758879406,4,-0.01516276062867846
189076,-1.39525164183034,4,-1.3362644104392825
189859,0.650966658874109,4,0.08168908301318914
189239,-0.31829464145958003,4,-0.3148619133225413
189319,0.00479245865164983,4,0.2931070822433342
189819,-1.39525164183034,4,-1.0894909437212228
375794,-0.7798476416184791,4,0.551996895507455
375628,-0.472145641512546,4,-0.03391677910824839
190189,-0.8875433416555559,4,-0.6637985787370453
187461,0.2663391587416929,4,-0.11710617876254334
190164,-0.995239041692632,4,-0.6074475307672114
188267,-0.979853941687335,4,-0.8712258454703808
375662,0.989438858990635,4,1.1855477451773644
319282,-1.1644751417508998,4,-0.36417304749200013
188765,0.14325835869932002,4,0.27577684507160766
187629,1.94331505931903,4,0.6994217791842094
375950,0.912513358964152,4,1.3321535250433505
375556,-0.41060524149136,4,0.1158443859697174
318548,0.297109358752286,4,-0.5054842714049237
375552,-0.21059894142250304,4,0.0783412204225959
284161,-0.764462541613182,4,-0.47253697761203317
188816,-0.149058541401317,4,0.741051379532343
375923,1.77407895926076,4,0.4333724638061059
190051,0.6355815588688121,4,1.664219701636711
188254,1.34329615911246,4,0.8415483261871165
375505,-1.34909634181445,4,0.057864937989187855
187491,0.281724258746989,4,-0.25098034339446557
189048,-0.7798476416184791,4,-0.3766052436494895
336686,-1.94911524202102,4,0.12199439589434341
188103,-1.05677944171382,4,-1.2390085842427654
375024,-0.0105926413536468,4,0.006615693180612364
374659,0.512500758826439,4,0.8812537106446742
283754,-1.47217714185683,4,-0.020313901197709133
188292,-1.19524534176149,4,0.015675830041531627
188822,1.20483025906479,4,1.045207108021092
187928,0.127873258694023,4,-0.49736943168692543
188187,0.00479245865164983,4,0.017201518291847143
190805,-0.826002941634369,4,0.2822677872179489
189392,0.281724258746989,4,0.6009017224651402
189892,0.158643458704616,4,-0.1644007787996736
187712,-1.53371754187801,4,-0.08995489493675665
375724,-0.687537041586699,4,-0.5298667174125057
188764,0.0509477586675398,4,0.6969424068722875
283597,-0.08751814138012999,4,0.46398706232793113
375315,0.850972958942965,4,-0.02041904796697943
188434,-1.01062414169793,4,-1.146393056690905
189811,0.00479245865164983,4,0.14160654803176387
187833,0.204798758720506,4,-0.23294410247844383
188427,-0.395220141486063,4,0.027512597104578717
189647,-0.718307241597292,4,-0.38750955389512654
319783,1.09713455902771,4,-0.4612926742587232
187823,1.1432898590436,4,0.9459642036173093
374567,0.850972958942965,4,0.06957561850215366
188493,-1.1644751417508998,4,-0.21976291337914855
189020,-0.595226441554919,4,-0.3526793786600044
189623,0.0201775586569465,4,-0.6546210488025206
374154,-0.872158241650259,4,-0.2374826472788532
2437250,-0.810617841629072,4,0.1502866003050738
374697,0.604811358858219,4,0.21919987009906894
187786,0.543270958837032,4,-0.7612107466594983
284080,0.358649758773473,4,0.8616992041286752
189247,-0.5336860415337329,4,0.06925336055037445
187475,0.0817179586781331,4,-0.4228923309037989
283202,-0.349064841470173,4,-0.03077022404152098
375931,-0.672151941581403,4,-0.45492126100932595
375524,0.897128258958855,4,1.2794857074850314
190784,-0.17982874141191002,4,0.14222920060054567
284120,1.85100445928725,4,0.49164449832991913
283183,-1.9337301420157296,4,-0.32097031034589535
2437378,0.2355689587311,4,0.3005017339805861
188419,-0.19521384141720705,4,0.11862152128703238
374688,1.1586749590488998,4,0.8525278259958774
188989,-0.5336860415337329,4,-0.31339526115445354
189299,-1.99527054203691,4,-0.7368976824816115
376050,-1.6106430419045,4,-0.9924700446841987
189302,-1.3644814418197502,4,-0.7839678194403584
188408,-0.733692341602589,4,-0.39658802046673575
187514,-0.379835041480766,4,-0.07150504381365216
190731,0.220183858725803,4,0.27918779419320866
188058,-0.395220141486063,4,-0.4446916718561987
374391,0.312494458757583,4,-0.24153016888721815
317951,0.0201775586569465,4,-0.8348146381208627
188255,-0.502915841523139,4,-0.6966509669690736
375627,0.820202758932372,4,0.23660033635038602
188330,-0.30290954145428306,4,0.2525965857026809
375905,0.620196458863516,4,0.9209158208598744
189868,1.37406635912305,4,0.400937622583264
2437244,0.00479245865164983,4,0.6592612035513596
187511,0.220183858725803,4,-0.2256639443014872
187949,-1.31832614180386,4,-0.802291019041333
376000,-0.28752444144898603,4,0.30665392550891496
187707,-0.733692341602589,4,0.23087713427443968
188563,-1.6414132419150902,4,-1.1101952133351911
187637,-0.31829464145958003,4,-0.7447163028571459
189808,-0.17982874141191002,4,0.01344289436962097
187675,2.55871905953089,4,1.1795713365224503
188506,-0.241369141433096,4,-0.35047015692603545
189927,0.3894199587840661,4,-0.20358897878186558
374719,1.2356004590753795,4,1.30630980035337
187993,-1.73372384194687,4,-0.608056506507649
188780,-0.7490774416078859,4,-0.6301870542315761
375694,1.42022165913894,4,0.9837054376830948
189267,1.03559415900652,4,1.1567772606682973
374681,0.343264658768176,4,0.5455623456962391
374253,0.666351758879406,4,0.5206378649435418
375498,1.38945145912835,4,0.9451613887256841
188444,-1.53371754187801,4,-0.2275646888930692
374536,0.7740474589164821,4,-0.410618512166733
190015,-0.19521384141720705,4,0.18028306902946253
374763,-0.08751814138012999,4,-1.2029264181855708
283300,-1.28755594179327,4,-0.219388549473738
284162,-0.7490774416078859,4,-0.7110644648975953
284069,0.14325835869932002,4,1.1402886329645519
373744,1.7279236592448703,4,1.2813875673545079
188043,1.69715345923428,4,0.8346991286000642
187938,-0.0105926413536468,4,0.04565379141189028
187655,1.32791105910716,4,1.275366776852361
374378,0.18941365871521,4,0.39557872227587476
187944,0.7740474589164821,4,0.3355349497404528
190280,0.7125070588952959,4,0.3044410862096258
374746,-1.6106430419045,4,-0.43710430714120485
187543,1.1432898590436,4,1.3963349096867357
283664,1.18944515905949,4,0.4256441500835168
283732,0.0355626586622431,4,-0.35562660637325777
189288,-2.1952768421057702,4,0.3623873917447742
190054,-1.17986024175619,4,-0.7830263081697962
187757,-2.0414258420528,4,-1.1896890002474747
2437408,0.0201775586569465,4,-0.5956458014371732
284304,-1.1337049417403,4,0.05950616515579763
376004,1.86638955929254,4,0.7965944771766007
374607,0.7432772589058891,4,0.5201251082725907
283791,-2.25681724212696,4,-1.2292332514970477
284278,0.2355689587311,4,-0.16933136504739477
284248,1.34329615911246,4,-0.02750563176626241
283447,0.866358058948262,4,0.25321329829512773
188532,2.03562565935081,4,1.4043182791457092
189400,-1.44140694184623,4,-0.3208809669865304
2437248,-0.44137544150195296,4,-0.9359872226248934
187754,0.512500758826439,4,0.21934030639555083
283432,-0.31829464145958003,4,-0.39721723915146184
190016,-0.27213934144369,4,-0.07930740453833127
283769,-0.564456241544326,4,-1.3824726352773153
374623,-1.39525164183034,4,-0.05115436153571212
188282,-0.518300941528436,4,-0.45751958794959124
187653,-0.6106115415602161,4,0.09142271067790059
189881,1.20483025906479,4,-0.5362062527468848
189857,1.1586749590488998,4,0.4952388911042754
187769,1.32791105910716,4,1.0930404713278574
375625,0.620196458863516,4,0.38041332278161166
187484,-0.349064841470173,4,-0.4904187447071262
375847,-1.05677944171382,5,0.6771921986720828
189961,0.943283558974745,5,-0.11647140577813789
318173,-1.4260218418409398,5,0.1444268621957966
374517,-0.687537041586699,5,-0.6590738177267859
317953,-1.05677944171382,5,-1.0613015158372414
283741,-0.841388041639666,5,-0.5098525514978577
189958,0.0663328586728364,5,1.0532037882558833
283756,0.312494458757583,5,0.10391484432361095
283279,1.00482395899593,5,0.251483980429623
188008,-0.395220141486063,5,-0.4836650376684274
375274,1.2202153590700802,5,0.4704323223006842
190817,0.9278984589694492,5,0.4704986580264422
283778,0.17402855870991302,5,0.17086694210231948
187982,0.420190158794659,5,-0.4638955912628854
188316,-0.44137544150195296,5,-0.7227164614709587
189669,-0.656766841576106,5,-0.5602498765249138
189786,-0.9644688416820392,5,0.004894825699774592
283796,0.18941365871521,5,-0.6753183277681174
190006,-0.502915841523139,5,-0.32778387053972163
188899,-0.31829464145958003,5,-0.048466548747569435
374600,1.05097925901182,5,1.203734364333889
374397,0.00479245865164983,5,-0.3416127293270938
190787,-0.641381741570809,5,-0.2529776713725804
375726,-1.8414195419839496,5,0.39257515153879313
375835,0.8355878589376691,5,1.0813131290000004
188458,0.9278984589694492,5,-0.19189345786767756
187767,0.8355878589376691,5,0.7921838541203314
2437251,-2.0875811420686903,5,0.022576307256857768
375993,0.7432772589058891,5,0.9887207870522219
188820,-0.44137544150195296,5,-0.12448409333909946
188601,-1.19524534176149,5,-1.2078096146427393
190711,-0.27213934144369,5,-0.22689682494350477
374935,-1.5952579418992,5,-0.23400287635762845
187776,0.14325835869932002,5,-0.16771775721821577
375971,-0.579841341549623,5,0.11240753359806331
374414,0.158643458704616,5,1.128949221225592
190103,-1.04139434170852,5,-0.11661060010230323
190005,0.14325835869932002,5,0.2876001788660045
375467,0.297109358752286,5,0.28110718560837733
283762,0.574041158847626,5,-0.07543743218669255
375335,-1.5952579418992,5,-0.4081549649152277
375342,-0.7952327416237758,5,0.2388459456358423
188335,-0.902928441660852,5,-0.6334847922079399
284068,1.03559415900652,5,0.9243111029820065
188121,1.17406005905419,5,-0.5989657165613957
283616,1.48176205916013,5,0.7600565494168522
373743,2.32794255945144,5,0.9222731456202439
187945,0.0817179586781331,5,0.8147126887943996
187479,-0.7798476416184791,5,-0.7265462333540101
189210,-0.764462541613182,5,-0.8055459634669289
2437267,-1.33371124180916,5,0.09434895075165471
190067,-0.5490711415390289,5,-0.27736478404600445
188994,-1.1337049417403,5,-0.520093795227832
187954,0.158643458704616,5,0.3114386569817032
188035,-0.518300941528436,5,0.22785991781840345
374165,-0.502915841523139,5,0.12424402041865348
375825,-0.19521384141720705,5,-0.35584894652570886
187755,0.527885858831736,5,0.1279607566934523
190029,0.2355689587311,5,0.3704531587458041
190040,-0.979853941687335,5,-1.044582112048282
374535,0.220183858725803,5,-0.6002426440501112
374451,1.29714085909657,5,1.1208460897485826
374197,-0.31829464145958003,5,0.22242277964095777
283603,1.45099185914953,5,0.486993619639588
187550,-0.4875307415178429,5,0.2778616938467399
188189,-0.872158241650259,5,-0.9389464650972696
283938,1.68176835922898,5,-0.08016169411966548
374613,0.0971030586834297,5,0.37391646845180654
283359,1.2202153590700802,5,0.7790016594914387
375659,2.60487435954678,5,1.4635106961524118
190797,0.497115658821142,5,0.48205527963553285
284236,1.74330875925017,5,1.0268614706868373
189689,-0.702922141591996,5,-0.1149646908430903
375688,1.17406005905419,5,0.7815149834596875
188759,0.7432772589058891,5,0.7971538381137915
187905,0.158643458704616,5,0.10810438067370068
187681,0.281724258746989,5,0.5333492823516345
375899,1.65099815921839,5,0.9658761226734137
189029,-0.149058541401317,5,-0.05085205498573625
189152,-1.31832614180386,5,-1.0570253728301862
284189,2.14332135938788,5,1.2563916548180663
374445,-0.5490711415390289,5,-0.2773545237848242
375474,0.574041158847626,5,-0.3836229508735974
373925,0.497115658821142,5,0.6911816977082371
374001,0.420190158794659,5,0.1850059265275333
373759,0.297109358752286,5,-0.3459937373331393
189840,0.6971219588899991,5,0.4400716236085009
187610,0.14325835869932002,5,-0.504440515965208
188452,0.220183858725803,5,-0.09134424931777181
187875,0.450960358805253,5,0.39597107922132574
190344,-2.01065564204221,5,-1.0360022778044995
189015,-0.6106115415602161,5,-0.41153189320173045
190071,0.0509477586675398,5,-0.5465688335034935
188236,1.26637065908597,5,0.8148447357065017
375901,1.20483025906479,5,0.7048297493178932
376048,0.2355689587311,5,-0.1353734961042976
188218,1.26637065908597,5,-0.19216094379112722
189909,0.0663328586728364,5,-0.22219043164431235
374547,-0.564456241544326,5,0.5761973058208333
188156,1.20483025906479,5,1.3337103645974737
189690,0.0509477586675398,5,-0.08444778731761522
2437266,-0.841388041639666,5,-0.11401815975938288
188160,1.7279236592448703,5,0.8743329932866092
189137,-1.25678574178268,5,0.34370263083552627
189063,1.32791105910716,5,1.1933474761264575
187599,-0.656766841576106,5,0.18532173380375522
189025,0.0201775586569465,5,0.6215343724083363
376012,-0.4875307415178429,5,0.030699789831012462
187710,-1.31832614180386,5,-0.21722080914794648
3646845,0.127873258694023,5,-0.2932307939993376
187784,0.0663328586728364,5,0.28291076539688664
187671,0.112488158688726,5,-0.211709076499612
190068,-0.7490774416078859,5,-0.15061489774514208
188378,-0.17982874141191002,5,-0.4880895923330713
374394,1.46637695915483,5,1.2000568027958194
187960,-0.118288341390723,5,0.055915094160531184
375697,1.1279047590383,5,0.5679499202134415
373872,-1.01062414169793,5,-0.26822652900847865
190159,-0.36444994147547,5,-0.3676556195898036
375896,1.98947035933492,5,0.6550747186271076
188530,0.543270958837032,5,0.5233688390028302
283892,-1.25678574178268,5,-0.4958221125294368
375809,2.2202468594143703,5,1.3432572989442282
375679,-0.2259840414278,5,0.13946131346582322
373654,-0.595226441554919,5,0.051957810898275156
190139,-1.62602814190979,5,-1.410326707153637
374092,0.850972958942965,5,0.2998721334636109
189107,-1.1337049417403,5,-1.3095027490524114
188846,1.69715345923428,5,1.2431397103310742
187649,0.00479245865164983,5,-0.24040189993795957
190018,0.18941365871521,5,0.428231302119788
374588,0.17402855870991302,5,-0.3673941166803121
190127,-0.702922141591996,5,-0.5851114235791307
374531,0.0201775586569465,5,-0.23568727561769995
187686,-2.02604074204751,5,-0.7243388059078847
284247,2.0663958593614,5,1.453790744008553
189749,-1.1337049417403,5,-1.3344022073517188
187838,0.435575258799956,5,-0.5647792141632728
374191,-1.53371754187801,5,-0.8626484050977807
188494,-1.2414006417773795,5,-0.027716729210345344
374086,0.866358058948262,5,-0.02870497694396177
374064,1.1586749590488998,5,0.549514890270141
375689,1.2202153590700802,5,1.062794488375146
187549,1.71253855923958,5,0.7247944419439082
188076,-0.5336860415337329,5,0.0374821179610534
373733,0.0971030586834297,5,0.07508422037334395
283471,0.604811358858219,5,0.521270811924275
189624,-0.0413628413642401,5,-0.579740165503677
374662,0.681736858884702,5,0.8552518522913755
319956,-0.44137544150195296,5,-0.6936805597148661
190070,-1.2260155417720802,5,-0.6673340682009555
374978,-0.672151941581403,5,-0.5313213385523066
2437415,0.543270958837032,5,0.42836934474804467
189168,-1.11831984173501,5,-1.4840704935456634
187956,0.604811358858219,5,-0.0030914370698245036
187647,-0.31829464145958003,5,-0.19093517251167455
375383,-0.8875433416555559,5,-0.28658310281034216
188052,0.512500758826439,5,0.9631342997653071
187914,-1.97988544203162,5,-1.0682358249044552
375691,1.45099185914953,5,1.5279907306844276
375738,0.7432772589058891,5,1.6280551700423296
283656,1.45099185914953,5,0.5959613426990872
374442,-1.8260344419786496,5,-1.1208573215993547
188369,1.1279047590383,5,0.3853212797019629
188190,0.497115658821142,5,-0.32315498596565473
374177,-0.41060524149136,5,-0.43832676615933547
188302,-1.39525164183034,5,-0.5308417629442873
375766,-1.10293474172971,5,-1.3910554139602938
374914,0.527885858831736,5,-0.15524368366326544
188702,1.43560675914424,5,1.1625331876596718
336783,-0.13367344139602,5,-0.8686081754074815
190082,-1.5029473418674195,5,0.42611477797173225
189977,1.02020905900123,5,1.2978715227495636
190814,-0.979853941687335,5,-0.6087677265862166
189244,-0.0567479413695367,5,0.1527861386285473
308212,-1.5952579418992,5,-0.505790868121805
375519,0.527885858831736,5,-0.17938324660815905
283427,-0.4875307415178429,5,-0.013232630843171344
188365,0.0817179586781331,5,-0.16368918023086879
318549,-0.31829464145958003,5,-0.8376253505204554
187669,-0.7952327416237758,5,-1.1966720049124195
374505,0.00479245865164983,5,1.4950949474397426
187820,1.43560675914424,5,0.8829516530500616
283199,-0.28752444144898603,5,-0.7646321192303461
188667,1.32791105910716,5,1.7207913248138988
187561,-0.379835041480766,5,-0.6064881763231897
190796,-0.733692341602589,5,0.6708324855179523
188386,-0.44137544150195296,5,-0.19843836909655974
189980,0.3894199587840661,5,0.03248740994865622
187889,-0.902928441660852,5,-0.8823532077341258
373986,0.112488158688726,5,0.1463056780731993
190076,1.52791735917602,5,0.8402203109307674
283105,0.312494458757583,5,-0.0005148629800636453
189090,-0.41060524149136,5,-0.3075458842129901
375548,-0.08751814138012999,5,0.6438861654495164
375062,0.374034858778769,5,0.061627366336473574
374739,0.497115658821142,5,-0.13946614772772994
373777,-0.8875433416555559,5,-0.7357095277065349
189666,0.14325835869932002,5,-0.4738124368763125
374062,-0.379835041480766,5,-0.040641089968492694
374635,0.897128258958855,6,0.40350686834932464
375539,-0.149058541401317,6,-0.4277639039943288
189784,-0.764462541613182,6,-1.556725276844285
187763,-0.672151941581403,6,0.2530103886133167
373485,0.958668658980042,6,0.8593074448815635
375230,0.220183858725803,6,0.18421490948165276
189289,-1.47217714185683,6,-1.4046882394220854
189790,0.0355626586622431,6,0.801846544256564
284110,1.05097925901182,6,0.8255663315933374
336685,-0.36444994147547,6,-0.6076404374658357
373760,0.204798758720506,6,-0.30940128503012654
374995,0.727892158900592,6,0.6366854504580393
376027,-0.764462541613182,6,0.03671825033758691
189240,0.7125070588952959,6,-0.45136390320068787
283120,0.25095405873639604,6,-0.1885909659961132
188055,-1.9029599420051295,6,-1.1360362648647462
187573,0.0355626586622431,6,-0.4461223885544734
376018,0.343264658768176,6,0.6591208595646643
283229,0.466345458810549,6,0.003613019705515124
375564,1.48176205916013,6,0.7884748574177718
284369,0.0355626586622431,6,0.16891438028774125
187528,1.28175575909127,6,0.030665932760494504
188040,-0.656766841576106,6,0.26493264585193327
188554,-0.17982874141191002,6,0.4025254883882138
187536,0.574041158847626,6,-0.48978241275802586
374703,-2.14912154208988,6,-0.4695449680332763
188357,1.09713455902771,6,0.24265275333004976
190157,-0.702922141591996,6,-0.5960810132602494
187868,1.68176835922898,6,0.6755495669431217
188311,-2.2414321421216603,6,-1.0533585414195001
188287,-0.687537041586699,6,0.005000022050676414
284067,1.6048428592025,6,0.9585752563459458
283801,0.158643458704616,6,0.5218163678859303
187462,0.3894199587840661,6,-0.07442432815604061
375572,2.43563825948852,6,-0.015914396671878498
375799,1.91254485930843,6,0.39719663981789083
375706,0.7894325589217791,6,-0.2122260439332298
318552,-0.379835041480766,6,-1.0526142580769267
374398,-0.08751814138012999,6,-0.8013229363202516
374367,0.497115658821142,6,-0.1874027757269578
283224,0.358649758773473,6,-0.3257748416115039
283179,0.435575258799956,6,-0.06378326155289114
283753,1.35868125911775,6,-0.4186372649767627
283808,-0.08751814138012999,6,0.6964426815983067
187562,-0.672151941581403,6,-0.034783135240394066
284192,1.98947035933492,6,0.6524953042783697
188475,-0.0413628413642401,6,-0.24928344540692934
188359,0.958668658980042,6,0.36903031203119924
187765,1.74330875925017,6,1.03684402494957
188379,1.00482395899593,6,0.32264741065807784
375727,0.681736858884702,6,0.8367880685670314
189972,-1.10293474172971,6,-0.7404112313450277
374429,1.2356004590753795,6,0.4005594316743102
375940,0.558656058842329,6,0.24560477057360164
189834,-0.118288341390723,6,-0.053314687834024585
188529,2.5433339595256,6,0.7576379995396653
187725,-0.28752444144898603,6,-0.49462365245230644
188733,-1.9183450420104295,6,0.47552037025450206
190167,1.43560675914424,6,-0.7893111124406363
375846,1.6048428592025,6,0.9250155922013882
188992,-0.27213934144369,6,-0.5130648610563852
188099,-0.7490774416078859,6,0.13735147700833772
308006,0.297109358752286,6,-0.9695683288058071
189201,-1.54910264188331,6,-1.0867515953695543
375573,-0.4875307415178429,6,-0.1844764346401819
187729,-0.595226441554919,6,-0.2184619772124003
190238,1.1279047590383,6,-0.0493950660715332
283118,0.974053758985338,6,-0.13230351750342115
284354,0.527885858831736,6,-0.1772633410553335
190795,0.297109358752286,6,0.44949459153986354
374483,-0.5336860415337329,6,-0.2296336196275305
283707,0.18941365871521,6,0.12645481306241016
189236,0.25095405873639604,6,-0.18413458306087122
283757,1.43560675914424,6,0.5540300076134591
188980,-0.149058541401317,6,-0.6732795629553779
375790,1.28175575909127,6,0.4920688451128062
336476,-0.41060524149136,6,-0.8741268261125908
187656,0.681736858884702,6,-0.13158664151246088
308007,-0.9644688416820392,6,-0.44886692045652016
189028,-0.6106115415602161,6,-0.1099563428758196
188492,-1.1644751417508998,6,-0.7863793557283363
374706,0.281724258746989,6,1.0896617970978824
188943,-0.702922141591996,6,-0.9382455489643394
374395,-0.0567479413695367,6,-0.25740503932600073
187901,-0.979853941687335,6,-0.06084901529213596
190142,-0.395220141486063,6,-0.5922766971384906
375355,-0.17982874141191002,6,0.03523195032467506
375800,2.38948295947263,6,1.4150833602095858
187522,-0.44137544150195296,6,-0.1910588807225182
374382,1.08174945902242,6,0.5238727837866601
375747,-0.45676054150725,6,-0.716303453875264
187691,-0.502915841523139,6,-0.8673458300663196
374630,0.220183858725803,6,0.4085123250546235
190794,0.574041158847626,6,-0.0007620027185425496
284182,2.0510107593561,6,0.34300186574603914
375943,0.0663328586728364,6,0.6595926986594247
374617,0.0663328586728364,6,-0.1269129673935636
375640,2.60487435954678,6,1.6953092337113198
188122,-0.518300941528436,6,-0.8303377687888317
188541,-0.27213934144369,6,-0.23477231659142667
189384,-1.54910264188331,6,-0.709279964331658
187664,-1.28755594179327,6,-0.7283025136553565
374740,1.42022165913894,6,1.3625947877280067
188982,-0.979853941687335,6,-0.6358240255271272
283220,1.03559415900652,6,-0.13535752232544848
190190,0.297109358752286,6,0.44702417518345106
190022,0.281724258746989,6,1.2075511357589308
189018,-0.9336986416714448,6,-0.5132083623762353
283106,-0.0105926413536468,6,-0.35482552263491807
374913,0.7740474589164821,6,0.7893036893348901
375527,0.8355878589376691,6,0.39066966770769956
189024,0.589426258852922,6,0.04400047431942662
374646,1.17406005905419,6,1.0273986652740028
188326,-0.702922141591996,6,0.33720168372991427
189864,-0.0413628413642401,6,-0.4657531507969166
187804,-0.733692341602589,6,0.11610146064134938
374894,-1.70295364193628,6,0.7013261977775239
187717,1.1586749590488998,6,0.3934323522205566
190708,0.6971219588899991,6,-0.6900213304346782
374641,0.297109358752286,6,0.38443511628467647
283252,-0.27213934144369,6,0.3347446406030032
189022,-0.718307241597292,6,-0.6634425356518228
283828,-0.902928441660852,6,-0.7461997499319672
376047,-0.28752444144898603,6,0.10330707353511231
187973,-1.47217714185683,6,-0.7309833107102953
373764,0.481730558815846,6,1.0747985155995705
374112,1.38945145912835,6,0.18853729350683618
375934,0.9278984589694492,6,0.46816054590749534
375976,1.05097925901182,6,0.22977904377021063
187794,-0.44137544150195296,6,-0.44273928809116986
375859,1.26637065908597,6,0.7692378616894724
374213,-0.149058541401317,6,0.6771728391531147
284165,1.05097925901182,6,-0.33018200429389205
188947,-0.872158241650259,6,-0.6254263941841578
187819,-1.71833874194157,6,-0.09933704169681448
189957,0.543270958837032,6,0.23507080102878108
375916,0.2355689587311,6,1.3284213416055208
187502,-0.17982874141191002,6,-0.10897493543432887
374473,-0.44137544150195296,6,-0.3547691971689008
188317,0.681736858884702,6,-0.7176493986447564
189753,0.3894199587840661,6,-0.2647542865805326
283777,-0.0105926413536468,6,0.5915138364285246
284335,2.62025945955208,6,1.1208469572709021
284371,1.00482395899593,6,-0.08427036211749413
190818,1.02020905900123,6,0.4854135346594361
284222,1.37406635912305,6,0.5156764995356876
374768,-1.3644814418197502,6,-0.6551289649808064
187795,-0.718307241597292,6,0.07771389432163996
374145,0.297109358752286,6,-0.650799452388693
374479,1.6048428592025,6,0.7763855475432893
188157,0.974053758985338,6,1.1729321880764918
374918,-1.1644751417508998,6,-0.426122279714799
283054,0.7125070588952959,6,-0.16260047369690245
374548,-0.241369141433096,6,0.5249834972361279
283431,-0.2259840414278,6,0.034772564592092436
190278,0.127873258694023,6,-0.03941600990030568
190732,0.281724258746989,6,0.006128387970841018
375521,0.2663391587416929,6,-0.25870098331652386
283767,1.63561305921309,6,0.07171470684566751
374589,-0.8875433416555559,6,0.22238875237510172
189229,0.650966658874109,6,-0.3161076450979627
283671,-1.74910894195217,6,-1.0864135573975178
187636,-0.0105926413536468,6,0.7331231971323766
189224,0.0201775586569465,6,-0.2092900653009601
375578,0.112488158688726,6,0.9160547884892151
189047,0.8355878589376691,6,-0.32660025708053264
283325,1.49714715916542,6,-1.3505584063483391
187857,-1.56448774188861,6,-0.8862843834555306
189858,-0.472145641512546,6,-0.22709007363511824
190198,0.0817179586781331,6,-0.1109158707976678
189626,-0.9336986416714448,6,-0.7102760272846425
187863,-0.118288341390723,6,-0.02773882509045804
188996,-0.8875433416555559,6,-0.21423801001022574
190790,1.2356004590753795,6,0.2725721472247279
375623,1.40483655913364,6,0.9430236206189893
189759,0.666351758879406,6,-0.45708603807579934
188222,1.28175575909127,6,1.3339144181060218
189234,-0.118288341390723,6,-0.8794451341886018
188006,-0.641381741570809,6,-0.37308561441359406
375642,0.0509477586675398,6,-0.10571295752477845
374629,-0.241369141433096,6,-0.026542931797275064
188436,0.7586623589111852,6,-0.01961205238215478
375376,-0.241369141433096,6,-0.4345551509405611
189250,-0.5336860415337329,6,-0.108836635509024
187886,2.03562565935081,6,1.4890236614315386
373952,-0.27213934144369,6,0.08176989878613627
190059,1.11251965903301,6,0.4932604947135602
375949,0.220183858725803,6,0.2501824608757732
375807,2.03562565935081,6,1.63014972577222
189801,0.604811358858219,6,1.163608923224803
374608,-0.595226441554919,6,-0.5428013194399941
188237,1.37406635912305,6,0.2852840916295226
375690,1.75869385925547,6,1.5244714904912156
187464,-2.22604704211636,6,-1.0542261250325067
189043,-1.3798665418250502,6,-1.0275562968679552
336483,-0.902928441660852,6,-0.48758259261650916
190097,-0.6259966415655129,6,-0.2846882923621114
284024,-0.872158241650259,6,-0.7286594969750988
188932,0.00479245865164983,6,-0.36559601221195626
373730,0.0663328586728364,6,0.24966215786138907
188019,-0.826002941634369,7,-0.4422503646720162
187472,-0.13367344139602,7,0.08074296835124578
188896,0.543270958837032,7,-0.33891841153420904
375802,0.7586623589111852,7,0.6367846104213685
283623,1.32791105910716,7,0.5255321310603033
187566,1.82023425927665,7,0.8093945349810188
283144,-2.17989174210047,7,-1.0298777085619542
190055,-0.8875433416555559,7,-1.091913833275315
187716,-1.6106430419045,7,0.20043670009303044
189766,-1.47217714185683,7,-0.8105926017224278
190782,-0.7490774416078859,7,0.21828901873136886
375795,-1.5952579418992,7,-1.5768888194344812
374669,0.650966658874109,7,0.6659158541518988
374638,0.220183858725803,7,0.5314316526805993
187704,-1.3644814418197502,7,-0.2589073512657628
375922,-2.10296624207399,7,-0.18882892592660538
376021,-1.04139434170852,7,-0.5054093654441041
375997,0.7125070588952959,7,0.7633586592827648
375939,-0.13367344139602,7,0.7190272774376912
188930,0.00479245865164983,7,-0.05324162234636435
375540,0.2663391587416929,7,0.17587069673520933
188429,2.5894892595414905,7,0.9684468717872953
283416,0.112488158688726,7,0.4598617417413137
2437263,-1.45679204185153,7,-0.28015173817347416
375449,-0.241369141433096,7,-0.6857540336505763
283313,-0.36444994147547,7,0.3199994834037778
188248,1.92792995931373,7,1.2970335226197007
189865,-0.5336860415337329,7,-0.4734108159753375
373656,0.2663391587416929,7,0.7418985168829298
374749,-0.8875433416555559,7,-0.8347688593756766
188876,0.0663328586728364,7,0.14041474056831485
188603,-1.48756224186212,7,-0.4668473931652101
283964,-0.425990341496656,7,0.2923133640415074
283833,-0.395220141486063,7,-0.3474905292403937
188209,-0.7798476416184791,7,-0.34844979981997387
283165,0.804817658927075,7,-0.46462350533529345
189041,0.589426258852922,7,0.04591184507832275
2436999,1.05097925901182,7,0.8436932375388372
188466,-0.518300941528436,7,-0.015112579858390818
374974,-0.5336860415337329,7,0.3124812197350001
187801,1.11251965903301,7,0.45412152630744107
375845,0.297109358752286,7,0.6537133053484385
283600,-0.7798476416184791,7,-0.21613606726427406
188028,0.358649758773473,7,0.016345944453814168
283160,0.7432772589058891,7,-0.09432646240695577
188211,0.620196458863516,7,1.2166492326583433
190138,-2.01065564204221,7,-1.4631194894689368
190008,1.03559415900652,7,0.6129137256823629
189094,0.0663328586728364,7,-0.14217819255181127
188259,-1.2414006417773795,7,-0.8170928619092813
284090,1.1586749590488998,7,0.650423426280659
188510,-0.395220141486063,7,-0.2119103978918643
189021,-0.9336986416714448,7,0.7805547390746902
375471,-1.10293474172971,7,0.3699759312463454
188987,-0.149058541401317,7,-0.38320129237403044
189887,0.17402855870991302,7,-0.3987791167997072
375767,0.312494458757583,7,0.5124595195054307
187979,0.18941365871521,7,0.13101076684460894
373832,0.589426258852922,7,0.5302665732224057
190769,-0.5490711415390289,7,-0.3313867650159953
317891,0.40480505878936296,7,0.5735491132842748
187587,0.0201775586569465,7,0.06373565810227136
188895,-0.518300941528436,7,-0.06809396013576088
187469,-0.518300941528436,7,-0.8680480465106107
188025,1.1586749590488998,7,0.08538490870519634
283130,0.40480505878936296,7,-0.5431448201846855
188893,-1.07216454171912,7,-0.539495539230862
190069,-1.04139434170852,7,-0.886343995234722
188377,0.0201775586569465,7,0.298784557930718
374377,-0.0105926413536468,7,-0.41909666908261906
374017,2.281787259435549,7,1.464767591761051
308008,-1.01062414169793,7,-0.9741294983122695
283802,-1.04139434170852,7,-0.5792447867309795
375796,-2.13373644208458,7,-0.17538581033008185
375500,1.86638955929254,7,1.0547534531205314
190816,0.7125070588952959,7,0.10971371541028886
373675,-0.16444364140661302,7,0.1668391471787659
188111,-2.16450664209518,7,-1.207575567754941
188009,-1.3798665418250502,7,-0.8859742980682498
187705,2.26640215943026,7,1.038522979599052
283726,0.512500758826439,7,0.08277159200693575
187770,-0.472145641512546,7,0.0772639021669266
319284,-0.7798476416184791,7,0.4591275450137199
284338,0.40480505878936296,7,0.687708176712318
283109,0.420190158794659,7,-0.5548588289076035
187728,-0.44137544150195296,7,-0.8081611495384625
375991,-0.2259840414278,7,1.0448863638502959
283110,0.7586623589111852,7,0.8093550279318098
283126,-0.7490774416078859,7,-1.0392083467118922
190561,0.2663391587416929,7,0.8175651559670378
374743,0.204798758720506,7,-0.09594667785573975
375830,2.25101705942496,7,1.1533458115303827
188521,-0.7952327416237758,7,-0.31244249517652073
374183,-1.3798665418250502,7,0.02292662261756854
188224,1.68176835922898,7,1.342334543576645
190141,-1.6106430419045,7,-1.2216260614205117
188029,0.0971030586834297,7,0.969728089504173
374339,0.650966658874109,7,0.17671097681410253
189293,-0.841388041639666,7,-0.7447023229113712
189194,-1.68756854193098,7,-1.45094088508824
187604,0.420190158794659,7,0.2141775905516924
188777,-0.826002941634369,7,0.2379902046444121
189039,0.466345458810549,7,-0.009684499420879105
375433,-1.4260218418409398,7,-0.4622356731418572
375746,-0.9183135416661492,7,-1.002470815210916
283177,-1.73372384194687,7,-1.0035838999863744
187590,-0.395220141486063,7,0.6629664060094231
283089,-0.995239041692632,7,-0.4471372653565928
375370,0.497115658821142,7,-0.6962136202004503
284336,0.989438858990635,7,1.1608064318401043
375421,0.00479245865164983,7,-0.37809564571886956
190037,-0.641381741570809,7,0.160485729348094
375850,0.989438858990635,7,1.2028073265795192
374643,0.650966658874109,7,0.7771345312388301
187878,0.8355878589376691,7,0.8383334969545447
283638,0.312494458757583,7,-0.0925161668494311
187677,0.989438858990635,7,0.5051029080768036
187918,-0.7798476416184791,7,-0.31814844345503274
189712,1.98947035933492,7,1.0234030210467342
188382,0.727892158900592,7,0.7738440832121511
319280,0.989438858990635,7,0.11035420657895216
188558,-0.7490774416078859,7,-1.091147320150659
189003,-0.149058541401317,7,-0.49764480350089507
188445,-1.2414006417773795,7,-0.7621308000487709
375972,1.43560675914424,7,1.883929863618216
189337,-0.17982874141191002,7,-1.272937771755713
187977,0.0663328586728364,7,0.8996941880019338
374609,-1.1337049417403,7,-0.3138131987253146
187957,1.42022165913894,7,-0.3564567645992575
188034,0.0355626586622431,7,0.2961859634225039
2436958,0.497115658821142,7,0.17026738114297965
188201,-0.979853941687335,7,-0.9130646984374403
187839,-1.04139434170852,7,-0.6172542017896191
188979,-0.841388041639666,7,-0.2362428535397625
189684,1.05097925901182,7,-0.35871431570351264
336781,-1.33371124180916,7,-0.6220263046551864
283790,-0.7798476416184791,7,-0.41887543822511164
187980,0.727892158900592,7,0.3543167567494154
374363,-0.31829464145958003,7,-0.4213072360825637
187951,-1.1337049417403,7,-0.905040092677653
375441,0.0201775586569465,7,-0.2588743134706498
336478,-0.4875307415178429,7,-0.3026275012168558
284372,-1.27217084178797,7,-0.21305619677542162
187718,0.40480505878936296,7,0.3213638034893047
187985,0.543270958837032,7,-0.47835421157400926
190195,-0.41060524149136,7,-0.43449816395015883
375409,1.42022165913894,7,-0.034202522807347376
374678,0.0201775586569465,7,-0.26004595085736654
188497,-0.149058541401317,7,-0.4108807489422469
189822,-1.3644814418197502,7,-1.2886161055201526
374807,0.650966658874109,7,0.6767322113975903
375965,1.55868755918661,7,1.7298932024442149
187741,-1.45679204185153,7,-0.3387822467420054
374362,0.17402855870991302,7,0.1091725355174039
374436,2.40486805947793,7,0.795055460329392
187612,1.08174945902242,7,-0.5013534955680874
188094,-1.2414006417773795,7,0.6536116210660984
284305,0.989438858990635,7,-0.5802628234839674
375455,-0.19521384141720705,7,0.12878318746902814
373758,1.78946405926606,7,0.9512845288448063
187858,-0.518300941528436,7,0.16017525069603192
189040,-1.56448774188861,7,-0.9916397645630111
187793,-1.87218974199454,7,-0.11548454468821488
188407,0.9278984589694492,7,0.258423957945441
374413,1.08174945902242,7,0.865852839272758
187930,0.25095405873639604,7,0.8458933179110492
188405,-1.25678574178268,7,-0.7197003785870929
187583,-0.502915841523139,7,0.35677768686140826
375437,-0.6259966415655129,7,-0.5173679293501658
283139,0.0817179586781331,7,0.08810687905437063
188901,-0.5336860415337329,7,-0.11731259471995534
375461,-1.21063044176679,7,0.046292349661112536
190035,-0.641381741570809,7,-0.25964854268047116
188145,0.974053758985338,7,1.4002923823138533
190134,0.17402855870991302,7,-0.41643260330618825
189723,0.666351758879406,7,-0.5629657041197083
187787,0.374034858778769,7,-0.1745101784402154
2436902,0.00479245865164983,7,-0.2922014464187025
190148,-0.7798476416184791,7,-0.8020448537038755
375994,1.2202153590700802,7,-0.2340125367388195
374202,-1.62602814190979,7,-1.1495299401030201
284281,0.18941365871521,7,0.12973854414559
284277,0.666351758879406,7,0.3317143246306728
188306,0.204798758720506,7,-0.006806366955078036
283735,0.17402855870991302,7,-0.3896168062326391
375582,1.88177465929784,7,0.864915321125859
375368,1.85100445928725,7,0.5705809181986994
188981,-0.27213934144369,7,-0.2767257739910271
373509,0.466345458810549,7,0.07562352137446272
375608,0.6971219588899991,7,1.0987642670373314
188146,0.0971030586834297,7,0.09009712600835743
190062,0.497115658821142,7,0.10061292755803856
375693,0.3278795587628789,7,1.2406494959388994
187591,0.14325835869932002,7,-0.66754939173228
374534,0.281724258746989,7,-0.061246349697251255
373835,0.2663391587416929,7,-0.07664548511652389
375169,0.158643458704616,7,-0.17079660548457484
190045,0.0971030586834297,7,-0.10904583848164688
190733,-1.2260155417720802,7,-0.2139565798596668
188015,-1.3644814418197502,7,-0.4744975304559475
187772,0.8355878589376691,8,-0.153766367340298
374744,-0.872158241650259,8,-0.9142530291016955
374067,1.28175575909127,8,-0.08231482715557069
189274,0.958668658980042,8,0.34062573173121036
374712,-1.39525164183034,8,-0.11554356409616832
190807,-0.5490711415390289,8,-0.9488105631610908
375957,0.804817658927075,8,0.07674918329380864
190129,-0.902928441660852,8,-0.555321938799972
187904,-0.595226441554919,8,0.4768824683281483
336484,-1.30294104179856,8,-0.4766822706421802
187628,-0.28752444144898603,8,0.5017628653810761
189928,0.40480505878936296,8,-0.5636446130216477
375678,1.31252595910186,8,1.0401700923768735
374003,-0.0413628413642401,8,0.16643671199271948
188536,0.450960358805253,8,0.5613887610457865
374158,-0.149058541401317,8,-0.2793088399986994
374178,-1.3798665418250502,8,-0.6032512400872335
187588,0.343264658768176,8,-0.2427026483513526
190203,0.897128258958855,8,0.3241140996491429
375941,1.05097925901182,8,1.5292698920593342
190774,-0.0413628413642401,8,0.1307303139043795
188467,-0.9644688416820392,8,-0.1862484375180339
188329,-0.21059894142250304,8,-0.6490408211862095
188031,0.374034858778769,8,-0.2711063469494295
188051,1.05097925901182,8,1.7105381864266072
284373,0.558656058842329,8,0.7224812377570006
187866,-0.6259966415655129,8,0.31197339222265125
190403,-0.0105926413536468,8,-0.2951629030207237
375518,1.78946405926606,8,1.2282397944341683
188246,-0.6259966415655129,8,-0.7887538412139867
189862,1.08174945902242,8,0.373564883758149
374545,0.989438858990635,8,-0.010273683547748014
190274,-0.641381741570809,8,-0.05164521277685346
375871,1.2356004590753795,8,1.0794719115632165
374620,0.897128258958855,8,-0.1700530735164016
375743,0.435575258799956,8,-0.17306241511981732
188546,-0.718307241597292,8,-1.5290680139903159
188373,-0.9644688416820392,8,-0.19974413973933147
284279,1.00482395899593,8,0.5238151224889122
374513,0.0663328586728364,8,-0.3300216105275699
374612,1.1586749590488998,8,0.6380644051567229
283822,-0.7952327416237758,8,-0.6863777483391046
187996,-0.21059894142250304,8,-0.32374854286169824
188355,1.03559415900652,8,0.3994557134549495
284059,0.312494458757583,8,-0.3801028712584763
283844,-0.8875433416555559,8,-1.2319631535493933
374741,-1.6414132419150902,8,-0.2008966028941843
189797,1.02020905900123,8,0.664736025841603
375389,0.681736858884702,8,-0.5439270578292015
373939,-1.3798665418250502,8,0.19049131060322363
188636,-0.6259966415655129,8,-0.5959524423833875
376001,0.727892158900592,8,0.4684887097533252
187971,1.26637065908597,8,0.8890759863630074
189153,-1.10293474172971,8,-1.4399199415884043
375254,1.02020905900123,8,0.2619898626965357
190174,-0.672151941581403,8,-0.37004401572498685
374239,0.512500758826439,8,0.06183783362001052
188482,-1.71833874194157,8,-0.6177342559776768
308269,-1.33371124180916,8,-0.2148312591439048
374614,1.40483655913364,8,0.6986767397843979
189031,-0.872158241650259,8,-1.6026637655302325
375661,2.02024055934551,8,0.4675038123691658
190101,-0.8875433416555559,8,-1.021646700411002
373655,-0.702922141591996,8,0.07038029177346744
189390,-0.518300941528436,8,-0.32819146642839675
283215,-0.21059894142250304,8,-0.25364255167925726
374533,-0.9336986416714448,8,0.06636629202023861
283579,-0.0567479413695367,8,-0.04842813915789253
375975,-0.872158241650259,8,-0.40973720596546376
187780,0.820202758932372,8,0.2469543405718628
187840,0.112488158688726,8,-0.12962519456874838
190819,-0.44137544150195296,8,-0.8569868737661173
375895,1.29714085909657,8,0.8638323324929658
188669,-0.395220141486063,8,0.1586631164213554
375740,1.97408525932962,8,0.7250210785160173
374718,0.650966658874109,8,0.5712776800992985
188340,-1.31832614180386,8,-1.5353650173413058
376015,0.17402855870991302,8,0.09681864800276595
187846,-0.31829464145958003,8,0.9126151016597184
374680,1.08174945902242,8,0.3162945928690831
188997,-0.595226441554919,8,-1.216675655293499
283774,-0.36444994147547,8,-1.12088150101882
189751,2.2202468594143703,8,1.494965851604365
189421,-1.19524534176149,8,-0.7271124892785849
375752,1.78946405926606,8,0.6983409680180289
187537,0.666351758879406,8,0.6837272007147789
190199,0.40480505878936296,8,0.8305722821267174
375513,0.7432772589058891,8,1.0650183171717538
375576,-0.564456241544326,8,0.1400130979593119
188038,0.0663328586728364,8,0.08519490265655047
374621,0.435575258799956,8,0.4421757868563041
187582,0.0509477586675398,8,-0.38937968250291616
189667,-0.902928441660852,8,-0.3403914967921122
374148,-0.36444994147547,8,0.012790221537132055
373780,-1.45679204185153,8,-0.5081645342240555
189776,-1.1337049417403,8,-1.376828890217363
189116,-0.44137544150195296,8,-0.21719686106070488
189869,0.343264658768176,8,0.2522115264536454
187958,0.297109358752286,8,-0.22528415803543114
188768,-0.841388041639666,8,-1.1604107478238836
188999,-1.3644814418197502,8,-1.0645771224664589
189628,-0.19521384141720705,8,-0.5554656007500347
375857,1.08174945902242,8,0.4560740669915127
283602,0.450960358805253,8,-0.4001530214364406
283722,1.42022165913894,8,0.3930298045918592
190086,1.00482395899593,8,-0.5606518286786698
190160,0.312494458757583,8,0.13266275020191617
283838,1.68176835922898,8,0.6328073037542971
375933,-0.21059894142250304,8,0.3474888159808697
374814,-1.54910264188331,8,-0.7027874942767331
375596,0.7432772589058891,8,-0.07458193336076073
190472,-0.102903241385427,8,0.05800559120323957
187874,-0.36444994147547,8,0.20152033592080884
187667,-0.841388041639666,8,-0.08580101915029698
375773,1.74330875925017,8,1.303453801970358
374934,0.7586623589111852,8,1.8203478194017593
188113,-1.97988544203162,8,-1.2248260314454638
190703,0.25095405873639604,8,-0.39537092227861537
187594,1.75869385925547,8,-0.24579163728102157
187714,0.0663328586728364,8,0.02360273488326446
284319,0.297109358752286,8,-0.025607292958150733
190137,-0.656766841576106,8,-0.30246485362156295
188101,-0.08751814138012999,8,-0.6231878792894661
283444,0.527885858831736,8,0.4481943881430519
188517,-0.702922141591996,8,-0.46519386427204124
189268,0.912513358964152,8,0.953509588005897
374004,-0.379835041480766,8,0.48134853854390863
189002,-0.6106115415602161,8,-0.6304904841995634
374475,0.9278984589694492,8,-0.5547029294570767
188596,-0.13367344139602,8,-0.14394631379541453
188341,-0.30290954145428306,8,-1.4320083174679368
188314,-0.764462541613182,8,-0.705124329597686
375460,-0.3336797414648761,8,-0.4876031674282201
187764,-1.07216454171912,8,-0.28552536600875944
283670,1.37406635912305,8,0.5520578774510473
283445,1.42022165913894,8,0.6078533086985537
375499,-0.44137544150195296,8,0.11934277531126447
190163,-0.2259840414278,8,-0.4332578149058329
187952,0.650966658874109,8,0.6409391366870734
189230,-1.10293474172971,8,-1.4915390687646681
283792,-0.7798476416184791,8,1.6504648424209123
189032,-0.349064841470173,8,-0.6904562882641452
375340,1.69715345923428,8,0.44517514771846806
2437214,1.86638955929254,8,0.18473498167185862
375973,-0.0259777413589435,8,-0.10916081037344788
319784,0.435575258799956,8,1.0259701720751544
189164,-1.53371754187801,8,-1.71731361705588
188061,0.866358058948262,8,0.7918796616485906
283158,0.512500758826439,8,0.9336618283681666
187489,-1.77987914196276,8,-0.7413189014211529
283125,-1.9183450420104295,8,-0.6678343694443526
375687,0.7125070588952959,8,0.9755991362547891
376034,0.40480505878936296,8,-0.18034046351486502
190098,-1.25678574178268,8,-0.3025822531223118
283763,0.358649758773473,8,-0.1668694211260267
283162,-0.4875307415178429,8,-0.11854320304739645
283132,0.2663391587416929,8,0.15871164040997607
188075,1.08174945902242,8,0.2671321396360816
374359,-0.395220141486063,8,-0.36725387842683155
375394,-0.41060524149136,8,-0.12759295523351108
283615,0.8355878589376691,8,0.4667384688609956
374551,0.850972958942965,8,1.1262475962299499
189668,-1.1337049417403,8,-0.6993727399506233
336688,-1.96450034202632,8,-0.1306284306155616
188268,-0.08751814138012999,8,-0.7746300095449313
375788,0.0817179586781331,8,0.12264273895178111
189225,0.112488158688726,8,-0.4464721977648391
187548,1.78946405926606,8,0.9154884896732814
373782,-1.31832614180386,8,-1.005063623748591
284309,0.574041158847626,8,0.35867539272566246
375634,1.74330875925017,8,0.8022892101405723
375037,-1.31832614180386,8,-0.30904707180183155
187834,-0.395220141486063,8,-0.5649023388906339
188991,-0.564456241544326,8,-0.38364470263728745
187609,-0.7952327416237758,8,-1.0082528212567936
189231,1.08174945902242,8,1.1070490835895053
188243,-0.518300941528436,8,-0.2871205937602684
284370,0.7740474589164821,8,0.199284304295867
375591,-0.0413628413642401,8,-0.2157785933134469
187844,1.49714715916542,8,1.0716644496096752
188226,-1.53371754187801,8,-0.7486636463919815
283176,1.18944515905949,8,-1.0671769753919815
283978,0.204798758720506,8,0.07278742275769959
283719,-1.53371754187801,8,-1.4395421942057665
187946,-0.349064841470173,8,-0.07382782226057001
189804,-0.44137544150195296,8,0.22610492890171202
187832,0.220183858725803,8,-0.48982757011111566
189851,1.51253225917072,8,1.5110355774652293
188346,-0.841388041639666,8,-0.9509589299492417
375020,0.0663328586728364,8,-0.217086093948536
188269,-0.902928441660852,8,-0.4355526975542152
318174,-1.39525164183034,8,-0.8429018147945964
189974,-0.0105926413536468,8,-0.0414710772090249
283950,1.2509855590806798,8,0.9315290096125821
189079,-0.28752444144898603,8,-0.34623222355760874
374063,1.1586749590488998,8,0.010303036877621276
187867,0.527885858831736,8,-0.5330818324674761
187458,-0.0105926413536468,8,0.3567665115371485
375594,-0.0567479413695367,8,-0.39377029290835186
189085,-0.6259966415655129,8,-1.6251350574926982
283668,0.0201775586569465,9,0.03632921469799462
187990,-1.7952642419680602,9,-0.13482010079402182
189803,-0.17982874141191002,9,-0.16390708328229547
375759,0.0201775586569465,9,0.03958534710037471
187791,-0.656766841576106,9,0.20485924314029538
375742,0.989438858990635,9,0.6220326180219216
190143,0.450960358805253,9,1.5916897602640834
189242,-0.995239041692632,9,-0.8044783731798042
375930,-0.5336860415337329,9,-0.29060648259806693
187941,0.558656058842329,9,0.19103089715563526
187758,0.0355626586622431,9,-0.3789662269438952
283599,-1.47217714185683,9,-0.5772604559614334
375597,1.77407895926076,9,1.0678718750689107
188549,-1.5029473418674195,9,-1.1385209695342593
187485,-0.19521384141720705,9,-0.9431330405335197
374742,0.40480505878936296,9,-0.5169587227114869
189157,-0.5336860415337329,9,-1.0784244578307751
189004,-1.07216454171912,9,-0.2736070264882317
284015,-0.36444994147547,9,-0.26988079672805365
189805,-0.564456241544326,9,-0.730561493418704
375626,-0.0413628413642401,9,-0.11445954290705654
375731,0.804817658927075,9,0.47493123580825214
189301,-0.826002941634369,9,-0.5558179346850115
188922,-0.826002941634369,9,0.4667818368573208
373682,0.2663391587416929,9,0.30234043426235163
284312,0.2663391587416929,9,0.07311322846829924
375970,-0.36444994147547,9,0.40118024331106383
188345,-1.07216454171912,9,-1.0372000951100588
375503,2.12793625938259,9,1.56872920168105
374472,0.0663328586728364,9,-0.31230023425438364
190709,-0.6106115415602161,9,-0.28929501917594586
375838,-1.4106367418356398,9,-1.628008815331924
284327,0.727892158900592,9,0.6448932315643618
188327,-1.9183450420104295,9,-1.0534834508874293
187584,0.512500758826439,9,0.32019669203416873
188698,1.34329615911246,9,1.4405212545411477
374699,1.74330875925017,9,0.2731597514404127
189238,-0.5336860415337329,9,-0.4604918849645177
189045,0.681736858884702,9,0.17081829336609428
374160,0.604811358858219,9,-0.2194615527472019
187545,-0.502915841523139,9,-0.26822257467683225
373948,0.604811358858219,9,-0.14761781562020618
189842,-0.28752444144898603,9,-0.19534911997315443
375832,-1.81064934197335,9,-1.2918988969638696
190364,0.650966658874109,9,0.8182850806764994
283230,-1.30294104179856,9,0.0011322686158261835
187814,0.620196458863516,9,-0.23560360699231025
187986,-0.6259966415655129,9,0.37949056914280205
375538,1.28175575909127,9,1.4562509698988246
284239,-0.9336986416714448,9,0.4364852678135787
284328,0.974053758985338,9,0.22939446237346392
187690,0.958668658980042,9,0.6892330730408849
283667,1.65099815921839,9,0.6554153611567131
283815,-0.0567479413695367,9,-0.2921812181082852
375744,-0.902928441660852,9,-0.6352983287063688
189042,-0.687537041586699,9,-0.9695395191906756
283768,0.14325835869932002,9,-0.9567131903752986
375456,0.40480505878936296,9,0.2400166209613622
283742,0.0355626586622431,9,-0.26523399700212
318550,-0.17982874141191002,9,-0.6290506350848102
374611,0.604811358858219,9,-0.5256452683840261
189856,0.343264658768176,9,-0.34301272169491054
374500,0.650966658874109,9,1.27821570236914
373912,1.00482395899593,9,1.2381697825593723
374385,-1.10293474172971,9,-0.10549095753983742
2437249,0.604811358858219,9,0.2298466536488796
188321,-0.7952327416237758,9,-0.42387334721551145
187989,-1.54910264188331,9,-0.45500585575786595
187984,0.435575258799956,9,-0.5709563572222602
283752,0.497115658821142,9,0.15806151682862593
187778,0.866358058948262,9,1.6226464582005624
283805,-0.118288341390723,9,-0.23621286463818753
187796,-0.826002941634369,9,-0.3171021313798679
375875,0.343264658768176,9,-0.278129427533224
190808,-0.28752444144898603,9,-0.6322016592537956
375681,1.05097925901182,9,0.9914280243712322
189697,-1.05677944171382,9,-0.8112824052196098
375310,-1.4260218418409398,9,0.40008612504659347
189188,-0.7490774416078859,9,-0.8684628689344209
374956,0.543270958837032,9,0.8510424921499092
375205,-1.1337049417403,9,-0.033380225522629856
373756,0.7432772589058891,9,-0.14050927722218592
190081,1.26637065908597,9,0.29324623513824344
189078,0.0201775586569465,9,-0.5690160699189425
374412,-1.04139434170852,9,-0.15683701811933107
189059,-0.6259966415655129,9,-1.1768448616738787
188785,-0.9644688416820392,9,-0.16340033545116261
188227,-1.25678574178268,9,0.9346329662605715
189091,0.912513358964152,9,0.9651348620074747
375728,0.00479245865164983,9,0.3929575506076578
188220,1.74330875925017,9,1.141722140658601
374204,-0.13367344139602,9,0.11810455057844867
308010,-0.149058541401317,9,0.5004096072706359
284291,0.7125070588952959,9,0.7108591191812138
190252,-0.118288341390723,9,0.13295618723505354
189885,-0.733692341602589,9,0.706431486485889
190800,-0.17982874141191002,9,-0.5402903823101326
189309,-0.21059894142250304,9,-0.2346602043073031
189637,-0.518300941528436,9,-0.5704546823997331
283114,0.497115658821142,9,0.42946062709881816
375815,-0.118288341390723,9,0.40018035871430896
188244,-1.11831984173501,9,-1.0173781533051927
375842,0.804817658927075,9,0.5466752282011516
189237,-0.7798476416184791,9,-0.7510129236297837
283107,-0.19521384141720705,9,0.35483783679788
187473,-0.395220141486063,9,0.3041096996749756
374640,1.1586749590488998,9,0.9558629102862317
188117,-0.118288341390723,9,0.07785447814609409
188291,-0.979853941687335,9,0.6529874647140629
189970,-0.7952327416237758,9,0.15574125929860302
190073,0.112488158688726,9,0.61485582977971
190804,-1.39525164183034,9,-0.3771600304189922
189109,-2.0414258420528,9,-1.12637813307629
190177,-1.11831984173501,9,-0.13332729684837125
374011,0.527885858831736,9,0.1978553497549493
374151,0.158643458704616,9,0.22189014547188982
190810,0.589426258852922,9,-0.12826597198448633
283968,0.8355878589376691,9,0.11486058992579129
373651,1.46637695915483,9,1.1591382760071278
190039,-1.05677944171382,9,-1.2053775964407343
283235,0.14325835869932002,9,-0.13604814772775942
187817,2.29717235944085,9,0.9906534540690319
190007,-0.979853941687335,9,0.07550207554256971
374396,0.220183858725803,9,0.27302493779315135
190149,-1.56448774188861,9,-0.8397526631489163
375664,1.69715345923428,9,1.3801601579758178
188402,1.26637065908597,9,1.2790357283873357
2437258,0.343264658768176,9,0.917435212616622
189919,-0.564456241544326,9,-0.22953718055028371
374108,-1.48756224186212,9,-0.6920044672431778
189139,0.7586623589111852,9,0.18882680782589886
188507,-0.702922141591996,9,-0.24874443794566448
284245,1.89715975930314,9,0.5046825280816787
187658,-0.764462541613182,9,-0.20925634157983128
375736,0.343264658768176,9,0.5689684020198827
189955,1.18944515905949,9,0.14171034967135224
375434,0.204798758720506,9,0.5404386465328431
187648,2.42025315948322,9,0.4491130066724149
283145,-1.2414006417773795,9,-0.40162582461085755
375708,0.204798758720506,9,1.2332862680105496
187500,-0.2259840414278,9,0.7928590464767269
283775,0.312494458757583,9,0.29586754112630637
373980,-0.2259840414278,9,-0.4724749043717093
187853,-0.872158241650259,9,-0.22070347783999872
188336,-2.25681724212696,9,-0.942096787305498
187999,-0.656766841576106,9,0.1547863783843867
373991,0.604811358858219,9,-0.058975264200597566
187810,-0.841388041639666,9,-0.09695477988923255
187739,1.98947035933492,9,0.6224311462695652
283772,-0.7798476416184791,9,0.3844597660237111
188320,-1.47217714185683,9,-1.3643751924748855
190803,-0.687537041586699,9,-0.4215891724024767
188026,0.0201775586569465,9,0.10463419525699232
373900,1.86638955929254,9,0.2932465041630229
187576,0.7125070588952959,9,-0.01394655884154817
2437194,-0.7490774416078859,9,-0.07635220061205848
189937,-0.5336860415337329,9,-0.16982834409495068
373904,1.28175575909127,9,-0.2870022257285498
188137,-0.979853941687335,9,0.32404771351503786
318175,-0.41060524149136,9,-0.7112190428127844
189913,0.604811358858219,9,0.44669191541152126
187518,-0.5336860415337329,9,-0.5919274490629091
319285,0.512500758826439,9,-0.18711420141953392
156377,1.6202279592078,9,1.545130759982672
308011,0.25095405873639604,9,0.3584347522158683
188027,-1.25678574178268,9,0.03789720194012529
189290,-0.0567479413695367,9,-0.8927983063273444
188114,-0.149058541401317,9,-0.19763695601387002
190734,-0.118288341390723,9,-0.10783209582158955
284203,2.2048617594090696,9,1.2501143894652749
374631,-0.6259966415655129,9,0.5234796477726125
375817,2.11255115937729,9,1.2083681583136134
187995,0.0817179586781331,9,0.06525827093301424
375585,1.97408525932962,9,0.9880441514844841
283634,-0.9336986416714448,9,-0.8379248250122349
374944,-0.902928441660852,9,-1.0309600550126916
188640,-0.472145641512546,9,0.4347819325153095
188974,-0.564456241544326,9,0.07275539400610606
374386,0.8817431589535591,9,-0.4341438405212409
188231,1.5894577591972,9,1.225445419749335
189832,-0.241369141433096,9,-0.09429064253968783
187783,0.9278984589694492,9,0.4859586022889812
374139,-0.7798476416184791,9,-0.3253423560638835
284280,0.7125070588952959,9,0.6255722881865341
187981,-0.13367344139602,9,-0.5925338322878602
189871,-0.149058541401317,9,-0.08833396230021205
188704,-1.01062414169793,9,-1.0706035132218026
188105,-0.702922141591996,9,0.0640090776862583
188476,-0.31829464145958003,9,0.14090566354682887
187771,-0.5336860415337329,9,0.10248566300849578
189189,0.2355689587311,9,-0.4651851525791059
188086,-0.7952327416237758,9,0.07466259199961031
187530,0.8817431589535591,9,-0.06772095260041436
188786,-0.902928441660852,9,-1.390121941446252
188092,-0.979853941687335,9,-0.46355136850996304
189715,-0.08751814138012999,9,-0.25160687856586994
187842,-1.2414006417773795,9,-1.5798965680394481
188552,0.450960358805253,9,-0.3124476066332527
283121,0.220183858725803,9,0.4638654132169939
374652,1.00482395899593,9,0.6464838248303482
