id,tkw,kfold,SVR_pred
283163,0.00479245865164983,0,-0.3378764038117923
188018,-0.672151941581403,0,0.0012138369185220321
188012,-1.3644814418197502,0,-0.43342087833717335
319779,-0.949083741676742,0,-0.1334575174282644
375921,0.18941365871521,0,0.40570217633509076
283143,0.14325835869932002,0,-0.03266944837083413
374171,-0.19521384141720705,0,-0.08141358374608293
336782,-1.6567983419203898,0,-0.45145872226346806
189014,0.281724258746989,0,-0.0919224187892026
189894,-1.33371124180916,0,-0.6432685818120996
375674,1.03559415900652,0,0.6606319609235136
375956,1.32791105910716,0,1.2865134184154159
373770,-1.6414132419150902,0,-0.28503713103192263
374365,-1.4260218418409398,0,-0.8429997823858069
374190,0.158643458704616,0,-0.2300308164483062
187803,-0.0105926413536468,0,-0.017436137659371687
336684,-1.2414006417773795,0,-0.5472092610277057
373861,0.0201775586569465,0,-0.6052866456020227
187526,1.1586749590488998,0,-0.3073889081376824
187881,0.17402855870991302,0,-0.07467744170907065
375560,-0.641381741570809,0,-0.11410421731896109
374592,-1.6414132419150902,0,-0.17097527018776393
375883,1.1586749590488998,0,1.3335652842465338
190277,-0.19521384141720705,0,-0.22884508350761557
2437377,0.297109358752286,0,0.48207407944663516
187631,0.7586623589111852,0,0.7321279032264096
374124,-0.764462541613182,0,0.06298114842430658
308009,-0.44137544150195296,0,-0.6358961556769714
187855,-0.902928441660852,0,-0.08951080388558763
284216,0.727892158900592,0,0.7273251987837298
374941,0.40480505878936296,0,-0.43092065571021876
2437245,0.0201775586569465,0,0.2205721782954197
189756,-1.19524534176149,0,-1.054475720268577
374553,0.435575258799956,0,0.2846048429278404
187807,-2.0568109420581,0,-0.15524623282837108
188501,0.420190158794659,0,0.004696176010212688
189292,-1.30294104179856,0,-0.7530635706546585
190173,-1.01062414169793,0,-0.5939946721894522
375577,0.497115658821142,0,0.9511383928839918
283598,-0.17982874141191002,0,-0.013558679389148787
189253,-0.656766841576106,0,-1.055521676739821
283784,-0.0567479413695367,0,-0.16883267434652688
283817,0.0817179586781331,0,-0.10227887027447291
189245,-0.564456241544326,0,0.13430076711692665
188153,0.9278984589694492,0,0.7115013205273253
375962,-0.595226441554919,0,0.14125330336932967
373863,-1.1337049417403,0,-0.22043258748379224
187510,-1.33371124180916,0,-0.07431660472380941
188441,0.2355689587311,0,-0.3228163020075916
373468,0.604811358858219,0,-0.17505814710441397
187687,-0.702922141591996,0,0.13289598240229175
188396,1.26637065908597,0,0.24537595789859346
375454,-0.241369141433096,0,0.3102228994821604
374476,1.6202279592078,0,0.7009977582853697
308254,-0.0105926413536468,0,-0.21837939306711318
188418,-1.45679204185153,0,0.01484429265718773
189631,-0.4875307415178429,0,-0.6250477527170883
188715,0.589426258852922,0,0.2914480597472857
283171,1.11251965903301,0,0.7476179116625796
190186,-0.518300941528436,0,-0.5248101298258575
373799,-1.54910264188331,0,-0.7990482393065397
376002,-0.13367344139602,0,0.2755272257667851
375696,1.82023425927665,0,1.609591547342653
188543,-1.47217714185683,0,-0.820017114659819
188163,1.17406005905419,0,0.19263538998352905
283989,0.18941365871521,0,0.05906749972302694
187703,-0.30290954145428306,0,0.054119895903026655
373694,2.00485545934021,0,0.8839782716438216
373674,0.0971030586834297,0,-0.036609757995509695
374665,0.450960358805253,0,0.7342542767994207
284190,2.281787259435549,0,0.8653250752156451
283751,-0.6259966415655129,0,-0.18462635871316385
190669,-1.56448774188861,0,-0.7641825323126901
190813,-0.5490711415390289,0,-0.8912133150391057
188984,-0.118288341390723,0,-0.2919630122231396
190000,0.220183858725803,0,0.24570537828495898
188468,-0.08751814138012999,0,-0.4601166436032714
284251,1.1279047590383,0,0.022947386631721245
189084,-0.595226441554919,0,-1.306059107474985
375411,-1.05677944171382,0,-0.013669811904018891
189193,-0.9644688416820392,0,-1.2664147594242845
189282,-0.641381741570809,0,-0.7624151600935214
375581,1.97408525932962,0,1.040884261669804
376022,0.604811358858219,0,0.7653757889367889
189320,-1.70295364193628,0,-0.809123528477512
374610,-1.10293474172971,0,-0.09606991516622926
187611,0.943283558974745,0,-0.39761215592418786
375579,0.727892158900592,0,0.557068526791092
283813,-0.872158241650259,0,-0.4735409412206175
187892,2.11255115937729,0,1.017422168794196
190778,-1.25678574178268,0,-0.5533652791780574
375755,0.7586623589111852,0,0.7401445975040164
283830,-0.7490774416078859,0,-0.6947505605247936
373672,-0.379835041480766,0,-0.4699580988268576
188328,-0.5336860415337329,0,-0.09817591008313908
190175,0.18941365871521,0,-0.3598190386053405
188286,0.0509477586675398,0,-0.48241847339666144
189241,-0.31829464145958003,0,-0.5100521491598358
188758,-1.01062414169793,0,-0.0903586980822294
375553,-0.28752444144898603,0,0.8259894775144063
188472,-0.149058541401317,0,-0.6326146286947554
187606,-0.31829464145958003,0,0.3324756332657419
189046,-0.702922141591996,0,-0.5192532360489379
375663,1.37406635912305,0,1.5990348379455208
188202,0.466345458810549,0,-0.22034546330308902
188215,0.25095405873639604,0,-0.04302998028601446
375823,-0.395220141486063,0,0.6198923286937503
373903,0.574041158847626,0,0.6619074675518138
188155,1.1279047590383,0,0.43835041178372386
187730,1.02020905900123,0,0.3587149777298471
374568,0.2663391587416929,0,-0.10306720824899052
189683,2.09716605937199,0,1.7579713334304836
283776,-0.19521384141720705,0,0.06283132709679234
190126,-0.4875307415178429,0,-0.5380178266665385
187585,0.00479245865164983,0,0.42173223415873407
188250,0.204798758720506,0,0.2138280113353118
188792,1.6048428592025,0,-0.25454931969671957
189971,0.604811358858219,0,-0.006219884728927538
189949,0.14325835869932002,0,-0.031191056673674833
375557,1.65099815921839,0,0.0881429773308321
374407,0.2355689587311,0,0.16402080910104475
188849,-2.02604074204751,0,-0.9133146913957912
187883,1.32791105910716,0,0.9696224050929962
187856,-0.733692341602589,0,-0.06563471330842158
188944,-1.04139434170852,0,-0.6384199928446311
188907,-1.76449404195746,0,-1.2051108570059366
189027,0.18941365871521,0,-0.1361822023121112
374368,1.42022165913894,0,0.36296869201819976
188463,-1.28755594179327,0,-0.7600166020679036
375018,-1.05677944171382,0,0.13529605141044654
375711,-0.28752444144898603,0,-0.09555601207056535
189853,0.18941365871521,0,0.24683218135665902
375779,0.820202758932372,0,0.8343653620082501
283633,-1.67218344192568,0,-1.139385252370054
188708,-0.17982874141191002,0,0.3362193016838299
187551,0.958668658980042,0,0.9226127159318369
374696,0.958668658980042,0,0.20119838293250464
187860,-0.6259966415655129,0,0.5138474858922385
374604,-0.41060524149136,0,-0.483663163020878
284176,1.57407265919191,0,1.2340042952251804
187880,-0.8875433416555559,0,0.024842872229341034
374110,0.543270958837032,0,-0.41169454029144514
189070,-1.47217714185683,0,-0.7001941517885208
283736,-0.841388041639666,0,0.1039061955336712
187735,0.512500758826439,0,0.7800981190049193
188033,-0.733692341602589,0,-0.519555120018003
187974,0.127873258694023,0,-0.03247235226414946
188384,-1.2414006417773795,0,-0.08243233467248096
374591,-0.672151941581403,0,-0.16844974487097103
283205,-1.39525164183034,0,-0.18196084433481097
189895,0.0509477586675398,0,-0.2837283836038492
188734,-0.826002941634369,0,-0.04862796207939202
375547,-0.7952327416237758,0,-0.10125715631726595
2437409,2.37409785946733,0,0.82806182353578
188239,2.46640845949911,0,0.154270594399289
188067,0.343264658768176,0,-0.03241223321601605
188412,0.497115658821142,0,0.0959981222359993
375745,-0.810617841629072,0,-0.3638851706987346
187972,-1.74910894195217,0,-0.8964171176409745
187854,-0.702922141591996,0,-0.41451846159568195
187920,-0.672151941581403,0,0.00944526030521603
337841,-0.8875433416555559,0,-0.05007998176385642
284132,1.5894577591972,0,0.8081725697251179
187968,1.68176835922898,0,-0.008254827984484847
375549,-1.07216454171912,0,-0.16190400861670978
336481,-0.13367344139602,0,-0.5202886235451875
190815,1.74330875925017,0,0.473890806936813
375590,0.866358058948262,0,0.2405809103479124
188174,0.604811358858219,0,1.1767038157041723
375569,-0.718307241597292,0,-0.014103216489280868
189433,-1.5029473418674195,0,-0.5632500646341699
375716,1.05097925901182,0,0.7987766025499989
189115,0.127873258694023,0,-0.3220195151455839
375698,1.82023425927665,0,1.009821926939949
375391,0.512500758826439,0,0.25437331074550246
308253,0.2355689587311,0,-0.19472865829177144
375393,0.512500758826439,0,0.2137370256399994
374515,-0.2259840414278,0,-0.15125843676272155
284265,-1.28755594179327,0,-0.0023067220050387027
188204,-0.6106115415602161,0,0.02616990323914864
188913,-0.7798476416184791,0,-0.5396643376790582
189221,-2.0721960420634,0,-1.2963223665060968
187906,0.0817179586781331,0,1.0463807587082121
188897,2.63564455955738,0,1.030520194216416
375784,1.34329615911246,0,0.8962602092161913
3624697,0.343264658768176,0,0.33907852135839134
189734,-0.241369141433096,0,0.25425477072078295
188249,0.7586623589111852,0,0.6574389314021084
374945,-1.47217714185683,0,-0.7509122298424762
374037,0.281724258746989,0,-0.2668226084646155
190184,-1.10293474172971,0,-0.004307038002148655
187665,-0.733692341602589,0,-0.041541233865360794
190707,-0.672151941581403,0,-0.5495158213017873
188258,-0.702922141591996,0,-0.49906619723043344
375546,-0.518300941528436,0,0.6480158073328979
375692,-1.02600924170323,0,-0.14435567480009115
376040,1.1586749590488998,0,1.4212140412380914
284272,-0.13367344139602,0,-0.12662106896163428
283677,0.00479245865164983,0,0.04912315662508554
284164,1.74330875925017,0,0.5274565639461423
190140,0.804817658927075,1,0.3678459333939761
375775,-0.31829464145958003,1,0.8366156187960448
375432,0.112488158688726,1,0.570663035990944
189134,-0.841388041639666,1,-1.2046750410833482
187824,0.312494458757583,1,0.392359767457269
188909,-1.53371754187801,1,-0.27058416207646785
188325,-1.9337301420157296,1,-0.22865809668478232
283604,-0.395220141486063,1,-0.1494562108004036
284002,-0.36444994147547,1,-0.22418201226652212
189700,-0.44137544150195296,1,-0.6423882851012667
375545,1.2202153590700802,1,0.7500464455399344
188053,0.527885858831736,1,-0.4869078711533299
187955,0.943283558974745,1,0.013859860558173176
189455,-2.27220234213225,1,-0.4369475641623748
188104,-0.36444994147547,1,-0.14727481972636758
283715,-0.379835041480766,1,0.2562302509063525
284231,1.74330875925017,1,-0.03610040872321241
188095,-1.10293474172971,1,-0.12278604529055359
190125,1.1432898590436,1,-0.49526978294876334
187781,-1.07216454171912,1,0.12577222457003123
188993,0.281724258746989,1,-0.34495153686083657
2437280,0.7125070588952959,1,0.5761234835875606
375589,-0.502915841523139,1,-0.04813077039739466
188037,0.0663328586728364,1,-0.06450226430147077
283448,0.2355689587311,1,0.4510822208742688
283823,-1.33371124180916,1,-0.48510742123585127
375714,1.77407895926076,1,0.9411269713631837
188401,-0.7798476416184791,1,-0.06490080244163032
374825,-2.0414258420528,1,-0.9079768419750541
190213,1.54330245918131,1,0.7275828566784207
283876,-0.472145641512546,1,0.17777652461021695
190458,-0.379835041480766,1,-0.8326513981347748
283201,0.466345458810549,1,0.3654950600511809
188093,0.312494458757583,1,0.18956715211644248
188742,-1.73372384194687,1,-0.8484910897084715
188894,0.297109358752286,1,-0.43424397681687277
188500,1.28175575909127,1,0.4542927843671307
375995,0.0509477586675398,1,0.024972608439887772
188421,-1.68756854193098,1,-0.04559636070852374
188526,-1.01062414169793,1,-0.21598676015492024
374471,0.40480505878936296,1,-0.18154808995652494
284322,1.46637695915483,1,0.24846938940749386
189232,-1.04139434170852,1,-0.6715480560914773
375016,-1.30294104179856,1,-0.7408296103131949
190064,-0.718307241597292,1,0.19638278048750385
187482,-1.2260155417720802,1,-1.0888214441704531
188972,-1.2414006417773795,1,-0.11595068186031493
190170,0.450960358805253,1,0.5872704799546098
190089,1.05097925901182,1,-0.06248873838763458
375749,0.912513358964152,1,0.11126907207405376
189844,2.512563759515,1,1.145893206997088
187895,0.374034858778769,1,0.29144616080666774
283773,1.46637695915483,1,0.07685933944376755
284066,2.35871275946204,1,0.8024401355555343
373851,1.00482395899593,1,0.7063452707994793
187816,1.85100445928725,1,1.2619525555057942
190058,0.40480505878936296,1,0.37732118181493396
187702,0.3894199587840661,1,-0.5374488459507021
189005,-0.44137544150195296,1,-0.2673157041965657
374156,-0.19521384141720705,1,-0.4164997492335297
190092,-0.472145641512546,1,-0.2275600499994926
375710,1.95870015932432,1,0.9365620674527252
188235,0.220183858725803,1,0.6893514710051882
375778,0.0971030586834297,1,1.1884833545925426
283969,-0.21059894142250304,1,0.15970243944718476
188256,0.312494458757583,1,0.023163902915348256
190802,1.65099815921839,1,1.1497503494938313
374504,-1.28755594179327,1,-0.7653682718905478
188054,-0.949083741676742,1,-0.058695159193684454
374969,-0.518300941528436,1,0.4052225357733028
284209,-1.85680464198924,1,-0.1662383724002992
283759,-0.149058541401317,1,0.009592784768417156
284100,1.43560675914424,1,0.404937550587808
374401,-0.764462541613182,1,-0.7748236115327418
190792,-0.6259966415655129,1,0.03410021658639956
188934,-1.19524534176149,1,-0.11501346872314666
187456,-0.7490774416078859,1,-0.6217482732159919
376049,-0.764462541613182,1,-0.21056144174737795
189243,-1.1644751417508998,1,-0.664724386996464
187696,-0.5336860415337329,1,-0.4996959613910169
189944,1.63561305921309,1,0.6467585716793254
375607,0.18941365871521,1,-0.16317531919939976
374590,-0.4875307415178429,1,-0.5481160505660622
190102,0.0201775586569465,1,0.2970375163054615
375017,0.7740474589164821,1,-0.14269145484132262
189068,0.497115658821142,1,0.10074667870831042
375765,-1.54910264188331,1,-0.7806863423898224
283839,-1.4106367418356398,1,-0.07363665484373533
187560,0.7740474589164821,1,0.9122307496940817
373793,-0.7798476416184791,1,-0.8719424437270188
283789,-0.21059894142250304,1,0.01892878212113175
188970,0.0355626586622431,1,-0.2485866497977871
2437410,1.17406005905419,1,0.6461462612365308
189012,-0.9644688416820392,1,-0.18366739510547703
189755,-0.241369141433096,1,0.16774733852218707
283138,1.6202279592078,1,0.34230935970120346
187700,-1.1337049417403,1,-0.6478844284466044
188861,-1.25678574178268,1,-1.2764364035137317
375851,1.11251965903301,1,0.6221127573012829
187975,-1.10293474172971,1,-0.7427089774583868
187753,1.05097925901182,1,1.3937045866270492
374745,-1.28755594179327,1,-0.7597709542208511
283083,-0.564456241544326,1,-0.2445274845872727
188172,0.297109358752286,1,1.122709643038864
187752,0.7125070588952959,1,1.3257283236869846
189248,-0.36444994147547,1,-0.04590039850471839
374658,0.374034858778769,1,0.3054681907859301
187564,1.63561305921309,1,-0.21099828724287117
188374,-0.2259840414278,1,0.1059714964391239
187682,0.866358058948262,1,0.23851595227496628
336477,-0.733692341602589,1,-0.6388506908028868
190085,0.9278984589694492,1,0.8887413259838092
375288,0.297109358752286,1,0.09254419235161693
283849,-1.6414132419150902,1,-0.42154931756600456
187470,-0.17982874141191002,1,0.5463995719928789
283553,-0.349064841470173,1,0.034936327752784435
374532,0.0355626586622431,1,-0.15832778656546198
375702,1.55868755918661,1,1.4342914088244059
373635,0.40480505878936296,1,0.09984240848207704
188362,0.220183858725803,1,0.07059755103893467
374109,-1.68756854193098,1,-1.07066575320531
189996,0.481730558815846,1,0.24432707317867078
187756,0.7740474589164821,1,1.4548137105780983
2437048,0.112488158688726,1,0.41848829994489617
374599,0.0817179586781331,1,0.662367512794423
187709,0.8355878589376691,1,0.06062183787390363
374371,0.497115658821142,1,0.5946337260444718
283748,0.574041158847626,1,-0.17904164581502569
283782,0.666351758879406,1,0.019097540079361208
284202,0.681736858884702,1,-0.734881227121861
190088,-1.31832614180386,1,-0.340951946984416
187711,-0.0413628413642401,1,-0.09452592257894132
374541,-0.149058541401317,1,-0.285832942213888
187887,0.974053758985338,1,0.9988112316355494
187907,0.17402855870991302,1,0.40519322494997495
319954,0.466345458810549,1,-0.6788408637193291
190296,0.8355878589376691,1,0.26098226783678996
188975,-1.27217084178797,1,-0.7672954200636306
187663,1.17406005905419,1,0.6679308113450084
189000,0.0663328586728364,1,-0.48689741222418115
189006,0.497115658821142,1,-0.31711410160204556
284025,-1.0875496417244102,1,-0.24223910144063104
283770,0.466345458810549,1,0.561015863570989
190150,-0.872158241650259,1,-0.8648155073685425
283166,0.8817431589535591,1,0.30750946257446876
283727,0.0201775586569465,1,0.03468552100110145
190124,-0.641381741570809,1,-0.5546606688812957
188142,-1.77987914196276,1,-0.7656386088508665
189294,-0.118288341390723,1,-0.6087381587875661
283859,-0.5336860415337329,1,-0.32849114276494173
283116,-1.11831984173501,1,-0.5945404835951916
283311,0.17402855870991302,1,-0.7470164673415419
2437282,0.7586623589111852,1,0.6720962046960921
189754,0.450960358805253,1,0.32601939981701544
336482,-0.687537041586699,1,-0.6190130552475319
188940,-0.349064841470173,1,-0.19502989477569377
187563,-0.349064841470173,1,0.463961622840718
190791,-0.472145641512546,1,0.07111009763634318
283766,0.0509477586675398,1,-0.3051654800735245
187556,1.1279047590383,1,0.07510249515614986
283655,1.74330875925017,1,0.6221006177702055
2437268,-0.7490774416078859,1,-0.09712658619326164
188096,-1.45679204185153,1,-0.5666079846976422
189013,-1.04139434170852,1,-0.7986290548429319
283781,-0.13367344139602,1,-0.16171554882653372
187978,-1.05677944171382,1,-0.2800660974631466
375820,-1.19524534176149,1,0.45276411231583014
375404,0.374034858778769,1,0.2268974361191955
374361,-0.17982874141191002,1,0.09310847057999194
2437252,0.9278984589694492,1,0.3943383338402536
374694,0.589426258852922,1,0.8006101703982968
373615,-0.672151941581403,1,-0.8755633139822209
189703,-1.44140694184623,1,-0.9116726261778366
188448,-0.595226441554919,1,-0.9397772790999434
187877,-1.96450034202632,1,-1.0048517445364342
283214,0.3894199587840661,1,-0.4124844100681655
375917,-0.7798476416184791,1,-0.9472519340697999
375341,1.54330245918131,1,0.05794802061023985
188312,-0.733692341602589,1,0.8359566485528389
375666,1.28175575909127,1,1.0947039515103731
373754,0.25095405873639604,1,-0.015836001987620946
283812,-1.11831984173501,1,-0.47750334132741845
188048,1.45099185914953,1,1.3835335172077596
188912,-0.7798476416184791,1,-0.5780068167838995
190096,-0.118288341390723,1,-0.6559758005706713
375511,1.83561935928195,1,1.55945982471401
187678,-0.7798476416184791,1,0.02382797828481109
188998,-0.8875433416555559,1,-0.17877064273021998
374961,1.85100445928725,1,-0.04022367361324114
2437340,0.989438858990635,1,1.0730535745646481
283779,0.127873258694023,1,0.06568517646295624
375583,1.34329615911246,1,1.0559442319027545
375695,-1.6414132419150902,1,-0.010032849689064843
189706,0.25095405873639604,1,0.0994052783311275
188496,0.435575258799956,1,-0.2755942816116693
375567,0.7740474589164821,1,0.8170710631567629
373850,0.0355626586622431,1,0.33035233183625917
283449,-1.1337049417403,1,-0.08240732761011693
283104,-1.56448774188861,1,-0.2382304301139766
283232,0.0201775586569465,1,-0.7962440311042601
375707,-0.149058541401317,2,0.19544825379986017
188363,-0.08751814138012999,2,0.09956160139912956
187742,-0.595226441554919,2,0.49338788436456665
188036,0.666351758879406,2,0.015448855949686036
375621,2.37409785946733,2,0.7189602091189948
188083,1.1586749590488998,2,1.115164251469695
188170,1.86638955929254,2,1.0918515561629711
188056,1.05097925901182,2,1.4476640941101475
283718,0.2663391587416929,2,-0.11568766257401625
188064,-0.687537041586699,2,-1.0171840773724772
187546,0.2355689587311,2,0.05879515019474868
188927,0.0509477586675398,2,-0.35887172898299907
318178,-0.826002941634369,2,-0.46347027085552434
188978,-0.28752444144898603,2,-0.5015278462991419
374392,1.7279236592448703,2,0.8815865347193677
187515,-1.11831984173501,2,-0.3682788609055608
187674,-1.88757484199984,2,-0.027066064942220358
374147,-1.10293474172971,2,-0.49523469720157937
373578,0.0201775586569465,2,-0.18989493596109874
188383,0.727892158900592,2,0.10932878325655782
189077,-1.56448774188861,2,-1.0423560126243692
284334,1.6202279592078,2,0.3113058214592692
374474,1.68176835922898,2,-0.21355307040641197
190046,1.45099185914953,2,0.31107519719823584
283721,0.681736858884702,2,-0.01595976476217703
283641,0.804817658927075,2,0.15165681295198202
374066,0.589426258852922,2,1.0358038240462462
187505,2.17409155939848,2,0.5223248923542256
375977,-1.1490900417456,2,-0.00029427467882481295
188956,0.481730558815846,2,-0.5196200298078113
187523,0.0663328586728364,2,-0.48223829611415453
319957,-0.8875433416555559,2,-0.26730395338576146
375551,-0.6259966415655129,2,0.13141501464478772
187539,1.38945145912835,2,0.03787759731499213
188577,-1.2414006417773795,2,-0.40189556262000375
318177,-1.3644814418197502,2,-0.5689134672620475
283119,0.558656058842329,2,-0.09734836520533491
187507,-0.733692341602589,2,-0.7542179132354683
187654,-0.995239041692632,2,-0.8961373415946385
375550,-1.5798728418939,2,-0.10404046418761997
188840,1.38945145912835,2,0.6911806582997351
283676,-1.19524534176149,2,-0.9826627028261052
375781,1.28175575909127,2,0.7603790176563405
375410,-1.62602814190979,2,-0.03614147858751382
188214,0.40480505878936296,2,0.7481357844720584
187567,1.92792995931373,2,1.027407978261397
374185,-1.30294104179856,2,-0.4231352887654563
187822,1.69715345923428,2,0.9795107951145015
189829,-0.31829464145958003,2,-0.5791886795301098
375641,0.420190158794659,2,0.24704556940885952
375502,-0.702922141591996,2,-0.23919174631561713
308266,0.3894199587840661,2,0.23708362659788967
188976,0.481730558815846,2,-0.5202385891016039
374691,-0.256754241438393,2,0.43369443081508274
187733,0.204798758720506,2,0.28953774594310877
374747,-0.687537041586699,2,-0.6700524288987015
375735,0.3894199587840661,2,0.9631997696771508
374530,0.466345458810549,2,-0.10247792825292185
188134,0.9278984589694492,2,0.8789450203481413
189009,-0.0413628413642401,2,-0.27357801055830205
284215,-0.44137544150195296,2,1.1527836309487545
374624,2.18947665940377,2,0.4286883397292167
375444,0.420190158794659,2,0.35903956613645904
373506,0.158643458704616,2,-0.4237668259319725
375397,-0.21059894142250304,2,0.06518453628401183
2437256,1.05097925901182,2,-0.3530998792126668
187457,-1.73372384194687,2,-0.04567508749766319
188338,-0.36444994147547,2,-0.6089456065337344
283639,1.71253855923958,2,0.574140230124327
189343,-0.672151941581403,2,-0.8277134598639897
188398,-0.36444994147547,2,-0.11876586159806163
187527,-0.08751814138012999,2,0.6390794192255267
187474,-0.502915841523139,2,-0.812829585977908
375816,2.31255745944615,2,1.3897452541621658
283128,1.51253225917072,2,0.4937933207534391
187692,-0.118288341390723,2,-0.283193365396017
189050,-1.10293474172971,2,-0.9763835576351818
188906,1.97408525932962,2,1.030758383758365
190115,-1.04139434170852,2,-0.6753968279360727
188423,-0.0567479413695367,2,-0.598242118906265
189630,-1.1644751417508998,2,-0.38208661720514586
190116,-0.687537041586699,2,-0.7139599996417281
2437395,0.497115658821142,2,0.03203614982597208
187826,-1.33371124180916,2,-0.047598614741131307
375813,-2.21066194211107,2,-0.033684824369060784
373795,-1.81064934197335,2,-0.38280606454571836
189956,0.7586623589111852,2,-0.26730058530016876
188911,2.49717865950971,2,0.999646707041445
188425,-0.31829464145958003,2,-0.06034642579706867
375373,-1.25678574178268,2,-0.19637994052457308
374689,0.804817658927075,2,0.5750758361612331
336485,-0.7490774416078859,2,-0.5460553917459481
375598,0.0971030586834297,2,-0.20136639748908863
374616,-0.36444994147547,2,0.28992625776386943
284262,-0.27213934144369,2,0.6106377911597634
188469,-1.9029599420051295,2,0.32389202345594476
376013,-1.05677944171382,2,0.13792724957529395
187541,-0.5490711415390289,2,-0.48710151876703595
374927,-0.7490774416078859,2,-0.5892016631960237
375998,2.15870645939318,2,1.5214953314842343
189093,-0.902928441660852,2,-0.3202351127215585
374331,1.11251965903301,2,-0.0036349740191505553
375890,1.20483025906479,2,1.0857999919038241
188185,-1.73372384194687,2,-0.16782348026454014
374537,-0.30290954145428306,2,0.5002752763602785
376032,1.06636435901712,2,-0.12428551800763749
190036,-0.08751814138012999,2,0.0784910553987749
375645,1.43560675914424,2,0.281572629667308
188229,1.45099185914953,2,-0.3703244750339703
317829,0.220183858725803,2,-0.36723661404462365
189629,-1.1337049417403,2,-0.6943073843025289
188872,-1.8260344419786496,2,-1.0430356150950324
283312,1.54330245918131,2,0.31762002667453515
187992,-1.3798665418250502,2,0.4415464998364323
373725,-0.872158241650259,2,-0.23104507901651572
375780,1.38945145912835,2,0.6682808249233081
375704,0.17402855870991302,2,0.6737876778803037
187987,1.11251965903301,2,-0.00841240369576765
283819,-1.25678574178268,2,-0.5269476988675372
189023,-0.5490711415390289,2,-0.3079813423619317
374174,0.204798758720506,2,0.3153523549367274
374388,0.112488158688726,2,-0.26961421684961656
375395,-0.149058541401317,2,-0.23470674914495931
373621,-0.2259840414278,2,-0.08663136322440479
187603,-0.28752444144898603,2,0.4563356609676071
308004,-0.718307241597292,2,-0.6010439279044142
189308,-0.733692341602589,2,-0.20203556248246163
373467,0.681736858884702,2,0.021386995374323953
188324,-0.687537041586699,2,-0.049074655097765374
375475,-0.44137544150195296,2,-0.7244295494609214
375565,0.574041158847626,2,0.562952811664611
188000,0.497115658821142,2,-0.06365887057748493
188633,-1.1644751417508998,2,-0.4520467709761657
189038,-0.872158241650259,2,-1.1219713285877322
189010,0.804817658927075,2,-0.24188120602314472
187888,0.0971030586834297,2,-0.12700378961740705
189991,-0.702922141591996,2,-0.24151324572448102
373773,-1.10293474172971,2,-0.8893073025113232
375452,-1.4260218418409398,2,-0.7968204631590887
374484,-0.872158241650259,2,-0.19685871182342757
284168,0.974053758985338,2,1.0015307347615816
188413,1.28175575909127,2,0.3782670081264001
375935,0.2663391587416929,2,0.4550305031937455
374683,-1.67218344192568,2,-0.09888328785149736
187936,0.0663328586728364,2,-0.10672726430443386
189872,0.343264658768176,2,0.17629493273943622
190434,-0.349064841470173,2,-0.03774871344845129
189280,-1.56448774188861,2,-0.18018918322428767
187924,-0.28752444144898603,2,-0.060341915200673724
374603,-0.595226441554919,2,-0.11919422615157588
189760,-1.77987914196276,2,-1.2468858656095572
189133,1.94331505931903,2,0.7018341540497597
190799,1.51253225917072,2,0.9855169051341826
187845,-0.7952327416237758,2,-1.1554844042331378
374024,0.620196458863516,2,-0.25024917851647666
188376,-0.502915841523139,2,-0.25131664527847847
375392,0.820202758932372,2,0.24569853207962453
373690,2.35871275946204,2,0.3564692088110274
187921,-0.764462541613182,2,-0.06522358667549483
2437287,0.527885858831736,2,0.2594578522801075
283456,0.127873258694023,2,-0.4414590112361699
189001,0.466345458810549,2,-0.3104223306725353
374155,0.158643458704616,2,-0.40987665802400103
283515,0.204798758720506,2,0.11396729114097484
189625,-2.0414258420528,2,-1.0924391450417188
374103,0.7125070588952959,2,-0.06076515218015788
283625,0.204798758720506,2,-0.13461685856030658
187713,-1.9183450420104295,2,-1.0193018617113294
375810,-0.0721330413748334,2,0.7284888298696084
188540,0.866358058948262,2,-0.037625268241188364
2437308,0.574041158847626,2,-0.3208419606370316
189947,-0.08751814138012999,2,-0.15979135733166655
187699,0.604811358858219,2,-0.22294395888831603
187805,0.681736858884702,2,-0.3078634481260443
190144,-0.6259966415655129,2,-0.44315062757350737
187983,0.17402855870991302,2,0.01094921174271915
283712,0.727892158900592,2,0.264424722339311
373726,-1.87218974199454,2,-0.8548713756991462
187988,0.358649758773473,2,0.02983072922075536
187685,-1.2414006417773795,2,-0.5255210244318844
375453,-0.21059894142250304,2,-0.015176705677079294
374516,-0.13367344139602,2,-0.23975526168692307
374759,2.3433276594567403,2,1.0891028358556847
283182,-1.39525164183034,2,-0.5506700516079548
188848,0.481730558815846,2,0.05416253268694521
375004,1.71253855923958,2,0.20331977402007018
189099,2.26640215943026,2,0.7508163086347173
190162,0.18941365871521,2,0.37337853285171785
187497,-1.30294104179856,2,-1.0851250139658182
375015,0.943283558974745,2,0.12608930112734423
373482,0.14325835869932002,2,0.015727336672740094
188923,-0.31829464145958003,2,-0.15205056126681626
187903,0.666351758879406,2,0.27486101738316465
375719,1.09713455902771,2,0.003688291542589317
373642,-0.856773141644962,2,-0.04941536591271162
189233,-0.872158241650259,2,-0.5856996153864795
375682,-0.149058541401317,2,0.5364927716503225
374467,0.17402855870991302,2,-0.09008652021537428
283846,0.897128258958855,2,0.4367941295897338
375371,-1.5029473418674195,2,0.3319632020416264
319781,2.0663958593614,3,0.8239904487882012
375665,2.0817809593667,3,0.7416732776861724
375954,-0.241369141433096,3,0.4919143918982602
189287,-0.379835041480766,3,-0.5006868408263505
374655,1.42022165913894,3,0.6817144368254077
189277,1.11251965903301,3,0.11485112130277783
375465,-0.902928441660852,3,-0.1157241751411775
283970,-0.0105926413536468,3,0.2742195843162204
190191,-0.872158241650259,3,-0.8777732414667337
187976,0.0971030586834297,3,0.3080744641195391
189035,-0.9644688416820392,3,-0.27693546089069854
190499,0.681736858884702,3,0.5037157328182815
283803,-1.19524534176149,3,-0.44376977625718406
284145,0.450960358805253,3,0.24260184799756834
187876,0.2663391587416929,3,0.16306677743146517
189632,-0.21059894142250304,3,-0.5345614678802236
373628,0.374034858778769,3,-0.4436840790393979
189883,-0.0567479413695367,3,0.18665944523747482
188774,1.54330245918131,3,1.3596607895576258
375417,-0.472145641512546,3,-0.2748216109423439
374622,-0.41060524149136,3,-0.5394280716131338
375717,0.574041158847626,3,0.17390520384754327
188630,-0.7798476416184791,3,-0.4078922266315509
188319,0.8817431589535591,3,0.3967513544600013
284224,1.54330245918131,3,0.3646178581527334
189670,-0.41060524149136,3,-0.40575886321226107
283221,1.00482395899593,3,-0.25051554866593295
188349,-0.28752444144898603,3,-0.1270911315349884
187493,0.0817179586781331,3,-0.21012937770868373
189615,-0.21059894142250304,3,-0.6624870058546728
373522,1.38945145912835,3,0.3951264297613759
319279,-1.27217084178797,3,-0.2683505292181977
188958,-0.472145641512546,3,-0.4934576857344851
373734,0.204798758720506,3,0.07742944438011981
375446,0.820202758932372,3,0.30405124048594057
188410,0.6971219588899991,3,0.643704062749746
190811,-0.902928441660852,3,-0.4405766768680893
189698,-0.472145641512546,3,-0.2334335018324611
373575,0.8817431589535591,3,-0.14250067715133496
188454,0.604811358858219,3,1.264384686281974
283723,0.0971030586834297,3,0.04923526836211636
189708,1.08174945902242,3,0.15139648435975175
189997,0.220183858725803,3,-0.23264171353361734
374546,1.80484915927136,3,0.3424783993985533
188672,0.297109358752286,3,-0.5193299389608046
190780,-0.44137544150195296,3,0.5311347180919146
188225,1.65099815921839,3,0.7932385169433657
189246,0.127873258694023,3,-0.5879178502258059
283760,1.6202279592078,3,-0.07707899286385811
285674,0.7432772589058891,3,0.13312715531937713
283755,0.2663391587416929,3,-0.11107449334481712
336479,-0.349064841470173,3,-0.5414297994997037
284324,2.57410415953619,3,0.18972177476083182
188270,-0.7798476416184791,3,-0.5996332356901036
375094,0.40480505878936296,3,0.49130516643731315
2437286,-0.949083741676742,3,0.3612842482297287
189686,0.0201775586569465,3,0.1840704053573372
283209,0.112488158688726,3,-0.19117553546261767
373769,1.7279236592448703,3,0.15311230574564383
374917,-1.76449404195746,3,-1.289801137347855
189254,-0.995239041692632,3,-1.2533825318409355
283825,-0.595226441554919,3,-0.5959725128206812
188197,0.543270958837032,3,0.8455955198314435
308211,-0.7490774416078859,3,-0.30474602177756915
187749,-1.5952579418992,3,-0.01114935113008697
283843,-1.28755594179327,3,-0.6916215426696877
375504,-0.44137544150195296,3,0.30103580142039754
375620,1.91254485930843,3,1.582353210918912
189081,0.40480505878936296,3,-0.3511988405602804
187508,-1.45679204185153,3,-0.49209953149936436
188102,-1.05677944171382,3,-0.2963019090762443
188464,-1.99527054203691,3,-0.4760552506828081
374186,-1.05677944171382,3,-0.17041141823116285
187666,-1.4260218418409398,3,-0.9724907742463224
187812,-0.17982874141191002,3,-0.9953306540754608
283731,-0.702922141591996,3,-0.1471872501103268
375451,-1.87218974199454,3,-0.6378771201112475
188232,-1.05677944171382,3,-0.22600356791810594
374632,-0.0413628413642401,3,-0.6039824563828098
376010,-0.44137544150195296,3,0.1929641105154406
284219,0.00479245865164983,3,0.512697337750514
374715,-0.687537041586699,3,-0.08285545466189054
187731,1.00482395899593,3,0.3100252548958475
374416,1.1279047590383,3,0.39550763826639257
189222,-1.9029599420051295,3,-1.1610601991041847
189792,0.620196458863516,3,0.47720931900261254
187574,0.0201775586569465,3,-0.15677549952483694
187911,-1.30294104179856,3,-0.12734134727239999
373629,-0.0413628413642401,3,-0.32399948115038646
374374,-0.0413628413642401,3,-0.25574139867863843
376023,1.32791105910716,3,-0.11941671787595404
187555,1.05097925901182,3,0.009723460110470095
187471,0.527885858831736,3,-0.4628914878832925
187495,-0.502915841523139,3,-0.7884966428803696
189016,0.0817179586781331,3,-0.35271612294071086
187869,0.0355626586622431,3,0.4556127341043411
187481,-1.3644814418197502,3,-0.7880515693059057
373745,1.66638325922369,3,1.131366892907442
188942,0.0817179586781331,3,-0.794870981990376
283157,0.112488158688726,3,0.9412144034312846
189223,-1.3798665418250502,3,-0.07434343636994434
189889,-0.595226441554919,3,0.2508042512389414
188152,1.11251965903301,3,1.1127147234250607
188825,-0.564456241544326,3,0.17300745134482107
374912,0.17402855870991302,3,-0.0014782130184743392
188898,-0.564456241544326,3,-0.29371122146009165
187589,2.5279488595203,3,1.0372619740939109
373627,1.09713455902771,3,0.18306105446527365
190806,-0.841388041639666,3,-0.7715764066276566
189017,-0.5336860415337329,3,-0.3332669983806603
374598,-0.349064841470173,3,-0.14923671216415113
283665,1.28175575909127,3,0.5624032120108149
308265,-0.17982874141191002,3,-0.14588118430984975
187935,-0.702922141591996,3,-0.20939638321536114
188781,0.2663391587416929,3,-0.2859244136181872
188370,0.543270958837032,3,-0.04794780835089618
284241,1.49714715916542,3,0.47158830242779104
187535,1.08174945902242,3,0.3540316201743579
189346,-1.33371124180916,3,-0.9424844505314541
189809,-0.6259966415655129,3,-0.1670535035371004
374992,0.2355689587311,3,0.24297452454849122
318176,-0.702922141591996,3,-0.6168375313419846
189278,-0.672151941581403,3,-0.3555067962383821
373739,-0.902928441660852,3,-0.5462975852166986
375447,0.589426258852922,3,-0.02503201601807009
188079,-1.04139434170852,3,0.11276044139611416
189854,0.0971030586834297,3,-0.12927674661907007
283127,0.0509477586675398,3,-0.342680783528574
284368,0.0509477586675398,3,0.3223607366928775
187605,1.82023425927665,3,1.279745612767008
188990,0.0817179586781331,3,-0.19988037304076867
375509,1.28175575909127,3,0.4952238524532111
373571,1.11251965903301,3,-0.10382502195498144
188110,-1.76449404195746,3,-0.3228309687761657
374988,1.00482395899593,3,0.2967260355248088
189696,0.00479245865164983,3,-0.135823543374739
373716,0.25095405873639604,3,-0.22478494829729012
189340,-0.149058541401317,3,-0.6381554641308812
190187,1.1279047590383,3,0.7460956014256053
189034,-0.7798476416184791,3,-0.29013559005795186
190728,-1.9183450420104295,3,-1.0633018021769862
188957,-1.54910264188331,3,-0.8680932715029303
187676,-0.902928441660852,3,-0.4857151994938379
190056,1.28175575909127,3,-0.28351755585880356
283194,-1.68756854193098,3,-0.39389806019840734
373481,-1.27217084178797,3,-0.70580522925764
189138,0.604811358858219,3,0.08284185503816413
188988,-0.7798476416184791,3,-0.2819621037570471
188331,-1.31832614180386,3,-0.6969798167826676
190111,-0.564456241544326,3,-0.5080082475356557
188969,0.0663328586728364,3,-0.29606252809458344
190057,-1.1337049417403,3,-0.19485581187740053
374693,1.1279047590383,3,0.40967575998233674
187645,1.45099185914953,3,-0.11813629172322487
375494,-0.656766841576106,3,-0.45591055406844805
375457,-1.9337301420157296,3,-0.03167354795792143
374595,-0.902928441660852,3,-0.5165855422070392
375458,-1.2414006417773795,3,-0.6278944212707989
284357,0.435575258799956,3,-0.21340336744354083
187760,0.358649758773473,3,-0.24047234930646677
375772,0.7432772589058891,3,1.2373089450490893
187544,1.51253225917072,3,0.41674923868901037
190158,0.0663328586728364,3,-0.7915530349476575
188545,-1.3798665418250502,3,-1.1744746388879297
375243,0.527885858831736,3,0.11129223056122442
190783,1.69715345923428,3,0.8105446019364706
374663,-0.349064841470173,3,-0.1695572211813895
190132,-2.1183513420792903,3,-1.2863705591949555
375791,1.95870015932432,3,1.3591598574438493
283967,-1.39525164183034,3,0.32790544571062996
187852,-1.74910894195217,3,-0.742512357188572
283740,0.589426258852922,3,0.07277674100706358
189030,-1.30294104179856,3,-0.22503537452621625
374013,1.28175575909127,3,0.5947401479204698
375839,0.312494458757583,3,0.4687500619317961
338067,-0.472145641512546,3,0.15670805854665837
190100,-0.564456241544326,3,-0.17338598027870444
188375,-0.395220141486063,3,-0.8383552950072751
373626,0.17402855870991302,3,-0.23715431662532582
374527,1.46637695915483,3,0.801034144384773
188443,0.9278984589694492,3,-0.1739113038236897
2437412,0.989438858990635,3,0.38577248012860066
187736,-0.395220141486063,3,0.5023714598522525
319283,-1.28755594179327,3,-0.2586030613544986
190072,-0.841388041639666,3,-0.7695058242389236
189757,-0.841388041639666,3,0.7993840960137628
190130,0.204798758720506,3,-0.46339062271966547
188757,0.312494458757583,3,0.5550266377691075
319955,-0.17982874141191002,3,-0.19185631644615464
283117,0.281724258746989,3,0.22506559276032695
187998,-1.4260218418409398,3,-0.3884206136549153
189964,-0.118288341390723,3,0.14264092028620334
187879,-1.19524534176149,3,0.14295235900565886
375295,-0.6106115415602161,3,-0.09007792615011861
375013,1.18944515905949,3,0.6368068754780644
375932,0.0355626586622431,3,0.594086865576289
189979,0.358649758773473,3,0.2026347218944788
189732,-0.8875433416555559,3,-0.4628979907682568
190757,0.466345458810549,3,0.10051235559612512
283962,-1.04139434170852,3,-0.051038004373397505
189932,1.1279047590383,4,0.2592481235915323
373623,-0.4875307415178429,4,-0.08478747345023871
187751,-0.31829464145958003,4,0.28815237167201213
187607,-1.2414006417773795,4,-0.24101912759325098
189049,-0.702922141591996,4,-0.5511151965178998
375894,-0.08751814138012999,4,0.5137214393204671
188449,-0.826002941634369,4,-0.30601464246867716
190789,-0.149058541401317,4,-0.6289958416553062
284303,0.804817658927075,4,-0.3711115519854401
188945,-0.672151941581403,4,-0.5029584984912182
283178,-1.1337049417403,4,-0.31154745855094057
375372,-0.5490711415390289,4,-0.36100696222629514
190063,-0.21059894142250304,4,-0.2656248992630783
189833,0.589426258852922,4,0.20052123973292166
190114,-0.2259840414278,4,-0.42853470289366435
374937,0.681736858884702,4,-0.25530852676872795
374419,-0.4875307415178429,4,-0.42333392654628754
188415,-0.841388041639666,4,-0.703782908697336
375974,-1.5183324418727198,4,0.0492866265244038
375739,-0.19521384141720705,4,0.6173418113756017
187766,1.1432898590436,4,1.3589172483321212
318179,0.2355689587311,4,-0.7026950211379294
190121,0.804817658927075,4,-0.5553339711271567
187919,0.943283558974745,4,-0.48447183643619973
187893,0.127873258694023,4,-0.04027879271637755
188339,0.312494458757583,4,1.253096091396402
374702,-0.764462541613182,4,-0.4318281668788928
187501,-0.595226441554919,4,-0.16782793012426003
189744,0.17402855870991302,4,-0.08125230900788069
283231,-0.7490774416078859,4,-0.2073151104781877
283914,-1.28755594179327,4,-0.1592068734838911
376033,0.866358058948262,4,1.2364184762567347
190702,-0.6259966415655129,4,-0.554939511450649
188154,1.5894577591972,4,-0.12866530036548215
375705,-0.102903241385427,4,0.8264271864517981
187848,-0.0413628413642401,4,0.6831132713282887
187662,0.281724258746989,4,0.7458446278458256
373649,-0.31829464145958003,4,-0.0574731538690387
190196,-0.379835041480766,4,-0.5242715656078631
187579,-0.595226441554919,4,-0.06974111067272479
188001,-0.395220141486063,4,-0.28864408451871837
187850,1.45099185914953,4,0.9924724190011454
374686,1.2356004590753795,4,-0.1475226430613978
375571,0.558656058842329,4,0.6136365888005917
187818,-0.6259966415655129,4,-0.46868065753091437
189291,-0.28752444144898603,4,-0.4082119325751238
375952,1.2356004590753795,4,1.2122791393858177
188818,-0.5336860415337329,4,-0.011985993009060086
375748,-1.47217714185683,4,-0.45449027526204133
189008,0.666351758879406,4,-0.27452738728529025
375006,0.666351758879406,4,0.1972714081498817
189076,-1.39525164183034,4,-1.1629009658317033
189859,0.650966658874109,4,0.3201367370740815
189239,-0.31829464145958003,4,-0.22142557241557512
189319,0.00479245865164983,4,0.008410496021464792
189819,-1.39525164183034,4,-0.8629732771234817
375794,-0.7798476416184791,4,0.6324647521069575
375628,-0.472145641512546,4,-0.17155905512800404
190189,-0.8875433416555559,4,-0.5891715789294619
187461,0.2663391587416929,4,-0.20721356059778404
190164,-0.995239041692632,4,-0.5517067579108834
188267,-0.979853941687335,4,-0.3968437667352871
375662,0.989438858990635,4,0.7991149008257368
319282,-1.1644751417508998,4,-0.3074482057564478
188765,0.14325835869932002,4,0.23927852916601985
187629,1.94331505931903,4,0.5849700797303766
375950,0.912513358964152,4,1.1965774953994894
375556,-0.41060524149136,4,-0.10165444857353498
318548,0.297109358752286,4,-0.5528936763650296
375552,-0.21059894142250304,4,-0.1324475536533222
284161,-0.764462541613182,4,-0.1719885306038764
188816,-0.149058541401317,4,-0.0019478029731317958
375923,1.77407895926076,4,0.2591130281417743
190051,0.6355815588688121,4,0.9374518049166881
188254,1.34329615911246,4,0.6159615040234311
375505,-1.34909634181445,4,-0.15394050107670862
187491,0.281724258746989,4,-0.24790656480658588
189048,-0.7798476416184791,4,-0.29013111507857925
336686,-1.94911524202102,4,-0.18943938269634567
188103,-1.05677944171382,4,-0.7360738944911995
375024,-0.0105926413536468,4,-0.0002514631186860128
374659,0.512500758826439,4,0.5282205929106828
283754,-1.47217714185683,4,-0.17972499829785035
188292,-1.19524534176149,4,0.0004518117344076422
188822,1.20483025906479,4,0.5827245464545611
187928,0.127873258694023,4,-0.1316535696437132
188187,0.00479245865164983,4,0.2834236709729697
190805,-0.826002941634369,4,-0.07020891503687207
189392,0.281724258746989,4,-0.023729305221775798
189892,0.158643458704616,4,-0.21189961343814964
187712,-1.53371754187801,4,-0.08048293084302158
375724,-0.687537041586699,4,0.006813100883304057
188764,0.0509477586675398,4,0.6686770491939122
283597,-0.08751814138012999,4,0.34307136523037285
375315,0.850972958942965,4,-0.002224476204065795
188434,-1.01062414169793,4,-0.7350703824383387
189811,0.00479245865164983,4,0.11080912886771588
187833,0.204798758720506,4,-0.29420623256775813
188427,-0.395220141486063,4,-0.042639943843561484
189647,-0.718307241597292,4,-0.4232378867258114
319783,1.09713455902771,4,-0.11154807040918754
187823,1.1432898590436,4,1.0022841024653513
374567,0.850972958942965,4,-0.19318461904386433
188493,-1.1644751417508998,4,-0.2364399774810879
189020,-0.595226441554919,4,-0.30390508804905214
189623,0.0201775586569465,4,-0.6462278566342892
374154,-0.872158241650259,4,-0.27118541557299236
2437250,-0.810617841629072,4,0.35456473923292275
374697,0.604811358858219,4,0.21656760189768084
187786,0.543270958837032,4,-0.5471913587254447
284080,0.358649758773473,4,0.3889293281737527
189247,-0.5336860415337329,4,0.029762700928252117
187475,0.0817179586781331,4,-0.13076379627143406
283202,-0.349064841470173,4,-0.3186693175908666
375931,-0.672151941581403,4,-0.19587997345517869
375524,0.897128258958855,4,1.1564720831209088
190784,-0.17982874141191002,4,0.05366341089154675
284120,1.85100445928725,4,0.23064830751229912
283183,-1.9337301420157296,4,-0.29164036267268567
2437378,0.2355689587311,4,-0.028966326691606287
188419,-0.19521384141720705,4,-0.000966056290711309
374688,1.1586749590488998,4,0.728486153691784
188989,-0.5336860415337329,4,-0.2907767748269783
189299,-1.99527054203691,4,-0.4849582942509869
376050,-1.6106430419045,4,-0.9272490851472
189302,-1.3644814418197502,4,-0.7118057484084961
188408,-0.733692341602589,4,-0.18683157887760268
187514,-0.379835041480766,4,0.12058218448055066
190731,0.220183858725803,4,-0.06829960835379753
188058,-0.395220141486063,4,-0.19827235066400947
374391,0.312494458757583,4,-0.22902047955176622
317951,0.0201775586569465,4,-0.6497160175444321
188255,-0.502915841523139,4,-0.23012316357082765
375627,0.820202758932372,4,0.20575601778195265
188330,-0.30290954145428306,4,-0.008852379700069468
375905,0.620196458863516,4,0.7920530222737833
189868,1.37406635912305,4,0.2234612898062924
2437244,0.00479245865164983,4,0.7240344934562357
187511,0.220183858725803,4,-0.011209505250642765
187949,-1.31832614180386,4,-1.0289257838594708
376000,-0.28752444144898603,4,0.3593750716305939
187707,-0.733692341602589,4,0.19768473824918045
188563,-1.6414132419150902,4,-0.8157251040977351
187637,-0.31829464145958003,4,-0.23952320888633025
189808,-0.17982874141191002,4,0.09599411744448286
187675,2.55871905953089,4,0.8587955596638811
188506,-0.241369141433096,4,-0.4601538835168294
189927,0.3894199587840661,4,-0.1903569125327679
374719,1.2356004590753795,4,1.205982891290718
187993,-1.73372384194687,4,-0.17802160488435378
188780,-0.7490774416078859,4,-0.7789291577489919
375694,1.42022165913894,4,0.9429443393004672
189267,1.03559415900652,4,0.8387617005390722
374681,0.343264658768176,4,0.8311503951273455
374253,0.666351758879406,4,0.12122923444669653
375498,1.38945145912835,4,0.6507923008922303
188444,-1.53371754187801,4,-0.21655122359761217
374536,0.7740474589164821,4,-0.4007936397933306
190015,-0.19521384141720705,4,0.2941367500034035
374763,-0.08751814138012999,4,-0.8916356435315274
283300,-1.28755594179327,4,-0.03976053685610223
284162,-0.7490774416078859,4,-0.2197343020931197
284069,0.14325835869932002,4,0.6823827701042783
373744,1.7279236592448703,4,0.7864554872484486
188043,1.69715345923428,4,0.34952575812415865
187938,-0.0105926413536468,4,0.09728922478582747
187655,1.32791105910716,4,1.3768645638282224
374378,0.18941365871521,4,0.1892442461706513
187944,0.7740474589164821,4,0.2340367893998448
190280,0.7125070588952959,4,0.296132140006845
374746,-1.6106430419045,4,-0.6100628217319267
187543,1.1432898590436,4,1.3549202014501585
283664,1.18944515905949,4,0.5211731769064627
283732,0.0355626586622431,4,-0.3491126506190201
189288,-2.1952768421057702,4,-0.16053098143844927
190054,-1.17986024175619,4,-0.9011081852733847
187757,-2.0414258420528,4,-0.6648726700784469
2437408,0.0201775586569465,4,-0.05170002490687378
284304,-1.1337049417403,4,-0.17585754748005508
376004,1.86638955929254,4,0.5111667164956225
374607,0.7432772589058891,4,0.28301026842819244
283791,-2.25681724212696,4,-0.6232296095125132
284278,0.2355689587311,4,-0.001131515176780451
284248,1.34329615911246,4,0.060747135977936906
283447,0.866358058948262,4,0.4313649425035134
188532,2.03562565935081,4,1.1024118979367061
189400,-1.44140694184623,4,-0.25078184127263725
2437248,-0.44137544150195296,4,-0.6302720150523793
187754,0.512500758826439,4,0.18169496531437784
283432,-0.31829464145958003,4,-0.2913147642380923
190016,-0.27213934144369,4,-0.2479206430799921
283769,-0.564456241544326,4,-0.7701362736884355
374623,-1.39525164183034,4,-0.07169972040586112
188282,-0.518300941528436,4,-0.4877878083597138
187653,-0.6106115415602161,4,0.12534243544231508
189881,1.20483025906479,4,-0.22175263099258066
189857,1.1586749590488998,4,0.4171027151404663
187769,1.32791105910716,4,1.1685999116235914
375625,0.620196458863516,4,0.4212260863086403
187484,-0.349064841470173,4,-0.06973383573912015
375847,-1.05677944171382,5,0.6234817094069999
189961,0.943283558974745,5,-0.22237836763494231
318173,-1.4260218418409398,5,-0.03541026338374689
374517,-0.687537041586699,5,-0.24742617346318227
317953,-1.05677944171382,5,-0.8808103375298223
283741,-0.841388041639666,5,-0.11262285749682374
189958,0.0663328586728364,5,0.722848304556707
283756,0.312494458757583,5,0.030324044479353413
283279,1.00482395899593,5,-0.03364188203954735
188008,-0.395220141486063,5,-0.4241907717634017
375274,1.2202153590700802,5,0.1608407065202073
190817,0.9278984589694492,5,0.2674036062872511
283778,0.17402855870991302,5,0.0736286533494809
187982,0.420190158794659,5,-0.3386340074317268
188316,-0.44137544150195296,5,-0.5226035649053111
189669,-0.656766841576106,5,-0.6656716425055069
189786,-0.9644688416820392,5,0.15917221533589504
283796,0.18941365871521,5,-0.6490237836663755
190006,-0.502915841523139,5,-0.1956365305955773
188899,-0.31829464145958003,5,-0.12032156366012706
374600,1.05097925901182,5,0.8206628228484
374397,0.00479245865164983,5,-0.19633008076138783
190787,-0.641381741570809,5,-0.26517968143333925
375726,-1.8414195419839496,5,0.2696473002753512
375835,0.8355878589376691,5,0.7734482998917916
188458,0.9278984589694492,5,-0.0185715937070646
187767,0.8355878589376691,5,0.9360050787024418
2437251,-2.0875811420686903,5,0.11244929991302802
375993,0.7432772589058891,5,0.7414961426442503
188820,-0.44137544150195296,5,-0.0309489091049914
188601,-1.19524534176149,5,-1.2453022690722888
190711,-0.27213934144369,5,-0.1517719840978339
374935,-1.5952579418992,5,-0.5564928625079196
187776,0.14325835869932002,5,0.061968054483527685
375971,-0.579841341549623,5,0.17287290778508535
374414,0.158643458704616,5,0.9187814172045713
190103,-1.04139434170852,5,-0.19079789787472748
190005,0.14325835869932002,5,0.19368334105399843
375467,0.297109358752286,5,0.006545361337727457
283762,0.574041158847626,5,-0.07974894993560946
375335,-1.5952579418992,5,-0.14300934254311512
375342,-0.7952327416237758,5,0.05017377203533102
188335,-0.902928441660852,5,-0.6801217203389104
284068,1.03559415900652,5,0.8463211161131804
188121,1.17406005905419,5,-0.1650151914960831
283616,1.48176205916013,5,0.6077408004234366
373743,2.32794255945144,5,0.5463317657822486
187945,0.0817179586781331,5,0.7127330335610632
187479,-0.7798476416184791,5,-0.8247306236204442
189210,-0.764462541613182,5,-0.5166064931759679
2437267,-1.33371124180916,5,-0.017637678749871294
190067,-0.5490711415390289,5,-0.5157077249150936
188994,-1.1337049417403,5,-0.3856104977735476
187954,0.158643458704616,5,0.42949773936308777
188035,-0.518300941528436,5,0.4108573742881231
374165,-0.502915841523139,5,0.21185052721534006
375825,-0.19521384141720705,5,-0.10581695800996568
187755,0.527885858831736,5,0.19288073510792203
190029,0.2355689587311,5,0.23207212552617595
190040,-0.979853941687335,5,-0.9149120327158523
374535,0.220183858725803,5,-0.4611532527147536
374451,1.29714085909657,5,0.9572309303816718
374197,-0.31829464145958003,5,-0.016943762621227848
283603,1.45099185914953,5,0.20951109623127404
187550,-0.4875307415178429,5,0.16764827298990911
188189,-0.872158241650259,5,-1.1825965899670685
283938,1.68176835922898,5,-0.13488268554340857
374613,0.0971030586834297,5,0.3745011149417794
283359,1.2202153590700802,5,0.4965022324698978
375659,2.60487435954678,5,1.2937620742456606
190797,0.497115658821142,5,0.2587059240158816
284236,1.74330875925017,5,0.8990067611245075
189689,-0.702922141591996,5,-0.20742427590105275
375688,1.17406005905419,5,0.5598098772302202
188759,0.7432772589058891,5,0.43915885171394364
187905,0.158643458704616,5,0.17905690304855734
187681,0.281724258746989,5,0.41344874391217645
375899,1.65099815921839,5,0.7070981902929643
189029,-0.149058541401317,5,-0.15970086880389597
189152,-1.31832614180386,5,-1.188599740568862
284189,2.14332135938788,5,0.8292748324519461
374445,-0.5490711415390289,5,0.036688590624898626
375474,0.574041158847626,5,0.08441776187680991
373925,0.497115658821142,5,0.6977208442419737
374001,0.420190158794659,5,-0.08112491099775157
373759,0.297109358752286,5,-0.34671073557580945
189840,0.6971219588899991,5,0.3641878000312414
187610,0.14325835869932002,5,-0.5064068811342202
188452,0.220183858725803,5,0.1428883835802011
187875,0.450960358805253,5,0.2562897645513209
190344,-2.01065564204221,5,-0.9015408129659929
189015,-0.6106115415602161,5,-0.47884914664594314
190071,0.0509477586675398,5,-0.5129053859595555
188236,1.26637065908597,5,0.5978287577813787
375901,1.20483025906479,5,0.6993046496223461
376048,0.2355689587311,5,0.08741086304817516
188218,1.26637065908597,5,-0.10994715025471716
189909,0.0663328586728364,5,-0.18157869060837176
374547,-0.564456241544326,5,0.6915944163207061
188156,1.20483025906479,5,1.1682403229977014
189690,0.0509477586675398,5,0.16895742058613727
2437266,-0.841388041639666,5,-0.04662092512211377
188160,1.7279236592448703,5,1.0000227361228626
189137,-1.25678574178268,5,0.22275399533674345
189063,1.32791105910716,5,0.8959487632001136
187599,-0.656766841576106,5,-0.09428348621792412
189025,0.0201775586569465,5,0.6345822396308997
376012,-0.4875307415178429,5,0.1544291165890825
187710,-1.31832614180386,5,-0.04311013999397159
3646845,0.127873258694023,5,-0.3604816393669893
187784,0.0663328586728364,5,0.3198068591346913
187671,0.112488158688726,5,-0.2382647173684693
190068,-0.7490774416078859,5,-0.3983336393951441
188378,-0.17982874141191002,5,-0.712346044577327
374394,1.46637695915483,5,0.7863378592713443
187960,-0.118288341390723,5,-0.2155102521009916
375697,1.1279047590383,5,0.3836786396745256
373872,-1.01062414169793,5,-0.3098944990096958
190159,-0.36444994147547,5,-0.563608997874847
375896,1.98947035933492,5,0.5323399383128384
188530,0.543270958837032,5,0.571538368909698
283892,-1.25678574178268,5,-0.3303644285043157
375809,2.2202468594143703,5,1.313272272273006
375679,-0.2259840414278,5,0.18314757923370356
373654,-0.595226441554919,5,-0.26693726778873517
190139,-1.62602814190979,5,-1.2748488255122765
374092,0.850972958942965,5,0.03395174066688464
189107,-1.1337049417403,5,-1.3146467749189643
188846,1.69715345923428,5,0.873736965488979
187649,0.00479245865164983,5,-0.10987216364159877
190018,0.18941365871521,5,0.2586739330472683
374588,0.17402855870991302,5,-0.35594336091764944
190127,-0.702922141591996,5,-0.6271465107334552
374531,0.0201775586569465,5,-0.31872208558753323
187686,-2.02604074204751,5,-0.7214252086327148
284247,2.0663958593614,5,1.2635866114441738
189749,-1.1337049417403,5,-1.3112928737228964
187838,0.435575258799956,5,-0.4727238053545697
374191,-1.53371754187801,5,-0.8326746614498041
188494,-1.2414006417773795,5,-0.15906017056803237
374086,0.866358058948262,5,-0.035426059624557055
374064,1.1586749590488998,5,0.3052427846481274
375689,1.2202153590700802,5,1.0125228937592776
187549,1.71253855923958,5,0.745663877585764
188076,-0.5336860415337329,5,-0.16134301546233312
373733,0.0971030586834297,5,0.07501391239797764
283471,0.604811358858219,5,0.159556582670077
189624,-0.0413628413642401,5,-0.6157491652509636
374662,0.681736858884702,5,0.45139045506204817
319956,-0.44137544150195296,5,-0.40967552307911237
190070,-1.2260155417720802,5,-0.7038685523028455
374978,-0.672151941581403,5,-0.42936878261766454
2437415,0.543270958837032,5,0.31120449499759084
189168,-1.11831984173501,5,-1.318348418911715
187956,0.604811358858219,5,-0.14800141530567149
187647,-0.31829464145958003,5,-0.2550332556746612
375383,-0.8875433416555559,5,-0.08748424901186544
188052,0.512500758826439,5,1.163193399631291
187914,-1.97988544203162,5,-0.5041218602199043
375691,1.45099185914953,5,1.0775492188893807
375738,0.7432772589058891,5,0.8937825187393819
283656,1.45099185914953,5,0.5240007878760988
374442,-1.8260344419786496,5,-0.3018202822179249
188369,1.1279047590383,5,0.3556421191099598
188190,0.497115658821142,5,-0.3382468219714686
374177,-0.41060524149136,5,-0.5510066763083494
188302,-1.39525164183034,5,-0.2198022716340063
375766,-1.10293474172971,5,-1.075445633920902
374914,0.527885858831736,5,0.17577036293643858
188702,1.43560675914424,5,1.2451100168189295
336783,-0.13367344139602,5,-0.5912308475834359
190082,-1.5029473418674195,5,0.33142303368804116
189977,1.02020905900123,5,0.9772316835042874
190814,-0.979853941687335,5,-0.6222780071591458
189244,-0.0567479413695367,5,0.007701176428591333
308212,-1.5952579418992,5,-0.5251324237585975
375519,0.527885858831736,5,-0.16111248451368695
283427,-0.4875307415178429,5,0.05952206011777064
188365,0.0817179586781331,5,-0.13802314636822213
318549,-0.31829464145958003,5,-0.6716473787915633
187669,-0.7952327416237758,5,-0.9797068453652479
374505,0.00479245865164983,5,1.3777068039943343
187820,1.43560675914424,5,0.8032957595627462
283199,-0.28752444144898603,5,-0.5186546150406203
188667,1.32791105910716,5,1.2060868363517918
187561,-0.379835041480766,5,-0.37077160330631365
190796,-0.733692341602589,5,0.5485614620809529
188386,-0.44137544150195296,5,-0.1066339633500116
189980,0.3894199587840661,5,0.1425830143460324
187889,-0.902928441660852,5,-0.3795717896004748
373986,0.112488158688726,5,-0.007372376157517152
190076,1.52791735917602,5,0.41197638638037537
283105,0.312494458757583,5,0.042292673100757405
189090,-0.41060524149136,5,-0.23421600363252573
375548,-0.08751814138012999,5,0.46307487116849977
375062,0.374034858778769,5,-0.08906593668257598
374739,0.497115658821142,5,0.012591752089284286
373777,-0.8875433416555559,5,-0.5830630654331455
189666,0.14325835869932002,5,-0.6474078481854296
374062,-0.379835041480766,5,-0.17499297702348773
374635,0.897128258958855,6,0.15376016960197836
375539,-0.149058541401317,6,-0.19780295829913597
189784,-0.764462541613182,6,-1.273538982905566
187763,-0.672151941581403,6,0.33784849245039117
373485,0.958668658980042,6,0.7157034707922698
375230,0.220183858725803,6,0.16137336624667276
189289,-1.47217714185683,6,-1.0734249948795729
189790,0.0355626586622431,6,0.628843045228541
284110,1.05097925901182,6,0.5728583022631915
336685,-0.36444994147547,6,-0.563267759197605
373760,0.204798758720506,6,-0.3641021598946061
374995,0.727892158900592,6,0.3904432954451805
376027,-0.764462541613182,6,0.12964647694668144
189240,0.7125070588952959,6,-0.34554346511971995
283120,0.25095405873639604,6,-0.22886567809564445
188055,-1.9029599420051295,6,-0.7149198140676658
187573,0.0355626586622431,6,-0.27585218141349127
376018,0.343264658768176,6,0.6479072378982977
283229,0.466345458810549,6,-0.08334899232052329
375564,1.48176205916013,6,0.5088136741834285
284369,0.0355626586622431,6,0.12078383801345946
187528,1.28175575909127,6,0.04326595050455942
188040,-0.656766841576106,6,0.310409473074704
188554,-0.17982874141191002,6,0.14836673488076052
187536,0.574041158847626,6,-0.2714204711068248
374703,-2.14912154208988,6,-0.17964523501714008
188357,1.09713455902771,6,0.023423437438518352
190157,-0.702922141591996,6,-0.6875778111332502
187868,1.68176835922898,6,0.45604678418077327
188311,-2.2414321421216603,6,-0.8809036808335464
188287,-0.687537041586699,6,-0.15822466884821806
284067,1.6048428592025,6,0.9206386306727901
283801,0.158643458704616,6,0.28769341196332743
187462,0.3894199587840661,6,-0.3098913899583871
375572,2.43563825948852,6,-0.13848095020607748
375799,1.91254485930843,6,0.48193518751426995
375706,0.7894325589217791,6,0.09580670146133988
318552,-0.379835041480766,6,-0.7109583951064171
374398,-0.08751814138012999,6,-0.9046913965324066
374367,0.497115658821142,6,-0.0607341222837362
283224,0.358649758773473,6,-0.5083946483969
283179,0.435575258799956,6,0.07247462037757535
283753,1.35868125911775,6,-0.25244216263442093
283808,-0.08751814138012999,6,0.5991568961240314
187562,-0.672151941581403,6,-0.13431860155049397
284192,1.98947035933492,6,0.35730577682788695
188475,-0.0413628413642401,6,-0.05458983387154298
188359,0.958668658980042,6,0.008068296176608925
187765,1.74330875925017,6,1.2314033177615151
188379,1.00482395899593,6,-0.18939688575560248
375727,0.681736858884702,6,0.6627016498799295
189972,-1.10293474172971,6,-0.5678044117470737
374429,1.2356004590753795,6,0.29885690950163446
375940,0.558656058842329,6,0.4042830073252293
189834,-0.118288341390723,6,-0.17212606544678372
188529,2.5433339595256,6,0.5778186973492074
187725,-0.28752444144898603,6,-0.5206154354246757
188733,-1.9183450420104295,6,0.32593558921076693
190167,1.43560675914424,6,-0.37233394624409105
375846,1.6048428592025,6,0.5327843274634967
188992,-0.27213934144369,6,-0.3798954368519906
188099,-0.7490774416078859,6,0.06496172370597258
308006,0.297109358752286,6,-0.684290936326621
189201,-1.54910264188331,6,-1.172346693345794
375573,-0.4875307415178429,6,-0.325873105022119
187729,-0.595226441554919,6,-0.4407425629559267
190238,1.1279047590383,6,-0.21531396571142153
283118,0.974053758985338,6,-0.11801937003148127
284354,0.527885858831736,6,-0.329158195273836
190795,0.297109358752286,6,0.46475005370390665
374483,-0.5336860415337329,6,-0.47165195615939187
283707,0.18941365871521,6,0.1465609857902319
189236,0.25095405873639604,6,-0.1322598625063764
283757,1.43560675914424,6,0.19992785560904774
188980,-0.149058541401317,6,-0.5231692248638216
375790,1.28175575909127,6,0.4739903418610265
336476,-0.41060524149136,6,-0.6278093076599811
187656,0.681736858884702,6,0.09212410844696708
308007,-0.9644688416820392,6,-0.569432753909183
189028,-0.6106115415602161,6,-0.3714370584798801
188492,-1.1644751417508998,6,-0.6060755214006301
374706,0.281724258746989,6,0.9375300452721951
188943,-0.702922141591996,6,-0.9058437563040511
374395,-0.0567479413695367,6,-0.22595330661449747
187901,-0.979853941687335,6,-0.0012084695537248336
190142,-0.395220141486063,6,-0.6199156625718127
375355,-0.17982874141191002,6,-0.09662663182777442
375800,2.38948295947263,6,1.3586072257254511
187522,-0.44137544150195296,6,-0.09943397322379455
374382,1.08174945902242,6,0.5226709686842888
375747,-0.45676054150725,6,-0.5947455953284235
187691,-0.502915841523139,6,-0.37255427257702983
374630,0.220183858725803,6,0.6353514405217828
190794,0.574041158847626,6,-0.08576574763946038
284182,2.0510107593561,6,0.159251321533309
375943,0.0663328586728364,6,0.5322939425834801
374617,0.0663328586728364,6,-0.06532993351665517
375640,2.60487435954678,6,1.1095477194206742
188122,-0.518300941528436,6,-0.6829493222680223
188541,-0.27213934144369,6,-0.012449999222345631
189384,-1.54910264188331,6,-0.5671557394573499
187664,-1.28755594179327,6,-0.6317961503179952
374740,1.42022165913894,6,1.0613621009485492
188982,-0.979853941687335,6,-0.5376390770858961
283220,1.03559415900652,6,-0.21588890373408037
190190,0.297109358752286,6,0.3972146020614997
190022,0.281724258746989,6,0.7389653296473917
189018,-0.9336986416714448,6,-0.34703955177007745
283106,-0.0105926413536468,6,-0.4019614400681261
374913,0.7740474589164821,6,0.6686904686581606
375527,0.8355878589376691,6,0.5110459147284581
189024,0.589426258852922,6,-0.22451361693513788
374646,1.17406005905419,6,0.7322111523261616
188326,-0.702922141591996,6,0.6485309726509084
189864,-0.0413628413642401,6,-0.3012010175585909
187804,-0.733692341602589,6,0.1900605711619571
374894,-1.70295364193628,6,0.4985493379675707
187717,1.1586749590488998,6,0.3870500778667456
190708,0.6971219588899991,6,-0.5160761442749242
374641,0.297109358752286,6,0.3587039645774921
283252,-0.27213934144369,6,-0.005756304746882102
189022,-0.718307241597292,6,-0.4347823012072333
283828,-0.902928441660852,6,-0.6415295112650192
376047,-0.28752444144898603,6,0.04152835824559181
187973,-1.47217714185683,6,-0.5055499805907133
373764,0.481730558815846,6,0.8959615374495247
374112,1.38945145912835,6,0.049924713793818465
375934,0.9278984589694492,6,0.43861149065800137
375976,1.05097925901182,6,0.36211063985957137
187794,-0.44137544150195296,6,-0.11861962801438825
375859,1.26637065908597,6,0.743123540323049
374213,-0.149058541401317,6,0.6509813431600415
284165,1.05097925901182,6,-0.2921559294253419
188947,-0.872158241650259,6,-0.6225610870962941
187819,-1.71833874194157,6,-0.37435178465966606
189957,0.543270958837032,6,0.02619089593704821
375916,0.2355689587311,6,0.7849727394264239
187502,-0.17982874141191002,6,-0.3118281770646795
374473,-0.44137544150195296,6,-0.21330069877736607
188317,0.681736858884702,6,-0.7425000708761123
189753,0.3894199587840661,6,-0.23039525196428906
283777,-0.0105926413536468,6,0.3799318366961328
284335,2.62025945955208,6,0.9400581624499591
284371,1.00482395899593,6,0.021501127516072166
190818,1.02020905900123,6,0.34092856326272447
284222,1.37406635912305,6,0.5006485986333564
374768,-1.3644814418197502,6,-0.7679314042076744
187795,-0.718307241597292,6,0.05270285284905288
374145,0.297109358752286,6,-0.4592683585812089
374479,1.6048428592025,6,0.7053431487067456
188157,0.974053758985338,6,1.2294213898397424
374918,-1.1644751417508998,6,-0.46883908674576696
283054,0.7125070588952959,6,-0.16463671137849778
374548,-0.241369141433096,6,0.30542943916423865
283431,-0.2259840414278,6,0.12420555281601181
190278,0.127873258694023,6,0.21755894377095375
190732,0.281724258746989,6,-0.18764648362955594
375521,0.2663391587416929,6,0.14108364563868575
283767,1.63561305921309,6,-0.4232327879803813
374589,-0.8875433416555559,6,-0.06290389345740072
189229,0.650966658874109,6,-0.21927044018170722
283671,-1.74910894195217,6,-0.6940888944633241
187636,-0.0105926413536468,6,0.6955128736651728
189224,0.0201775586569465,6,0.10107242522282528
375578,0.112488158688726,6,0.511812350255999
189047,0.8355878589376691,6,-0.1781518438251551
283325,1.49714715916542,6,-0.8841291072978226
187857,-1.56448774188861,6,-0.6184247460724959
189858,-0.472145641512546,6,-0.2537392882462885
190198,0.0817179586781331,6,-0.31537517770859164
189626,-0.9336986416714448,6,-0.5513862068869901
187863,-0.118288341390723,6,-0.0556248584163061
188996,-0.8875433416555559,6,-0.3184201160158651
190790,1.2356004590753795,6,-0.1203831740857213
375623,1.40483655913364,6,0.7430670285970689
189759,0.666351758879406,6,-0.2888673328674127
188222,1.28175575909127,6,1.1927936697011354
189234,-0.118288341390723,6,-0.7106632221019789
188006,-0.641381741570809,6,-0.21271915456670704
375642,0.0509477586675398,6,-0.2568784886189415
374629,-0.241369141433096,6,-0.22825266008111217
188436,0.7586623589111852,6,0.04505000247077712
375376,-0.241369141433096,6,-0.28548604884637224
189250,-0.5336860415337329,6,-0.06545278036894764
187886,2.03562565935081,6,1.302255440071137
373952,-0.27213934144369,6,0.1412081457746202
190059,1.11251965903301,6,0.46179931886599623
375949,0.220183858725803,6,0.23272919926838168
375807,2.03562565935081,6,1.3724348207177184
189801,0.604811358858219,6,1.0534317921409664
374608,-0.595226441554919,6,-0.23671375498742409
188237,1.37406635912305,6,0.3248788408383197
375690,1.75869385925547,6,1.0241450967965535
187464,-2.22604704211636,6,-0.8562411075842278
189043,-1.3798665418250502,6,-0.7227211974072265
336483,-0.902928441660852,6,-0.46299336197496926
190097,-0.6259966415655129,6,-0.21196201290899247
284024,-0.872158241650259,6,-0.5272788530698818
188932,0.00479245865164983,6,-0.42722352980455885
373730,0.0663328586728364,6,-0.024755019657996313
188019,-0.826002941634369,7,-0.10845419307329723
187472,-0.13367344139602,7,-0.13533754447623364
188896,0.543270958837032,7,-0.4324597591378903
375802,0.7586623589111852,7,0.7207967206155756
283623,1.32791105910716,7,0.5534031049254167
187566,1.82023425927665,7,0.6261444565679231
283144,-2.17989174210047,7,-0.7050122460264032
190055,-0.8875433416555559,7,-0.9288470038612493
187716,-1.6106430419045,7,0.060533237327771466
189766,-1.47217714185683,7,-0.9346391231439624
190782,-0.7490774416078859,7,0.3550982921248807
375795,-1.5952579418992,7,-0.982951696323878
374669,0.650966658874109,7,0.7039927932114036
374638,0.220183858725803,7,0.6963359098775272
187704,-1.3644814418197502,7,-0.3756326677320087
375922,-2.10296624207399,7,-0.17421188783695418
376021,-1.04139434170852,7,-0.24280746019510496
375997,0.7125070588952959,7,0.7850900413616104
375939,-0.13367344139602,7,0.8056910121071237
188930,0.00479245865164983,7,-0.18381704495698398
375540,0.2663391587416929,7,0.26929326131011566
188429,2.5894892595414905,7,0.429867408907034
283416,0.112488158688726,7,0.30506818309426664
2437263,-1.45679204185153,7,-0.11883455812283583
375449,-0.241369141433096,7,-0.4688665631870434
283313,-0.36444994147547,7,0.024261490168670102
188248,1.92792995931373,7,1.1726504302420528
189865,-0.5336860415337329,7,-0.2670138161513839
373656,0.2663391587416929,7,0.6112521318103328
374749,-0.8875433416555559,7,-0.698647707270228
188876,0.0663328586728364,7,-0.20898941707187746
188603,-1.48756224186212,7,-0.23707771972253494
283964,-0.425990341496656,7,0.3291698839952505
283833,-0.395220141486063,7,-0.18782851465547018
188209,-0.7798476416184791,7,-0.27315083431733983
283165,0.804817658927075,7,-0.4584191012672694
189041,0.589426258852922,7,0.03284151993366766
2436999,1.05097925901182,7,0.6294666148637531
188466,-0.518300941528436,7,0.01302308618783099
374974,-0.5336860415337329,7,0.507248584479829
187801,1.11251965903301,7,0.0711077705554242
375845,0.297109358752286,7,0.6827328723485817
283600,-0.7798476416184791,7,0.03533913769679092
188028,0.358649758773473,7,-0.060669046377304026
283160,0.7432772589058891,7,0.03158348128687377
188211,0.620196458863516,7,0.6262949998426969
190138,-2.01065564204221,7,-1.3236923705745802
190008,1.03559415900652,7,0.6561791209196564
189094,0.0663328586728364,7,-0.22007266916346274
188259,-1.2414006417773795,7,-0.6741644928457262
284090,1.1586749590488998,7,0.5502346598497503
188510,-0.395220141486063,7,0.1188648939413609
189021,-0.9336986416714448,7,0.5911767241834205
375471,-1.10293474172971,7,0.08151506366534955
188987,-0.149058541401317,7,-0.3807746282092785
189887,0.17402855870991302,7,-0.19083223487474116
375767,0.312494458757583,7,0.16664250924446394
187979,0.18941365871521,7,0.07183881836118255
373832,0.589426258852922,7,0.7101711108696382
190769,-0.5490711415390289,7,-0.277711300194493
317891,0.40480505878936296,7,0.4705742878946435
187587,0.0201775586569465,7,0.16447211467839395
188895,-0.518300941528436,7,-0.338436471659535
187469,-0.518300941528436,7,-0.754200510782334
188025,1.1586749590488998,7,-0.07758003056909463
283130,0.40480505878936296,7,-0.3943370330097365
188893,-1.07216454171912,7,-0.5350083619392709
190069,-1.04139434170852,7,-0.5209649306724129
188377,0.0201775586569465,7,0.16051493389433308
374377,-0.0105926413536468,7,-0.27414438596673235
374017,2.281787259435549,7,1.4349831874130374
308008,-1.01062414169793,7,-0.5131628507517552
283802,-1.04139434170852,7,-0.4145125087153652
375796,-2.13373644208458,7,0.17639048382225792
375500,1.86638955929254,7,0.9025898763253872
190816,0.7125070588952959,7,0.5372024889313844
373675,-0.16444364140661302,7,0.0467386771848268
188111,-2.16450664209518,7,-0.9249875149978621
188009,-1.3798665418250502,7,-0.4371117872632097
187705,2.26640215943026,7,1.0774784646502962
283726,0.512500758826439,7,-0.033002795784489225
187770,-0.472145641512546,7,0.0029559928591250673
319284,-0.7798476416184791,7,0.3090974104592919
284338,0.40480505878936296,7,0.1724325398732303
283109,0.420190158794659,7,-0.4289152580016519
187728,-0.44137544150195296,7,-0.6495808017278135
375991,-0.2259840414278,7,0.7466571098684813
283110,0.7586623589111852,7,0.738915463429797
283126,-0.7490774416078859,7,-0.7004831120910475
190561,0.2663391587416929,7,0.39711899066450884
374743,0.204798758720506,7,-0.41986057815549843
375830,2.25101705942496,7,0.8635660900158608
188521,-0.7952327416237758,7,-0.1414654074104616
374183,-1.3798665418250502,7,-0.07451406094967294
188224,1.68176835922898,7,1.2410128649669794
190141,-1.6106430419045,7,-1.2353145605235374
188029,0.0971030586834297,7,0.7786621511633853
374339,0.650966658874109,7,0.191149268275677
189293,-0.841388041639666,7,-0.42240807088716587
189194,-1.68756854193098,7,-1.2092273809552065
187604,0.420190158794659,7,0.4404817036772083
188777,-0.826002941634369,7,0.256294895685262
189039,0.466345458810549,7,-0.2132035314893883
375433,-1.4260218418409398,7,-0.5016771205417914
375746,-0.9183135416661492,7,-0.49335910185259096
283177,-1.73372384194687,7,-0.5074021680499861
187590,-0.395220141486063,7,0.6795465089760975
283089,-0.995239041692632,7,-0.7429364506108862
375370,0.497115658821142,7,-0.5183906619468026
284336,0.989438858990635,7,1.1455109580911904
375421,0.00479245865164983,7,-0.08122171807303397
190037,-0.641381741570809,7,0.09366160017874836
375850,0.989438858990635,7,1.149890959444545
374643,0.650966658874109,7,0.7417374218715616
187878,0.8355878589376691,7,0.7624065778334839
283638,0.312494458757583,7,-0.08611886034433047
187677,0.989438858990635,7,0.3002296866453137
187918,-0.7798476416184791,7,-0.19087373540835317
189712,1.98947035933492,7,1.1827566485602856
188382,0.727892158900592,7,0.6324419015263838
319280,0.989438858990635,7,-0.1005360898155363
188558,-0.7490774416078859,7,-0.8552651301089278
189003,-0.149058541401317,7,-0.375434765256396
188445,-1.2414006417773795,7,-0.5337519936060195
375972,1.43560675914424,7,1.5862631080374978
189337,-0.17982874141191002,7,-1.139856291147676
187977,0.0663328586728364,7,0.473174062702978
374609,-1.1337049417403,7,-0.19236161285329417
187957,1.42022165913894,7,-0.25147059062773275
188034,0.0355626586622431,7,-0.06743824306350416
2436958,0.497115658821142,7,0.10342278598522295
188201,-0.979853941687335,7,-0.3795938358095275
187839,-1.04139434170852,7,-0.4771688414718101
188979,-0.841388041639666,7,-0.2734090807554797
189684,1.05097925901182,7,-0.07847780570389612
336781,-1.33371124180916,7,-0.4424273769785812
283790,-0.7798476416184791,7,-0.3187707527211529
187980,0.727892158900592,7,0.1831081526826634
374363,-0.31829464145958003,7,-0.041010836835960796
187951,-1.1337049417403,7,-1.0102556916862544
375441,0.0201775586569465,7,0.03766844513821327
336478,-0.4875307415178429,7,-0.5503738992516711
284372,-1.27217084178797,7,0.05892641124657169
187718,0.40480505878936296,7,0.23152028729492063
187985,0.543270958837032,7,-0.1733999129628736
190195,-0.41060524149136,7,-0.39280367269589217
375409,1.42022165913894,7,-0.01970076406541449
374678,0.0201775586569465,7,-0.20446283590933662
188497,-0.149058541401317,7,-0.4997108731149989
189822,-1.3644814418197502,7,-1.1931273716653894
374807,0.650966658874109,7,0.6567984934631816
375965,1.55868755918661,7,1.2583477818624282
187741,-1.45679204185153,7,-0.4909979462386785
374362,0.17402855870991302,7,0.189559708471334
374436,2.40486805947793,7,0.6932838974044124
187612,1.08174945902242,7,-0.26803449477997027
188094,-1.2414006417773795,7,0.4084739598699674
284305,0.989438858990635,7,-0.4666212032160478
375455,-0.19521384141720705,7,0.1510805691514206
373758,1.78946405926606,7,0.837023936715376
187858,-0.518300941528436,7,0.008545797446593506
189040,-1.56448774188861,7,-1.0075286936303494
187793,-1.87218974199454,7,-0.07079063886408116
188407,0.9278984589694492,7,0.16464362989904885
374413,1.08174945902242,7,0.7301219896860509
187930,0.25095405873639604,7,0.6269073853777986
188405,-1.25678574178268,7,-0.7130238036878245
187583,-0.502915841523139,7,0.07917446738352368
375437,-0.6259966415655129,7,-0.14525493133014966
283139,0.0817179586781331,7,-0.07710177271673019
188901,-0.5336860415337329,7,0.1983472781778155
375461,-1.21063044176679,7,0.12231780727700808
190035,-0.641381741570809,7,-0.18782047032712473
188145,0.974053758985338,7,1.23039641921497
190134,0.17402855870991302,7,-0.42011220501007546
189723,0.666351758879406,7,-0.2716843776934061
187787,0.374034858778769,7,-0.13132105597022925
2436902,0.00479245865164983,7,-0.2063837523732412
190148,-0.7798476416184791,7,-0.9243036275861676
375994,1.2202153590700802,7,-0.07104190528545024
374202,-1.62602814190979,7,-1.1603641177514807
284281,0.18941365871521,7,-0.11364660217271966
284277,0.666351758879406,7,0.4853474400354775
188306,0.204798758720506,7,-0.13793030400231965
283735,0.17402855870991302,7,-0.39040113567414486
375582,1.88177465929784,7,0.9558506882441484
375368,1.85100445928725,7,0.7301987128909679
188981,-0.27213934144369,7,-0.24706638683263465
373509,0.466345458810549,7,-0.0315444102103109
375608,0.6971219588899991,7,0.8744538738343177
188146,0.0971030586834297,7,0.12499421290157231
190062,0.497115658821142,7,0.007253479570858812
375693,0.3278795587628789,7,0.8346860094698161
187591,0.14325835869932002,7,-0.17251497912517816
374534,0.281724258746989,7,-0.2066907924998616
373835,0.2663391587416929,7,0.10549203368338453
375169,0.158643458704616,7,0.0009697730637182045
190045,0.0971030586834297,7,-0.16344681002457068
190733,-1.2260155417720802,7,-0.3486571130815613
188015,-1.3644814418197502,7,-0.42501855904034286
187772,0.8355878589376691,8,-0.16313415915458332
374744,-0.872158241650259,8,-0.7769228790265067
374067,1.28175575909127,8,0.04112678663670899
189274,0.958668658980042,8,-0.00802567954552233
374712,-1.39525164183034,8,0.0373416724225529
190807,-0.5490711415390289,8,-0.7204555831459125
375957,0.804817658927075,8,0.27874579751536954
190129,-0.902928441660852,8,-0.4965019969307509
187904,-0.595226441554919,8,0.3654379311968373
336484,-1.30294104179856,8,-0.47641231108684057
187628,-0.28752444144898603,8,0.04827717892577685
189928,0.40480505878936296,8,-0.25107856117241767
375678,1.31252595910186,8,0.8981860718723993
374003,-0.0413628413642401,8,0.15192912183771132
188536,0.450960358805253,8,0.11705934023961412
374158,-0.149058541401317,8,-0.2960952555769928
374178,-1.3798665418250502,8,-0.43327096720562075
187588,0.343264658768176,8,-0.0014640957130144239
190203,0.897128258958855,8,0.10696474736676681
375941,1.05097925901182,8,1.169988820705284
190774,-0.0413628413642401,8,-0.29551120707448875
188467,-0.9644688416820392,8,-0.19385402182884356
188329,-0.21059894142250304,8,-0.6925728504308931
188031,0.374034858778769,8,-0.39329686500369754
188051,1.05097925901182,8,1.414205826974723
284373,0.558656058842329,8,0.556947326038368
187866,-0.6259966415655129,8,0.04734771134195273
190403,-0.0105926413536468,8,-0.15335270750780775
375518,1.78946405926606,8,0.6965953836319798
188246,-0.6259966415655129,8,-0.7627006206131693
189862,1.08174945902242,8,0.2821512276600666
374545,0.989438858990635,8,0.12490054900467878
190274,-0.641381741570809,8,-0.19658184757123418
375871,1.2356004590753795,8,0.708179061546668
374620,0.897128258958855,8,0.06485208448316118
375743,0.435575258799956,8,0.2327604287635222
188546,-0.718307241597292,8,-1.373296075629984
188373,-0.9644688416820392,8,-0.2037172297940031
284279,1.00482395899593,8,0.528114231693845
374513,0.0663328586728364,8,-0.20744810422783036
374612,1.1586749590488998,8,0.6717752680520137
283822,-0.7952327416237758,8,-0.633416637181848
187996,-0.21059894142250304,8,-0.24639359074916575
188355,1.03559415900652,8,0.39378200213236947
284059,0.312494458757583,8,-0.3240820409709376
283844,-0.8875433416555559,8,-0.9635497849106712
374741,-1.6414132419150902,8,-0.521926995120561
189797,1.02020905900123,8,0.621016308024254
375389,0.681736858884702,8,-0.09672546280335378
373939,-1.3798665418250502,8,-0.0473265676940037
188636,-0.6259966415655129,8,-0.43443315172118624
376001,0.727892158900592,8,0.40524092722199223
187971,1.26637065908597,8,0.5815081421782827
189153,-1.10293474172971,8,-1.316817939289003
375254,1.02020905900123,8,0.21999678879317094
190174,-0.672151941581403,8,-0.35644217465802785
374239,0.512500758826439,8,0.08741404198260586
188482,-1.71833874194157,8,-0.5362186526814825
308269,-1.33371124180916,8,-0.15862235933749494
374614,1.40483655913364,8,0.6927485213172081
189031,-0.872158241650259,8,-1.3698757557562802
375661,2.02024055934551,8,0.6178099668957934
190101,-0.8875433416555559,8,-0.9109917730695948
373655,-0.702922141591996,8,-0.08007660146271492
189390,-0.518300941528436,8,-0.5996301591675212
283215,-0.21059894142250304,8,-0.34542548828790565
374533,-0.9336986416714448,8,-0.1850773002608532
283579,-0.0567479413695367,8,-0.030434651934215767
375975,-0.872158241650259,8,-0.4510038550081944
187780,0.820202758932372,8,0.12469598578726077
187840,0.112488158688726,8,-0.21246278665536697
190819,-0.44137544150195296,8,-0.720006147380281
375895,1.29714085909657,8,0.7927117636011316
188669,-0.395220141486063,8,-0.03516462657357708
375740,1.97408525932962,8,0.4500040529802334
374718,0.650966658874109,8,0.5829435882536478
188340,-1.31832614180386,8,-1.2172100322384465
376015,0.17402855870991302,8,-0.02897938518152146
187846,-0.31829464145958003,8,0.9333502454192104
374680,1.08174945902242,8,0.2335959226393328
188997,-0.595226441554919,8,-0.7703889375071863
283774,-0.36444994147547,8,-0.9005917966762872
189751,2.2202468594143703,8,1.1988946736203767
189421,-1.19524534176149,8,-0.6021969670307631
375752,1.78946405926606,8,0.6315616705556959
187537,0.666351758879406,8,0.6068904060522877
190199,0.40480505878936296,8,0.5362064151201219
375513,0.7432772589058891,8,0.9313518876803836
375576,-0.564456241544326,8,-0.09579432453739165
188038,0.0663328586728364,8,-0.050194237316704055
374621,0.435575258799956,8,0.42011389155115453
187582,0.0509477586675398,8,-0.45780657046510076
189667,-0.902928441660852,8,-0.4074631014408272
374148,-0.36444994147547,8,-0.23869943218353337
373780,-1.45679204185153,8,-0.6309656683020591
189776,-1.1337049417403,8,-1.198057466417189
189116,-0.44137544150195296,8,-0.41218094406072925
189869,0.343264658768176,8,0.311233490695309
187958,0.297109358752286,8,0.07291233582176485
188768,-0.841388041639666,8,-1.1119184387087848
188999,-1.3644814418197502,8,-0.73147236301573
189628,-0.19521384141720705,8,-0.5744902033844687
375857,1.08174945902242,8,0.5715577567436538
283602,0.450960358805253,8,-0.15565427966908527
283722,1.42022165913894,8,0.0749523093036536
190086,1.00482395899593,8,-0.06132308886456958
190160,0.312494458757583,8,0.2326183042151373
283838,1.68176835922898,8,0.6240658532948199
375933,-0.21059894142250304,8,0.35819900392485887
374814,-1.54910264188331,8,-0.615177103527917
375596,0.7432772589058891,8,-0.09827265545103644
190472,-0.102903241385427,8,-0.004104803750521552
187874,-0.36444994147547,8,0.03686969526072417
187667,-0.841388041639666,8,-0.24148252762889563
375773,1.74330875925017,8,1.0264268947618382
374934,0.7586623589111852,8,0.9204986708545353
188113,-1.97988544203162,8,-0.9348577907366734
190703,0.25095405873639604,8,-0.43846441605017583
187594,1.75869385925547,8,-0.0812590154548187
187714,0.0663328586728364,8,-0.10514592093481576
284319,0.297109358752286,8,0.414155970829669
190137,-0.656766841576106,8,-0.2554584148203789
188101,-0.08751814138012999,8,-0.37489084946106155
283444,0.527885858831736,8,0.42793998962780877
188517,-0.702922141591996,8,-0.1862782249248711
189268,0.912513358964152,8,0.7637134206409648
374004,-0.379835041480766,8,0.16167646636651892
189002,-0.6106115415602161,8,-0.3526365212355195
374475,0.9278984589694492,8,-0.3025322285776856
188596,-0.13367344139602,8,0.09154584947474334
188341,-0.30290954145428306,8,-1.3224612191853884
188314,-0.764462541613182,8,-0.5365098665483115
375460,-0.3336797414648761,8,-0.17841544566946096
187764,-1.07216454171912,8,-0.28159689162081947
283670,1.37406635912305,8,0.239736918723545
283445,1.42022165913894,8,0.2589968439291981
375499,-0.44137544150195296,8,0.02665976642283266
190163,-0.2259840414278,8,-0.5188424768235679
187952,0.650966658874109,8,0.8604526259469173
189230,-1.10293474172971,8,-1.3768190916809522
283792,-0.7798476416184791,8,0.943023777151712
189032,-0.349064841470173,8,-0.4505306329658727
375340,1.69715345923428,8,0.48710722655665817
2437214,1.86638955929254,8,0.3446023289805951
375973,-0.0259777413589435,8,-0.05970985098033574
319784,0.435575258799956,8,1.0110962292614536
189164,-1.53371754187801,8,-1.1949615349417921
188061,0.866358058948262,8,0.6357935782684945
283158,0.512500758826439,8,0.4856000800956808
187489,-1.77987914196276,8,-0.6324817226894459
283125,-1.9183450420104295,8,-0.022095942296437993
375687,0.7125070588952959,8,0.6026551159839846
376034,0.40480505878936296,8,0.07358370070723072
190098,-1.25678574178268,8,-0.42205712009586693
283763,0.358649758773473,8,-0.027360237362123646
283162,-0.4875307415178429,8,-0.09009486478763837
283132,0.2663391587416929,8,0.21137720936023702
188075,1.08174945902242,8,0.04417683288306151
374359,-0.395220141486063,8,-0.47883887469024533
375394,-0.41060524149136,8,0.007196532663409638
283615,0.8355878589376691,8,0.15449322819797198
374551,0.850972958942965,8,0.8847876636947297
189668,-1.1337049417403,8,-0.8579353949962883
336688,-1.96450034202632,8,-0.2025884536159269
188268,-0.08751814138012999,8,-0.34633944162055186
375788,0.0817179586781331,8,0.1968932037761236
189225,0.112488158688726,8,-0.44099048757762227
187548,1.78946405926606,8,0.745293190309555
373782,-1.31832614180386,8,-0.6784058496987055
284309,0.574041158847626,8,0.4270470879055942
375634,1.74330875925017,8,0.6664231789476134
375037,-1.31832614180386,8,-0.16097890384568977
187834,-0.395220141486063,8,-0.5106852470743245
188991,-0.564456241544326,8,-0.3123553696031176
187609,-0.7952327416237758,8,-0.5418340828578914
189231,1.08174945902242,8,0.8577481969047945
188243,-0.518300941528436,8,-0.3313542341893635
284370,0.7740474589164821,8,-0.06366516080754445
375591,-0.0413628413642401,8,-0.19765291625516876
187844,1.49714715916542,8,1.2280956444557385
188226,-1.53371754187801,8,-0.4613413117107984
283176,1.18944515905949,8,-0.7432955812064387
283978,0.204798758720506,8,0.09141002140990384
283719,-1.53371754187801,8,-0.9961227112170791
187946,-0.349064841470173,8,-0.06846680472939923
189804,-0.44137544150195296,8,0.2326078562187129
187832,0.220183858725803,8,-0.38405954450354585
189851,1.51253225917072,8,1.0999119808030389
188346,-0.841388041639666,8,-0.8929628500858181
375020,0.0663328586728364,8,-0.017638325682108796
188269,-0.902928441660852,8,-0.5916458725293664
318174,-1.39525164183034,8,-0.5736615338340291
189974,-0.0105926413536468,8,0.03710458420783244
283950,1.2509855590806798,8,0.405940967740001
189079,-0.28752444144898603,8,-0.22917054444460036
374063,1.1586749590488998,8,-0.09022271486195385
187867,0.527885858831736,8,-0.15326471677586798
187458,-0.0105926413536468,8,0.40794042454118795
375594,-0.0567479413695367,8,-0.34533928748150344
189085,-0.6259966415655129,8,-1.4086688950702022
283668,0.0201775586569465,9,0.1395576037415942
187990,-1.7952642419680602,9,-0.15599551597775602
189803,-0.17982874141191002,9,-0.033968922046546
375759,0.0201775586569465,9,0.12760029481557877
187791,-0.656766841576106,9,0.16306484493860557
375742,0.989438858990635,9,0.4186728709939877
190143,0.450960358805253,9,1.3074323329853974
189242,-0.995239041692632,9,-0.6597001543478784
375930,-0.5336860415337329,9,-0.14668660239439885
187941,0.558656058842329,9,0.09634226944054919
187758,0.0355626586622431,9,-0.26257278030334125
283599,-1.47217714185683,9,-0.1531059557436127
375597,1.77407895926076,9,0.7258481228442245
188549,-1.5029473418674195,9,-1.1964737877085776
187485,-0.19521384141720705,9,-0.9030435255976506
374742,0.40480505878936296,9,-0.6019456206622311
189157,-0.5336860415337329,9,-0.5860452266054781
189004,-1.07216454171912,9,-0.2834961938912039
284015,-0.36444994147547,9,-0.13148316518539155
189805,-0.564456241544326,9,-0.950601194399209
375626,-0.0413628413642401,9,-0.19167772641836783
375731,0.804817658927075,9,0.5109091734877518
189301,-0.826002941634369,9,-0.4858237868501996
188922,-0.826002941634369,9,0.3111579618357965
373682,0.2663391587416929,9,0.22785324866279916
284312,0.2663391587416929,9,0.40605010123203844
375970,-0.36444994147547,9,0.1279686452447314
188345,-1.07216454171912,9,-0.8584319945818635
375503,2.12793625938259,9,1.5076703821993527
374472,0.0663328586728364,9,-0.1722679023474215
190709,-0.6106115415602161,9,-0.1949642777159662
375838,-1.4106367418356398,9,-1.1664783034044248
284327,0.727892158900592,9,0.48510558449712804
188327,-1.9183450420104295,9,-0.7443895257451312
187584,0.512500758826439,9,0.39083881730180614
188698,1.34329615911246,9,1.269091799101528
374699,1.74330875925017,9,0.2583587450381604
189238,-0.5336860415337329,9,-0.4184527026840356
189045,0.681736858884702,9,-0.10624848605656867
374160,0.604811358858219,9,-0.25589451204512964
187545,-0.502915841523139,9,0.034652855455163056
373948,0.604811358858219,9,-0.11733759337992938
189842,-0.28752444144898603,9,-0.22528546936841798
375832,-1.81064934197335,9,-0.9928848867104825
190364,0.650966658874109,9,0.48621459593087796
283230,-1.30294104179856,9,-0.028375150802718463
187814,0.620196458863516,9,-0.057032031210831446
187986,-0.6259966415655129,9,0.2967840299649914
375538,1.28175575909127,9,1.4972708954144869
284239,-0.9336986416714448,9,0.31105323461198015
284328,0.974053758985338,9,0.3985518329103239
187690,0.958668658980042,9,0.7560002764585052
283667,1.65099815921839,9,0.2734138699603931
283815,-0.0567479413695367,9,-0.1401897912686117
375744,-0.902928441660852,9,-0.46645179971344947
189042,-0.687537041586699,9,-0.7363920699588657
283768,0.14325835869932002,9,-0.5921968755021287
375456,0.40480505878936296,9,0.37767179045923815
283742,0.0355626586622431,9,-0.05567791225768637
318550,-0.17982874141191002,9,-0.653516489356389
374611,0.604811358858219,9,-0.3024633181968192
189856,0.343264658768176,9,-0.2348894475058666
374500,0.650966658874109,9,1.2997459610644568
373912,1.00482395899593,9,0.9961666900580386
374385,-1.10293474172971,9,-0.11813748207421632
2437249,0.604811358858219,9,0.24132865566009998
188321,-0.7952327416237758,9,-0.15275751034859875
187989,-1.54910264188331,9,-0.26414514443763143
187984,0.435575258799956,9,-0.14638629219859423
283752,0.497115658821142,9,-0.028244536907143125
187778,0.866358058948262,9,1.2603514383018104
283805,-0.118288341390723,9,-0.39158652483611095
187796,-0.826002941634369,9,-0.4012781794040636
375875,0.343264658768176,9,-0.20300135198267366
190808,-0.28752444144898603,9,-0.7133221927000861
375681,1.05097925901182,9,0.9230029010222534
189697,-1.05677944171382,9,-0.49934358124907957
375310,-1.4260218418409398,9,0.2791397760574891
189188,-0.7490774416078859,9,-0.7859623381296665
374956,0.543270958837032,9,0.7450783025808202
375205,-1.1337049417403,9,-0.0012864300012697116
373756,0.7432772589058891,9,-0.003542282477521752
190081,1.26637065908597,9,-0.07521004969191264
189078,0.0201775586569465,9,-0.30858443586519363
374412,-1.04139434170852,9,-0.19275564797818762
189059,-0.6259966415655129,9,-0.41999431465731757
188785,-0.9644688416820392,9,0.008390960733917652
188227,-1.25678574178268,9,1.0605507159830663
189091,0.912513358964152,9,0.827011364195043
375728,0.00479245865164983,9,0.4787413724555567
188220,1.74330875925017,9,1.117837856039504
374204,-0.13367344139602,9,0.19987169464005322
308010,-0.149058541401317,9,0.53169369123002
284291,0.7125070588952959,9,0.5154621524826176
190252,-0.118288341390723,9,0.004573598504076071
189885,-0.733692341602589,9,0.5865246113987863
190800,-0.17982874141191002,9,-0.10351004066262043
189309,-0.21059894142250304,9,-0.41250670362474834
189637,-0.518300941528436,9,-0.5507460570181659
283114,0.497115658821142,9,0.15346358677894495
375815,-0.118288341390723,9,0.4694237460283255
188244,-1.11831984173501,9,-0.9935505318007689
375842,0.804817658927075,9,0.4092571349224624
189237,-0.7798476416184791,9,-0.42749124068484495
283107,-0.19521384141720705,9,0.15086266911660018
187473,-0.395220141486063,9,-0.04009746790522867
374640,1.1586749590488998,9,0.8064067723254174
188117,-0.118288341390723,9,0.23714990968275976
188291,-0.979853941687335,9,0.2016834815844205
189970,-0.7952327416237758,9,0.05510855518120977
190073,0.112488158688726,9,0.6078151996689644
190804,-1.39525164183034,9,-0.40976773553497575
189109,-2.0414258420528,9,-1.242091823309475
190177,-1.11831984173501,9,-0.42053043840304777
374011,0.527885858831736,9,-0.06317845341312539
374151,0.158643458704616,9,0.20340387283587386
190810,0.589426258852922,9,-0.1592083035825299
283968,0.8355878589376691,9,0.1298884690754631
373651,1.46637695915483,9,0.4786697342625109
190039,-1.05677944171382,9,-1.0009193902445506
283235,0.14325835869932002,9,-0.2986970443061246
187817,2.29717235944085,9,0.8601545391124517
190007,-0.979853941687335,9,-0.05640202150147694
374396,0.220183858725803,9,-0.09309249772651468
190149,-1.56448774188861,9,-0.7848369583352126
375664,1.69715345923428,9,0.7914950628021942
188402,1.26637065908597,9,0.9849953000761553
2437258,0.343264658768176,9,0.8202110140346968
189919,-0.564456241544326,9,-0.1965077678555503
374108,-1.48756224186212,9,-0.7347237044415045
189139,0.7586623589111852,9,0.05017252259716226
188507,-0.702922141591996,9,-0.05928327727452232
284245,1.89715975930314,9,0.27237529060443666
187658,-0.764462541613182,9,0.024228229950124247
375736,0.343264658768176,9,0.32866361595073973
189955,1.18944515905949,9,0.1435261000758713
375434,0.204798758720506,9,0.1370947407598903
187648,2.42025315948322,9,0.530184141731865
283145,-1.2414006417773795,9,-0.3482142066163593
375708,0.204798758720506,9,1.0407688859842268
187500,-0.2259840414278,9,0.6140605316876611
283775,0.312494458757583,9,0.11273893727922138
373980,-0.2259840414278,9,-0.31089803979750524
187853,-0.872158241650259,9,-0.01920497799281229
188336,-2.25681724212696,9,-0.9128030600898134
187999,-0.656766841576106,9,0.21196179605294652
373991,0.604811358858219,9,-0.18049652060714422
187810,-0.841388041639666,9,-0.07683792488347813
187739,1.98947035933492,9,0.4809911798686556
283772,-0.7798476416184791,9,0.32057781534756785
188320,-1.47217714185683,9,-0.8913276374163428
190803,-0.687537041586699,9,-0.4004273670869562
188026,0.0201775586569465,9,-0.24270584764835618
373900,1.86638955929254,9,0.14203327476502753
187576,0.7125070588952959,9,0.17044938170956558
2437194,-0.7490774416078859,9,-0.13070337392202597
189937,-0.5336860415337329,9,-0.18950970483185015
373904,1.28175575909127,9,-0.09116940092656983
188137,-0.979853941687335,9,0.3297762597281909
318175,-0.41060524149136,9,-0.6648766105061095
189913,0.604811358858219,9,0.305436753527199
187518,-0.5336860415337329,9,-0.31113628156719736
319285,0.512500758826439,9,-0.07928846206207757
156377,1.6202279592078,9,0.9854095649752461
308011,0.25095405873639604,9,0.3440394394610549
188027,-1.25678574178268,9,-0.2047416639525968
189290,-0.0567479413695367,9,-0.6010040108769075
188114,-0.149058541401317,9,-0.15581661759388143
190734,-0.118288341390723,9,-0.1044066466689087
284203,2.2048617594090696,9,0.6227393852797192
374631,-0.6259966415655129,9,0.6221568066153713
375817,2.11255115937729,9,1.304370231948307
187995,0.0817179586781331,9,0.020227255075435713
375585,1.97408525932962,9,0.5574530337551727
283634,-0.9336986416714448,9,-0.40001748524918185
374944,-0.902928441660852,9,-0.8986601158601815
188640,-0.472145641512546,9,0.13822014373654545
188974,-0.564456241544326,9,-0.19416082069341184
374386,0.8817431589535591,9,-0.3761688248788944
188231,1.5894577591972,9,1.0081181621029118
189832,-0.241369141433096,9,-0.09804529083266406
187783,0.9278984589694492,9,0.4448223839633721
374139,-0.7798476416184791,9,-0.46934103032737057
284280,0.7125070588952959,9,0.4751785731589324
187981,-0.13367344139602,9,-0.30817665629397656
189871,-0.149058541401317,9,0.22123829076795967
188704,-1.01062414169793,9,-0.9403476921250313
188105,-0.702922141591996,9,-0.17958914924419694
188476,-0.31829464145958003,9,0.06761912181827218
187771,-0.5336860415337329,9,-0.009966862621710038
189189,0.2355689587311,9,-0.44258768420082845
188086,-0.7952327416237758,9,-0.10824352860113007
187530,0.8817431589535591,9,0.24691391827232345
188786,-0.902928441660852,9,-1.0777113921727557
188092,-0.979853941687335,9,-0.3498731670849053
189715,-0.08751814138012999,9,-0.19285406248241327
187842,-1.2414006417773795,9,-1.2798452561357085
188552,0.450960358805253,9,-0.3199158686670082
283121,0.220183858725803,9,0.13031109820309944
374652,1.00482395899593,9,0.41392117042685783
