id,tkw,kfold,XGBoost_pred
283163,0.00479245865164983,0,-0.53035843
188018,-0.672151941581403,0,-0.21068996
188012,-1.3644814418197502,0,-0.2488479
319779,-0.949083741676742,0,-0.24629146
375921,0.18941365871521,0,0.53799826
283143,0.14325835869932002,0,-0.011747833
374171,-0.19521384141720705,0,0.047124013
336782,-1.6567983419203898,0,-0.8264183
189014,0.281724258746989,0,-0.2835539
189894,-1.33371124180916,0,-0.17813374
375674,1.03559415900652,0,0.88614684
375956,1.32791105910716,0,1.4738171
373770,-1.6414132419150902,0,-0.49118075
374365,-1.4260218418409398,0,-0.9293929
374190,0.158643458704616,0,-0.36493587
187803,-0.0105926413536468,0,0.30313307
336684,-1.2414006417773795,0,-0.49736124
373861,0.0201775586569465,0,-0.50590456
187526,1.1586749590488998,0,-0.22636533
187881,0.17402855870991302,0,0.0021074219
375560,-0.641381741570809,0,0.083452396
374592,-1.6414132419150902,0,-0.10630807
375883,1.1586749590488998,0,1.6527042
190277,-0.19521384141720705,0,-0.30850008
2437377,0.297109358752286,0,0.3943007
187631,0.7586623589111852,0,0.75126106
374124,-0.764462541613182,0,-0.2793214
308009,-0.44137544150195296,0,-0.5132444
187855,-0.902928441660852,0,-0.0042045787
284216,0.727892158900592,0,0.27305177
374941,0.40480505878936296,0,-0.3267871
2437245,0.0201775586569465,0,0.3316052
189756,-1.19524534176149,0,-1.1627802
374553,0.435575258799956,0,0.18520927
187807,-2.0568109420581,0,0.18191406
188501,0.420190158794659,0,0.05331076
189292,-1.30294104179856,0,-0.7509495
190173,-1.01062414169793,0,-0.467869
375577,0.497115658821142,0,1.0797752
283598,-0.17982874141191002,0,0.021371791
189253,-0.656766841576106,0,-1.2391372
283784,-0.0567479413695367,0,0.10386119
283817,0.0817179586781331,0,0.26525164
189245,-0.564456241544326,0,0.309637
188153,0.9278984589694492,0,0.516083
375962,-0.595226441554919,0,0.053098347
373863,-1.1337049417403,0,-0.5864642
187510,-1.33371124180916,0,0.12224654
188441,0.2355689587311,0,-0.3629656
373468,0.604811358858219,0,0.03395785
187687,-0.702922141591996,0,0.21050432
188396,1.26637065908597,0,0.20630293
375454,-0.241369141433096,0,0.36716852
374476,1.6202279592078,0,0.76069725
308254,-0.0105926413536468,0,0.15277825
188418,-1.45679204185153,0,0.025105393
189631,-0.4875307415178429,0,-0.42712113
188715,0.589426258852922,0,0.12400938
283171,1.11251965903301,0,0.8858847
190186,-0.518300941528436,0,-0.25608742
373799,-1.54910264188331,0,-0.78897405
376002,-0.13367344139602,0,0.47552532
375696,1.82023425927665,0,1.5868956
188543,-1.47217714185683,0,-0.8321099
188163,1.17406005905419,0,0.21497948
283989,0.18941365871521,0,-0.36761618
187703,-0.30290954145428306,0,0.021232327
373694,2.00485545934021,0,1.0270134
373674,0.0971030586834297,0,0.049765635
374665,0.450960358805253,0,0.8310897
284190,2.281787259435549,0,0.78001493
283751,-0.6259966415655129,0,-0.27225116
190669,-1.56448774188861,0,-0.66852635
190813,-0.5490711415390289,0,-1.0450922
188984,-0.118288341390723,0,-0.23563494
190000,0.220183858725803,0,0.21652347
188468,-0.08751814138012999,0,-0.36469257
284251,1.1279047590383,0,-0.027376559
189084,-0.595226441554919,0,-1.2324733
375411,-1.05677944171382,0,-0.23883449
189193,-0.9644688416820392,0,-1.1827083
189282,-0.641381741570809,0,-0.68375415
375581,1.97408525932962,0,1.0169408
376022,0.604811358858219,0,0.74482375
189320,-1.70295364193628,0,-0.9939652
374610,-1.10293474172971,0,0.1387948
187611,0.943283558974745,0,-0.1532701
375579,0.727892158900592,0,0.27959594
283813,-0.872158241650259,0,-0.41879544
187892,2.11255115937729,0,1.3713113
190778,-1.25678574178268,0,-0.47605434
375755,0.7586623589111852,0,1.1891242
283830,-0.7490774416078859,0,-0.71518135
373672,-0.379835041480766,0,-0.37627232
188328,-0.5336860415337329,0,-0.024559597
190175,0.18941365871521,0,-0.19435897
188286,0.0509477586675398,0,-0.4054397
189241,-0.31829464145958003,0,-0.41950494
188758,-1.01062414169793,0,-0.41696
375553,-0.28752444144898603,0,0.53989774
188472,-0.149058541401317,0,-0.4471332
187606,-0.31829464145958003,0,0.42530906
189046,-0.702922141591996,0,-0.639967
375663,1.37406635912305,0,1.4871184
188202,0.466345458810549,0,-0.28007102
188215,0.25095405873639604,0,-0.22987641
375823,-0.395220141486063,0,0.4342056
373903,0.574041158847626,0,0.58122253
188155,1.1279047590383,0,0.21198231
187730,1.02020905900123,0,0.24878071
374568,0.2663391587416929,0,0.6069041
189683,2.09716605937199,0,1.8536661
283776,-0.19521384141720705,0,0.27389678
190126,-0.4875307415178429,0,-0.38313287
187585,0.00479245865164983,0,0.22220977
188250,0.204798758720506,0,-0.1414485
188792,1.6048428592025,0,-0.3782174
189971,0.604811358858219,0,0.24792682
189949,0.14325835869932002,0,0.05025465
375557,1.65099815921839,0,-0.3321268
374407,0.2355689587311,0,0.13485084
188849,-2.02604074204751,0,-0.6908514
187883,1.32791105910716,0,0.87431365
187856,-0.733692341602589,0,0.07319314
188944,-1.04139434170852,0,-0.2271616
188907,-1.76449404195746,0,-1.1998299
189027,0.18941365871521,0,-0.09878198
374368,1.42022165913894,0,-0.0215392
188463,-1.28755594179327,0,-0.72585213
375018,-1.05677944171382,0,0.28415117
375711,-0.28752444144898603,0,0.21981432
189853,0.18941365871521,0,0.13360724
375779,0.820202758932372,0,0.73542744
283633,-1.67218344192568,0,-1.2971857
188708,-0.17982874141191002,0,0.44183508
187551,0.958668658980042,0,1.293297
374696,0.958668658980042,0,0.2550942
187860,-0.6259966415655129,0,0.5045054
374604,-0.41060524149136,0,-0.5311789
284176,1.57407265919191,0,1.1763679
187880,-0.8875433416555559,0,-0.124383375
374110,0.543270958837032,0,-0.21365638
189070,-1.47217714185683,0,-0.868818
283736,-0.841388041639666,0,-0.30108872
187735,0.512500758826439,0,0.78029794
188033,-0.733692341602589,0,-0.16455467
187974,0.127873258694023,0,0.19678603
188384,-1.2414006417773795,0,0.047471087
374591,-0.672151941581403,0,0.0045480416
283205,-1.39525164183034,0,0.22653994
189895,0.0509477586675398,0,-0.19976194
188734,-0.826002941634369,0,-0.25150958
375547,-0.7952327416237758,0,0.13388461
2437409,2.37409785946733,0,0.6248014
188239,2.46640845949911,0,0.09664496
188067,0.343264658768176,0,-0.028545681
188412,0.497115658821142,0,0.031739958
375745,-0.810617841629072,0,-0.18079218
187972,-1.74910894195217,0,-0.98364043
187854,-0.702922141591996,0,-0.37140322
187920,-0.672151941581403,0,-0.22008881
337841,-0.8875433416555559,0,-0.06307895
284132,1.5894577591972,0,0.7827538
187968,1.68176835922898,0,0.07729648
375549,-1.07216454171912,0,-0.4448727
336481,-0.13367344139602,0,-0.6971785
190815,1.74330875925017,0,0.6115633
375590,0.866358058948262,0,0.2658131
188174,0.604811358858219,0,1.2500741
375569,-0.718307241597292,0,-0.2457738
189433,-1.5029473418674195,0,-0.6770216
375716,1.05097925901182,0,0.9630023
189115,0.127873258694023,0,-0.37755123
375698,1.82023425927665,0,1.4554169
375391,0.512500758826439,0,0.13418186
308253,0.2355689587311,0,0.24402285
375393,0.512500758826439,0,0.21014048
374515,-0.2259840414278,0,-0.09092556
284265,-1.28755594179327,0,-0.24642794
188204,-0.6106115415602161,0,-0.059426427
188913,-0.7798476416184791,0,-0.6787169
189221,-2.0721960420634,0,-1.2971709
187906,0.0817179586781331,0,1.2144237
188897,2.63564455955738,0,1.406142
375784,1.34329615911246,0,1.0027313
3624697,0.343264658768176,0,0.0765944
189734,-0.241369141433096,0,0.2586475
188249,0.7586623589111852,0,0.58644974
374945,-1.47217714185683,0,-0.7058159
374037,0.281724258746989,0,-0.28938982
190184,-1.10293474172971,0,-0.16473927
187665,-0.733692341602589,0,-0.09840307
190707,-0.672151941581403,0,-0.7291947
188258,-0.702922141591996,0,-0.6031677
375546,-0.518300941528436,0,0.8097597
375692,-1.02600924170323,0,-0.19599877
376040,1.1586749590488998,0,1.3553985
284272,-0.13367344139602,0,-0.2624867
283677,0.00479245865164983,0,-0.22935854
284164,1.74330875925017,0,0.97706264
190140,0.804817658927075,1,0.5859985
375775,-0.31829464145958003,1,0.7215109
375432,0.112488158688726,1,0.36285555
189134,-0.841388041639666,1,-1.1264275
187824,0.312494458757583,1,0.32240686
188909,-1.53371754187801,1,-0.35859373
188325,-1.9337301420157296,1,-0.5492445
283604,-0.395220141486063,1,-0.30780867
284002,-0.36444994147547,1,-0.6816042
189700,-0.44137544150195296,1,-0.78290176
375545,1.2202153590700802,1,1.0260347
188053,0.527885858831736,1,-0.4761635
187955,0.943283558974745,1,-0.15377669
189455,-2.27220234213225,1,-0.5022217
188104,-0.36444994147547,1,-0.049977668
283715,-0.379835041480766,1,0.075519204
284231,1.74330875925017,1,0.14654298
188095,-1.10293474172971,1,0.014181345
190125,1.1432898590436,1,-0.18051784
187781,-1.07216454171912,1,-0.46822703
188993,0.281724258746989,1,-0.3316152
2437280,0.7125070588952959,1,0.6787216
375589,-0.502915841523139,1,0.0155981565
188037,0.0663328586728364,1,0.13941303
283448,0.2355689587311,1,0.59328765
283823,-1.33371124180916,1,-0.22313152
375714,1.77407895926076,1,1.2813804
188401,-0.7798476416184791,1,0.050506353
374825,-2.0414258420528,1,-1.005263
190213,1.54330245918131,1,0.8712947
283876,-0.472145641512546,1,0.3397605
190458,-0.379835041480766,1,-0.79372764
283201,0.466345458810549,1,0.49859166
188093,0.312494458757583,1,0.119844824
188742,-1.73372384194687,1,-1.1053296
188894,0.297109358752286,1,-0.22702947
188500,1.28175575909127,1,0.46461922
375995,0.0509477586675398,1,0.049107023
188421,-1.68756854193098,1,-0.1887455
188526,-1.01062414169793,1,-0.17628203
374471,0.40480505878936296,1,-0.2739549
284322,1.46637695915483,1,0.27054325
189232,-1.04139434170852,1,-0.60483694
375016,-1.30294104179856,1,-0.34099904
190064,-0.718307241597292,1,0.26913553
187482,-1.2260155417720802,1,-0.9665361
188972,-1.2414006417773795,1,-0.13161033
190170,0.450960358805253,1,0.6879885
190089,1.05097925901182,1,-0.30963492
375749,0.912513358964152,1,0.45826516
189844,2.512563759515,1,1.2657965
187895,0.374034858778769,1,0.50003815
283773,1.46637695915483,1,0.18895753
284066,2.35871275946204,1,0.7667343
373851,1.00482395899593,1,1.2489122
187816,1.85100445928725,1,1.1070173
190058,0.40480505878936296,1,0.18372905
187702,0.3894199587840661,1,-0.7193659
189005,-0.44137544150195296,1,-0.27653754
374156,-0.19521384141720705,1,-0.54407984
190092,-0.472145641512546,1,-0.39032215
375710,1.95870015932432,1,1.6874644
188235,0.220183858725803,1,0.87587494
375778,0.0971030586834297,1,1.3053321
283969,-0.21059894142250304,1,0.20379919
188256,0.312494458757583,1,-0.27969682
190802,1.65099815921839,1,1.2385477
374504,-1.28755594179327,1,-0.58354014
188054,-0.949083741676742,1,-0.08173583
374969,-0.518300941528436,1,0.3260837
284209,-1.85680464198924,1,-0.41156965
283759,-0.149058541401317,1,-0.2353255
284100,1.43560675914424,1,0.24137038
374401,-0.764462541613182,1,-0.8089609
190792,-0.6259966415655129,1,-0.15597433
188934,-1.19524534176149,1,-0.074040346
187456,-0.7490774416078859,1,-0.46946654
376049,-0.764462541613182,1,-0.22478312
189243,-1.1644751417508998,1,-0.5202158
187696,-0.5336860415337329,1,-0.5563268
189944,1.63561305921309,1,0.85412735
375607,0.18941365871521,1,0.03436708
374590,-0.4875307415178429,1,-0.6222989
190102,0.0201775586569465,1,0.35079393
375017,0.7740474589164821,1,0.008656778
189068,0.497115658821142,1,0.081345916
375765,-1.54910264188331,1,-0.6719272
283839,-1.4106367418356398,1,-0.20410433
187560,0.7740474589164821,1,0.89472693
373793,-0.7798476416184791,1,-0.9013157
283789,-0.21059894142250304,1,-0.018133197
188970,0.0355626586622431,1,-0.17033884
2437410,1.17406005905419,1,0.70278186
189012,-0.9644688416820392,1,-0.02387719
189755,-0.241369141433096,1,0.19197999
283138,1.6202279592078,1,0.13373172
187700,-1.1337049417403,1,-0.43235648
188861,-1.25678574178268,1,-1.2947978
375851,1.11251965903301,1,0.81810135
187975,-1.10293474172971,1,-0.61232096
187753,1.05097925901182,1,1.0867761
374745,-1.28755594179327,1,-0.7552395
283083,-0.564456241544326,1,-0.07385412
188172,0.297109358752286,1,0.92526525
187752,0.7125070588952959,1,1.4403172
189248,-0.36444994147547,1,0.09055493
374658,0.374034858778769,1,0.29404885
187564,1.63561305921309,1,-0.4411633
188374,-0.2259840414278,1,0.13607594
187682,0.866358058948262,1,0.27853775
336477,-0.733692341602589,1,-0.7915777
190085,0.9278984589694492,1,0.8682816
375288,0.297109358752286,1,0.44619164
283849,-1.6414132419150902,1,-0.39478737
187470,-0.17982874141191002,1,0.5179318
283553,-0.349064841470173,1,0.07428629
374532,0.0355626586622431,1,-0.09119582
375702,1.55868755918661,1,1.467347
373635,0.40480505878936296,1,0.19401255
188362,0.220183858725803,1,0.14649594
374109,-1.68756854193098,1,-1.2598124
189996,0.481730558815846,1,0.2923888
187756,0.7740474589164821,1,1.5877259
2437048,0.112488158688726,1,0.14806698
374599,0.0817179586781331,1,0.8271114
187709,0.8355878589376691,1,-0.083719485
374371,0.497115658821142,1,0.49840754
283748,0.574041158847626,1,-0.029885221
283782,0.666351758879406,1,0.04297006
284202,0.681736858884702,1,-0.8562625
190088,-1.31832614180386,1,-0.3010608
187711,-0.0413628413642401,1,-0.21978493
374541,-0.149058541401317,1,-0.042336892
187887,0.974053758985338,1,1.171702
187907,0.17402855870991302,1,0.2821806
319954,0.466345458810549,1,-0.7760861
190296,0.8355878589376691,1,0.32679248
188975,-1.27217084178797,1,-0.8997092
187663,1.17406005905419,1,0.64026606
189000,0.0663328586728364,1,-0.56040096
189006,0.497115658821142,1,0.014021456
284025,-1.0875496417244102,1,-0.29231334
283770,0.466345458810549,1,0.5363762
190150,-0.872158241650259,1,-0.9425791
283166,0.8817431589535591,1,1.0098176
283727,0.0201775586569465,1,-0.04397173
190124,-0.641381741570809,1,-0.43474188
188142,-1.77987914196276,1,-0.7022011
189294,-0.118288341390723,1,-0.7457335
283859,-0.5336860415337329,1,-0.5973588
283116,-1.11831984173501,1,-0.49568665
283311,0.17402855870991302,1,-0.83743256
2437282,0.7586623589111852,1,0.6413562
189754,0.450960358805253,1,0.22699445
336482,-0.687537041586699,1,-0.8033365
188940,-0.349064841470173,1,-0.2963929
187563,-0.349064841470173,1,0.1882824
190791,-0.472145641512546,1,-0.44175017
283766,0.0509477586675398,1,-0.16083656
187556,1.1279047590383,1,0.13906392
283655,1.74330875925017,1,0.7366791
2437268,-0.7490774416078859,1,-0.6504393
188096,-1.45679204185153,1,-0.5837587
189013,-1.04139434170852,1,-0.86482805
283781,-0.13367344139602,1,-0.3578224
187978,-1.05677944171382,1,-0.33934647
375820,-1.19524534176149,1,0.34653065
375404,0.374034858778769,1,0.17396247
374361,-0.17982874141191002,1,0.1284866
2437252,0.9278984589694492,1,0.3466639
374694,0.589426258852922,1,0.6845143
373615,-0.672151941581403,1,-0.8519876
189703,-1.44140694184623,1,-0.8157508
188448,-0.595226441554919,1,-1.0825279
187877,-1.96450034202632,1,-1.1479163
283214,0.3894199587840661,1,-0.28509128
375917,-0.7798476416184791,1,-1.1914285
375341,1.54330245918131,1,0.020943703
188312,-0.733692341602589,1,1.1787319
375666,1.28175575909127,1,1.150843
373754,0.25095405873639604,1,0.008239367
283812,-1.11831984173501,1,-0.69411147
188048,1.45099185914953,1,1.4336615
188912,-0.7798476416184791,1,-0.5095499
190096,-0.118288341390723,1,-0.7146275
375511,1.83561935928195,1,1.710921
187678,-0.7798476416184791,1,-0.4810668
188998,-0.8875433416555559,1,-0.13885583
374961,1.85100445928725,1,0.047777273
2437340,0.989438858990635,1,1.1475039
283779,0.127873258694023,1,-0.0849839
375583,1.34329615911246,1,1.0756731
375695,-1.6414132419150902,1,-0.3273609
189706,0.25095405873639604,1,0.1239081
188496,0.435575258799956,1,-0.05390043
375567,0.7740474589164821,1,1.0123487
373850,0.0355626586622431,1,0.036602523
283449,-1.1337049417403,1,-0.115808785
283104,-1.56448774188861,1,-0.37786686
283232,0.0201775586569465,1,-1.100601
375707,-0.149058541401317,2,-0.27531198
188363,-0.08751814138012999,2,0.34995392
187742,-0.595226441554919,2,-0.008597043
188036,0.666351758879406,2,0.3648721
375621,2.37409785946733,2,0.55090904
188083,1.1586749590488998,2,1.276327
188170,1.86638955929254,2,1.218485
188056,1.05097925901182,2,1.5698966
283718,0.2663391587416929,2,-0.10096064
188064,-0.687537041586699,2,-0.98522294
187546,0.2355689587311,2,0.09918696
188927,0.0509477586675398,2,-0.3129325
318178,-0.826002941634369,2,-0.35936892
188978,-0.28752444144898603,2,-0.37513232
374392,1.7279236592448703,2,0.8787113
187515,-1.11831984173501,2,-0.43527752
187674,-1.88757484199984,2,0.017996242
374147,-1.10293474172971,2,-0.8555357
373578,0.0201775586569465,2,-0.015292668
188383,0.727892158900592,2,0.14855768
189077,-1.56448774188861,2,-0.81138086
284334,1.6202279592078,2,0.45565903
374474,1.68176835922898,2,0.07525307
190046,1.45099185914953,2,0.5830777
283721,0.681736858884702,2,0.19533329
283641,0.804817658927075,2,0.16501337
374066,0.589426258852922,2,1.4811368
187505,2.17409155939848,2,1.0230676
375977,-1.1490900417456,2,0.09597082
188956,0.481730558815846,2,-0.6513489
187523,0.0663328586728364,2,-0.23599051
319957,-0.8875433416555559,2,-0.28484824
375551,-0.6259966415655129,2,0.3961552
187539,1.38945145912835,2,-0.16161183
188577,-1.2414006417773795,2,-0.5899318
318177,-1.3644814418197502,2,-0.64804256
283119,0.558656058842329,2,-0.08423016
187507,-0.733692341602589,2,-0.8043393
187654,-0.995239041692632,2,-0.75059825
375550,-1.5798728418939,2,0.13643762
188840,1.38945145912835,2,1.0195398
283676,-1.19524534176149,2,-0.9514402
375781,1.28175575909127,2,0.46256873
375410,-1.62602814190979,2,0.11969203
188214,0.40480505878936296,2,0.34393284
187567,1.92792995931373,2,1.4906292
374185,-1.30294104179856,2,-0.3536886
187822,1.69715345923428,2,0.35890245
189829,-0.31829464145958003,2,-0.503024
375641,0.420190158794659,2,0.4439566
375502,-0.702922141591996,2,-0.19809873
308266,0.3894199587840661,2,0.4629798
188976,0.481730558815846,2,-0.5231392
374691,-0.256754241438393,2,0.58478564
187733,0.204798758720506,2,0.4555309
374747,-0.687537041586699,2,-0.5236012
375735,0.3894199587840661,2,0.85978997
374530,0.466345458810549,2,-0.14973919
188134,0.9278984589694492,2,1.2045567
189009,-0.0413628413642401,2,-0.23682171
284215,-0.44137544150195296,2,1.2333704
374624,2.18947665940377,2,0.53637004
375444,0.420190158794659,2,0.23785666
373506,0.158643458704616,2,-0.3663816
375397,-0.21059894142250304,2,-0.08377413
2437256,1.05097925901182,2,-0.4909976
187457,-1.73372384194687,2,0.19507964
188338,-0.36444994147547,2,-0.6533337
283639,1.71253855923958,2,0.43983734
189343,-0.672151941581403,2,-1.2568398
188398,-0.36444994147547,2,-0.22710997
187527,-0.08751814138012999,2,0.58647114
187474,-0.502915841523139,2,-0.9019699
375816,2.31255745944615,2,1.4858953
283128,1.51253225917072,2,0.12753324
187692,-0.118288341390723,2,-0.38213068
189050,-1.10293474172971,2,-1.4025664
188906,1.97408525932962,2,1.0446146
190115,-1.04139434170852,2,-0.6419498
188423,-0.0567479413695367,2,-0.45919663
189630,-1.1644751417508998,2,-0.2962502
190116,-0.687537041586699,2,-0.7148592
2437395,0.497115658821142,2,0.2796624
187826,-1.33371124180916,2,0.10353764
375813,-2.21066194211107,2,-0.22636326
373795,-1.81064934197335,2,-0.8600365
189956,0.7586623589111852,2,-0.29562807
188911,2.49717865950971,2,0.93772745
188425,-0.31829464145958003,2,0.13928197
375373,-1.25678574178268,2,-0.4992408
374689,0.804817658927075,2,0.45034853
336485,-0.7490774416078859,2,-0.5462053
375598,0.0971030586834297,2,-0.3451447
374616,-0.36444994147547,2,0.050018154
284262,-0.27213934144369,2,0.6083804
188469,-1.9029599420051295,2,0.17459309
376013,-1.05677944171382,2,0.30992848
187541,-0.5490711415390289,2,-0.36789963
374927,-0.7490774416078859,2,-0.6890823
375998,2.15870645939318,2,1.6445327
189093,-0.902928441660852,2,-0.4125309
374331,1.11251965903301,2,0.13742176
375890,1.20483025906479,2,0.769595
188185,-1.73372384194687,2,-0.43880522
374537,-0.30290954145428306,2,0.5157157
376032,1.06636435901712,2,-0.1105502
190036,-0.08751814138012999,2,-0.03196723
375645,1.43560675914424,2,0.6118575
188229,1.45099185914953,2,-0.36279818
317829,0.220183858725803,2,-0.6739308
189629,-1.1337049417403,2,-0.46130243
188872,-1.8260344419786496,2,-1.105592
283312,1.54330245918131,2,0.35299373
187992,-1.3798665418250502,2,0.3973832
373725,-0.872158241650259,2,-0.64545673
375780,1.38945145912835,2,0.78834563
375704,0.17402855870991302,2,0.70671815
187987,1.11251965903301,2,-0.120208755
283819,-1.25678574178268,2,-0.489776
189023,-0.5490711415390289,2,-0.26063082
374174,0.204798758720506,2,0.55520415
374388,0.112488158688726,2,-0.42021725
375395,-0.149058541401317,2,-0.39835292
373621,-0.2259840414278,2,-0.014938866
187603,-0.28752444144898603,2,0.47975406
308004,-0.718307241597292,2,-0.3575136
189308,-0.733692341602589,2,-0.14680396
373467,0.681736858884702,2,0.11646218
188324,-0.687537041586699,2,-0.12444339
375475,-0.44137544150195296,2,-0.6669609
375565,0.574041158847626,2,0.38572374
188000,0.497115658821142,2,0.108539715
188633,-1.1644751417508998,2,-0.43096954
189038,-0.872158241650259,2,-1.3117791
189010,0.804817658927075,2,-0.232936
187888,0.0971030586834297,2,-0.15284956
189991,-0.702922141591996,2,-0.09814609
373773,-1.10293474172971,2,-0.8729279
375452,-1.4260218418409398,2,-0.6721998
374484,-0.872158241650259,2,-0.23417987
284168,0.974053758985338,2,1.2003374
188413,1.28175575909127,2,0.5359934
375935,0.2663391587416929,2,0.16396816
374683,-1.67218344192568,2,-0.24947518
187936,0.0663328586728364,2,0.104424834
189872,0.343264658768176,2,0.124212615
190434,-0.349064841470173,2,-0.2987994
189280,-1.56448774188861,2,-0.054064367
187924,-0.28752444144898603,2,-0.28965548
374603,-0.595226441554919,2,-0.17189428
189760,-1.77987914196276,2,-0.7380325
189133,1.94331505931903,2,0.5394096
190799,1.51253225917072,2,0.67427886
187845,-0.7952327416237758,2,-1.055343
374024,0.620196458863516,2,-0.17178492
188376,-0.502915841523139,2,-0.19280468
375392,0.820202758932372,2,0.13427882
373690,2.35871275946204,2,0.5326318
187921,-0.764462541613182,2,-0.09088118
2437287,0.527885858831736,2,0.14202829
283456,0.127873258694023,2,-0.4475391
189001,0.466345458810549,2,-0.24886987
374155,0.158643458704616,2,-0.539288
283515,0.204798758720506,2,0.20371836
189625,-2.0414258420528,2,-1.0084639
374103,0.7125070588952959,2,-0.03527434
283625,0.204798758720506,2,-0.26466006
187713,-1.9183450420104295,2,-0.64956546
375810,-0.0721330413748334,2,0.66833466
188540,0.866358058948262,2,-0.054509353
2437308,0.574041158847626,2,-0.45875457
189947,-0.08751814138012999,2,-0.38802785
187699,0.604811358858219,2,-0.21694782
187805,0.681736858884702,2,-0.19938609
190144,-0.6259966415655129,2,-0.48055908
187983,0.17402855870991302,2,-0.100366674
283712,0.727892158900592,2,0.3167625
373726,-1.87218974199454,2,-0.8387269
187988,0.358649758773473,2,0.06833241
187685,-1.2414006417773795,2,-0.39762342
375453,-0.21059894142250304,2,0.03563382
374516,-0.13367344139602,2,-0.40132076
374759,2.3433276594567403,2,1.1904702
283182,-1.39525164183034,2,-0.955625
188848,0.481730558815846,2,0.27405468
375004,1.71253855923958,2,0.0184666
189099,2.26640215943026,2,0.9967154
190162,0.18941365871521,2,0.22134785
187497,-1.30294104179856,2,-0.9954494
375015,0.943283558974745,2,0.16724262
373482,0.14325835869932002,2,-0.4649761
188923,-0.31829464145958003,2,-0.009998491
187903,0.666351758879406,2,0.45535287
375719,1.09713455902771,2,-0.14277278
373642,-0.856773141644962,2,-0.08256966
189233,-0.872158241650259,2,-0.552934
375682,-0.149058541401317,2,0.44979918
374467,0.17402855870991302,2,-0.2637593
283846,0.897128258958855,2,0.3456414
375371,-1.5029473418674195,2,0.24893132
319781,2.0663958593614,3,1.1129036
375665,2.0817809593667,3,1.0925443
375954,-0.241369141433096,3,0.6505014
189287,-0.379835041480766,3,-0.5370506
374655,1.42022165913894,3,0.6730575
189277,1.11251965903301,3,0.13285653
375465,-0.902928441660852,3,-0.24104176
283970,-0.0105926413536468,3,0.593439
190191,-0.872158241650259,3,-0.6193203
187976,0.0971030586834297,3,0.4245436
189035,-0.9644688416820392,3,-0.48574153
190499,0.681736858884702,3,0.61247545
283803,-1.19524534176149,3,-0.16723675
284145,0.450960358805253,3,0.0938544
187876,0.2663391587416929,3,-0.0037315942
189632,-0.21059894142250304,3,-0.5973237
373628,0.374034858778769,3,-0.46753973
189883,-0.0567479413695367,3,0.1533322
188774,1.54330245918131,3,1.3657434
375417,-0.472145641512546,3,-0.32280296
374622,-0.41060524149136,3,-0.48232833
375717,0.574041158847626,3,0.14464927
188630,-0.7798476416184791,3,-0.5418474
188319,0.8817431589535591,3,0.33426136
284224,1.54330245918131,3,0.32403657
189670,-0.41060524149136,3,-0.31643337
283221,1.00482395899593,3,0.060459286
188349,-0.28752444144898603,3,0.2964723
187493,0.0817179586781331,3,-0.051451936
189615,-0.21059894142250304,3,-0.5128893
373522,1.38945145912835,3,0.33083224
319279,-1.27217084178797,3,0.038405005
188958,-0.472145641512546,3,-0.56647307
373734,0.204798758720506,3,-0.05088333
375446,0.820202758932372,3,0.68388385
188410,0.6971219588899991,3,1.032584
190811,-0.902928441660852,3,-0.39699686
189698,-0.472145641512546,3,-0.08026255
373575,0.8817431589535591,3,-0.2928279
188454,0.604811358858219,3,1.3179238
283723,0.0971030586834297,3,0.027838973
189708,1.08174945902242,3,0.14632003
189997,0.220183858725803,3,-0.16886206
374546,1.80484915927136,3,0.75385946
188672,0.297109358752286,3,-0.6271915
190780,-0.44137544150195296,3,0.45464736
188225,1.65099815921839,3,1.1824353
189246,0.127873258694023,3,-0.73338103
283760,1.6202279592078,3,-0.15457201
285674,0.7432772589058891,3,0.33953765
283755,0.2663391587416929,3,0.11292179
336479,-0.349064841470173,3,-0.84248686
284324,2.57410415953619,3,0.31463087
188270,-0.7798476416184791,3,-0.71171415
375094,0.40480505878936296,3,0.46954495
2437286,-0.949083741676742,3,0.22222109
189686,0.0201775586569465,3,0.24666354
283209,0.112488158688726,3,0.045436572
373769,1.7279236592448703,3,0.01374626
374917,-1.76449404195746,3,-1.3473982
189254,-0.995239041692632,3,-1.2950087
283825,-0.595226441554919,3,-0.66992617
188197,0.543270958837032,3,0.79696083
308211,-0.7490774416078859,3,-0.24352866
187749,-1.5952579418992,3,-0.037659865
283843,-1.28755594179327,3,-0.8241991
375504,-0.44137544150195296,3,0.20509008
375620,1.91254485930843,3,1.5890148
189081,0.40480505878936296,3,-0.30203852
187508,-1.45679204185153,3,-0.656551
188102,-1.05677944171382,3,-0.3368795
188464,-1.99527054203691,3,-0.24295591
374186,-1.05677944171382,3,-0.41061583
187666,-1.4260218418409398,3,-0.8347042
187812,-0.17982874141191002,3,-1.258665
283731,-0.702922141591996,3,-0.0046366244
375451,-1.87218974199454,3,-0.6645243
188232,-1.05677944171382,3,-0.5759681
374632,-0.0413628413642401,3,-0.2808082
376010,-0.44137544150195296,3,0.35802248
284219,0.00479245865164983,3,0.4855669
374715,-0.687537041586699,3,-0.10956883
187731,1.00482395899593,3,0.35724488
374416,1.1279047590383,3,0.32605928
189222,-1.9029599420051295,3,-1.0769825
189792,0.620196458863516,3,0.32987383
187574,0.0201775586569465,3,-0.2599527
187911,-1.30294104179856,3,-0.14125967
373629,-0.0413628413642401,3,-0.4369764
374374,-0.0413628413642401,3,-0.29833895
376023,1.32791105910716,3,-0.37245983
187555,1.05097925901182,3,0.2710665
187471,0.527885858831736,3,-0.43382803
187495,-0.502915841523139,3,-0.7192922
189016,0.0817179586781331,3,-0.29100454
187869,0.0355626586622431,3,0.2868278
187481,-1.3644814418197502,3,-0.92176896
373745,1.66638325922369,3,1.659016
188942,0.0817179586781331,3,-0.49121132
283157,0.112488158688726,3,1.1487769
189223,-1.3798665418250502,3,-0.02251598
189889,-0.595226441554919,3,0.50009817
188152,1.11251965903301,3,1.2288349
188825,-0.564456241544326,3,-0.0032663273
374912,0.17402855870991302,3,-0.21488251
188898,-0.564456241544326,3,-0.5699139
187589,2.5279488595203,3,1.1185964
373627,1.09713455902771,3,0.23784247
190806,-0.841388041639666,3,-0.73718613
189017,-0.5336860415337329,3,-0.43098685
374598,-0.349064841470173,3,-0.055094805
283665,1.28175575909127,3,0.6321627
308265,-0.17982874141191002,3,-0.020374246
187935,-0.702922141591996,3,-0.16067117
188781,0.2663391587416929,3,-0.36577788
188370,0.543270958837032,3,0.20190315
284241,1.49714715916542,3,0.55893403
187535,1.08174945902242,3,0.40876216
189346,-1.33371124180916,3,-0.7715966
189809,-0.6259966415655129,3,-0.12324883
374992,0.2355689587311,3,0.35923108
318176,-0.702922141591996,3,-0.79949963
189278,-0.672151941581403,3,-0.6178788
373739,-0.902928441660852,3,-0.62184924
375447,0.589426258852922,3,0.18748543
188079,-1.04139434170852,3,0.31043252
189854,0.0971030586834297,3,-0.23250009
283127,0.0509477586675398,3,-0.103124864
284368,0.0509477586675398,3,0.22867218
187605,1.82023425927665,3,1.3098533
188990,0.0817179586781331,3,-0.4271133
375509,1.28175575909127,3,0.7238868
373571,1.11251965903301,3,-0.056884628
188110,-1.76449404195746,3,-0.22973591
374988,1.00482395899593,3,0.5028562
189696,0.00479245865164983,3,0.010362786
373716,0.25095405873639604,3,0.0008208249
189340,-0.149058541401317,3,-0.5849476
190187,1.1279047590383,3,0.628341
189034,-0.7798476416184791,3,-0.4448886
190728,-1.9183450420104295,3,-1.1372972
188957,-1.54910264188331,3,-0.7697513
187676,-0.902928441660852,3,-0.36498666
190056,1.28175575909127,3,0.09158925
283194,-1.68756854193098,3,-0.8190421
373481,-1.27217084178797,3,-0.70711863
189138,0.604811358858219,3,0.069967076
188988,-0.7798476416184791,3,-0.46308047
188331,-1.31832614180386,3,-0.6644165
190111,-0.564456241544326,3,-0.4616089
188969,0.0663328586728364,3,-0.15777029
190057,-1.1337049417403,3,-0.16838758
374693,1.1279047590383,3,0.38476372
187645,1.45099185914953,3,-0.067888424
375494,-0.656766841576106,3,-0.48626834
375457,-1.9337301420157296,3,-0.11576286
374595,-0.902928441660852,3,-0.30652568
375458,-1.2414006417773795,3,-0.55282396
284357,0.435575258799956,3,-0.02273548
187760,0.358649758773473,3,-0.17943723
375772,0.7432772589058891,3,1.1698462
187544,1.51253225917072,3,1.0012025
190158,0.0663328586728364,3,-0.75268614
188545,-1.3798665418250502,3,-1.0241799
375243,0.527885858831736,3,0.31957772
190783,1.69715345923428,3,1.1311303
374663,-0.349064841470173,3,-0.0014607001
190132,-2.1183513420792903,3,-1.2360567
375791,1.95870015932432,3,1.4621589
283967,-1.39525164183034,3,0.48320776
187852,-1.74910894195217,3,-0.96591634
283740,0.589426258852922,3,-0.045838334
189030,-1.30294104179856,3,-0.27974728
374013,1.28175575909127,3,0.66107833
375839,0.312494458757583,3,0.52889496
338067,-0.472145641512546,3,0.69315505
190100,-0.564456241544326,3,-0.16318531
188375,-0.395220141486063,3,-0.7951486
373626,0.17402855870991302,3,-0.29023093
374527,1.46637695915483,3,1.0647348
188443,0.9278984589694492,3,-0.334658
2437412,0.989438858990635,3,0.27830538
187736,-0.395220141486063,3,0.51560414
319283,-1.28755594179327,3,-0.107497424
190072,-0.841388041639666,3,-0.7065719
189757,-0.841388041639666,3,0.50359684
190130,0.204798758720506,3,-0.40799442
188757,0.312494458757583,3,0.7411623
319955,-0.17982874141191002,3,-0.17269032
283117,0.281724258746989,3,0.15536252
187998,-1.4260218418409398,3,-0.63279474
189964,-0.118288341390723,3,0.09256963
187879,-1.19524534176149,3,0.35715243
375295,-0.6106115415602161,3,-0.16230503
375013,1.18944515905949,3,0.6106611
375932,0.0355626586622431,3,0.7556565
189979,0.358649758773473,3,0.3665497
189732,-0.8875433416555559,3,-0.45034948
190757,0.466345458810549,3,-0.35691014
283962,-1.04139434170852,3,0.0057580625
189932,1.1279047590383,4,0.060920864
373623,-0.4875307415178429,4,0.16897354
187751,-0.31829464145958003,4,0.2743262
187607,-1.2414006417773795,4,-0.17096016
189049,-0.702922141591996,4,-0.63432986
375894,-0.08751814138012999,4,0.07514197
188449,-0.826002941634369,4,-0.35048613
190789,-0.149058541401317,4,-0.45083076
284303,0.804817658927075,4,-0.7109308
188945,-0.672151941581403,4,-0.67152256
283178,-1.1337049417403,4,-0.30627194
375372,-0.5490711415390289,4,-0.46633402
190063,-0.21059894142250304,4,-0.21646692
189833,0.589426258852922,4,0.20580912
190114,-0.2259840414278,4,-0.5620343
374937,0.681736858884702,4,-0.44156882
374419,-0.4875307415178429,4,-0.4715547
188415,-0.841388041639666,4,-0.89546704
375974,-1.5183324418727198,4,0.24386874
375739,-0.19521384141720705,4,0.30138534
187766,1.1432898590436,4,1.5737138
318179,0.2355689587311,4,-0.7467458
190121,0.804817658927075,4,-0.42619503
187919,0.943283558974745,4,-0.30639398
187893,0.127873258694023,4,0.015720624
188339,0.312494458757583,4,1.5334067
374702,-0.764462541613182,4,-0.12148291
187501,-0.595226441554919,4,-0.03549049
189744,0.17402855870991302,4,-0.16596535
283231,-0.7490774416078859,4,-0.2607416
283914,-1.28755594179327,4,-0.32876155
376033,0.866358058948262,4,1.1775583
190702,-0.6259966415655129,4,-0.5525972
188154,1.5894577591972,4,0.30156702
375705,-0.102903241385427,4,0.8860731
187848,-0.0413628413642401,4,0.6547583
187662,0.281724258746989,4,0.67607486
373649,-0.31829464145958003,4,-0.062067598
190196,-0.379835041480766,4,-0.5965232
187579,-0.595226441554919,4,-0.018164098
188001,-0.395220141486063,4,-0.54090524
187850,1.45099185914953,4,1.2478936
374686,1.2356004590753795,4,0.11895152
375571,0.558656058842329,4,0.41358605
187818,-0.6259966415655129,4,-0.4918806
189291,-0.28752444144898603,4,-0.32916784
375952,1.2356004590753795,4,1.7291484
188818,-0.5336860415337329,4,0.27569175
375748,-1.47217714185683,4,-0.586338
189008,0.666351758879406,4,-0.41373804
375006,0.666351758879406,4,-0.03980354
189076,-1.39525164183034,4,-1.4273907
189859,0.650966658874109,4,0.20849898
189239,-0.31829464145958003,4,-0.6005821
189319,0.00479245865164983,4,-0.14538153
189819,-1.39525164183034,4,-0.9177823
375794,-0.7798476416184791,4,0.8050444
375628,-0.472145641512546,4,-0.4248296
190189,-0.8875433416555559,4,-0.58248955
187461,0.2663391587416929,4,-0.16511284
190164,-0.995239041692632,4,-0.38510618
188267,-0.979853941687335,4,-0.46323654
375662,0.989438858990635,4,1.0830106
319282,-1.1644751417508998,4,-0.15157858
188765,0.14325835869932002,4,0.1729242
187629,1.94331505931903,4,0.6529538
375950,0.912513358964152,4,1.4360386
375556,-0.41060524149136,4,0.04443439
318548,0.297109358752286,4,-0.83044404
375552,-0.21059894142250304,4,0.062345956
284161,-0.764462541613182,4,-0.056201536
188816,-0.149058541401317,4,0.06649084
375923,1.77407895926076,4,0.42830178
190051,0.6355815588688121,4,1.2825744
188254,1.34329615911246,4,0.6599822
375505,-1.34909634181445,4,-0.10480037
187491,0.281724258746989,4,-0.05506928
189048,-0.7798476416184791,4,-0.10059357
336686,-1.94911524202102,4,0.04357461
188103,-1.05677944171382,4,-0.74677247
375024,-0.0105926413536468,4,0.242441
374659,0.512500758826439,4,0.44589528
283754,-1.47217714185683,4,0.11766595
188292,-1.19524534176149,4,0.45296714
188822,1.20483025906479,4,0.5462842
187928,0.127873258694023,4,-0.299147
188187,0.00479245865164983,4,-0.058645904
190805,-0.826002941634369,4,-0.215731
189392,0.281724258746989,4,0.026378017
189892,0.158643458704616,4,-0.3219011
187712,-1.53371754187801,4,0.11789724
375724,-0.687537041586699,4,-0.35159943
188764,0.0509477586675398,4,0.8810392
283597,-0.08751814138012999,4,0.4173528
375315,0.850972958942965,4,0.12246395
188434,-1.01062414169793,4,-0.9317322
189811,0.00479245865164983,4,0.24592577
187833,0.204798758720506,4,-0.14305618
188427,-0.395220141486063,4,-0.095857166
189647,-0.718307241597292,4,-0.23114133
319783,1.09713455902771,4,-0.22816956
187823,1.1432898590436,4,0.63151157
374567,0.850972958942965,4,-0.13490306
188493,-1.1644751417508998,4,-0.14394248
189020,-0.595226441554919,4,-0.34038836
189623,0.0201775586569465,4,-0.62510973
374154,-0.872158241650259,4,-0.28262088
2437250,-0.810617841629072,4,0.41584542
374697,0.604811358858219,4,0.5202859
187786,0.543270958837032,4,-0.29156598
284080,0.358649758773473,4,0.54362637
189247,-0.5336860415337329,4,0.018324329
187475,0.0817179586781331,4,-0.4558708
283202,-0.349064841470173,4,-0.32402906
375931,-0.672151941581403,4,-0.11103029
375524,0.897128258958855,4,1.2579428
190784,-0.17982874141191002,4,0.026670994
284120,1.85100445928725,4,0.29825422
283183,-1.9337301420157296,4,-0.09722044
2437378,0.2355689587311,4,0.2830487
188419,-0.19521384141720705,4,0.26875317
374688,1.1586749590488998,4,0.9540347
188989,-0.5336860415337329,4,-0.10138033
189299,-1.99527054203691,4,-0.69733953
376050,-1.6106430419045,4,-0.71324587
189302,-1.3644814418197502,4,-0.7302794
188408,-0.733692341602589,4,0.617658
187514,-0.379835041480766,4,0.14285958
190731,0.220183858725803,4,-0.056630258
188058,-0.395220141486063,4,-0.34105572
374391,0.312494458757583,4,-0.37639004
317951,0.0201775586569465,4,-0.6103605
188255,-0.502915841523139,4,-0.20170401
375627,0.820202758932372,4,0.14219624
188330,-0.30290954145428306,4,-0.071059845
375905,0.620196458863516,4,0.8779488
189868,1.37406635912305,4,0.28749755
2437244,0.00479245865164983,4,0.8088915
187511,0.220183858725803,4,-0.29442275
187949,-1.31832614180386,4,-0.9054257
376000,-0.28752444144898603,4,0.07319152
187707,-0.733692341602589,4,0.055033024
188563,-1.6414132419150902,4,-0.8064947
187637,-0.31829464145958003,4,-0.34572226
189808,-0.17982874141191002,4,0.22322395
187675,2.55871905953089,4,1.0459123
188506,-0.241369141433096,4,-0.5867018
189927,0.3894199587840661,4,-0.058470204
374719,1.2356004590753795,4,1.4007945
187993,-1.73372384194687,4,-0.31551597
188780,-0.7490774416078859,4,-1.103706
375694,1.42022165913894,4,1.0476702
189267,1.03559415900652,4,0.7906628
374681,0.343264658768176,4,0.55308324
374253,0.666351758879406,4,0.42460296
375498,1.38945145912835,4,0.7519828
188444,-1.53371754187801,4,0.12749209
374536,0.7740474589164821,4,-0.33197066
190015,-0.19521384141720705,4,0.30313236
374763,-0.08751814138012999,4,-0.7609092
283300,-1.28755594179327,4,0.02723823
284162,-0.7490774416078859,4,-0.2900173
284069,0.14325835869932002,4,0.8445572
373744,1.7279236592448703,4,0.65799356
188043,1.69715345923428,4,0.63619244
187938,-0.0105926413536468,4,0.16428259
187655,1.32791105910716,4,1.1262189
374378,0.18941365871521,4,0.21541542
187944,0.7740474589164821,4,0.24343659
190280,0.7125070588952959,4,0.24705143
374746,-1.6106430419045,4,-0.42715946
187543,1.1432898590436,4,1.4151046
283664,1.18944515905949,4,0.39113855
283732,0.0355626586622431,4,-0.29823172
189288,-2.1952768421057702,4,0.051747702
190054,-1.17986024175619,4,-0.7294615
187757,-2.0414258420528,4,-0.68093574
2437408,0.0201775586569465,4,0.2483344
284304,-1.1337049417403,4,-0.3806809
376004,1.86638955929254,4,0.81910276
374607,0.7432772589058891,4,0.4879341
283791,-2.25681724212696,4,-0.5061483
284278,0.2355689587311,4,0.017504316
284248,1.34329615911246,4,-0.21661611
283447,0.866358058948262,4,0.44636753
188532,2.03562565935081,4,1.4982314
189400,-1.44140694184623,4,-0.32969752
2437248,-0.44137544150195296,4,-0.5506587
187754,0.512500758826439,4,-0.29407877
283432,-0.31829464145958003,4,-0.40017343
190016,-0.27213934144369,4,-0.31316888
283769,-0.564456241544326,4,-0.7823726
374623,-1.39525164183034,4,-0.081920095
188282,-0.518300941528436,4,-0.595615
187653,-0.6106115415602161,4,0.3558032
189881,1.20483025906479,4,0.049169622
189857,1.1586749590488998,4,0.47888494
187769,1.32791105910716,4,0.99317354
375625,0.620196458863516,4,0.62988937
187484,-0.349064841470173,4,-0.37283638
375847,-1.05677944171382,5,0.5477638
189961,0.943283558974745,5,-0.022331404
318173,-1.4260218418409398,5,-0.16091764
374517,-0.687537041586699,5,-0.204921
317953,-1.05677944171382,5,-0.9269622
283741,-0.841388041639666,5,0.029146375
189958,0.0663328586728364,5,0.48794642
283756,0.312494458757583,5,0.028171027
283279,1.00482395899593,5,0.09074748
188008,-0.395220141486063,5,-0.37807974
375274,1.2202153590700802,5,0.32322618
190817,0.9278984589694492,5,0.32399786
283778,0.17402855870991302,5,0.37654614
187982,0.420190158794659,5,-0.3165354
188316,-0.44137544150195296,5,-0.26482308
189669,-0.656766841576106,5,-0.7319062
189786,-0.9644688416820392,5,0.061314702
283796,0.18941365871521,5,-0.5449284
190006,-0.502915841523139,5,-0.11808497
188899,-0.31829464145958003,5,-0.21023713
374600,1.05097925901182,5,0.71162176
374397,0.00479245865164983,5,-0.30110645
190787,-0.641381741570809,5,-0.21201324
375726,-1.8414195419839496,5,-0.015424195
375835,0.8355878589376691,5,0.7109363
188458,0.9278984589694492,5,-0.08544964
187767,0.8355878589376691,5,0.8099199
2437251,-2.0875811420686903,5,-0.044519313
375993,0.7432772589058891,5,0.78762186
188820,-0.44137544150195296,5,-0.12545979
188601,-1.19524534176149,5,-1.218682
190711,-0.27213934144369,5,-0.029379144
374935,-1.5952579418992,5,-0.29336804
187776,0.14325835869932002,5,0.16478841
375971,-0.579841341549623,5,0.16882475
374414,0.158643458704616,5,0.93957895
190103,-1.04139434170852,5,-0.12593064
190005,0.14325835869932002,5,0.054626003
375467,0.297109358752286,5,0.046476524
283762,0.574041158847626,5,-0.3082346
375335,-1.5952579418992,5,-0.17829886
375342,-0.7952327416237758,5,0.12985897
188335,-0.902928441660852,5,-0.9091723
284068,1.03559415900652,5,0.7830144
188121,1.17406005905419,5,-0.28344107
283616,1.48176205916013,5,0.65125346
373743,2.32794255945144,5,0.6382993
187945,0.0817179586781331,5,0.80088526
187479,-0.7798476416184791,5,-0.68519384
189210,-0.764462541613182,5,-0.31121427
2437267,-1.33371124180916,5,-0.3012379
190067,-0.5490711415390289,5,-0.52926695
188994,-1.1337049417403,5,-0.22627282
187954,0.158643458704616,5,0.36139587
188035,-0.518300941528436,5,0.45572883
374165,-0.502915841523139,5,0.38298026
375825,-0.19521384141720705,5,0.06832965
187755,0.527885858831736,5,0.14017546
190029,0.2355689587311,5,0.3032393
190040,-0.979853941687335,5,-0.87411714
374535,0.220183858725803,5,-0.4500373
374451,1.29714085909657,5,1.153759
374197,-0.31829464145958003,5,-0.2824237
283603,1.45099185914953,5,0.2563565
187550,-0.4875307415178429,5,0.36700192
188189,-0.872158241650259,5,-1.3193717
283938,1.68176835922898,5,0.019129274
374613,0.0971030586834297,5,0.59544396
283359,1.2202153590700802,5,0.54088426
375659,2.60487435954678,5,1.462354
190797,0.497115658821142,5,0.15160999
284236,1.74330875925017,5,0.95304704
189689,-0.702922141591996,5,-0.09087459
375688,1.17406005905419,5,0.64333403
188759,0.7432772589058891,5,-0.19025177
187905,0.158643458704616,5,-0.23481253
187681,0.281724258746989,5,0.40346712
375899,1.65099815921839,5,0.7208985
189029,-0.149058541401317,5,-0.23662914
189152,-1.31832614180386,5,-1.1019014
284189,2.14332135938788,5,0.97970796
374445,-0.5490711415390289,5,0.19891076
375474,0.574041158847626,5,0.0072469814
373925,0.497115658821142,5,0.5542877
374001,0.420190158794659,5,0.22610135
373759,0.297109358752286,5,-0.37962863
189840,0.6971219588899991,5,0.5754133
187610,0.14325835869932002,5,-0.43919533
188452,0.220183858725803,5,-0.19037428
187875,0.450960358805253,5,0.12697284
190344,-2.01065564204221,5,-1.0408908
189015,-0.6106115415602161,5,-0.54255086
190071,0.0509477586675398,5,-0.83017653
188236,1.26637065908597,5,0.45164436
375901,1.20483025906479,5,0.76358116
376048,0.2355689587311,5,-0.0009769382
188218,1.26637065908597,5,0.088614255
189909,0.0663328586728364,5,-0.29819798
374547,-0.564456241544326,5,0.72494614
188156,1.20483025906479,5,1.336929
189690,0.0509477586675398,5,0.2650735
2437266,-0.841388041639666,5,-0.15736699
188160,1.7279236592448703,5,1.1043617
189137,-1.25678574178268,5,0.21625692
189063,1.32791105910716,5,0.9320161
187599,-0.656766841576106,5,-0.29332966
189025,0.0201775586569465,5,0.52008784
376012,-0.4875307415178429,5,0.28962317
187710,-1.31832614180386,5,0.23475413
3646845,0.127873258694023,5,-0.34188044
187784,0.0663328586728364,5,0.05975064
187671,0.112488158688726,5,-0.333188
190068,-0.7490774416078859,5,-0.72377473
188378,-0.17982874141191002,5,-0.4948487
374394,1.46637695915483,5,0.9934666
187960,-0.118288341390723,5,-0.30792442
375697,1.1279047590383,5,0.56456274
373872,-1.01062414169793,5,-0.35464725
190159,-0.36444994147547,5,-0.6508784
375896,1.98947035933492,5,0.98148125
188530,0.543270958837032,5,0.546962
283892,-1.25678574178268,5,-0.22520958
375809,2.2202468594143703,5,1.4490769
375679,-0.2259840414278,5,0.05011877
373654,-0.595226441554919,5,-0.20889865
190139,-1.62602814190979,5,-1.4993985
374092,0.850972958942965,5,0.055052515
189107,-1.1337049417403,5,-1.0582494
188846,1.69715345923428,5,1.094795
187649,0.00479245865164983,5,-0.41021523
190018,0.18941365871521,5,0.39633808
374588,0.17402855870991302,5,-0.4588027
190127,-0.702922141591996,5,-0.6529059
374531,0.0201775586569465,5,-0.37812325
187686,-2.02604074204751,5,-0.7830343
284247,2.0663958593614,5,1.4331878
189749,-1.1337049417403,5,-0.895379
187838,0.435575258799956,5,-0.78135324
374191,-1.53371754187801,5,-0.86256
188494,-1.2414006417773795,5,-0.023014974
374086,0.866358058948262,5,-0.10182833
374064,1.1586749590488998,5,0.27258044
375689,1.2202153590700802,5,0.7902614
187549,1.71253855923958,5,1.1117022
188076,-0.5336860415337329,5,-0.48940754
373733,0.0971030586834297,5,0.40408993
283471,0.604811358858219,5,0.08550294
189624,-0.0413628413642401,5,-0.47711295
374662,0.681736858884702,5,0.5768054
319956,-0.44137544150195296,5,-0.33460432
190070,-1.2260155417720802,5,-0.8488568
374978,-0.672151941581403,5,-0.36488298
2437415,0.543270958837032,5,0.047117848
189168,-1.11831984173501,5,-1.1007373
187956,0.604811358858219,5,-0.17497236
187647,-0.31829464145958003,5,-0.18080834
375383,-0.8875433416555559,5,-0.17978166
188052,0.512500758826439,5,1.4220911
187914,-1.97988544203162,5,-0.5094773
375691,1.45099185914953,5,1.421045
375738,0.7432772589058891,5,1.1850628
283656,1.45099185914953,5,0.3912101
374442,-1.8260344419786496,5,-0.33847976
188369,1.1279047590383,5,0.56420267
188190,0.497115658821142,5,-0.19235304
374177,-0.41060524149136,5,-0.50788796
188302,-1.39525164183034,5,-0.8189721
375766,-1.10293474172971,5,-0.7375942
374914,0.527885858831736,5,0.26975632
188702,1.43560675914424,5,1.2179086
336783,-0.13367344139602,5,-0.4927587
190082,-1.5029473418674195,5,0.16102955
189977,1.02020905900123,5,1.2120146
190814,-0.979853941687335,5,-0.6498016
189244,-0.0567479413695367,5,0.1036668
308212,-1.5952579418992,5,-0.59916955
375519,0.527885858831736,5,-0.23847882
283427,-0.4875307415178429,5,0.110100165
188365,0.0817179586781331,5,-0.5030849
318549,-0.31829464145958003,5,-0.5479019
187669,-0.7952327416237758,5,-0.9594487
374505,0.00479245865164983,5,1.3606832
187820,1.43560675914424,5,0.9638504
283199,-0.28752444144898603,5,-0.2810502
188667,1.32791105910716,5,0.83878267
187561,-0.379835041480766,5,-0.44199565
190796,-0.733692341602589,5,0.15109129
188386,-0.44137544150195296,5,-0.24604318
189980,0.3894199587840661,5,0.20656958
187889,-0.902928441660852,5,-0.25754875
373986,0.112488158688726,5,0.21739034
190076,1.52791735917602,5,0.20784219
283105,0.312494458757583,5,-0.018768862
189090,-0.41060524149136,5,-0.49070403
375548,-0.08751814138012999,5,0.37988266
375062,0.374034858778769,5,0.08449658
374739,0.497115658821142,5,-0.27212724
373777,-0.8875433416555559,5,-0.50086844
189666,0.14325835869932002,5,-0.5094273
374062,-0.379835041480766,5,-0.07693285
374635,0.897128258958855,6,0.4082887
375539,-0.149058541401317,6,-0.27163324
189784,-0.764462541613182,6,-1.2003137
187763,-0.672151941581403,6,0.030451654
373485,0.958668658980042,6,1.007746
375230,0.220183858725803,6,-3.8064187e-05
189289,-1.47217714185683,6,-0.96217954
189790,0.0355626586622431,6,0.462137
284110,1.05097925901182,6,0.89397395
336685,-0.36444994147547,6,-0.6926148
373760,0.204798758720506,6,-0.16280521
374995,0.727892158900592,6,0.4929025
376027,-0.764462541613182,6,0.16404848
189240,0.7125070588952959,6,-0.109887496
283120,0.25095405873639604,6,-0.27012646
188055,-1.9029599420051295,6,-0.30760503
187573,0.0355626586622431,6,0.026651304
376018,0.343264658768176,6,0.56403506
283229,0.466345458810549,6,0.16054343
375564,1.48176205916013,6,0.7797303
284369,0.0355626586622431,6,-0.0050717834
187528,1.28175575909127,6,-0.4014896
188040,-0.656766841576106,6,0.2994689
188554,-0.17982874141191002,6,0.016990418
187536,0.574041158847626,6,-0.38324833
374703,-2.14912154208988,6,0.29332903
188357,1.09713455902771,6,0.076106295
190157,-0.702922141591996,6,-0.5261054
187868,1.68176835922898,6,0.63892466
188311,-2.2414321421216603,6,-1.3284402
188287,-0.687537041586699,6,-0.01523083
284067,1.6048428592025,6,1.1746658
283801,0.158643458704616,6,0.424693
187462,0.3894199587840661,6,-0.101638146
375572,2.43563825948852,6,-0.33203766
375799,1.91254485930843,6,0.601584
375706,0.7894325589217791,6,0.25529158
318552,-0.379835041480766,6,-0.5684209
374398,-0.08751814138012999,6,-1.2719241
374367,0.497115658821142,6,0.16453537
283224,0.358649758773473,6,-0.47218984
283179,0.435575258799956,6,0.48688817
283753,1.35868125911775,6,0.019090934
283808,-0.08751814138012999,6,0.2545011
187562,-0.672151941581403,6,-0.0849805
284192,1.98947035933492,6,0.10994938
188475,-0.0413628413642401,6,-0.06604224
188359,0.958668658980042,6,-0.121984504
187765,1.74330875925017,6,1.3751367
188379,1.00482395899593,6,-0.21135718
375727,0.681736858884702,6,0.65040123
189972,-1.10293474172971,6,-0.5912218
374429,1.2356004590753795,6,0.06651459
375940,0.558656058842329,6,0.3341953
189834,-0.118288341390723,6,-0.21084723
188529,2.5433339595256,6,0.5866888
187725,-0.28752444144898603,6,-0.6646692
188733,-1.9183450420104295,6,0.42099452
190167,1.43560675914424,6,-0.35504648
375846,1.6048428592025,6,1.0714326
188992,-0.27213934144369,6,-0.5826594
188099,-0.7490774416078859,6,0.12295032
308006,0.297109358752286,6,-0.8348426
189201,-1.54910264188331,6,-1.3488743
375573,-0.4875307415178429,6,-0.3773542
187729,-0.595226441554919,6,-0.7097622
190238,1.1279047590383,6,0.2309691
283118,0.974053758985338,6,-0.065982476
284354,0.527885858831736,6,-0.10585739
190795,0.297109358752286,6,0.42320862
374483,-0.5336860415337329,6,-0.30483383
283707,0.18941365871521,6,-0.3090465
189236,0.25095405873639604,6,-0.066234775
283757,1.43560675914424,6,0.116807364
188980,-0.149058541401317,6,-0.5008299
375790,1.28175575909127,6,0.7033731
336476,-0.41060524149136,6,-0.77002174
187656,0.681736858884702,6,-0.0799122
308007,-0.9644688416820392,6,-0.33013245
189028,-0.6106115415602161,6,-0.51565933
188492,-1.1644751417508998,6,-0.43457723
374706,0.281724258746989,6,1.1829622
188943,-0.702922141591996,6,-1.1428273
374395,-0.0567479413695367,6,-0.21310076
187901,-0.979853941687335,6,0.54065853
190142,-0.395220141486063,6,-0.64473057
375355,-0.17982874141191002,6,-0.4619824
375800,2.38948295947263,6,1.3779998
187522,-0.44137544150195296,6,-0.2579405
374382,1.08174945902242,6,0.23087062
375747,-0.45676054150725,6,-0.76519537
187691,-0.502915841523139,6,-0.46920866
374630,0.220183858725803,6,0.58076215
190794,0.574041158847626,6,-0.44369212
284182,2.0510107593561,6,-0.054637197
375943,0.0663328586728364,6,0.39244118
374617,0.0663328586728364,6,-0.01478672
375640,2.60487435954678,6,1.1287497
188122,-0.518300941528436,6,-0.558941
188541,-0.27213934144369,6,-0.012042529
189384,-1.54910264188331,6,-0.73035884
187664,-1.28755594179327,6,-0.42596453
374740,1.42022165913894,6,0.695512
188982,-0.979853941687335,6,-0.45988008
283220,1.03559415900652,6,-0.18978515
190190,0.297109358752286,6,0.42380813
190022,0.281724258746989,6,0.6343181
189018,-0.9336986416714448,6,-0.21147765
283106,-0.0105926413536468,6,-0.37109676
374913,0.7740474589164821,6,0.61934793
375527,0.8355878589376691,6,0.57551146
189024,0.589426258852922,6,-0.08978702
374646,1.17406005905419,6,0.70734996
188326,-0.702922141591996,6,0.4016882
189864,-0.0413628413642401,6,-0.109058745
187804,-0.733692341602589,6,0.38678268
374894,-1.70295364193628,6,0.22252174
187717,1.1586749590488998,6,0.38110584
190708,0.6971219588899991,6,-0.515457
374641,0.297109358752286,6,0.5916342
283252,-0.27213934144369,6,-0.0136560295
189022,-0.718307241597292,6,-0.36142176
283828,-0.902928441660852,6,-0.4929713
376047,-0.28752444144898603,6,0.061294354
187973,-1.47217714185683,6,-0.6277093
373764,0.481730558815846,6,0.69575036
374112,1.38945145912835,6,0.105072774
375934,0.9278984589694492,6,0.19694723
375976,1.05097925901182,6,0.35977864
187794,-0.44137544150195296,6,0.09845696
375859,1.26637065908597,6,0.5596787
374213,-0.149058541401317,6,0.83498025
284165,1.05097925901182,6,-0.5945557
188947,-0.872158241650259,6,-0.6830508
187819,-1.71833874194157,6,-0.71525264
189957,0.543270958837032,6,0.19464357
375916,0.2355689587311,6,0.7435092
187502,-0.17982874141191002,6,-0.41634637
374473,-0.44137544150195296,6,-0.23242877
188317,0.681736858884702,6,-0.43732435
189753,0.3894199587840661,6,-0.31716853
283777,-0.0105926413536468,6,0.66337734
284335,2.62025945955208,6,1.2685375
284371,1.00482395899593,6,0.45480713
190818,1.02020905900123,6,0.11143166
284222,1.37406635912305,6,0.6022531
374768,-1.3644814418197502,6,-0.8388741
187795,-0.718307241597292,6,0.23012514
374145,0.297109358752286,6,-0.74253714
374479,1.6048428592025,6,0.8537801
188157,0.974053758985338,6,0.9577849
374918,-1.1644751417508998,6,-0.41769695
283054,0.7125070588952959,6,-0.013702895
374548,-0.241369141433096,6,0.36999783
283431,-0.2259840414278,6,0.17634001
190278,0.127873258694023,6,0.3252598
190732,0.281724258746989,6,-0.1779909
375521,0.2663391587416929,6,0.2846419
283767,1.63561305921309,6,-0.5772542
374589,-0.8875433416555559,6,0.09031691
189229,0.650966658874109,6,-0.30913696
283671,-1.74910894195217,6,-0.4728899
187636,-0.0105926413536468,6,0.5301942
189224,0.0201775586569465,6,-0.11208611
375578,0.112488158688726,6,0.2767294
189047,0.8355878589376691,6,0.068859614
283325,1.49714715916542,6,-0.67813283
187857,-1.56448774188861,6,-0.6176606
189858,-0.472145641512546,6,-0.25708777
190198,0.0817179586781331,6,-0.3700613
189626,-0.9336986416714448,6,-0.5646988
187863,-0.118288341390723,6,0.024364382
188996,-0.8875433416555559,6,-0.33266217
190790,1.2356004590753795,6,-0.42358422
375623,1.40483655913364,6,0.8098443
189759,0.666351758879406,6,-0.21734641
188222,1.28175575909127,6,1.1315752
189234,-0.118288341390723,6,-0.7863754
188006,-0.641381741570809,6,-0.074414395
375642,0.0509477586675398,6,-0.28918257
374629,-0.241369141433096,6,-0.6192635
188436,0.7586623589111852,6,-0.008281498
375376,-0.241369141433096,6,-0.2796064
189250,-0.5336860415337329,6,-0.11170461
187886,2.03562565935081,6,1.2776622
373952,-0.27213934144369,6,0.17670316
190059,1.11251965903301,6,0.656823
375949,0.220183858725803,6,0.1586849
375807,2.03562565935081,6,1.2712023
189801,0.604811358858219,6,1.138277
374608,-0.595226441554919,6,-0.13240632
188237,1.37406635912305,6,0.01820208
375690,1.75869385925547,6,1.1518886
187464,-2.22604704211636,6,-1.0867077
189043,-1.3798665418250502,6,-0.5146105
336483,-0.902928441660852,6,-0.6450159
190097,-0.6259966415655129,6,-0.3208447
284024,-0.872158241650259,6,-0.7819198
188932,0.00479245865164983,6,-0.55996716
373730,0.0663328586728364,6,0.23066542
188019,-0.826002941634369,7,-0.2912796
187472,-0.13367344139602,7,-0.20184085
188896,0.543270958837032,7,-0.5920113
375802,0.7586623589111852,7,0.96169686
283623,1.32791105910716,7,0.67425877
187566,1.82023425927665,7,0.8351464
283144,-2.17989174210047,7,-0.5064021
190055,-0.8875433416555559,7,-1.1896939
187716,-1.6106430419045,7,0.14155866
189766,-1.47217714185683,7,-0.6548128
190782,-0.7490774416078859,7,0.16934697
375795,-1.5952579418992,7,-1.0622925
374669,0.650966658874109,7,0.6692032
374638,0.220183858725803,7,0.92879176
187704,-1.3644814418197502,7,-0.43408945
375922,-2.10296624207399,7,-0.34089613
376021,-1.04139434170852,7,-0.25640613
375997,0.7125070588952959,7,0.69941664
375939,-0.13367344139602,7,0.7381103
188930,0.00479245865164983,7,0.0025461945
375540,0.2663391587416929,7,0.14731555
188429,2.5894892595414905,7,0.6299632
283416,0.112488158688726,7,0.30416632
2437263,-1.45679204185153,7,-0.24972333
375449,-0.241369141433096,7,-0.40401617
283313,-0.36444994147547,7,0.282013
188248,1.92792995931373,7,0.88382244
189865,-0.5336860415337329,7,-0.2221903
373656,0.2663391587416929,7,0.65489584
374749,-0.8875433416555559,7,-0.79605407
188876,0.0663328586728364,7,-0.19146362
188603,-1.48756224186212,7,-0.1641666
283964,-0.425990341496656,7,0.6254261
283833,-0.395220141486063,7,0.27354354
188209,-0.7798476416184791,7,-0.34868264
283165,0.804817658927075,7,-0.4157153
189041,0.589426258852922,7,-0.01484758
2436999,1.05097925901182,7,0.56223303
188466,-0.518300941528436,7,-0.27092168
374974,-0.5336860415337329,7,0.621675
187801,1.11251965903301,7,0.2226233
375845,0.297109358752286,7,0.6305517
283600,-0.7798476416184791,7,0.28702608
188028,0.358649758773473,7,-0.31623277
283160,0.7432772589058891,7,-0.11991459
188211,0.620196458863516,7,0.5031164
190138,-2.01065564204221,7,-1.3766735
190008,1.03559415900652,7,0.8073887
189094,0.0663328586728364,7,-0.2604927
188259,-1.2414006417773795,7,-0.7764152
284090,1.1586749590488998,7,0.8258934
188510,-0.395220141486063,7,-0.029055264
189021,-0.9336986416714448,7,0.53416216
375471,-1.10293474172971,7,0.12518089
188987,-0.149058541401317,7,-0.4492707
189887,0.17402855870991302,7,-0.4487282
375767,0.312494458757583,7,0.30048043
187979,0.18941365871521,7,0.12396464
373832,0.589426258852922,7,0.501225
190769,-0.5490711415390289,7,-0.44949317
317891,0.40480505878936296,7,0.42530933
187587,0.0201775586569465,7,0.2901627
188895,-0.518300941528436,7,-0.44227374
187469,-0.518300941528436,7,-0.7992612
188025,1.1586749590488998,7,0.07421796
283130,0.40480505878936296,7,-0.5284468
188893,-1.07216454171912,7,-0.57881296
190069,-1.04139434170852,7,-0.4648564
188377,0.0201775586569465,7,-0.042147428
374377,-0.0105926413536468,7,-0.39952302
374017,2.281787259435549,7,1.4719175
308008,-1.01062414169793,7,-0.21835823
283802,-1.04139434170852,7,-0.57772744
375796,-2.13373644208458,7,-0.21791019
375500,1.86638955929254,7,1.1545023
190816,0.7125070588952959,7,0.9284434
373675,-0.16444364140661302,7,0.16608691
188111,-2.16450664209518,7,-0.84894055
188009,-1.3798665418250502,7,-0.3372384
187705,2.26640215943026,7,0.99861187
283726,0.512500758826439,7,0.1236955
187770,-0.472145641512546,7,-0.031988155
319284,-0.7798476416184791,7,0.4539999
284338,0.40480505878936296,7,0.28223097
283109,0.420190158794659,7,-0.564556
187728,-0.44137544150195296,7,-0.7369907
375991,-0.2259840414278,7,0.591876
283110,0.7586623589111852,7,0.90397274
283126,-0.7490774416078859,7,-0.8087191
190561,0.2663391587416929,7,0.1708484
374743,0.204798758720506,7,-0.6797527
375830,2.25101705942496,7,0.96692127
188521,-0.7952327416237758,7,-0.25450042
374183,-1.3798665418250502,7,-0.07577519
188224,1.68176835922898,7,1.1964415
190141,-1.6106430419045,7,-1.2911707
188029,0.0971030586834297,7,0.8842725
374339,0.650966658874109,7,0.2788158
189293,-0.841388041639666,7,-0.6894752
189194,-1.68756854193098,7,-1.6357948
187604,0.420190158794659,7,0.28881636
188777,-0.826002941634369,7,0.093266755
189039,0.466345458810549,7,-0.34751365
375433,-1.4260218418409398,7,-0.43938124
375746,-0.9183135416661492,7,-0.6972628
283177,-1.73372384194687,7,-0.4820779
187590,-0.395220141486063,7,0.48575884
283089,-0.995239041692632,7,-0.83087087
375370,0.497115658821142,7,-0.57829154
284336,0.989438858990635,7,1.319782
375421,0.00479245865164983,7,-0.19497745
190037,-0.641381741570809,7,0.031224532
375850,0.989438858990635,7,1.5241812
374643,0.650966658874109,7,0.65955085
187878,0.8355878589376691,7,0.978844
283638,0.312494458757583,7,0.04422567
187677,0.989438858990635,7,0.21148577
187918,-0.7798476416184791,7,0.00372089
189712,1.98947035933492,7,1.5451102
188382,0.727892158900592,7,0.56733865
319280,0.989438858990635,7,-0.48808363
188558,-0.7490774416078859,7,-0.8694371
189003,-0.149058541401317,7,-0.5431534
188445,-1.2414006417773795,7,-0.5288313
375972,1.43560675914424,7,1.6882055
189337,-0.17982874141191002,7,-1.151631
187977,0.0663328586728364,7,0.5343439
374609,-1.1337049417403,7,-0.111037835
187957,1.42022165913894,7,-0.1215765
188034,0.0355626586622431,7,-0.13403593
2436958,0.497115658821142,7,-0.11901666
188201,-0.979853941687335,7,-0.58948183
187839,-1.04139434170852,7,-0.62223023
188979,-0.841388041639666,7,-0.39686242
189684,1.05097925901182,7,-0.10351691
336781,-1.33371124180916,7,-0.302574
283790,-0.7798476416184791,7,-0.09436273
187980,0.727892158900592,7,0.037257295
374363,-0.31829464145958003,7,-0.27792004
187951,-1.1337049417403,7,-1.0274549
375441,0.0201775586569465,7,0.062436517
336478,-0.4875307415178429,7,-0.5549025
284372,-1.27217084178797,7,-0.42161262
187718,0.40480505878936296,7,0.23966722
187985,0.543270958837032,7,-0.07903876
190195,-0.41060524149136,7,-0.4763513
375409,1.42022165913894,7,-0.039661035
374678,0.0201775586569465,7,-0.29313636
188497,-0.149058541401317,7,-0.23150426
189822,-1.3644814418197502,7,-1.256939
374807,0.650966658874109,7,0.59159106
375965,1.55868755918661,7,1.5637743
187741,-1.45679204185153,7,-0.41205156
374362,0.17402855870991302,7,-0.010212358
374436,2.40486805947793,7,0.9525494
187612,1.08174945902242,7,-0.021710489
188094,-1.2414006417773795,7,0.19792508
284305,0.989438858990635,7,-0.292534
375455,-0.19521384141720705,7,-0.40472007
373758,1.78946405926606,7,0.84965116
187858,-0.518300941528436,7,0.03659444
189040,-1.56448774188861,7,-1.2715015
187793,-1.87218974199454,7,0.06968878
188407,0.9278984589694492,7,0.08770466
374413,1.08174945902242,7,1.0839556
187930,0.25095405873639604,7,0.43455496
188405,-1.25678574178268,7,-1.0010713
187583,-0.502915841523139,7,-0.048292905
375437,-0.6259966415655129,7,-0.14727212
283139,0.0817179586781331,7,-0.0634585
188901,-0.5336860415337329,7,-0.21415369
375461,-1.21063044176679,7,0.14973766
190035,-0.641381741570809,7,-0.3469011
188145,0.974053758985338,7,1.3748751
190134,0.17402855870991302,7,-0.45467645
189723,0.666351758879406,7,-0.24731018
187787,0.374034858778769,7,-0.035401516
2436902,0.00479245865164983,7,-0.011294864
190148,-0.7798476416184791,7,-0.93747324
375994,1.2202153590700802,7,-0.054127697
374202,-1.62602814190979,7,-1.0500385
284281,0.18941365871521,7,0.07302837
284277,0.666351758879406,7,0.44528925
188306,0.204798758720506,7,0.002726786
283735,0.17402855870991302,7,-0.123929396
375582,1.88177465929784,7,1.0109534
375368,1.85100445928725,7,0.6477133
188981,-0.27213934144369,7,-0.15143031
373509,0.466345458810549,7,0.30116993
375608,0.6971219588899991,7,0.9213667
188146,0.0971030586834297,7,0.20650078
190062,0.497115658821142,7,0.09458854
375693,0.3278795587628789,7,0.81026894
187591,0.14325835869932002,7,-0.36721313
374534,0.281724258746989,7,-0.2965668
373835,0.2663391587416929,7,0.21940236
375169,0.158643458704616,7,-0.032339044
190045,0.0971030586834297,7,-0.40112275
190733,-1.2260155417720802,7,-0.5162267
188015,-1.3644814418197502,7,-0.51324505
187772,0.8355878589376691,8,-0.11648849
374744,-0.872158241650259,8,-0.7695592
374067,1.28175575909127,8,-0.016793592
189274,0.958668658980042,8,0.25049615
374712,-1.39525164183034,8,-0.15065837
190807,-0.5490711415390289,8,-1.0855086
375957,0.804817658927075,8,0.39278743
190129,-0.902928441660852,8,-0.45161617
187904,-0.595226441554919,8,0.388516
336484,-1.30294104179856,8,-0.5445048
187628,-0.28752444144898603,8,-0.058765292
189928,0.40480505878936296,8,-0.21054678
375678,1.31252595910186,8,0.7541971
374003,-0.0413628413642401,8,-0.008120557
188536,0.450960358805253,8,-0.087418996
374158,-0.149058541401317,8,-0.32883734
374178,-1.3798665418250502,8,-0.5830518
187588,0.343264658768176,8,-0.107845195
190203,0.897128258958855,8,0.24027376
375941,1.05097925901182,8,1.372956
190774,-0.0413628413642401,8,-0.43283665
188467,-0.9644688416820392,8,-0.48791933
188329,-0.21059894142250304,8,-0.67891306
188031,0.374034858778769,8,-0.20890081
188051,1.05097925901182,8,1.618301
284373,0.558656058842329,8,0.46763998
187866,-0.6259966415655129,8,0.13910273
190403,-0.0105926413536468,8,-0.2953824
375518,1.78946405926606,8,0.7885722
188246,-0.6259966415655129,8,-0.9655454
189862,1.08174945902242,8,0.02937777
374545,0.989438858990635,8,0.25901878
190274,-0.641381741570809,8,-0.35486248
375871,1.2356004590753795,8,0.7260928
374620,0.897128258958855,8,-0.02336399
375743,0.435575258799956,8,0.7506044
188546,-0.718307241597292,8,-1.0620856
188373,-0.9644688416820392,8,0.044493366
284279,1.00482395899593,8,0.41254357
374513,0.0663328586728364,8,-0.3186444
374612,1.1586749590488998,8,0.7021936
283822,-0.7952327416237758,8,-0.70308524
187996,-0.21059894142250304,8,-0.057611328
188355,1.03559415900652,8,0.06721199
284059,0.312494458757583,8,-0.25387633
283844,-0.8875433416555559,8,-0.8831248
374741,-1.6414132419150902,8,-0.3337034
189797,1.02020905900123,8,0.4234083
375389,0.681736858884702,8,0.14322105
373939,-1.3798665418250502,8,-0.0394995
188636,-0.6259966415655129,8,-0.5395001
376001,0.727892158900592,8,0.502956
187971,1.26637065908597,8,0.7792677
189153,-1.10293474172971,8,-1.3455703
375254,1.02020905900123,8,0.25697318
190174,-0.672151941581403,8,-0.35020727
374239,0.512500758826439,8,0.2061424
188482,-1.71833874194157,8,-0.44082904
308269,-1.33371124180916,8,-0.23489681
374614,1.40483655913364,8,0.7551063
189031,-0.872158241650259,8,-1.5122877
375661,2.02024055934551,8,0.5989338
190101,-0.8875433416555559,8,-0.95179003
373655,-0.702922141591996,8,-0.3693424
189390,-0.518300941528436,8,-0.2420272
283215,-0.21059894142250304,8,-0.5576735
374533,-0.9336986416714448,8,0.020082677
283579,-0.0567479413695367,8,-0.0050539323
375975,-0.872158241650259,8,-0.47740158
187780,0.820202758932372,8,0.27102485
187840,0.112488158688726,8,-0.1463748
190819,-0.44137544150195296,8,-0.70457584
375895,1.29714085909657,8,0.78026253
188669,-0.395220141486063,8,-0.10819068
375740,1.97408525932962,8,0.5515682
374718,0.650966658874109,8,0.56193775
188340,-1.31832614180386,8,-1.1189414
376015,0.17402855870991302,8,0.35032862
187846,-0.31829464145958003,8,0.73510927
374680,1.08174945902242,8,0.31223384
188997,-0.595226441554919,8,-1.0689994
283774,-0.36444994147547,8,-1.1451629
189751,2.2202468594143703,8,1.5113697
189421,-1.19524534176149,8,-0.78484935
375752,1.78946405926606,8,0.8727197
187537,0.666351758879406,8,0.56653214
190199,0.40480505878936296,8,0.86364484
375513,0.7432772589058891,8,1.0206629
375576,-0.564456241544326,8,0.1731789
188038,0.0663328586728364,8,0.1648388
374621,0.435575258799956,8,0.36786515
187582,0.0509477586675398,8,-0.042820048
189667,-0.902928441660852,8,-0.55074686
374148,-0.36444994147547,8,-0.17738253
373780,-1.45679204185153,8,-0.6074283
189776,-1.1337049417403,8,-0.8673347
189116,-0.44137544150195296,8,-0.45894167
189869,0.343264658768176,8,0.33148608
187958,0.297109358752286,8,0.24094607
188768,-0.841388041639666,8,-0.9990839
188999,-1.3644814418197502,8,-0.9318392
189628,-0.19521384141720705,8,-0.71934134
375857,1.08174945902242,8,0.3805264
283602,0.450960358805253,8,-0.3211812
283722,1.42022165913894,8,-0.11017365
190086,1.00482395899593,8,-0.09259362
190160,0.312494458757583,8,0.24822605
283838,1.68176835922898,8,0.69884163
375933,-0.21059894142250304,8,0.07935003
374814,-1.54910264188331,8,-0.5729719
375596,0.7432772589058891,8,-0.17314449
190472,-0.102903241385427,8,-0.09543299
187874,-0.36444994147547,8,0.08781021
187667,-0.841388041639666,8,-0.36504963
375773,1.74330875925017,8,0.7996354
374934,0.7586623589111852,8,0.759028
188113,-1.97988544203162,8,-0.810765
190703,0.25095405873639604,8,-0.45270485
187594,1.75869385925547,8,0.0478255
187714,0.0663328586728364,8,0.17225595
284319,0.297109358752286,8,0.1825625
190137,-0.656766841576106,8,-0.22949749
188101,-0.08751814138012999,8,-0.30008674
283444,0.527885858831736,8,0.43363288
188517,-0.702922141591996,8,-0.5295691
189268,0.912513358964152,8,1.1118903
374004,-0.379835041480766,8,-0.00424174
189002,-0.6106115415602161,8,-0.38213083
374475,0.9278984589694492,8,-0.35043305
188596,-0.13367344139602,8,-0.112078235
188341,-0.30290954145428306,8,-1.4119016
188314,-0.764462541613182,8,-0.8648223
375460,-0.3336797414648761,8,-0.27529985
187764,-1.07216454171912,8,-0.42503634
283670,1.37406635912305,8,0.1430161
283445,1.42022165913894,8,0.33763385
375499,-0.44137544150195296,8,0.1557747
190163,-0.2259840414278,8,-0.6185641
187952,0.650966658874109,8,0.99858236
189230,-1.10293474172971,8,-1.4505875
283792,-0.7798476416184791,8,0.88508534
189032,-0.349064841470173,8,-0.8256649
375340,1.69715345923428,8,0.3061321
2437214,1.86638955929254,8,0.386039
375973,-0.0259777413589435,8,-0.042205766
319784,0.435575258799956,8,1.3057934
189164,-1.53371754187801,8,-1.0544193
188061,0.866358058948262,8,0.67903626
283158,0.512500758826439,8,0.9359255
187489,-1.77987914196276,8,-0.685873
283125,-1.9183450420104295,8,0.019209323
375687,0.7125070588952959,8,0.44190073
376034,0.40480505878936296,8,0.28375942
190098,-1.25678574178268,8,-0.45859605
283763,0.358649758773473,8,-0.21076441
283162,-0.4875307415178429,8,0.031402685
283132,0.2663391587416929,8,0.3518818
188075,1.08174945902242,8,0.43469805
374359,-0.395220141486063,8,-0.44244006
375394,-0.41060524149136,8,-0.14841424
283615,0.8355878589376691,8,0.129416
374551,0.850972958942965,8,1.1743956
189668,-1.1337049417403,8,-0.767527
336688,-1.96450034202632,8,-0.26083997
188268,-0.08751814138012999,8,-0.47195944
375788,0.0817179586781331,8,-0.011540232
189225,0.112488158688726,8,-0.51811194
187548,1.78946405926606,8,0.52738905
373782,-1.31832614180386,8,-0.6276664
284309,0.574041158847626,8,0.2631538
375634,1.74330875925017,8,1.0035942
375037,-1.31832614180386,8,-0.32024997
187834,-0.395220141486063,8,-0.7603659
188991,-0.564456241544326,8,-0.4137368
187609,-0.7952327416237758,8,-0.17326516
189231,1.08174945902242,8,1.2467033
188243,-0.518300941528436,8,-0.40204185
284370,0.7740474589164821,8,-0.02058543
375591,-0.0413628413642401,8,-0.32021564
187844,1.49714715916542,8,1.2368933
188226,-1.53371754187801,8,-0.30124876
283176,1.18944515905949,8,-0.8623517
283978,0.204798758720506,8,-0.106499024
283719,-1.53371754187801,8,-0.9475544
187946,-0.349064841470173,8,-0.10791586
189804,-0.44137544150195296,8,0.24455228
187832,0.220183858725803,8,-0.52558047
189851,1.51253225917072,8,1.7089771
188346,-0.841388041639666,8,-0.8437263
375020,0.0663328586728364,8,0.07565392
188269,-0.902928441660852,8,-0.8562424
318174,-1.39525164183034,8,-0.63147706
189974,-0.0105926413536468,8,-0.15276632
283950,1.2509855590806798,8,0.39296675
189079,-0.28752444144898603,8,-0.1270653
374063,1.1586749590488998,8,-0.13657984
187867,0.527885858831736,8,0.041543838
187458,-0.0105926413536468,8,0.49798095
375594,-0.0567479413695367,8,-0.13273844
189085,-0.6259966415655129,8,-1.4387741
283668,0.0201775586569465,9,0.1717253
187990,-1.7952642419680602,9,0.1604264
189803,-0.17982874141191002,9,-0.18313995
375759,0.0201775586569465,9,0.08703831
187791,-0.656766841576106,9,-0.016757144
375742,0.989438858990635,9,0.43355075
190143,0.450960358805253,9,1.5338196
189242,-0.995239041692632,9,-0.5377106
375930,-0.5336860415337329,9,-0.063879244
187941,0.558656058842329,9,-0.018771673
187758,0.0355626586622431,9,-0.46653306
283599,-1.47217714185683,9,-0.17689882
375597,1.77407895926076,9,0.70356995
188549,-1.5029473418674195,9,-1.2667471
187485,-0.19521384141720705,9,-0.8597588
374742,0.40480505878936296,9,-0.5293572
189157,-0.5336860415337329,9,-0.4403704
189004,-1.07216454171912,9,-0.18839285
284015,-0.36444994147547,9,-0.40157837
189805,-0.564456241544326,9,-0.97043324
375626,-0.0413628413642401,9,-0.06793443
375731,0.804817658927075,9,0.9861987
189301,-0.826002941634369,9,-0.52819747
188922,-0.826002941634369,9,0.32135993
373682,0.2663391587416929,9,0.39309993
284312,0.2663391587416929,9,0.067913614
375970,-0.36444994147547,9,0.6019064
188345,-1.07216454171912,9,-0.919605
375503,2.12793625938259,9,1.7272248
374472,0.0663328586728364,9,-0.13300297
190709,-0.6106115415602161,9,-0.06513817
375838,-1.4106367418356398,9,-1.3061996
284327,0.727892158900592,9,0.50557584
188327,-1.9183450420104295,9,-0.6539662
187584,0.512500758826439,9,0.62608397
188698,1.34329615911246,9,1.3398807
374699,1.74330875925017,9,0.1964804
189238,-0.5336860415337329,9,-0.36520275
189045,0.681736858884702,9,-0.11557702
374160,0.604811358858219,9,-0.6140234
187545,-0.502915841523139,9,-0.05739242
373948,0.604811358858219,9,-0.31640053
189842,-0.28752444144898603,9,-0.33350134
375832,-1.81064934197335,9,-1.0428069
190364,0.650966658874109,9,0.60916054
283230,-1.30294104179856,9,0.31345624
187814,0.620196458863516,9,-0.14792109
187986,-0.6259966415655129,9,0.66046
375538,1.28175575909127,9,1.6008098
284239,-0.9336986416714448,9,0.36265683
284328,0.974053758985338,9,0.19231743
187690,0.958668658980042,9,0.89313245
283667,1.65099815921839,9,0.40574214
283815,-0.0567479413695367,9,-0.050312895
375744,-0.902928441660852,9,-0.6034302
189042,-0.687537041586699,9,-0.51006234
283768,0.14325835869932002,9,-0.4243542
375456,0.40480505878936296,9,0.3276428
283742,0.0355626586622431,9,-0.28677174
318550,-0.17982874141191002,9,-0.36073002
374611,0.604811358858219,9,-0.3043012
189856,0.343264658768176,9,-0.33827215
374500,0.650966658874109,9,1.1387314
373912,1.00482395899593,9,1.1905278
374385,-1.10293474172971,9,-0.06183321
2437249,0.604811358858219,9,0.05620027
188321,-0.7952327416237758,9,-0.1606927
187989,-1.54910264188331,9,-0.44241005
187984,0.435575258799956,9,0.0033409728
283752,0.497115658821142,9,-0.27279735
187778,0.866358058948262,9,1.1688879
283805,-0.118288341390723,9,-0.14979585
187796,-0.826002941634369,9,-0.19847187
375875,0.343264658768176,9,-0.3584711
190808,-0.28752444144898603,9,-0.5371275
375681,1.05097925901182,9,0.9268342
189697,-1.05677944171382,9,-0.8383584
375310,-1.4260218418409398,9,0.20297849
189188,-0.7490774416078859,9,-0.94677776
374956,0.543270958837032,9,0.81263226
375205,-1.1337049417403,9,0.15117303
373756,0.7432772589058891,9,0.06967154
190081,1.26637065908597,9,-0.099398166
189078,0.0201775586569465,9,-0.14342009
374412,-1.04139434170852,9,-0.17982398
189059,-0.6259966415655129,9,-0.3208194
188785,-0.9644688416820392,9,0.1938758
188227,-1.25678574178268,9,1.0717796
189091,0.912513358964152,9,0.89404476
375728,0.00479245865164983,9,0.2687279
188220,1.74330875925017,9,1.3622173
374204,-0.13367344139602,9,0.35583207
308010,-0.149058541401317,9,0.43834025
284291,0.7125070588952959,9,0.5778794
190252,-0.118288341390723,9,-0.13970894
189885,-0.733692341602589,9,0.60524756
190800,-0.17982874141191002,9,0.055191718
189309,-0.21059894142250304,9,-0.33146638
189637,-0.518300941528436,9,-0.4021063
283114,0.497115658821142,9,0.19398035
375815,-0.118288341390723,9,1.0430825
188244,-1.11831984173501,9,-0.97813547
375842,0.804817658927075,9,0.26802638
189237,-0.7798476416184791,9,-0.5457038
283107,-0.19521384141720705,9,0.08097061
187473,-0.395220141486063,9,0.32183167
374640,1.1586749590488998,9,0.70269626
188117,-0.118288341390723,9,0.35381058
188291,-0.979853941687335,9,0.19880047
189970,-0.7952327416237758,9,0.3106927
190073,0.112488158688726,9,0.30430543
190804,-1.39525164183034,9,-0.39649802
189109,-2.0414258420528,9,-1.3042576
190177,-1.11831984173501,9,-0.6280842
374011,0.527885858831736,9,0.064480044
374151,0.158643458704616,9,-0.08659046
190810,0.589426258852922,9,-0.20885022
283968,0.8355878589376691,9,0.16250692
373651,1.46637695915483,9,0.5859328
190039,-1.05677944171382,9,-0.9402413
283235,0.14325835869932002,9,-0.16775714
187817,2.29717235944085,9,1.0660373
190007,-0.979853941687335,9,-0.17606635
374396,0.220183858725803,9,-0.1768986
190149,-1.56448774188861,9,-0.9685966
375664,1.69715345923428,9,1.3013475
188402,1.26637065908597,9,1.2104771
2437258,0.343264658768176,9,0.64264613
189919,-0.564456241544326,9,-0.23622712
374108,-1.48756224186212,9,-1.2621771
189139,0.7586623589111852,9,-0.2212172
188507,-0.702922141591996,9,-0.17649288
284245,1.89715975930314,9,0.44725475
187658,-0.764462541613182,9,-0.34133193
375736,0.343264658768176,9,0.44307932
189955,1.18944515905949,9,0.28605506
375434,0.204798758720506,9,0.26318297
187648,2.42025315948322,9,0.33434352
283145,-1.2414006417773795,9,-0.41518712
375708,0.204798758720506,9,0.8880953
187500,-0.2259840414278,9,0.587221
283775,0.312494458757583,9,0.18333891
373980,-0.2259840414278,9,-0.2673434
187853,-0.872158241650259,9,0.044889342
188336,-2.25681724212696,9,-0.5944417
187999,-0.656766841576106,9,0.24282286
373991,0.604811358858219,9,-0.12680358
187810,-0.841388041639666,9,0.06331715
187739,1.98947035933492,9,0.27950296
283772,-0.7798476416184791,9,-0.002702105
188320,-1.47217714185683,9,-0.87172675
190803,-0.687537041586699,9,-0.24921015
188026,0.0201775586569465,9,-0.3812151
373900,1.86638955929254,9,0.06778367
187576,0.7125070588952959,9,0.25411952
2437194,-0.7490774416078859,9,-0.5059353
189937,-0.5336860415337329,9,-0.19206339
373904,1.28175575909127,9,-0.074781865
188137,-0.979853941687335,9,0.46585846
318175,-0.41060524149136,9,-0.6324311
189913,0.604811358858219,9,0.21402296
187518,-0.5336860415337329,9,-0.12105908
319285,0.512500758826439,9,-0.18485296
156377,1.6202279592078,9,1.3858416
308011,0.25095405873639604,9,0.41320294
188027,-1.25678574178268,9,-0.2614377
189290,-0.0567479413695367,9,-0.62542546
188114,-0.149058541401317,9,-0.02912316
190734,-0.118288341390723,9,-0.09644512
284203,2.2048617594090696,9,0.5664039
374631,-0.6259966415655129,9,0.56644225
375817,2.11255115937729,9,1.4685335
187995,0.0817179586781331,9,-0.11399557
375585,1.97408525932962,9,0.7494791
283634,-0.9336986416714448,9,-0.5286541
374944,-0.902928441660852,9,-0.9812055
188640,-0.472145641512546,9,0.08746997
188974,-0.564456241544326,9,-0.28751403
374386,0.8817431589535591,9,-0.6304755
188231,1.5894577591972,9,0.70806986
189832,-0.241369141433096,9,0.20082052
187783,0.9278984589694492,9,0.34608653
374139,-0.7798476416184791,9,-0.14712392
284280,0.7125070588952959,9,0.91394967
187981,-0.13367344139602,9,-0.23837526
189871,-0.149058541401317,9,0.09309577
188704,-1.01062414169793,9,-0.8660673
188105,-0.702922141591996,9,0.003891524
188476,-0.31829464145958003,9,0.1560659
187771,-0.5336860415337329,9,0.26299456
189189,0.2355689587311,9,-0.4359528
188086,-0.7952327416237758,9,0.111261636
187530,0.8817431589535591,9,0.20886116
188786,-0.902928441660852,9,-0.96336347
188092,-0.979853941687335,9,-0.42231748
189715,-0.08751814138012999,9,-0.5712309
187842,-1.2414006417773795,9,-1.4164165
188552,0.450960358805253,9,-0.5756296
283121,0.220183858725803,9,-0.1572634
374652,1.00482395899593,9,0.33165777
