id,Prot,kfold,GBDT_pred
189201,0.128816917215845,0,0.18396313118439908
375697,0.498582018660674,0,-0.3787236519064805
190029,0.498582018660674,0,0.22255627564692132
188043,2.16252497516241,0,-0.20139902619416736
189003,-0.0560656335065715,0,0.21590568740380114
187707,0.498582018660674,0,0.0018181050640321834
308269,0.22125819257705,0,0.0778386750994879
188979,0.313699467938259,0,-0.07826481185646383
188872,0.22125819257705,0,0.057549558242674895
374174,0.4061407432994649,0,-0.13317793805139372
317953,-0.703154561035026,0,0.11278719882029595
187881,1.14567094618913,0,0.8970754376412472
283767,0.5910232940218829,0,0.8538851560448855
187669,-1.35024348856348,0,-0.235383581709884
283158,0.683464569383089,0,0.22425124754376496
189023,0.22125819257705,0,0.40991613875077093
375590,-0.8880371117574399,0,-0.1575292726838215
188757,-0.980478387118648,0,0.06779500164256938
190000,0.128816917215845,0,0.3892435455030578
187714,-1.16536093784106,0,0.1033374847559381
187522,0.22125819257705,0,0.5709202564635881
336479,-0.425830734951402,0,-0.346884325068178
188530,-0.8880371117574399,0,-0.6506010892857562
190163,1.14567094618913,0,0.344754319635862
188029,-0.333389459590195,0,-0.22379350465420322
374037,-0.703154561035026,0,-0.35141039050509754
187958,1.23811222155034,0,0.5443357340545344
187928,0.4061407432994649,0,0.06705731916556817
283300,0.960788395466712,0,0.3956244405418711
375746,-1.07291966247986,0,-0.6708553414712743
189038,-0.7955958363962329,0,0.3975467697295956
375817,0.313699467938259,0,-0.2810300003081514
2436999,-0.0560656335065715,0,0.11962788145012626
283171,-0.703154561035026,0,-0.12054972956647111
283118,1.33055349691154,0,0.4730185281685798
374092,-0.5182720103126099,0,0.3444241791821746
187464,1.60787732299516,0,0.70565904718789
284280,-0.0560656335065715,0,-0.2338631724558907
187718,0.683464569383089,0,0.4228183673407577
375693,-0.333389459590195,0,-0.5689418905676891
187986,0.683464569383089,0,0.2195229470056708
189045,0.22125819257705,0,0.5757815611241529
187852,2.25496625052362,0,0.7136237235274148
189991,-0.610713285673817,0,-0.3990481700693232
375970,-1.07291966247986,0,-0.17399140572740251
187906,-0.7955958363962329,0,-0.6784462924579467
187574,-0.7955958363962329,0,0.19168653105526973
373656,0.8683471201055029,0,-0.20380549077610555
188083,-0.980478387118648,0,-1.034791696682825
188197,-0.240948184228988,0,-0.42041070370646016
373850,1.42299477227275,0,-0.33835448733190726
284371,0.0363756418546358,0,0.08879207799281162
2437250,4.10379175774777,0,0.5234916950893479
2437244,1.42299477227275,0,-0.06955992488559454
283215,0.4061407432994649,0,0.5699321685115755
283774,0.683464569383089,0,0.8730506310810812
187803,-0.610713285673817,0,-0.1430702264846273
187980,-1.7200085900083102,0,0.3349054582755912
308265,0.128816917215845,0,0.046002742717077334
283178,0.5910232940218829,0,0.5007369798676412
375467,-0.8880371117574399,0,0.25162615676349187
373980,-0.980478387118648,0,-0.18541024680751972
284319,-0.333389459590195,0,-0.22987845359444267
187812,-0.980478387118648,0,0.15407607217992894
283633,-0.14850690886777898,0,-0.36852950396080353
189002,-0.0560656335065715,0,0.26390104081370486
188494,0.498582018660674,0,-0.02586834205030508
187637,-0.8880371117574399,0,-0.24722367978281634
187978,1.33055349691154,0,0.4334966231211554
189760,1.05322967082792,0,0.08392842397347067
188231,0.22125819257705,0,-0.37668526632868077
375608,-0.610713285673817,0,-0.5949938209789851
187700,-0.333389459590195,0,0.5379106025435235
188636,-1.07291966247986,0,-0.6466424235026935
187591,-0.980478387118648,0,-0.03193483169409995
374467,1.23811222155034,0,0.5134205938764512
189754,0.313699467938259,0,0.5935717751805611
188982,0.8683471201055029,0,0.5170348823307835
187838,0.498582018660674,0,0.5694751348252773
189957,0.4061407432994649,0,0.7625616514503272
375454,-0.703154561035026,0,0.18652092259593933
375674,-0.980478387118648,0,-0.6115962161545014
189244,0.5910232940218829,0,0.34044963976604536
188170,-0.425830734951402,0,-0.8860811219966811
188246,-2.18221496681435,0,-1.6691508395338317
188048,-0.703154561035026,0,-0.1660924217842517
188369,-1.07291966247986,0,-0.4385494135374022
189320,1.23811222155034,0,0.42955906982970166
190783,-0.8880371117574399,0,-0.5479331825017459
374339,0.0363756418546358,0,0.3660311117962402
318174,0.0363756418546358,0,-0.10497923398830493
187671,-0.14850690886777898,0,0.3338855170965756
375634,-0.980478387118648,0,-0.43999540109137386
308212,1.79275987371758,0,0.5038893602792478
375243,0.960788395466712,0,-0.36785427659786946
374655,-0.240948184228988,0,-0.007120711551688546
374956,-0.240948184228988,0,-0.14729588700171758
187904,-0.8880371117574399,0,-0.25356782649908055
374694,0.683464569383089,0,-0.05323187279992173
188325,-0.425830734951402,0,-0.022348535867857695
188669,-0.14850690886777898,0,0.48226018025846407
2437263,0.0363756418546358,0,-1.0119184749292365e-05
187500,-0.7955958363962329,0,-0.11963006696163259
187778,0.128816917215845,0,-0.3253428787676534
188957,0.4061407432994649,0,0.5464654037188796
188282,-0.0560656335065715,0,-0.9417043605779669
190807,0.960788395466712,0,0.8991516125346785
187588,0.498582018660674,0,0.21007574468530038
375205,0.0363756418546358,0,-0.011720768513622156
336478,-0.333389459590195,0,-0.04582135877739732
373674,0.8683471201055029,0,0.2418187091089626
187678,0.8683471201055029,0,0.2727103710608623
284334,-0.980478387118648,0,-0.5997342433662862
375434,-0.5182720103126099,0,0.18078216550823323
375971,1.42299477227275,0,-0.3624922899670481
283813,0.313699467938259,0,0.49121868154506443
187612,-3.56883409723246,0,-0.42252587738022124
190213,-0.703154561035026,0,-0.5746061441323523
283126,-0.14850690886777898,0,0.6958811142496976
283825,3.179379004135689,0,0.9326882660258818
189116,-0.5182720103126099,0,0.22412503487519583
190008,0.8683471201055029,0,0.14369142091277326
375591,-1.53512603928589,0,-0.35109541347829654
375397,-1.07291966247986,0,-0.13936952895975963
284291,-0.980478387118648,0,0.3602900397662792
188476,1.33055349691154,0,0.05689611194564912
190434,-0.610713285673817,0,-0.45263707388172975
187664,-0.7955958363962329,0,-0.3844644784172987
283176,0.498582018660674,0,0.4933575725550716
187911,1.33055349691154,0,0.10931036298951646
375749,-0.5182720103126099,0,-0.4753647940092753
189913,-0.610713285673817,0,0.38039886863629263
188969,0.22125819257705,0,0.4686065022606921
187879,1.23811222155034,0,-0.12128815637450173
187878,-1.4426847639246898,0,-0.3190877204683886
283969,-0.5182720103126099,0,-0.7301238204283552
375796,1.79275987371758,0,0.08518156606967406
187712,0.498582018660674,0,0.042169627520643974
283515,-0.14850690886777898,0,-0.41283914381557935
187730,-0.8880371117574399,0,-0.026721381815741845
189090,-0.610713285673817,0,0.040767344447463466
373952,0.0363756418546358,0,-0.10912848396721976
187784,-0.7955958363962329,0,-0.7218646275197222
2437268,-0.240948184228988,0,0.08819530087145243
188101,0.313699467938259,0,-0.012429573366285534
187780,-1.07291966247986,0,-0.28358173222295724
187856,0.313699467938259,0,0.05847507650017289
284002,-0.980478387118648,0,-0.26672255745884915
376047,-1.07291966247986,0,-0.39281417908995203
283968,-1.16536093784106,0,0.4780141689631876
374742,-0.610713285673817,0,0.7149784804081254
375524,-0.425830734951402,0,-0.6339494954917606
190804,0.22125819257705,0,0.3698165270988287
187998,-0.8880371117574399,0,-0.103589859416865
374160,-0.240948184228988,0,0.5315024545287179
283106,1.23811222155034,0,1.2186435660578934
189885,1.42299477227275,0,-0.02539876389586672
374148,0.313699467938259,0,-0.6582986227937573
189041,-1.16536093784106,0,0.458857021655224
189871,0.313699467938259,0,0.2855301934579064
187502,-0.240948184228988,0,0.24603490355653848
375899,0.498582018660674,0,-0.3512338419880553
189247,-0.240948184228988,0,0.10173358372411742
375573,-0.5182720103126099,0,-0.13940491101120384
188189,-0.0560656335065715,0,0.0789218164031516
283757,0.128816917215845,0,0.4310031037248042
189790,-0.703154561035026,0,-0.8192223034548334
188402,-1.53512603928589,0,-0.8427760053627275
188256,0.128816917215845,0,-0.07502702562764699
188250,-0.8880371117574399,0,-0.055857691862743086
187945,1.23811222155034,0,-0.2714992212268841
189766,0.5910232940218829,0,0.2824866135021615
284189,-0.610713285673817,0,-0.5792023385164174
283772,0.683464569383089,0,-0.11168104203726008
189021,-0.703154561035026,0,0.06316099825261108
189005,-0.703154561035026,0,-0.026576536489830882
190189,1.14567094618913,0,1.1570763433972842
187855,0.313699467938259,0,0.4916913064253483
188944,0.960788395466712,0,0.5607855976224863
374663,-0.14850690886777898,0,-0.05769410944255842
283449,0.683464569383089,0,-0.40417276973884714
374155,0.313699467938259,0,0.4066941920717429
374630,0.0363756418546358,0,0.016869508453357135
190805,-2.55198006825918,0,-0.10243158422837852
375642,-0.7955958363962329,0,0.48539279255362056
187770,1.8852011490787897,0,0.39372110959571194
189872,-0.14850690886777898,0,0.4444660539235567
190177,0.960788395466712,0,0.49813615348882834
187501,-0.980478387118648,0,-0.03912470474563176
308006,-0.0560656335065715,0,-0.22243071299104708
373481,-2.08977369145314,0,-1.5502362192534493
189637,-0.5182720103126099,0,0.5542686218418532
188942,0.498582018660674,0,0.6169493288911813
187877,1.51543604763396,0,0.7109420569686339
190814,1.60787732299516,0,0.6733628316784702
375748,-1.35024348856348,0,-0.9068885102447318
188329,1.14567094618913,0,0.5988821886086901
190195,0.4061407432994649,0,1.1660761943418043
375813,2.25496625052362,0,-0.11316883909350724
188229,-0.8880371117574399,0,0.647860491743651
189008,-0.980478387118648,1,-0.003673767365823317
284247,-0.240948184228988,1,-0.2815002317367329
283634,0.0363756418546358,1,0.5705648959324037
374186,2.71717262732966,1,0.8158776648364258
189756,0.498582018660674,1,0.14065869066404182
188157,-1.35024348856348,1,-0.956523559576926
189337,-0.8880371117574399,1,0.81679667619191
2437308,0.4061407432994649,1,-0.8179142798278812
374535,-0.610713285673817,1,-0.3570024036869198
190173,1.05322967082792,1,1.032771695494735
187842,1.05322967082792,1,1.1544670264261596
188152,-0.8880371117574399,1,-1.1108249040008573
374001,0.498582018660674,1,0.27967069683188367
375851,-1.07291966247986,1,-0.36036943892571366
188396,-0.14850690886777898,1,0.47315427923664993
284281,-0.5182720103126099,1,-0.4491864780810121
374407,0.128816917215845,1,0.3426221692341016
375503,-0.7955958363962329,1,-0.6134915257325867
284165,-0.0560656335065715,1,-0.4410503696647104
374165,2.43984880124604,1,-0.1098306470316898
187604,-1.4426847639246898,1,0.0302755353933987
188258,1.14567094618913,1,0.6201462760811879
187599,-1.90489114073072,1,-0.6718571268320432
375341,-0.333389459590195,1,0.27555430193539454
373627,-0.425830734951402,1,-0.29706355210325336
189744,-0.703154561035026,1,-0.34470465174253256
189022,0.0363756418546358,1,-0.3477521097077954
189241,-0.333389459590195,1,0.14457684954012695
190006,-1.07291966247986,1,-0.4321449759891371
189221,0.7759058447442969,1,0.1347035620311216
187686,-0.5182720103126099,1,-0.6237955781035504
188359,-1.25780221320227,1,-0.47893930301222526
189958,0.498582018660674,1,0.009169572022881862
375956,-0.425830734951402,1,-0.8663008326857061
187834,1.14567094618913,1,0.7099334875753729
189168,-0.333389459590195,1,0.43468511393504367
187845,-0.240948184228988,1,0.9498883115897959
374067,-0.333389459590195,1,0.5228720303870135
190098,1.70031859835637,1,0.5635010036679263
373654,0.22125819257705,1,0.3066702798533235
336684,1.79275987371758,1,0.6112323959295776
2437214,-0.7955958363962329,1,-0.49214158225343096
189278,1.05322967082792,1,0.6118404223419035
283665,-0.703154561035026,1,-0.8458728771718058
374062,0.7759058447442969,1,1.0178450832807633
189242,0.683464569383089,1,0.5480965765579005
283849,0.4061407432994649,1,0.7474888625886752
374912,1.60787732299516,1,0.4057176939957928
189615,0.4061407432994649,1,0.7195757591211459
284100,-0.5182720103126099,1,-0.32197968036103125
189050,0.22125819257705,1,0.6018266527316825
374112,0.22125819257705,1,0.6860833074040533
3646845,-0.333389459590195,1,0.5694562665117805
188339,-0.425830734951402,1,-0.24026396621485502
283139,0.498582018660674,1,0.30159797320456116
374614,-0.610713285673817,1,0.09043704318576143
190046,-0.703154561035026,1,-0.6413147993419996
373675,0.7759058447442969,1,0.35906894957115926
189152,-0.333389459590195,1,0.24008813554964542
189666,0.5910232940218829,1,1.3392027422814257
188448,-2.55198006825918,1,-1.5281056935586559
188816,-0.5182720103126099,1,-0.7981485767859149
189020,1.23811222155034,1,0.3858756848842422
283202,1.14567094618913,1,0.42087639054870113
188156,-0.703154561035026,1,-0.9901845224676183
283763,-0.425830734951402,1,-0.3089765727487232
373759,0.4061407432994649,1,0.3168005175354323
190778,0.4061407432994649,1,0.40303196458962165
187930,-0.610713285673817,1,-0.20741811196559648
187984,0.5910232940218829,1,0.17241844422849964
284272,-0.610713285673817,1,0.2752534824389069
375662,-1.4426847639246898,1,-0.9766853786849757
188840,-0.610713285673817,1,-0.5260405950461164
189932,0.498582018660674,1,0.24120141061772038
187757,-0.14850690886777898,1,0.23754263734440026
190062,0.5910232940218829,1,0.6798385133281992
187760,0.313699467938259,1,-0.3195784049636599
187535,0.22125819257705,1,-0.3180693321788848
187860,0.7759058447442969,1,-0.7560374123868494
187545,-1.53512603928589,1,-0.4072103712418354
375845,-0.8880371117574399,1,-0.7336478370152248
374612,0.128816917215845,1,-0.055497967267193735
187936,-0.425830734951402,1,0.23011629707201284
374479,-0.8880371117574399,1,-0.9805540674829158
189006,1.14567094618913,1,-0.10165657904589667
187892,-1.25780221320227,1,-0.6601179442693597
283770,-1.25780221320227,1,-1.016227330094511
336685,0.5910232940218829,1,0.5656572208472485
375950,-1.53512603928589,1,-0.9590727736360912
374371,-0.8880371117574399,1,-0.1910281713789421
190081,0.22125819257705,1,0.2250376503338141
188009,-0.703154561035026,1,0.6752982261871004
376050,-1.7200085900083102,1,-0.3816427792857513
189759,-1.4426847639246898,1,-0.3767018967308034
188563,0.7759058447442969,1,0.5714175080349738
187493,0.128816917215845,1,-0.660142203278519
283756,0.7759058447442969,1,0.19098824187738508
187666,-0.980478387118648,1,-0.3281418896728785
188327,1.05322967082792,1,0.5895197756928062
283220,-0.980478387118648,1,0.37696218637998485
374396,-0.333389459590195,1,-0.36242937146118614
283311,-0.240948184228988,1,0.1342008027320605
190039,1.14567094618913,1,1.0698983546672973
283801,0.128816917215845,1,0.09717460587988459
373939,1.51543604763396,1,-0.32513576871662125
374914,0.960788395466712,1,0.6294405588450682
187567,-1.6275673146471,1,-0.32305542688597527
190186,0.498582018660674,1,1.3414156242426278
375310,2.5322900766072403,1,0.16225349755425386
375934,-1.7200085900083102,1,-0.6965990571994173
373832,-0.0560656335065715,1,0.08688561519209889
374941,-0.703154561035026,1,-0.6159826612388878
190037,-0.0560656335065715,1,0.07059772053519037
189996,0.5910232940218829,1,0.41700071664671373
283445,-1.4426847639246898,1,-0.2487139914972388
188407,-0.703154561035026,1,-0.05677074727683533
187457,1.05322967082792,1,-0.4518064545476762
189854,-0.703154561035026,1,-0.4388932303004292
187938,0.5910232940218829,1,0.22854188062869646
375458,0.498582018660674,1,-0.3728937351240796
189280,-0.8880371117574399,1,0.20901212560037516
375465,2.25496625052362,1,0.2881184824349202
375736,-0.14850690886777898,1,-0.14418507609261144
190069,-0.425830734951402,1,0.07344860486335715
188415,-1.4426847639246898,1,-1.310488166958719
187974,0.7759058447442969,1,0.1390753685634448
373726,1.51543604763396,1,0.89241773121367
189776,-0.980478387118648,1,0.25635248569738894
283231,0.313699467938259,1,0.608565425281599
374151,-1.53512603928589,1,-0.7944923289055797
188363,-1.16536093784106,1,-0.7423302303749827
283089,-0.703154561035026,1,-0.3951112730009671
187489,-1.35024348856348,1,-0.502249530617199
373863,0.0363756418546358,1,-0.24933061817109922
190561,0.5910232940218829,1,0.007832622393703468
375695,-0.610713285673817,1,-0.7958824601642235
189858,-0.7955958363962329,1,-0.42957831404061
188909,-0.333389459590195,1,0.5015586638745514
188975,2.71717262732966,1,0.1305622633728398
189842,0.22125819257705,1,-0.5205373169400189
188768,1.23811222155034,1,0.7528972536981712
188055,0.683464569383089,1,0.30683676109516406
373900,-0.14850690886777898,1,0.2921793599927869
189708,-0.703154561035026,1,0.42628430026422265
189972,0.498582018660674,1,0.691329301043835
319284,-0.610713285673817,1,-0.09809509650679421
374534,-0.14850690886777898,1,0.7775657237817969
187481,-0.5182720103126099,1,-1.7882789069480542
375940,-0.333389459590195,1,-0.7751651380502617
375707,-1.16536093784106,1,-0.7285601134305378
373730,-0.333389459590195,1,-0.04393234266463286
2437287,0.498582018660674,1,0.657617102985165
188386,0.313699467938259,1,0.17087675143814685
189233,0.683464569383089,1,0.7157590852847715
374367,0.5910232940218829,1,0.3325430186679953
189094,-0.425830734951402,1,0.24226519988710313
188025,-0.5182720103126099,1,0.254924358232856
188496,0.5910232940218829,1,0.26451820534487264
373835,0.683464569383089,1,0.1406962961092695
318175,-0.240948184228988,1,0.003751800042801162
373522,0.4061407432994649,1,0.06498285116742678
283232,0.313699467938259,1,0.2577820348273935
188907,1.33055349691154,1,0.6329674255215151
189063,-0.703154561035026,1,-0.8592868286626315
373912,-0.425830734951402,1,-0.7045866167697216
2437410,-1.25780221320227,1,-0.01109271738071899
374213,-0.610713285673817,1,0.022314509553763098
187710,-0.980478387118648,1,-0.49023834106055625
374011,0.8683471201055029,1,-0.23821136955966724
373468,1.8852011490787897,1,-0.553443071841784
375977,2.80961390269086,1,-0.04270270766406828
189013,-1.25780221320227,1,-0.7609184788467449
187794,0.22125819257705,1,0.42219643320192013
284304,-0.980478387118648,1,0.06035927635471224
2437408,-0.8880371117574399,1,-0.6537584863025852
2437194,-0.610713285673817,1,-0.24901432179488736
187951,2.0700836998012,1,1.0357230439915264
189853,-0.333389459590195,1,0.09124670733779723
375564,-0.0560656335065715,1,-0.5612460144114715
375689,-0.610713285673817,1,-0.26809300208213993
373861,0.313699467938259,1,0.4949394944829671
188187,-0.5182720103126099,1,-0.09797135046285417
189153,0.0363756418546358,1,0.13456336101428606
187956,-0.7955958363962329,1,0.39193568310709415
156377,-1.6275673146471,1,-0.0704294041586098
374944,1.42299477227275,1,1.003632306129766
187988,0.498582018660674,1,0.05459100667791231
187952,1.42299477227275,1,-0.24850512827715493
188095,1.14567094618913,1,0.15876691912163046
187758,0.4061407432994649,1,-0.47573934187651246
187867,0.4061407432994649,1,-0.137181070425535
376033,0.498582018660674,1,-0.2558023402713972
189029,-0.425830734951402,1,0.06723880867497067
336782,0.960788395466712,1,0.49983988784811956
189829,0.498582018660674,1,0.5100481070964564
187606,0.683464569383089,1,0.0684008114989298
283117,-0.14850690886777898,1,0.36707244230507824
283194,0.0363756418546358,1,0.3530531080588376
188990,-0.333389459590195,1,0.10162185171641898
375724,-0.703154561035026,1,-0.6815738119334105
188458,-0.14850690886777898,2,0.03182553794701995
283914,0.960788395466712,2,0.21995440511763048
283726,1.14567094618913,2,0.36846132324461184
190164,1.51543604763396,2,0.3722007046797501
187603,-0.610713285673817,2,-0.49909783989960604
283604,-0.0560656335065715,2,0.3900889975213491
189234,-0.8880371117574399,2,0.8291316440141736
375441,0.498582018660674,2,0.19399102072506777
375661,-0.8880371117574399,2,-0.4636216857323236
375576,-0.240948184228988,2,-0.9970175225478963
189715,2.25496625052362,2,0.22786824780782033
189868,-0.8880371117574399,2,0.0015185317450640548
375755,-0.14850690886777898,2,-0.1823244693581285
374505,-0.14850690886777898,2,-0.2756879721846896
375447,0.4061407432994649,2,0.3186889261134912
187690,0.128816917215845,2,0.04873048979312501
374414,0.683464569383089,2,-0.11687756668012177
375500,-0.8880371117574399,2,-0.38337869155039217
317829,-1.6275673146471,2,0.08253140908996559
308254,0.7759058447442969,2,0.04239139412888409
188517,-1.07291966247986,2,0.20588878122459756
283166,0.7759058447442969,2,-0.44430713659784504
189288,-0.7955958363962329,2,-0.29645756282860003
190795,-0.610713285673817,2,0.11168769670851655
187753,-0.333389459590195,2,-0.22989187155105578
190063,-0.7955958363962329,2,-0.5297544432959562
188472,-1.16536093784106,2,-0.7249859203651937
187705,-0.703154561035026,2,-0.13412199977918376
375583,-0.7955958363962329,2,-0.5379860376413915
190808,0.498582018660674,2,0.6262702208961872
374746,0.683464569383089,2,0.6774965531485959
187667,-0.425830734951402,2,-0.24380857963951474
188338,-1.6275673146471,2,-0.8673527959558418
189133,-0.425830734951402,2,0.1102177530489315
187647,-0.8880371117574399,2,-0.7419836520588736
189949,-0.240948184228988,2,-0.6163469040115147
188378,-2.45953879289797,2,-1.7732693183171135
187752,-0.5182720103126099,2,-0.4220975094462352
188244,1.42299477227275,2,0.8752111919067406
283833,1.42299477227275,2,0.5569211233322446
375017,0.683464569383089,2,-0.5175127418904952
375943,-1.4426847639246898,2,-0.6224677502367209
187981,0.960788395466712,2,0.4620249683525103
189028,0.683464569383089,2,0.3141755716941653
374607,-1.07291966247986,2,-0.21845964875870685
375641,0.22125819257705,2,-0.354741409231121
375835,0.8683471201055029,2,-0.4025777780285462
188079,-0.610713285673817,2,0.36676387340303374
375791,-0.0560656335065715,2,-0.3636690118741377
374541,-0.333389459590195,2,0.030442639416687175
375627,1.79275987371758,2,0.3078890165503255
283721,1.14567094618913,2,-0.36714617287702295
190100,0.498582018660674,2,-0.44335783664334116
375409,0.7759058447442969,2,0.12749664902508198
188096,0.7759058447442969,2,-0.000813828754257905
374715,-1.25780221320227,2,0.10858918687466192
308008,0.0363756418546358,2,0.03234180889172426
188185,-0.0560656335065715,2,0.13013943379567985
190167,-1.90489114073072,2,0.02507430459756547
375698,0.22125819257705,2,-1.0722077273848725
188225,-0.703154561035026,2,-0.509677393852978
374641,0.960788395466712,2,0.18719174121963086
188218,0.8683471201055029,2,0.40112745947710404
283600,0.0363756418546358,2,-0.0599161414138824
373621,-1.16536093784106,2,-0.2923247441423112
308004,-0.980478387118648,2,0.036828757497167124
283083,0.5910232940218829,2,0.33492572011953536
187728,0.128816917215845,2,0.7626728847019154
188036,1.51543604763396,2,0.10885820797308013
187954,-0.240948184228988,2,-0.6484527917169847
375993,-0.425830734951402,2,0.12497651619128491
2437280,-0.610713285673817,2,0.05231971022800703
188976,1.05322967082792,2,0.06086650601308053
283359,-0.14850690886777898,2,0.11682272601407924
187482,-0.425830734951402,2,0.09006017938003598
188708,-0.333389459590195,2,0.047563849696066154
188978,0.128816917215845,2,0.8300900716058366
375547,-1.7200085900083102,2,-0.7516273274598785
190162,-0.610713285673817,2,-0.40755269993960896
189027,0.7759058447442969,2,0.40332405294326124
375975,1.33055349691154,2,0.5160928173793385
187469,-2.3670975175367595,2,-1.6326084138137071
283712,-1.25780221320227,2,-0.8330116031581348
187863,1.05322967082792,2,0.7250641094492025
375411,-0.703154561035026,2,0.1683765354904202
283114,0.0363756418546358,2,0.33274570342935855
283602,-1.16536093784106,2,-0.0240481138435002
188940,-0.333389459590195,2,-0.5741208260821647
375830,-1.35024348856348,2,-0.5306049593521047
188000,-0.425830734951402,2,0.37027606476767394
187987,-0.333389459590195,2,0.23059866527049078
187807,1.97764242444,2,0.7729399385959713
188174,-0.703154561035026,2,-0.8801446414088281
189164,1.60787732299516,2,0.553977288068438
187905,-0.980478387118648,2,-0.2639462236931649
187471,0.7759058447442969,2,0.51522125209144
375740,-1.6275673146471,2,-0.6139379878726335
189723,-0.980478387118648,2,-0.5655809403880343
187462,1.33055349691154,2,0.24191939309474536
187781,1.05322967082792,2,0.4092013114742202
374388,-0.0560656335065715,2,0.6137249540632493
284145,0.4061407432994649,2,0.22157134560770905
374517,-0.240948184228988,2,-0.42013706707315324
373851,0.4061407432994649,2,0.012701151683364616
283803,-0.5182720103126099,2,0.5476151110983476
375274,0.313699467938259,2,-0.19233438890568755
375062,0.7759058447442969,2,0.2610458944439441
190174,-0.8880371117574399,2,0.5323225990784352
2437249,0.5910232940218829,2,0.7735176471358793
188326,0.4061407432994649,2,-1.0181847777337272
190797,0.5910232940218829,2,-0.13151305977605882
284278,-0.240948184228988,2,-0.7098893690820738
374604,-0.240948184228988,2,0.6679532199937269
284338,0.0363756418546358,2,-0.8209197443677024
374768,1.51543604763396,2,0.8145887622132
284305,-0.703154561035026,2,0.335524924587358
189245,0.128816917215845,2,0.23606476532528795
187526,-0.980478387118648,2,0.8714163009756426
375475,0.8683471201055029,2,0.8196176762698979
188418,-0.5182720103126099,2,0.3086435337401221
284024,-1.4426847639246898,2,-0.7537668055288594
375859,-0.0560656335065715,2,-0.052588837862438446
374688,-0.8880371117574399,2,0.05674986151841538
284202,-0.7955958363962329,2,0.3052992923531562
374588,-0.610713285673817,2,-0.08095145328594978
283444,-1.81244986536952,2,-0.7340424355848474
188377,-1.07291966247986,2,0.18554832146997446
188012,1.79275987371758,2,0.28795017651793403
283432,0.313699467938259,2,1.373692109702592
374331,-0.0560656335065715,2,0.5371056392357815
190187,-2.08977369145314,2,-0.18210045375973816
187796,-0.5182720103126099,2,0.7866817683764877
190472,0.5910232940218829,2,0.3018570727837417
188945,0.960788395466712,2,0.6918202135142506
375731,-1.07291966247986,2,-0.18560755871709345
190296,1.05322967082792,2,0.11851082316170812
284216,-0.240948184228988,2,-0.11437695981356825
188777,0.5910232940218829,2,-0.49257936123474705
283748,0.4061407432994649,2,0.22417752306773903
375340,-1.07291966247986,2,-0.8611476497234191
283789,-0.333389459590195,2,0.5030907677077778
188306,0.5910232940218829,2,0.2676049496542882
374686,0.22125819257705,2,0.17765886352891758
188270,0.8683471201055029,2,0.8488483183119543
2437395,-0.240948184228988,2,-0.8737676561133471
283471,0.128816917215845,2,0.46978852256928555
375930,1.60787732299516,2,0.4226404783667132
375702,-1.53512603928589,2,-0.32906253165908234
374658,0.7759058447442969,2,0.6450781068546299
283116,1.05322967082792,2,0.6364433367176587
189865,-0.5182720103126099,2,-0.5060668137055583
190102,0.7759058447442969,2,0.381676129918014
188482,0.498582018660674,2,-0.10082052403658108
187729,0.5910232940218829,2,0.7176624191262306
375735,-1.25780221320227,2,-1.1375813295655723
187682,-0.425830734951402,2,-0.0650974217248688
189961,0.5910232940218829,2,0.4155184209817223
283655,-1.07291966247986,2,-0.8834507559244367
188345,-0.610713285673817,2,0.20440583780078161
187883,-1.35024348856348,2,-0.8418017301266186
188028,0.498582018660674,2,0.2522408256336925
284241,-0.425830734951402,2,0.251323408812085
375890,-0.14850690886777898,2,-0.2763635905087477
375230,-0.5182720103126099,2,-0.044530799570684884
189282,-0.0560656335065715,2,0.9641619803108129
188031,-1.16536093784106,2,0.570136538706676
375295,-0.14850690886777898,2,0.30763678997496846
283978,-0.703154561035026,2,0.5927948943324014
284357,-0.14850690886777898,2,-0.008154166159362467
374937,-0.240948184228988,2,-0.7939617631831174
189049,0.7759058447442969,2,0.5570097998773892
187989,1.33055349691154,2,-0.014406285359263443
187687,0.0363756418546358,2,0.3304279844342373
188292,1.05322967082792,2,0.08295309267561089
187786,-0.980478387118648,2,0.5095912664177554
187514,1.42299477227275,2,-0.20448666220823555
189294,0.4061407432994649,2,0.5313197136755046
188336,1.70031859835637,2,0.5229500537297698
375790,-0.14850690886777898,2,-0.1359475982120588
187971,-0.610713285673817,2,0.07092423413451901
187550,-0.7955958363962329,2,-0.8193825625333264
187702,-0.0560656335065715,2,0.8504145660670046
188947,0.0363756418546358,2,0.775172507829173
374197,-0.240948184228988,2,-0.32208180135292125
318176,0.0363756418546358,2,-0.08570454549061074
283145,1.42299477227275,2,1.075895495150814
190458,0.498582018660674,2,0.786745987261547
375371,-0.0560656335065715,2,-0.13797987587291013
373758,-0.333389459590195,2,0.07393709158102954
283779,1.05322967082792,2,0.5479706285820967
190148,0.313699467938259,2,0.7344329689600734
375315,0.22125819257705,2,0.27611066489971386
190089,-0.14850690886777898,2,0.42220327179859907
190092,1.23811222155034,2,1.314506254800573
187741,-2.08977369145314,2,-0.48704412929250207
188376,-0.8880371117574399,2,0.22524643329651886
284369,0.0363756418546358,2,0.12745241901084853
188405,0.8683471201055029,2,0.11668023868628512
187751,0.0363756418546358,2,-0.14235100481784504
375933,1.70031859835637,2,0.09878867756106975
188268,0.498582018660674,3,0.35263844461842125
283639,-1.25780221320227,3,-0.9159357571294967
374392,-0.333389459590195,3,-0.7202221375855997
188998,0.5910232940218829,3,0.0342257368515621
375716,-0.0560656335065715,3,-0.6461085282849833
189400,0.22125819257705,3,-0.07605246054333757
189238,0.22125819257705,3,0.2751524216189439
188227,0.313699467938259,3,-0.8333793969179609
375169,0.22125819257705,3,0.34093504915279393
190810,-2.3670975175367595,3,-0.11302054797880122
283967,0.128816917215845,3,0.06583123443062538
375823,-1.07291966247986,3,-0.7512209138426644
187587,1.33055349691154,3,0.25508282329016346
284279,-0.610713285673817,3,-0.6814706677094216
374825,-0.14850690886777898,3,-0.5699540164180309
188449,1.05322967082792,3,0.4690750081607008
375444,0.0363756418546358,3,-0.5236810427339431
188092,-0.14850690886777898,3,-0.0056069372102508525
190127,0.8683471201055029,3,1.2441410683585934
375598,2.34740752588483,3,0.6283945917872421
375417,-0.425830734951402,3,0.8935983173350501
190708,0.683464569383089,3,0.7721832018304327
190068,0.8683471201055029,3,0.6201889374470001
187982,0.7759058447442969,3,0.6515209175294401
188734,-1.16536093784106,3,-0.5818860064678382
189031,-0.5182720103126099,3,0.3115993138737709
375432,-0.610713285673817,3,-0.1681532020399026
189301,0.683464569383089,3,1.1764654120339537
190274,0.0363756418546358,3,0.24873265279823967
374391,-0.703154561035026,3,-0.4743773289579547
187674,0.0363756418546358,3,-0.4667906271021917
373739,-2.55198006825918,3,-1.5538759093035932
283677,0.22125819257705,3,0.5877163785705825
308009,-0.0560656335065715,3,-0.10401446115820223
188454,-0.425830734951402,3,-0.3088074859148637
190198,0.7759058447442969,3,0.8032465770534786
187824,-0.7955958363962329,3,-0.747127286421335
284224,-0.425830734951402,3,0.039346184036099935
187817,-0.425830734951402,3,-0.1850226257806301
374763,0.4061407432994649,3,0.8960208205182236
375809,-0.14850690886777898,3,-0.3069013087489815
375471,3.45670283021932,3,0.1422683232858582
283656,-0.980478387118648,3,-0.7487215677592554
188286,-0.610713285673817,3,0.08998403370446771
283823,0.22125819257705,3,0.858572756329774
187801,-0.703154561035026,3,0.0145127919161333
375527,-0.610713285673817,3,-0.6526468150722403
190076,0.0363756418546358,3,0.43385760760427067
189919,-0.5182720103126099,3,-0.43207327257041905
336481,-0.240948184228988,3,-0.2948451236950882
373770,-0.610713285673817,3,-0.6579128046076324
283668,-0.425830734951402,3,0.09861817475245784
187805,-0.980478387118648,3,0.18632341506454825
189040,1.05322967082792,3,0.1187113401937593
187653,0.7759058447442969,3,0.12770629236871678
188146,-0.7955958363962329,3,-0.8129435350274691
188989,-1.16536093784106,3,0.0747077234407875
187539,-1.99733241609193,3,0.48831670773339747
375820,0.313699467938259,3,-0.07453949610596639
374536,0.128816917215845,3,0.5730443379230331
187583,-0.7955958363962329,3,0.3597852111284024
189043,0.498582018660674,3,0.3969477102890659
374589,0.128816917215845,3,0.27179307383645307
188222,-1.16536093784106,3,-1.0309941765819215
283970,0.128816917215845,3,-0.14684769561320554
284322,-0.333389459590195,3,-0.28296215315459095
189686,1.42299477227275,3,0.3708771683374279
190802,-0.7955958363962329,3,-0.9794581280585679
188988,-1.07291966247986,3,0.2257400819840012
284277,-0.8880371117574399,3,-0.6288645343634519
190344,0.8683471201055029,3,0.5306652994203388
189093,-0.5182720103126099,3,0.3076047089786394
375681,0.498582018660674,3,0.023959384794881515
188630,0.0363756418546358,3,-0.7848243046733326
283751,-0.240948184228988,3,0.9560624994468231
375335,1.70031859835637,3,0.31310876851192976
284251,-0.333389459590195,3,0.10090423639209414
376049,-1.81244986536952,3,-0.2027625132584453
190769,1.23811222155034,3,1.2787413086746857
373485,-1.4426847639246898,3,-0.5833404771337296
187907,-0.240948184228988,3,-0.22678915441956699
284132,-0.14850690886777898,3,0.10185307614780632
284068,0.128816917215845,3,-0.5001149276008178
187924,-0.8880371117574399,3,-0.07222031496473974
375962,-0.425830734951402,3,0.007071151306658766
188912,0.4061407432994649,3,0.7566432523417166
188501,-0.8880371117574399,3,-0.6030919239434555
373672,0.5910232940218829,3,0.03139848395628622
188155,-0.240948184228988,3,-0.5462152760160469
374109,-0.14850690886777898,3,0.12698207147444837
188040,0.7759058447442969,3,0.1847861446849126
318179,0.8683471201055029,3,-0.07479518672972882
283782,-0.333389459590195,3,0.3221081285574458
376018,-0.240948184228988,3,-0.71335570889033
187491,0.128816917215845,3,0.06667049549719717
188463,-1.6275673146471,3,-1.3061248735264028
190780,0.0363756418546358,3,0.9044351862424569
188436,-1.25780221320227,3,-0.2176315329918544
188911,-0.14850690886777898,3,0.03305444769714862
189859,0.22125819257705,3,0.1937728236714932
188232,0.22125819257705,3,-0.38991706984950014
189971,0.8683471201055029,3,0.5052859393815708
188943,-0.333389459590195,3,0.6623672501133347
188134,-0.610713285673817,3,-0.44955270910652356
317951,0.0363756418546358,3,0.033288640375929685
188427,0.22125819257705,3,0.37174881765143125
375589,0.0363756418546358,3,-0.9194777825246302
189193,-0.5182720103126099,3,0.16661412521205599
187769,-0.0560656335065715,3,-0.4432541399666478
283179,1.8852011490787897,3,0.3899022313707412
187691,-0.425830734951402,3,0.25919551576224975
187703,-0.8880371117574399,3,-0.30218754950516374
374638,0.4061407432994649,3,-0.08478202471007935
2437282,-0.333389459590195,3,0.1699047388119799
283163,1.05322967082792,3,0.43627334745299945
188849,2.80961390269086,3,0.6732662474906774
375474,-0.333389459590195,3,-0.07372606066926514
2437267,2.43984880124604,3,0.26773654578311173
188956,1.05322967082792,3,0.6679732788902119
283736,0.128816917215845,3,0.4355362929565005
375565,-0.425830734951402,3,-0.3210721542917218
187783,-1.35024348856348,3,-0.24865516444129754
375659,-0.7955958363962329,3,-0.5785395162050281
190137,1.70031859835637,3,-0.6209177773634463
189293,0.313699467938259,3,0.4784215451008885
187704,0.498582018660674,3,0.7588700568672848
187594,-1.99733241609193,3,0.25031555943010164
190784,0.0363756418546358,3,0.32740904656762726
375767,-1.4426847639246898,3,-0.4453399133845043
189927,0.128816917215845,3,-0.5353758157390818
189689,0.5910232940218829,3,-0.619268688446004
284219,0.22125819257705,3,0.08242108417295313
189299,0.4061407432994649,3,1.0525041577538898
187662,-1.07291966247986,3,-0.012882322254883687
189138,0.8683471201055029,3,-0.19195739343247423
375621,-1.35024348856348,3,-0.4661406472618767
188204,0.4061407432994649,3,0.06492968473161927
374156,0.7759058447442969,3,0.6582052270434294
190124,0.0363756418546358,3,1.0515362808539137
374530,-0.7955958363962329,3,0.07083355715445588
188987,-0.0560656335065715,3,0.22050469705007233
189803,-0.5182720103126099,3,-0.5270916981100944
375578,-1.25780221320227,3,-0.20778719317805752
308266,-0.610713285673817,3,-0.4776446707260132
375743,-1.07291966247986,3,-0.22832937174896809
375015,-1.16536093784106,3,0.1456362326927394
283107,0.8683471201055029,3,0.528704453481461
375838,0.313699467938259,3,-0.6453043955570343
187654,-0.980478387118648,3,-0.4211760503149263
190051,-0.333389459590195,3,-1.350536788963737
375708,0.128816917215845,3,-0.37014332276608886
190792,0.7759058447442969,3,0.3650065531161472
187776,0.683464569383089,3,0.06503671783845028
188142,0.8683471201055029,3,0.017500644431149494
283791,3.45670283021932,3,0.5596838504057371
375645,-0.980478387118648,3,-0.1628141332040634
188786,0.128816917215845,3,0.5327414313132434
187510,1.14567094618913,3,-0.5886969671803202
189757,1.05322967082792,3,0.08519257715492151
188932,-0.240948184228988,3,0.28779979260295196
375921,-0.610713285673817,3,-0.7383584057561917
189009,0.498582018660674,3,0.2824678047433542
189684,0.313699467938259,3,-0.19229400667331675
283182,1.14567094618913,3,0.2550054020157808
188104,2.34740752588483,3,0.23058852965819515
188466,-0.5182720103126099,3,-0.039531444658459744
373725,-0.240948184228988,3,0.08420422758590813
189964,-0.240948184228988,3,-0.9135590229208468
189188,-1.4426847639246898,3,0.01130973436778246
375451,-0.14850690886777898,3,-0.09978151345963023
374814,1.33055349691154,3,0.7728485648764964
188893,0.128816917215845,3,0.6797970204358212
190817,-0.240948184228988,3,-0.21119679029059668
374719,-0.980478387118648,3,-1.0028771202343114
283125,1.33055349691154,3,-0.03968085629061996
188444,1.79275987371758,3,-0.04434091959846856
374397,-0.7955958363962329,3,-0.5715975979837687
189024,-0.7955958363962329,3,0.07275979966362611
375004,-0.703154561035026,3,-0.36366390219871086
283775,-0.0560656335065715,3,-0.8504725360795632
190088,1.14567094618913,3,0.5371093166666141
375625,-0.0560656335065715,3,-0.3793058188837673
283625,-0.333389459590195,3,0.2585432852126846
190732,-1.16536093784106,3,-0.5069521828319157
374398,0.22125819257705,3,0.28133998833842583
188027,1.23811222155034,3,-0.18710331170705172
189751,1.33055349691154,3,0.011156320016064486
189647,1.23811222155034,3,0.40509872709075245
188991,-0.425830734951402,3,0.2826328562893026
336485,-0.240948184228988,3,-0.020274571247491
187739,-0.14850690886777898,3,0.1298658642463578
2437256,0.22125819257705,3,-0.5975171271262326
187676,1.23811222155034,3,0.0407518030594308
188316,-1.4426847639246898,3,0.3236833487347701
375679,-0.7955958363962329,3,-0.6251193568786981
336476,-0.0560656335065715,3,-0.010583466123745014
188972,0.7759058447442969,3,0.28948093046663215
283753,-0.240948184228988,3,0.4932181192603051
283313,-0.5182720103126099,3,-0.178301431077732
373782,0.7759058447442969,3,0.6469410689199426
374545,1.79275987371758,4,-0.3174990118048469
374386,0.128816917215845,4,0.3704865699257633
283616,-0.7955958363962329,4,-1.0593329922566423
190059,0.22125819257705,4,0.11834467012119637
187968,-1.25780221320227,4,0.15783150247188713
187589,1.97764242444,4,-0.3212941485243404
375585,-1.7200085900083102,4,-0.7356974367507514
188848,-0.8880371117574399,4,0.26369767745525163
189068,1.42299477227275,4,-0.1570958069828984
283128,-0.5182720103126099,4,0.4353334367777486
188529,-1.4426847639246898,4,-0.2333186957655146
190055,-0.703154561035026,4,-0.1581379089208183
189109,1.79275987371758,4,0.05296566628744173
373690,0.498582018660674,4,0.0024328464620720996
187563,0.128816917215845,4,0.027231479619195316
187880,1.51543604763396,4,0.11300818352580994
374124,0.5910232940218829,4,0.41467639661806216
189243,1.14567094618913,4,0.7390657276665413
283752,0.7759058447442969,4,0.20753649741641508
319282,-0.0560656335065715,4,-0.23642641166793557
373626,2.25496625052362,4,0.7418037905086236
373482,-1.6275673146471,4,-0.233716581704969
189277,-1.7200085900083102,4,-0.40680660479448216
187544,0.5910232940218829,4,0.28806954346720676
283762,-0.980478387118648,4,-0.07065040686952946
188715,-0.703154561035026,4,0.26254020254304794
187919,-0.0560656335065715,4,-0.5797419020600116
187765,-0.8880371117574399,4,-0.2429414448702881
187636,0.0363756418546358,4,-0.8979658256671613
374451,0.0363756418546358,4,0.03538659825348177
190160,0.22125819257705,4,0.44002981620993753
283157,-0.8880371117574399,4,-0.8985681292100486
375745,-1.53512603928589,4,-0.8760708800000664
374640,0.4061407432994649,4,-0.13288979188605424
189892,-0.0560656335065715,4,-0.491305681220091
187717,0.5910232940218829,4,0.07448954995580191
374546,-0.8880371117574399,4,-0.32761410672812113
189081,-0.0560656335065715,4,0.112245333919735
188558,-2.55198006825918,4,-1.4740785170449584
187696,0.7759058447442969,4,0.5088705127878174
189309,0.7759058447442969,4,0.553070518396154
283638,-0.0560656335065715,4,0.5784560992741432
283715,-0.980478387118648,4,0.255076055612877
374003,-0.0560656335065715,4,0.621027004012931
190130,0.313699467938259,4,0.7557380731284955
190114,0.683464569383089,4,1.0939782075218154
187681,-0.8880371117574399,4,-0.2526654756748585
188383,-1.25780221320227,4,-0.5840676724508366
189862,-0.240948184228988,4,0.036742891281252035
374745,1.05322967082792,4,0.8412773201123904
375513,-0.240948184228988,4,-0.8211521793794597
374416,0.313699467938259,4,0.3977274185019512
188076,0.4061407432994649,4,0.27022570219396885
375504,-0.703154561035026,4,-0.10331084751636758
188999,0.960788395466712,4,0.6748220365956547
374718,0.0363756418546358,4,-0.9421390796866709
188906,-0.425830734951402,4,-0.08125843984638845
188401,-1.35024348856348,4,-0.7296891924261023
188357,-1.53512603928589,4,-0.46787466534260297
187656,-0.425830734951402,4,0.19416395883156737
318173,0.22125819257705,4,-0.406727918017786
375794,-1.6275673146471,4,0.1203636501273442
374917,0.498582018660674,4,-0.05372604495088656
188552,-1.90489114073072,4,-0.4974975294297824
374361,0.8683471201055029,4,0.4220027694580974
375788,0.683464569383089,4,0.02737259717710898
188311,2.9020551780520694,4,0.060092299425208266
190111,0.313699467938259,4,0.9771073931406454
189302,1.05322967082792,4,0.5554851537850306
187497,0.313699467938259,4,0.017513335774213847
373578,1.79275987371758,4,0.24276934022996777
187562,0.4061407432994649,4,0.48311710021471904
284248,-0.425830734951402,4,0.13989705948607434
375006,0.0363756418546358,4,0.16706230293581786
375687,-0.240948184228988,4,-0.6173651495953274
374632,-0.0560656335065715,4,0.7520125594478992
189085,0.313699467938259,4,0.0687934678841857
375939,0.0363756418546358,4,-0.1520784516269351
187949,0.313699467938259,4,0.4122822363328976
187551,-1.81244986536952,4,-0.4117783380532244
189805,1.14567094618913,4,0.22969011895827815
283727,0.5910232940218829,4,0.3824107353719326
319283,0.128816917215845,4,-0.00903953432330543
374978,1.60787732299516,4,0.44256037282922417
187556,-0.5182720103126099,4,-0.3168160150840081
189792,-1.4426847639246898,4,-0.5977765310114886
189700,-0.333389459590195,4,0.9388156758176973
188541,-1.16536093784106,4,-0.4269024785297251
187658,-0.703154561035026,4,-0.2573969136549663
190796,0.128816917215845,4,-0.3175505675475002
375766,-1.25780221320227,4,-0.4388449634638252
374631,1.79275987371758,4,-0.11425372563898355
284303,-0.240948184228988,4,0.1672274730557528
374202,-0.5182720103126099,4,0.08882840386846477
375710,-1.7200085900083102,4,-1.0942723778984569
375640,-1.16536093784106,4,-1.0773766246194068
187772,-1.7200085900083102,4,0.5094486722752822
189970,0.498582018660674,4,0.38164929077592613
190196,1.8852011490787897,4,0.7362888225775585
375973,0.498582018660674,4,-0.08160365852593944
189319,0.0363756418546358,4,0.4726892598116197
283830,1.79275987371758,4,0.9925795812965166
190129,2.43984880124604,4,1.1275771327789876
283553,-0.7955958363962329,4,0.2593624790034675
373629,0.960788395466712,4,-0.42856602965581003
187921,-0.425830734951402,4,-0.2990532259689113
188056,-0.425830734951402,4,-0.5548389533777204
187918,-0.333389459590195,4,-0.664505936269004
190787,0.8683471201055029,4,1.26632104369594
188876,0.4061407432994649,4,-0.21165016106576012
188239,-1.53512603928589,4,0.07038050776873428
187876,0.8683471201055029,4,0.24316654806789026
319279,0.22125819257705,4,0.0068481675304300224
190158,0.7759058447442969,4,0.8015213837609311
189042,-0.425830734951402,4,0.5706982122842319
187895,-1.53512603928589,4,-0.20141413224869054
187832,0.7759058447442969,4,0.5001330437192169
187573,-0.14850690886777898,4,0.24818570837991707
190149,1.60787732299516,4,0.8036861163668678
376010,-0.703154561035026,4,0.4266901343545474
375807,0.22125819257705,4,-0.34769614287795625
374652,-0.5182720103126099,4,0.335806078681898
284090,-0.333389459590195,4,-0.2067336479638989
188846,-1.07291966247986,4,-0.4065477287833766
189979,-1.07291966247986,4,0.42838142031170506
375511,0.4061407432994649,4,-0.6867507352940581
319957,-0.425830734951402,4,-0.3971442826887007
319954,-0.333389459590195,4,-0.033792674634217715
374739,-0.425830734951402,4,0.27520127050746457
188861,0.313699467938259,4,-0.02385713512027096
188493,0.498582018660674,4,-0.14259101922258227
189749,0.4061407432994649,4,0.03263953590980725
187576,-1.6275673146471,4,-0.36253440593855646
187853,1.60787732299516,4,0.5886061979857966
375373,0.4061407432994649,4,0.5642144473713362
283812,2.0700836998012,4,0.31127335147661483
284164,-0.8880371117574399,4,-0.31527662480745117
187628,-0.980478387118648,4,-0.8178117386748213
190818,0.4061407432994649,4,-0.34242028785222395
376048,-0.425830734951402,4,0.13303425897397073
284239,-0.5182720103126099,4,0.21982059692079378
188058,-0.14850690886777898,4,0.23698877682063965
187511,1.05322967082792,4,-0.6198994275757016
189210,-0.610713285673817,4,-0.3455701396646397
374696,0.313699467938259,4,0.6498527754819703
189384,1.60787732299516,4,0.5878880555477667
375994,0.960788395466712,4,-0.636861578289564
187590,-0.0560656335065715,4,-0.892603302392222
189115,-1.7200085900083102,4,0.08408479544470561
188733,0.7759058447442969,4,-0.34900472081692435
373777,-1.16536093784106,4,-1.0577970514724178
284372,0.683464569383089,4,0.22771727978488882
190364,0.683464569383089,4,0.2921872729102962
318178,0.4061407432994649,4,-0.08312977806233626
189134,-0.14850690886777898,4,-0.018189643572826025
375395,1.51543604763396,4,0.42411020648095604
308253,0.498582018660674,4,-0.0742415845447372
283667,-0.980478387118648,4,-0.010541463610239925
187474,-1.81244986536952,4,-1.7515256568384596
190199,-1.35024348856348,4,-0.32588960713142257
374894,0.128816917215845,4,-0.3400117512947549
187731,0.4061407432994649,4,-0.04699614447938419
336686,2.0700836998012,4,-0.4938055943129029
188340,-0.7955958363962329,4,-0.012190280747638668
188121,-0.0560656335065715,4,0.2596880065089874
189804,1.23811222155034,4,0.19664035869691668
308011,0.22125819257705,4,0.11920635297384574
375954,-1.53512603928589,4,-0.8163984757789483
284231,-0.610713285673817,4,-0.43832376173889476
375974,1.23811222155034,4,0.12486578770738972
2436958,1.51543604763396,4,0.010640017846332023
283224,-0.8880371117574399,4,0.5075096822708481
189809,-0.7955958363962329,4,-0.5245143573933901
190016,-0.610713285673817,4,-0.3386509721494665
375800,-0.333389459590195,4,-0.3905944320680633
187935,0.960788395466712,4,0.25776276382505153
374934,0.0363756418546358,4,-0.003974588717255163
374610,0.22125819257705,4,-0.25906751582304594
190734,-0.5182720103126099,4,-0.3824537558587278
283802,1.33055349691154,4,0.49598272546015754
190403,-0.7955958363962329,4,-0.37809481483696494
190054,-0.14850690886777898,4,-0.060374349135967266
188103,1.23811222155034,4,0.12136793330879582
375567,-0.8880371117574399,4,-0.3331251021487379
189079,0.5910232940218829,4,0.4211552336721629
375772,-0.7955958363962329,4,-0.7049656385849737
374590,0.128816917215845,4,0.5631104637977501
190806,0.498582018660674,4,0.63168538817306
283843,1.42299477227275,4,0.8252882497923231
375502,1.8852011490787897,4,0.5136721273225547
189030,-0.425830734951402,4,0.06892717231647487
375540,-0.610713285673817,4,-0.3555696504605674
374377,-0.5182720103126099,4,-0.4231974173066848
373769,1.05322967082792,4,0.5338036397683946
187742,2.16252497516241,4,0.17871571142018217
375690,0.498582018660674,4,-0.7923979506768617
188492,-0.703154561035026,4,-1.4175632752370126
375706,-0.333389459590195,4,0.09592115468007088
187648,-0.8880371117574399,4,-0.8499152184153753
189881,0.7759058447442969,4,-0.23669187425531263
188410,-1.4426847639246898,5,-0.35540624885391836
188510,0.498582018660674,5,-0.44363900058146505
374969,0.22125819257705,5,-0.03945672277925904
374603,0.498582018660674,5,-0.1680503151687081
188820,0.0363756418546358,5,-0.10231304259795167
375923,0.498582018660674,5,-0.22383215348280988
187475,0.4061407432994649,5,-0.004190992073342819
376034,-0.333389459590195,5,0.006117656188165399
284080,-0.7955958363962329,5,-0.20604295535062794
338067,0.22125819257705,5,-0.135805641472906
189753,-1.07291966247986,5,-0.29365637025573516
375714,-2.18221496681435,5,-0.7880186744276895
188302,0.128816917215845,5,0.09575837390621596
190022,-0.980478387118648,5,-0.7671812530486714
187685,0.313699467938259,5,-0.4181959567210315
189229,-0.14850690886777898,5,0.3733228687929082
190800,0.4061407432994649,5,0.10204466185468819
319955,-0.0560656335065715,5,-0.14198421592980767
374445,1.42299477227275,5,0.30142308517610317
374995,-0.0560656335065715,5,-0.3804909375902003
308211,2.25496625052362,5,0.8736709724627267
188894,0.7759058447442969,5,0.6177171254965578
2437409,-2.3670975175367595,5,-0.37057582682435014
187999,0.5910232940218829,5,0.21709424676720743
187903,-1.6275673146471,5,-0.7989921074895192
189937,-0.703154561035026,5,-0.4430888377567063
375376,-0.610713285673817,5,0.35678083006588746
188093,0.7759058447442969,5,0.22526202966307812
189801,-1.25780221320227,5,-0.7478520155293724
375546,-1.81244986536952,5,-0.9345680995973044
189107,-0.14850690886777898,5,0.063229290243254
283776,-0.14850690886777898,5,0.2947868680901329
283892,1.23811222155034,5,0.7080479045123176
375759,-0.980478387118648,5,-0.5390888966703754
189732,1.8852011490787897,5,0.6225182881080187
187846,0.683464569383089,5,-0.1716582110473245
189017,0.5910232940218829,5,-0.08634366372518465
188163,-0.980478387118648,5,-0.3455224229159379
187955,0.313699467938259,5,0.6404063411998097
373571,-0.0560656335065715,5,0.624474968613264
189222,1.05322967082792,5,0.19961738359702835
187889,-0.333389459590195,5,-0.3206730658341447
283838,-0.240948184228988,5,-0.12087551440207468
187561,-0.333389459590195,5,0.1810665625557975
189076,0.22125819257705,5,0.15382767022865876
188255,-0.0560656335065715,5,0.02782478432346772
373780,-1.53512603928589,5,-1.267002541735539
375623,-1.35024348856348,5,-0.2505001226835434
375457,-1.25780221320227,5,0.2909394454325729
374086,0.498582018660674,5,0.1485342608593012
374516,1.14567094618913,5,0.5389257516439341
283722,0.0363756418546358,5,-0.3590126223159451
189230,-0.14850690886777898,5,0.31157441355072424
187901,0.313699467938259,5,-0.018664647944941815
189889,1.33055349691154,5,0.2797308793802256
188742,-0.14850690886777898,5,-0.5957993932165511
187854,1.42299477227275,5,0.19874809910350072
188019,-0.425830734951402,5,0.47083284057458685
190191,-0.5182720103126099,5,0.6574562918326302
375571,-0.0560656335065715,5,-0.23834100416212864
375372,-0.0560656335065715,5,0.49045483579255916
375931,0.683464569383089,5,0.46322926189465546
188546,0.8683471201055029,5,0.8629602974345908
187920,0.8683471201055029,5,0.6447623305002476
190036,0.313699467938259,5,0.26394665628145286
189004,0.313699467938259,5,0.1660027708454976
187848,-0.7955958363962329,5,-0.09827673506338253
187472,0.22125819257705,5,0.5763297373365543
190140,-0.333389459590195,5,-0.3038777620509138
188190,-0.333389459590195,5,-0.3496933596199897
188370,-1.90489114073072,5,-0.2979006082053379
190138,1.70031859835637,5,1.2721953621639706
374568,-0.425830734951402,5,0.02994643549119605
188992,0.313699467938259,5,0.07570587801537434
2437378,0.0363756418546358,5,0.3174740936024512
375455,1.51543604763396,5,0.08788938859107724
190703,0.8683471201055029,5,0.7022622978011591
374592,-0.703154561035026,5,-0.3035164447270728
190774,0.128816917215845,5,0.31619688029981385
374017,0.498582018660674,5,-0.6262999976368073
188443,-0.425830734951402,5,-0.8822509975316261
373635,1.14567094618913,5,0.7797620124388713
187507,-2.45953879289797,5,-1.6782079526827025
187875,-0.425830734951402,5,0.36102945790130925
2437248,0.0363756418546358,5,0.14093923609227704
187675,-0.7955958363962329,5,-0.14495922380000759
375509,1.05322967082792,5,-0.8278967371563402
373682,-0.0560656335065715,5,-0.10730086253645843
373642,1.97764242444,5,0.18490026504718357
374378,-0.240948184228988,5,0.48626710226349207
188413,-1.53512603928589,5,-0.6280652912852684
374154,0.0363756418546358,5,-0.7117544103976311
375556,0.22125819257705,5,-0.5771149652099292
189048,-0.14850690886777898,5,0.15435334932044315
285674,-1.6275673146471,5,-0.1310187023992705
375394,-0.5182720103126099,5,-0.34835817315989065
188434,-0.7955958363962329,5,-1.062217475908485
189433,1.79275987371758,5,0.5229937280479592
374110,-1.16536093784106,5,-0.11933094120859683
374473,0.313699467938259,5,-0.4559735015733086
188328,1.70031859835637,5,0.7473620347491965
189291,1.60787732299516,5,0.9954101147903706
190252,-0.703154561035026,5,-0.38066810399375445
189947,0.22125819257705,5,-0.3291450935544877
283846,-1.25780221320227,5,-0.755481831350457
189626,1.60787732299516,5,1.0485039780284406
188365,-2.55198006825918,5,-0.41371854322500756
374147,-0.14850690886777898,5,0.6399767775602057
188259,-1.6275673146471,5,-1.5691268979476098
373655,0.22125819257705,5,0.2647385702443932
190007,0.128816917215845,5,-0.423377956644368
188469,2.5322900766072403,5,-0.1017315307306016
188633,2.34740752588483,5,0.7891201503216017
188774,-0.610713285673817,5,-0.3716043825735956
189292,1.79275987371758,5,0.8248492188800716
187456,0.128816917215845,5,0.6387359959459481
375018,1.51543604763396,5,0.12281751923340144
187665,-0.980478387118648,5,-0.4731153828469757
375288,0.5910232940218829,5,0.10855654280996456
374474,0.4061407432994649,5,-0.05313090589420732
374429,-0.7955958363962329,5,-0.10798891632576568
188346,0.22125819257705,5,0.08039743525012331
188319,-0.5182720103126099,5,-0.6429812540414915
375905,0.128816917215845,5,0.04900424316732821
187766,0.22125819257705,5,-0.3760889647148925
189034,1.05322967082792,5,0.022193355187366887
375437,1.8852011490787897,5,-0.01932865388842341
187756,-0.333389459590195,5,-0.3404249909574688
189016,0.22125819257705,5,0.12009886439009691
283201,-1.25780221320227,5,-0.0438475820872399
284373,-0.703154561035026,5,-0.6417609747093989
188001,0.22125819257705,5,0.43218031404459706
374475,0.0363756418546358,5,0.33907112254305033
188373,-1.4426847639246898,5,-0.4393248863625038
189928,-0.610713285673817,5,-0.3382617291710936
187692,1.14567094618913,5,1.240629630398303
188603,1.05322967082792,5,0.44926065424956274
190064,-0.240948184228988,5,0.33798094608450296
375551,-0.7955958363962329,5,-0.7766963811259571
374567,0.7759058447442969,5,0.10154483772555391
373764,-1.16536093784106,5,-0.6790616615436134
189392,-0.333389459590195,5,0.44458793687665876
189840,-0.240948184228988,5,0.4650921501554125
375368,-2.73686261898159,5,0.28791583138232485
375499,-0.8880371117574399,5,-0.19064352772387264
376027,-0.0560656335065715,5,0.226780246293856
189755,0.498582018660674,5,0.4778016667272786
189343,-0.333389459590195,5,0.48635739209547724
190757,0.22125819257705,5,0.2675121965930514
188117,0.5910232940218829,5,0.41935244290933804
188362,-1.7200085900083102,5,-0.870184306923202
187840,-0.14850690886777898,5,0.5017636532391844
284215,0.7759058447442969,5,-0.3246433398198756
283719,2.43984880124604,5,0.8583018859518033
187566,-1.6275673146471,5,-0.18769320702277265
373773,-1.6275673146471,5,-1.7921251433624141
375949,-0.980478387118648,5,-0.3134455711764265
375572,-3.66127537259367,5,-0.7752009220239676
187979,0.0363756418546358,5,0.13126196500365928
283279,-1.81244986536952,5,0.15746056546896964
188064,0.128816917215845,5,0.398770859262848
375871,1.14567094618913,5,0.10891569876650833
190815,-0.0560656335065715,5,0.2528013631400066
374363,1.70031859835637,5,0.20164907290863054
188452,-0.240948184228988,5,0.11548832961590609
375696,-0.0560656335065715,5,-0.5646260434598249
375404,-0.703154561035026,5,-0.08574880231405857
283235,-0.240948184228988,5,-0.8205284652476569
188702,-0.425830734951402,5,-0.3197048536691803
283119,0.4061407432994649,5,0.3742794751998541
187886,-2.27465624217555,5,-0.18229576280845292
3624697,-1.16536093784106,5,-0.04189153273840642
284015,-0.7955958363962329,5,-0.08715350000946276
188934,0.683464569383089,5,-0.2500824732112063
375711,0.498582018660674,5,-0.22157703945289178
189808,0.498582018660674,5,0.38794935062737324
189628,-0.610713285673817,5,0.7050560947651981
188412,-0.240948184228988,5,-0.39335082118898945
283962,1.14567094618913,5,0.19949427591751293
375560,-0.703154561035026,5,-0.5475287375606314
188554,1.97764242444,5,-0.0017828138855712763
374691,0.8683471201055029,5,0.1000705851992948
187725,0.683464569383089,5,0.3422817645753134
375597,-0.8880371117574399,5,-0.935260989242065
189254,1.42299477227275,5,0.8833362502220256
187677,0.313699467938259,5,0.021648499749159174
190669,0.8683471201055029,5,-0.02768443272004514
190103,-0.703154561035026,5,-0.43447242080332843
188237,-1.07291966247986,5,-0.6651621101436677
190709,-0.240948184228988,5,-0.3875253468135869
375883,0.22125819257705,5,-0.26535851491416146
374013,-1.16536093784106,5,0.06533609563054937
188248,-0.333389459590195,5,-0.6775225943960393
190711,-0.8880371117574399,5,-0.4817199783144754
187755,-0.333389459590195,5,-0.011204652816301135
189668,0.4061407432994649,5,0.9759944379646427
187536,-0.703154561035026,5,-0.4292851232710764
190018,0.7759058447442969,5,0.18586769699094055
283448,-0.240948184228988,5,-0.47878327036798035
189974,1.05322967082792,5,0.37335313137321874
373615,-0.240948184228988,6,-0.6032228406009542
190070,1.70031859835637,6,0.7694546910871258
375917,-1.7200085900083102,6,-1.406578063264746
187645,-1.25780221320227,6,-0.2786525601571045
188898,1.42299477227275,6,0.4002101319943841
187857,0.4061407432994649,6,0.9561250309054041
284190,-0.14850690886777898,6,-0.18287695048230745
187754,0.5910232940218829,6,0.21554778114924325
373925,-0.0560656335065715,6,-0.014497300609231569
189232,1.70031859835637,6,0.7201485831507826
375552,-0.0560656335065715,6,-0.9814178196709095
188215,0.7759058447442969,6,-0.12197969666229141
374669,0.4061407432994649,6,-0.11054703793800108
375581,-1.25780221320227,6,-0.667930778295752
190803,0.498582018660674,6,0.13803058162571122
373716,-0.980478387118648,6,0.13993091319772558
2436902,0.5910232940218829,6,0.8679954499022949
283431,-1.35024348856348,6,-0.4546013020346405
187787,-0.8880371117574399,6,0.4605624299384811
374537,-0.0560656335065715,6,-0.22586814315668588
284066,-1.4426847639246898,6,-0.5385714032124332
187609,1.70031859835637,6,0.3001136693685619
188153,0.0363756418546358,6,-0.3009529157759309
189629,1.42299477227275,6,0.6070954467983918
188254,-1.07291966247986,6,-0.258818608162209
319781,0.22125819257705,6,-0.13517081390939403
283784,1.33055349691154,6,0.4305231485912857
374553,1.05322967082792,6,0.2370254198659907
187711,-1.25780221320227,6,-0.31444979135158313
190278,-0.0560656335065715,6,0.10756833242014126
189032,-1.16536093784106,6,-0.26717822423355325
188102,0.683464569383089,6,0.42150432245985225
189734,2.25496625052362,6,-0.011087717632712898
374918,-0.0560656335065715,6,0.019660486096638456
187960,0.7759058447442969,6,0.6417070578910234
188008,0.7759058447442969,6,0.3714723946505083
188540,-1.07291966247986,6,-0.6926961774351569
318177,0.0363756418546358,6,-0.04190679940254721
187793,0.4061407432994649,6,-0.435493109953891
189797,-0.333389459590195,6,-0.7888895834098092
190115,0.683464569383089,6,0.47465745398242953
190816,-0.980478387118648,6,-0.04358963941243902
187983,0.128816917215845,6,0.19554368833904226
188145,-1.25780221320227,6,-1.0403671596184536
187820,0.0363756418546358,6,-0.2029702284182026
187887,-0.610713285673817,6,-0.05914307832135704
375548,-1.16536093784106,6,-0.21736210953573318
375557,-1.16536093784106,6,-0.09319259532916917
284312,-0.703154561035026,6,-0.9768501345093573
374665,-0.333389459590195,6,-0.0982084475526869
188764,0.8683471201055029,6,-0.6140436716521217
375765,0.313699467938259,6,-0.48138959007045967
375582,-1.25780221320227,6,-0.8700996854393269
375941,-1.16536093784106,6,-0.9593249190635106
187977,0.22125819257705,6,-0.6484824430163867
189000,0.22125819257705,6,0.25006724382097967
283839,1.14567094618913,6,0.1978289085380083
187473,0.5910232940218829,6,0.05613043442644785
190790,-0.610713285673817,6,0.23376990802975378
283597,-0.8880371117574399,6,-1.0372151491028774
188818,0.683464569383089,6,0.20892814530884266
189883,1.60787732299516,6,0.3768995886269824
374741,1.14567094618913,6,0.6884188679244538
319779,0.5910232940218829,6,-0.23653019572877254
189421,0.4061407432994649,6,0.4699756544644333
187858,-0.425830734951402,6,0.03700583772366959
374599,0.683464569383089,6,-0.04920906832539478
188267,1.51543604763396,6,1.1682136734166875
187946,1.14567094618913,6,0.4042758053768608
188235,-0.14850690886777898,6,-0.4812082354706207
375607,-1.07291966247986,6,-0.807722559908817
187582,0.498582018660674,6,0.4243611458649526
376022,-0.980478387118648,6,-0.43604503210098106
188549,-1.53512603928589,6,0.28700056955521064
190101,0.960788395466712,6,0.9949696460361825
284309,-1.4426847639246898,6,-0.601305231032839
375596,-1.35024348856348,6,0.18330455937555007
374476,-0.980478387118648,6,-0.7900431666845642
190072,1.33055349691154,6,0.6291868194225833
283312,-0.7955958363962329,6,-0.06706215248965292
188970,-0.703154561035026,6,0.18323266277342054
375972,-0.703154561035026,6,-0.5195753616330907
187607,1.70031859835637,6,0.3127231851873491
187866,-0.703154561035026,6,-0.6712844299826162
187823,-0.333389459590195,6,-0.8549972463089595
374617,-0.240948184228988,6,0.06300800972678508
283416,0.0363756418546358,6,-0.48313264636589687
375553,-0.980478387118648,6,-0.06495707330250675
188398,0.0363756418546358,6,0.5064717707059208
189157,0.8683471201055029,6,0.6964936932360012
189887,-0.703154561035026,6,-0.39881008846886307
283199,1.79275987371758,6,0.3525144536213802
374547,2.34740752588483,6,-0.08174517580794119
188785,0.7759058447442969,6,0.21445302454670845
373509,0.313699467938259,6,-0.061872667668871915
190702,1.51543604763396,6,0.6467675356435313
187541,1.60787732299516,6,0.9784791252764139
190190,0.22125819257705,6,-0.15068606623068811
374513,-0.0560656335065715,6,-0.5369945354889177
376012,-0.610713285673817,6,-0.8912278268308208
187716,-0.333389459590195,6,-0.21894371167691562
189250,2.71717262732966,6,0.5374136285663086
375997,0.128816917215845,6,-0.07534183301428349
375577,-1.53512603928589,6,-0.40369536904931325
375539,-1.25780221320227,6,-0.7884199663407927
375780,-0.425830734951402,6,-0.6274452805753717
375024,0.22125819257705,6,0.3758826603472765
375094,-0.703154561035026,6,0.20026709432806372
188698,-1.07291966247986,6,-1.0311644405903577
373948,0.22125819257705,6,0.40926190512780686
187993,1.70031859835637,6,0.4598160549385564
375569,-0.0560656335065715,6,-0.052319849565917544
190157,0.22125819257705,6,0.818826174158767
189697,-0.240948184228988,6,0.1643140257339557
283615,1.70031859835637,6,0.03503670929900239
374532,1.05322967082792,6,0.4953467033495535
375799,-1.16536093784106,6,-0.08757694031586148
283755,-0.333389459590195,6,0.4395059762956184
375728,-0.14850690886777898,6,-0.452984283482417
375383,1.60787732299516,6,0.5870797840175807
187584,-0.14850690886777898,6,-0.0043459402204219805
188018,1.70031859835637,6,0.4643577465587025
189137,2.16252497516241,6,0.1322265404635418
283230,0.0363756418546358,6,0.24104724593274293
188822,-0.980478387118648,6,-0.6139936901535414
188324,-0.425830734951402,6,0.4864195875370292
375538,-0.7955958363962329,6,-0.2877343345450337
188202,-0.425830734951402,6,-0.30692991383342816
283221,-0.425830734951402,6,0.006510254755912263
284182,0.0363756418546358,6,0.1611565576954388
374365,1.51543604763396,6,1.0011834512512952
336483,0.7759058447442969,6,-0.1306659048591254
189346,1.60787732299516,6,0.46372352760747865
336688,1.60787732299516,6,-0.3641903248654296
187822,-1.35024348856348,6,-0.6738392421413526
374992,-0.703154561035026,6,-0.20508356387649163
188765,-0.980478387118648,6,-0.6122823346642932
374191,2.25496625052362,6,0.994445166425966
375665,-0.7955958363962329,6,-0.853752669529563
375370,-0.333389459590195,6,0.7127862216466477
187764,0.960788395466712,6,0.5454003485816514
283214,0.4061407432994649,6,0.3932883928610864
375847,0.313699467938259,6,-0.7597299480085127
188930,-0.7955958363962329,6,0.2574774493709551
374504,-0.703154561035026,6,-0.5546637045718711
375545,-0.7955958363962329,6,-0.31754416136078034
188201,1.05322967082792,6,0.34251995005987756
188996,0.498582018660674,6,0.30561629937451706
189977,0.313699467938259,6,-0.7544549403097013
187972,1.42299477227275,6,0.766997710594799
375998,-1.53512603928589,6,-0.420890690777632
374807,-0.0560656335065715,6,-0.053432380631028606
283671,-1.25780221320227,6,-0.8832579568544806
187814,-0.8880371117574399,6,0.0914746471805939
374961,-0.425830734951402,6,0.14839236681779916
189224,-0.14850690886777898,6,-0.3455968991148151
336477,-0.333389459590195,6,-0.11981326113353469
374500,-0.333389459590195,6,-0.3028441761957816
189239,0.498582018660674,6,0.2705259241024913
189856,0.0363756418546358,6,-0.3519525047866588
189099,-0.14850690886777898,6,0.1667457144537501
187992,0.0363756418546358,6,-0.7156194484669895
187791,0.313699467938259,6,0.006066401960808395
189623,-0.703154561035026,6,0.7387395454768156
283819,0.8683471201055029,6,0.6240766587151629
374622,-1.99733241609193,6,-0.5993934969666308
187888,-0.980478387118648,6,-0.6105293174775874
188994,-0.240948184228988,6,0.06506744400751183
188993,-0.333389459590195,6,0.5660097271155158
283950,-0.0560656335065715,6,-0.014389757536792015
375922,0.498582018660674,6,0.1522450650224992
374064,1.42299477227275,6,0.35929841754143793
188114,-0.8880371117574399,6,0.37738197321182043
188421,-0.5182720103126099,6,0.022064051449944392
283808,0.4061407432994649,6,-0.6203254357793947
189784,0.0363756418546358,6,0.13589102502146663
2437340,-0.5182720103126099,6,-0.19675646621885565
375498,-1.16536093784106,6,-0.3193619739236555
283790,2.25496625052362,6,0.4652093558577907
375037,-0.610713285673817,6,0.3125414189560404
188468,-0.5182720103126099,6,0.4317379184466075
188792,-1.35024348856348,6,-0.6923110576017769
190170,-0.425830734951402,6,-0.34671223029092374
374158,-0.8880371117574399,6,0.14736456226079397
284176,0.313699467938259,6,-0.23551779921166263
283766,1.14567094618913,6,0.2792238508100704
187713,-0.333389459590195,6,0.06703951121737947
375663,-0.14850690886777898,6,-0.4064250985107644
374527,0.0363756418546358,6,0.10073836001340654
187990,-0.5182720103126099,6,-0.2980880069716385
283876,-1.07291966247986,6,-0.3441838750785379
374988,-0.7955958363962329,6,-0.2231911883250541
189909,-0.5182720103126099,6,-0.421875728833193
375781,-0.14850690886777898,6,-0.577201502318349
375456,0.5910232940218829,6,-0.1286064002252435
187605,-1.16536093784106,6,-0.4709104225741872
283183,0.960788395466712,6,0.28665146500296057
373904,-0.610713285673817,6,0.5917702830294526
284067,-0.8880371117574399,6,-0.539867306547901
188923,-0.333389459590195,6,-0.409621447658309
189822,0.5910232940218829,7,0.017842820752071442
188172,-0.0560656335065715,7,-0.2108963741819385
189059,1.23811222155034,7,0.5167090214933039
373745,-0.425830734951402,7,-0.37193017534294437
373734,-0.333389459590195,7,-0.48643300504114173
375825,1.14567094618913,7,0.051577532487986015
189237,1.23811222155034,7,0.14635073370707394
189047,0.0363756418546358,7,0.39122781986324956
187560,-0.5182720103126099,7,-0.5006482826879698
2437258,1.23811222155034,7,-0.8842906858163555
188053,-0.610713285673817,7,0.23710147224947126
283603,-0.425830734951402,7,-0.04399306890210661
283676,-1.6275673146471,7,-1.3393349134114005
188006,0.313699467938259,7,0.09401509726305239
188067,-0.0560656335065715,7,0.3362720110869526
190056,0.7759058447442969,7,0.13736179474618887
187976,-1.6275673146471,7,-0.18196589731523927
374712,0.498582018660674,7,0.17199158595010447
189290,1.23811222155034,7,0.6747327705744676
188035,0.313699467938259,7,0.17391981308812268
283759,-1.25780221320227,7,-0.165872699146043
189340,-0.425830734951402,7,0.256553813189454
375747,-1.16536093784106,7,-0.9127345988874304
188536,-0.0560656335065715,7,-0.695892977092808
190144,-0.333389459590195,7,0.5148166055079993
317891,0.22125819257705,7,0.00787049681239851
189274,-1.6275673146471,7,-0.3188956608706604
374759,-0.8880371117574399,7,-0.9168747651285758
190126,1.05322967082792,7,0.9769507327942456
374204,1.14567094618913,7,0.3491989000347881
188897,-0.703154561035026,7,0.15304389759423478
374608,-1.16536093784106,7,-0.0556345183176562
188927,-0.0560656335065715,7,0.36095098342592613
188075,-1.99733241609193,7,-0.5252367122156151
375692,0.22125819257705,7,-0.05797275709867452
375705,0.7759058447442969,7,-0.6030790715642312
284370,-0.240948184228988,7,0.2825547750564464
284335,-0.425830734951402,7,-0.8937030890266111
187631,-0.240948184228988,7,-0.12508347470469233
190159,1.42299477227275,7,0.9159382507858451
375579,-0.8880371117574399,7,-0.2203788022411522
283110,0.313699467938259,7,-0.034623757339279984
283815,1.42299477227275,7,0.3968096287809301
336482,0.128816917215845,7,-0.09298757737266894
190184,0.683464569383089,7,-0.5794446770420338
190057,0.498582018660674,7,-0.4320842800994481
190799,-0.610713285673817,7,-0.3151306373887419
375421,-1.90489114073072,7,-0.2748061350737409
375664,-0.8880371117574399,7,-0.3801069446611923
375839,-1.07291966247986,7,-0.4948628212670037
188577,0.7759058447442969,7,0.5622902816240594
373795,-1.53512603928589,7,-0.7187039933254975
188312,-1.53512603928589,7,-0.4455809127836897
188374,1.05322967082792,7,0.2691764397603851
187649,-0.240948184228988,7,0.3055440328260695
188384,2.5322900766072403,7,0.38252672262586396
189248,-0.5182720103126099,7,0.3687153704659987
188287,-0.7955958363962329,7,0.2673243222350327
188335,-2.08977369145314,7,-1.105689524576529
188901,0.313699467938259,7,-0.06791325352591134
187709,-0.333389459590195,7,-0.05519286885257103
189015,-0.240948184228988,7,0.027660979250302132
284110,-0.703154561035026,7,-0.3882127297576138
188314,-1.99733241609193,7,-0.813894981198097
190097,-0.240948184228988,7,-0.4287811073666012
283817,0.22125819257705,7,-0.2271552103561082
373872,1.51543604763396,7,0.6940847589547542
374483,1.79275987371758,7,0.3080986148232667
189669,1.8852011490787897,7,0.9790899353906833
187810,1.42299477227275,7,0.3414992906376116
373649,1.8852011490787897,7,0.11961387978925556
190045,-1.35024348856348,7,-0.335328632902449
375719,-1.25780221320227,7,0.11373453203276739
374368,-0.14850690886777898,7,0.15049453699480472
375505,2.5322900766072403,7,0.34675727917903315
189864,-0.5182720103126099,7,-0.49074510443992964
375392,0.0363756418546358,7,0.4231430499496288
187548,-1.99733241609193,7,-0.5860019803402754
189246,-0.14850690886777898,7,0.39436008679062867
189390,1.42299477227275,7,0.7633305282596702
375744,-1.81244986536952,7,-0.769598240286835
283109,1.60787732299516,7,0.9767254795157976
284336,0.0363756418546358,7,-0.33469358716468156
188423,-0.5182720103126099,7,-0.8915636714539471
318552,1.70031859835637,7,-0.11840603583704709
373623,0.683464569383089,7,0.23424996194487246
374681,-0.703154561035026,7,-0.10263669766260347
284262,-0.0560656335065715,7,0.16338464701891137
375626,-1.07291966247986,7,-0.5165830382713573
318549,-0.14850690886777898,7,-0.12078732494536905
283844,1.05322967082792,7,0.9648370780623198
188974,-0.333389459590195,7,0.10261097706723106
283105,-0.703154561035026,7,0.6067075921109705
190175,-0.425830734951402,7,0.45020098697003164
188209,2.71717262732966,7,0.8611166857767186
283177,1.79275987371758,7,0.4311091301906295
375410,1.14567094618913,7,0.22443718338606086
187629,-0.980478387118648,7,-0.2381717686211728
189819,1.05322967082792,7,0.23423063036114386
188545,0.5910232940218829,7,0.09335929576737612
283120,0.8683471201055029,7,0.5273553840764068
283127,-0.14850690886777898,7,-0.03993758858460635
374591,1.23811222155034,7,-0.07028178857163095
375932,0.0363756418546358,7,-0.7743372376789832
187543,-1.53512603928589,7,-0.841015195223379
188532,-1.16536093784106,7,-0.9066189414555065
375784,-0.0560656335065715,7,-0.05588176006599194
283325,-0.333389459590195,7,0.8001357102537593
187611,0.498582018660674,7,0.7606139030708239
283731,0.498582018660674,7,0.3481762541313008
283773,-1.25780221320227,7,-0.6464086032353725
189980,0.0363756418546358,7,0.334969713387057
187749,2.5322900766072403,7,0.14642503598680723
188475,0.683464569383089,7,0.0775586657449262
187523,-0.610713285673817,7,0.35482670081153495
374974,0.313699467938259,7,0.14679963726411288
188667,0.7759058447442969,7,-0.02449405425686348
319784,1.79275987371758,7,-0.08799150330124435
283732,-0.0560656335065715,7,0.31255029381941135
375704,-0.610713285673817,7,-0.5229636553562741
187733,-0.333389459590195,7,-0.051457533217849856
373651,-0.14850690886777898,7,-0.9028227081031589
188429,0.0363756418546358,7,-0.24733754289294357
187874,0.8683471201055029,7,-0.039595446455838686
189786,-1.16536093784106,7,-0.6402521405748852
374253,0.683464569383089,7,0.08777621164170994
284328,-1.35024348856348,7,-0.5563534329305613
187461,0.0363756418546358,7,0.5783308193055181
376000,-1.4426847639246898,7,-0.7622965017020599
188331,-2.18221496681435,7,-1.387535544876568
375976,-1.6275673146471,7,-0.4827063954279036
188137,1.05322967082792,7,-0.07961490747444858
187484,-2.8293038943428,7,-0.11232179266784305
189698,-0.980478387118648,7,-0.49445997147575943
284236,-0.333389459590195,7,-0.3995629429351036
189267,-1.07291966247986,7,-0.7686243887026657
190203,-1.16536093784106,7,-0.24084471735456026
189630,2.34740752588483,7,0.771640421194522
188349,-0.425830734951402,7,0.2681290862758186
190121,0.8683471201055029,7,0.6690434131526382
374945,0.8683471201055029,7,1.1438523399289109
188034,-0.14850690886777898,7,0.15107873153218185
188110,0.0363756418546358,7,0.40170030331043616
188640,-0.703154561035026,7,-0.7077693851203998
373756,0.22125819257705,7,0.650594364901853
284209,0.22125819257705,7,0.024495759053767913
187515,1.42299477227275,7,1.0874186188213777
188330,0.8683471201055029,7,0.4950661315291408
190280,-0.240948184228988,7,0.23670659345986686
189139,0.313699467938259,7,0.3987298127020428
188672,-0.425830734951402,7,-0.7662661081967482
2437286,3.45670283021932,7,0.493920164993666
374913,-1.90489114073072,7,-0.7045363403598937
283054,-0.5182720103126099,7,-0.31976494253969123
375628,0.5910232940218829,7,-0.49586673243796486
283792,1.51543604763396,7,-0.4813857461607448
190141,1.42299477227275,7,1.2530660362816999
284222,-1.4426847639246898,7,-0.2432381283075141
188445,-1.16536093784106,7,-0.6819359270765949
374699,-0.610713285673817,7,0.24740088883410094
374004,1.05322967082792,7,0.5660402193477151
375795,-1.07291966247986,7,-1.1656382837196733
374103,0.683464569383089,7,0.68511412739978
189035,0.4061407432994649,7,0.08677076578223063
190005,-0.240948184228988,7,0.2977527399727249
374749,0.4061407432994649,7,0.6766158171824909
187914,1.14567094618913,7,0.32557904572305824
189625,1.97764242444,7,0.6077976305325565
190132,1.60787732299516,7,1.262606219329515
2437377,-1.16536093784106,7,-0.6148200610744854
375550,0.22125819257705,7,0.07945152397669612
189696,-0.8880371117574399,7,-0.5035454847115475
188425,1.33055349691154,7,0.5472589621520075
375678,0.22125819257705,7,-0.0039580355884936145
374616,0.960788395466712,7,0.3289846712291157
189046,0.313699467938259,7,0.6254553029552318
188051,-0.5182720103126099,7,-0.4148729674617038
376004,-1.07291966247986,7,-0.23125887625598998
189084,-0.425830734951402,7,0.15874843560085294
374747,0.960788395466712,7,0.929455675385959
375846,0.128816917215845,7,0.25514214726296774
375857,-0.240948184228988,7,0.07465010933460585
187530,-0.8880371117574399,7,0.21198807835751002
375775,-0.0560656335065715,7,-0.301134869631021
190085,-0.425830734951402,7,-0.03653756342528094
283144,0.5910232940218829,7,0.3188969926262538
189833,0.7759058447442969,7,0.10803054556758794
189844,-1.35024348856348,7,-0.22502444699515772
283641,0.22125819257705,7,-0.10453742073464796
374183,0.4061407432994649,7,0.0019756300362616637
187549,0.4061407432994649,7,-0.6573313308229474
375682,-1.6275673146471,7,-0.5531216549664126
188419,0.128816917215845,7,0.1375418376408852
190819,0.128816917215845,7,0.8206274452041842
376002,-0.610713285673817,7,-0.33695513981844755
189894,-0.5182720103126099,7,-0.045092034650703945
375802,0.128816917215845,7,0.01867657208569651
284203,-0.610713285673817,7,-0.5110108520798646
376015,-0.5182720103126099,7,0.21674190027795967
187528,0.5910232940218829,7,0.18902103437016257
283209,-1.25780221320227,8,0.03819037826716523
189944,-0.240948184228988,8,0.09664716137428836
375393,0.7759058447442969,8,0.4026548046998193
283989,0.22125819257705,8,0.14749442144258895
188094,1.51543604763396,8,0.3440911028204614
374598,0.0363756418546358,8,-0.04038419740055611
374190,0.0363756418546358,8,-0.36671926909247754
284069,0.4061407432994649,8,-0.47982976425000184
283670,-0.980478387118648,8,-0.1472559561795426
189956,-0.7955958363962329,8,-0.32406376187105757
374624,-0.703154561035026,8,0.037747626328589044
188122,0.128816917215845,8,0.3223512171181231
187816,-0.8880371117574399,8,-0.2187836943248121
189895,-1.35024348856348,8,-0.2670799522604097
190150,0.7759058447442969,8,0.5205951987328384
189070,0.7759058447442969,8,0.45441674940741195
375254,-0.240948184228988,8,0.3335833780915534
187844,-0.703154561035026,8,-0.1061473407995632
284162,0.5910232940218829,8,0.253184622063789
187735,-0.425830734951402,8,0.051678787393549475
189955,0.4061407432994649,8,0.801430714580531
374611,-0.8880371117574399,8,-0.08521482973581046
374382,-0.0560656335065715,8,-0.4030754112209431
188099,1.79275987371758,8,0.3230452874114591
190058,1.23811222155034,8,-0.22100355754586687
375739,-1.53512603928589,8,-0.6531764342229377
374935,0.7759058447442969,8,0.22847283084412814
374927,0.7759058447442969,8,0.7140397201749689
375461,0.0363756418546358,8,0.013827071103305602
375666,0.4061407432994649,8,-0.18905633834519844
188321,0.128816917215845,8,0.10965959810260867
374621,-0.980478387118648,8,-0.23164440980483567
374595,2.43984880124604,8,0.3249764829257916
375013,-1.6275673146471,8,-0.8722037013946857
188601,0.8683471201055029,8,0.08674916454588817
375810,0.0363756418546358,8,-0.1771363902033455
375521,0.0363756418546358,8,-0.2886157784773396
187736,0.498582018660674,8,-0.10132082492754362
188895,0.313699467938259,8,0.4909370909849676
284161,1.42299477227275,8,0.3085445860885309
2437252,-0.425830734951402,8,0.7442746909629342
189455,-0.5182720103126099,8,0.5193293739656336
190086,-0.610713285673817,8,0.2064014027399954
187944,0.22125819257705,8,0.32583881262153597
188980,-0.0560656335065715,8,0.08211725404749465
188379,-1.53512603928589,8,-0.9022632444021049
375342,0.313699467938259,8,0.22928706922643718
374436,-2.3670975175367595,8,-0.6303955712620974
283427,0.22125819257705,8,-0.10048915220171374
187869,0.8683471201055029,8,0.1485682158875218
189690,-0.14850690886777898,8,0.31871767316413385
374646,-0.240948184228988,8,-0.07513685916788798
374659,-1.6275673146471,8,-0.19278677067730896
189025,0.8683471201055029,8,-0.07933560525811192
189289,-0.333389459590195,8,0.6814903289103491
189225,-0.0560656335065715,8,0.6234574427800273
190082,0.5910232940218829,8,0.35824061311298877
374362,-1.4426847639246898,8,-0.5987955918691029
374609,1.79275987371758,8,0.10361819854278327
190015,0.8683471201055029,8,0.4261920948422784
189236,-0.7955958363962329,8,0.47371755259764153
188061,0.498582018660674,8,-0.14170694188318184
319285,1.42299477227275,8,-0.24803442876908674
189268,-1.07291966247986,8,-0.7294345666844471
187655,-0.980478387118648,8,-0.21652217769043136
374740,-1.6275673146471,8,-0.2298722914548121
284324,0.498582018660674,8,0.14156528103954044
374533,1.23811222155034,8,0.1891032237919211
375688,-1.35024348856348,8,-0.8176103762006337
283160,-0.7955958363962329,8,0.6211263590453319
373506,1.23811222155034,8,0.18402654696976053
283735,1.42299477227275,8,0.4750220642279157
190139,1.60787732299516,8,1.2142093487307495
2437266,0.4061407432994649,8,0.5050858142835756
375896,-0.7955958363962329,8,-0.31675056747665575
187485,-0.7955958363962329,8,-2.0431464493455938
337841,-0.240948184228988,8,-0.05698071057068786
188981,-0.240948184228988,8,0.2141477338842986
189001,-0.0560656335065715,8,0.04911806103257667
188291,0.0363756418546358,8,-0.11998290382747757
188320,-1.35024348856348,8,-1.5149895670290732
375726,-0.610713285673817,8,-0.4077721323202797
188497,-0.240948184228988,8,-0.5774640405130004
190073,-0.980478387118648,8,-0.8583683349734278
187546,0.8683471201055029,8,-0.23210504094990755
375460,0.313699467938259,8,0.22602927245425064
188226,1.14567094618913,8,0.9236735197774166
375355,-0.14850690886777898,8,-0.23268319989709776
189667,1.8852011490787897,8,0.9209855083277623
283740,1.23811222155034,8,0.5409026373957234
189018,-0.5182720103126099,8,0.11843127933130952
374635,-0.425830734951402,8,0.15775829353892712
189189,-0.240948184228988,8,0.29342673678901854
375389,-1.16536093784106,8,-0.02190288730009218
283723,1.51543604763396,8,0.3699820441094292
190142,0.5910232940218829,8,0.7978638923520734
189223,-1.16536093784106,8,-0.27289525074133814
283447,-1.25780221320227,8,-0.8093067613596069
283777,-0.7955958363962329,8,0.12324531514264865
283664,-0.5182720103126099,8,-0.77926092832155
374177,0.8683471201055029,8,0.9513442074021073
283162,-1.6275673146471,8,0.03746037170377438
376023,0.8683471201055029,8,0.28676376190736136
187555,-0.5182720103126099,8,-0.19405031782168783
188052,-0.610713285673817,8,-0.2230894080290969
375916,0.8683471201055029,8,0.06897596216895928
283768,1.05322967082792,8,0.6230556174493901
376040,0.128816917215845,8,-0.2506450029307088
283828,1.60787732299516,8,0.8024909495509055
187458,-1.07291966247986,8,-0.5437801928205912
375391,0.0363756418546358,8,0.3331284199421551
375727,-0.703154561035026,8,-0.4811555994510765
375620,-0.980478387118648,8,-0.3820793872548657
374678,-1.35024348856348,8,-0.08415350660842612
188759,-1.25780221320227,8,0.0009228332937117704
187795,-0.14850690886777898,8,0.5470316593134499
374394,1.51543604763396,8,0.10731890918986932
283598,0.313699467938259,8,0.5401605469607865
187537,-1.90489114073072,8,-0.8372836507489638
283742,1.51543604763396,8,-0.005410141844858394
374185,2.99449645341328,8,0.8594771977556848
187868,-1.35024348856348,8,-0.3175593442472629
373991,1.23811222155034,8,0.1931721659819169
374419,0.4061407432994649,8,0.5678869020826388
375518,-1.07291966247986,8,-0.6823252912881497
189231,-0.0560656335065715,8,0.23426537627785057
373733,-1.25780221320227,8,-0.37857699577069437
188781,0.0363756418546358,8,0.2940137789108923
189811,0.960788395466712,8,0.34084677743186326
375995,0.22125819257705,8,-0.669811559565126
336781,2.80961390269086,8,0.177614581090223
374171,1.42299477227275,8,0.2176203135859965
283805,1.14567094618913,8,0.6067896283314189
190813,-1.16536093784106,8,-0.3926062180866072
374472,-0.5182720103126099,8,-0.46183703946319493
190499,-0.333389459590195,8,-0.47921346435401485
374744,0.22125819257705,8,0.7107204012699754
187996,0.683464569383089,8,0.2863791634790942
188160,-1.4426847639246898,8,-1.0515584958984803
187833,0.313699467938259,8,0.3919617679653504
188236,-0.425830734951402,8,-0.3070615625482226
375452,-0.425830734951402,8,-0.19077737156359492
188341,-0.610713285673817,8,0.11015145924296443
188507,0.313699467938259,8,0.18818119088864824
188984,0.22125819257705,8,0.057551908776242305
187527,-0.703154561035026,8,-0.39836856905931156
189253,0.7759058447442969,8,1.0432620273427147
375717,-1.7200085900083102,8,-0.8529367712898992
374401,0.313699467938259,8,1.0245429227886855
284168,0.128816917215845,8,-0.24947999445480382
187973,1.05322967082792,8,0.5039451339829777
375965,-2.08977369145314,8,-0.783339516289462
188026,0.0363756418546358,8,0.38457972407288693
373694,-0.5182720103126099,8,-0.8712286400415084
375738,-1.90489114073072,8,-0.9183432518007209
375594,1.60787732299516,8,1.0639421806375813
374683,1.14567094618913,8,0.03283332784279898
2437251,0.0363756418546358,8,-0.04069939325942514
188317,0.5910232940218829,8,0.4724400771539132
187508,-0.333389459590195,8,-0.9928455622738905
2437245,1.33055349691154,8,0.8119000182055083
284327,-0.703154561035026,8,-0.5832467367478728
188038,-0.333389459590195,8,0.0005312179525232865
283138,-0.610713285673817,8,0.16722599480448713
187763,0.128816917215845,8,-0.12602139171321367
283754,0.0363756418546358,8,0.5024903007885905
283623,-0.703154561035026,8,-0.7437068836868367
375901,-1.25780221320227,8,-0.41903808048547686
373760,1.60787732299516,8,1.1604016257986933
188211,0.0363756418546358,8,0.2935013913860297
373799,-1.81244986536952,8,-1.9213624083640235
189706,0.128816917215845,8,0.7165601639228044
376021,-0.0560656335065715,8,0.39592314679998136
375494,1.70031859835637,8,0.7022052581605905
187479,-2.64442134362039,8,-2.053141516994959
189240,0.128816917215845,8,0.4603897482948267
283456,1.42299477227275,8,0.44313659397310007
189869,-1.16536093784106,8,-0.35753300621047174
283252,-0.7955958363962329,8,0.2111138747882158
374139,1.51543604763396,8,0.5724214081752912
188526,0.5910232940218829,8,0.029093269432175807
188521,1.60787732299516,8,0.008574427293280812
188355,-1.07291966247986,8,-0.5141143650275922
374531,-0.7955958363962329,8,-0.18963222048933331
375020,-0.8880371117574399,8,0.1502192475388295
374703,0.8683471201055029,8,0.30679829275509024
189077,0.22125819257705,8,-0.026963651358702205
373467,-0.7955958363962329,8,0.2580317953234647
284245,-0.425830734951402,8,-0.14891395557197165
187941,0.8683471201055029,8,0.49461929383210346
187771,-0.14850690886777898,8,0.024322238186548918
375894,0.5910232940218829,8,-0.034243991093363
189010,0.4061407432994649,8,-0.054284614145948325
374706,0.0363756418546358,8,-0.0755717664394393
188825,-0.980478387118648,8,-0.10632240114936255
374702,0.313699467938259,8,0.3523864321597096
283229,0.313699467938259,8,0.5055491544251873
190040,2.0700836998012,8,0.9901010053698586
283859,0.960788395466712,8,0.7227038846394728
188224,-0.425830734951402,8,-1.0156058605879816
283938,0.683464569383089,9,0.32606090172990837
190096,0.4061407432994649,9,0.7271106539158507
376013,-1.25780221320227,9,-0.7071677596682021
374689,1.42299477227275,9,-0.049731466411564125
283796,1.70031859835637,9,0.9363166274838525
373986,0.683464569383089,9,0.7291251706203218
374066,0.0363756418546358,9,-0.21469874589774962
375549,1.97764242444,9,0.35563193642718494
189014,0.8683471201055029,9,0.27589527308006234
375850,0.0363756418546358,9,-0.9305616540882325
283741,1.42299477227275,9,0.06790821601682386
283599,0.960788395466712,9,0.24405898356905217
375773,-0.7955958363962329,9,-0.755435126976326
189712,-0.425830734951402,9,0.06207284836204253
188220,-1.53512603928589,9,-0.4734294826154493
283130,0.498582018660674,9,1.127617972534424
187975,0.4061407432994649,9,0.8016219421620822
374548,1.14567094618913,9,-0.32607775900175645
374145,0.313699467938259,9,1.1394034908210957
187663,-0.333389459590195,9,-0.07282153098222902
187610,0.683464569383089,9,1.0237114014898094
374024,-1.07291966247986,9,-0.7057797535603382
375935,-0.610713285673817,9,-0.43288966810946705
190277,-0.240948184228988,9,-0.3589528206190699
375446,-0.610713285673817,9,-0.24806415079741637
190125,-0.14850690886777898,9,0.5269727502856666
374613,0.498582018660674,9,-0.21354425337878186
190071,1.42299477227275,9,0.7881795738681765
375691,-0.980478387118648,9,-1.0420792229178484
283707,-1.4426847639246898,9,0.22289492728646673
188500,0.0363756418546358,9,-0.05949373937298228
284120,-1.35024348856348,9,-0.15383084105257505
283579,1.14567094618913,9,0.63105396168361
189851,0.498582018660674,9,0.019960205687819716
374395,-0.7955958363962329,9,-0.5388198307761755
374108,-0.610713285673817,9,0.13673729193620698
188464,-1.53512603928589,9,-0.31248636353903636
283769,0.22125819257705,9,0.6878638390782922
374515,-0.610713285673817,9,-0.31339912202220577
374413,0.128816917215845,9,0.12810231621363874
188249,-1.35024348856348,9,-0.32390252540667047
188780,0.22125819257705,9,0.10337179384418964
283165,1.05322967082792,9,1.104718477155365
188113,0.8683471201055029,9,0.5346120571440128
188111,2.25496625052362,9,0.6183228010319424
188896,-0.14850690886777898,9,-0.595050638439448
375816,-0.703154561035026,9,-0.35799862444851893
188596,-0.240948184228988,9,-0.05532645549529528
190794,0.4061407432994649,9,0.22111603334736654
283104,-0.7955958363962329,9,-0.19724315168201734
188375,-2.55198006825918,9,-1.6977147794094196
374412,-1.07291966247986,9,-0.45906554246041475
190731,0.128816917215845,9,0.13868661444963953
319956,-0.14850690886777898,9,-0.4092796936413216
2437412,-2.3670975175367595,9,-0.6912494289312456
375016,-0.980478387118648,9,-0.08242325104454297
283143,-0.0560656335065715,9,0.30885082950833886
374239,0.4061407432994649,9,0.18293744106243892
187839,1.70031859835637,9,0.45609904796858086
188758,-0.610713285673817,9,-0.7476711413157943
188506,-1.25780221320227,9,-0.8074433993920734
187826,1.60787732299516,9,0.3304705188228316
187995,0.22125819257705,9,0.7863956070329677
376032,1.23811222155034,9,0.09540484158151159
284265,-0.610713285673817,9,0.08568777210098646
283205,0.0363756418546358,9,0.19126174216882835
190067,1.14567094618913,9,0.6175932288897369
375694,-0.5182720103126099,9,-0.6431213427175404
336484,0.4061407432994649,9,-0.03177469557648798
373903,-1.07291966247986,9,-0.19228324269511604
375815,1.42299477227275,9,-0.06869586397578556
188899,-0.333389459590195,9,-0.3895281318509268
189308,0.683464569383089,9,0.1412095746881137
187470,-1.53512603928589,9,-0.6180642937147014
374063,1.51543604763396,9,0.229244697022926
187985,0.5910232940218829,9,0.3510339725805459
375957,0.128816917215845,9,-0.43881396242879905
188269,-1.90489114073072,9,-1.4254017176356244
189997,-0.5182720103126099,9,-0.32222873054734924
189683,0.128816917215845,9,-0.5754022761846614
374629,-0.8880371117574399,9,0.5821826968824516
189194,1.14567094618913,9,0.21640583423637355
188054,1.05322967082792,9,0.32532184861457386
187505,-0.5182720103126099,9,0.038044718380286134
373744,-0.7955958363962329,9,-0.4492551608353046
189091,0.313699467938259,9,-0.17951268305906307
187518,0.5910232940218829,9,0.39894020747974845
188037,-0.333389459590195,9,0.20036986293755157
283964,-0.425830734951402,9,0.45006002842590054
189624,-0.14850690886777898,9,0.7573038223302665
188086,1.33055349691154,9,0.461604221653143
374623,-1.6275673146471,9,-0.47141622875714123
283781,0.0363756418546358,9,-0.5030531162674489
188543,0.313699467938259,9,0.7689796484631135
190035,0.0363756418546358,9,-0.4501405516082349
374643,-0.0560656335065715,9,-0.07856108480658817
308010,1.70031859835637,9,0.04382834392389135
189012,0.0363756418546358,9,-0.10726545700080253
336783,-0.0560656335065715,9,0.39786544198216806
373575,0.8683471201055029,9,0.46115356761012016
374471,0.5910232940218829,9,0.5750414250826628
189631,0.0363756418546358,9,0.7249514571526376
284192,0.4061407432994649,9,-0.18884975190895353
284368,1.23811222155034,9,-0.09233414752545774
188922,1.33055349691154,9,-0.1440605724296133
189670,1.79275987371758,9,0.6239038016629578
374484,0.8683471201055029,9,0.290316665483395
190782,-0.333389459590195,9,0.0018138749596947746
187850,-0.8880371117574399,9,-0.801287865913223
190134,0.960788395466712,9,0.7656221119688839
188015,1.05322967082792,9,0.5374274668312002
187495,-2.3670975175367595,9,-1.9371618822185845
374680,-0.7955958363962329,9,0.25595656567711594
189703,2.71717262732966,9,0.9447870631587694
375842,1.8852011490787897,9,0.06346821890428693
187818,-1.4426847639246898,9,-0.3480555185576256
373743,-0.240948184228988,9,-0.2819038675906663
190707,0.0363756418546358,9,0.6837271120580476
188033,0.128816917215845,9,0.33867358868145986
187819,1.97764242444,9,0.33478651691154776
375952,-1.6275673146471,9,-0.9723521174825308
376001,-1.7200085900083102,9,-0.3887083027957418
189632,-0.333389459590195,9,0.5142039007414474
374359,0.683464569383089,9,0.6240551867815758
319783,-0.425830734951402,9,0.09640194364780007
189834,-0.333389459590195,9,-0.45320815464420866
375433,-0.980478387118648,9,-0.7806867662615616
2437048,2.0700836998012,9,-0.09155471027263068
374178,1.51543604763396,9,1.0072705226794427
374374,1.05322967082792,9,0.46037085129395156
375519,0.960788395466712,9,0.09630052979469637
189832,-0.0560656335065715,9,-0.7407099732730045
284059,-0.610713285673817,9,-0.3019529586253567
188408,0.128816917215845,9,0.28894324583916436
283760,-0.610713285673817,9,0.3101289838673014
318550,-0.8880371117574399,9,0.029496932564559396
190116,-0.14850690886777898,9,0.5626064708462729
374385,0.498582018660674,9,-0.6708641993422103
375752,-1.25780221320227,9,-0.9209803416395956
375991,0.8683471201055029,9,-0.22045708774036993
2437415,-0.14850690886777898,9,-0.6390508979146224
188382,0.683464569383089,9,-0.5037345134744952
373754,0.960788395466712,9,0.19979262945379042
188105,-2.3670975175367595,9,-0.09988185038282416
319280,0.498582018660674,9,-0.11455268977744107
374620,-1.35024348856348,9,-0.1003314937314666
283822,1.14567094618913,9,0.7578419484479407
188958,-0.240948184228988,9,-0.3312030971662522
189287,0.128816917215845,9,1.0189248751947018
283132,1.23811222155034,9,0.42713226585682246
188154,-0.980478387118648,9,-0.18021046281167266
187804,0.683464569383089,9,-0.32071864215974943
374697,0.128816917215845,9,0.4540854320835051
190238,0.128816917215845,9,0.24739062364594555
190789,0.498582018660674,9,0.5786661215555323
187564,-0.333389459590195,9,-0.863875944226114
188997,-0.333389459590195,9,0.06003154701454307
375832,-0.0560656335065715,9,-1.2138272367026826
190811,-0.240948184228988,9,0.5416852102381837
187579,0.4061407432994649,9,0.021228882197119905
188441,-0.425830734951402,9,-0.8081292839078111
188704,1.33055349691154,9,0.875159175981115
375875,1.70031859835637,9,0.013929748108904995
284025,-0.425830734951402,9,-0.2297946512492972
187585,0.0363756418546358,9,-0.39728030230331635
283121,1.05322967082792,9,0.31493058417328385
375779,0.960788395466712,9,-0.7871716607898692
284354,-1.7200085900083102,9,-0.10216800878288126
190728,0.313699467938259,9,-0.10951412010256571
374600,0.4061407432994649,9,-0.11023514266466126
187957,-1.90489114073072,9,0.5053252673984026
188913,2.34740752588483,9,0.8524473908639234
189857,0.498582018660674,9,-0.5162933201652897
374662,-1.07291966247986,9,-0.1019671555512939
283778,0.960788395466712,9,-0.08396021470523116
375449,-0.5182720103126099,9,0.24408997413314187
190791,0.5910232940218829,9,0.026282645865799835
188467,-0.240948184228988,9,0.360437597247783
374551,-1.81244986536952,9,-0.8356524326081379
189039,-0.610713285673817,9,0.1651012452902416
374693,0.128816917215845,9,0.9224486746782287
190143,0.4061407432994649,9,0.10329215755109364
373793,-2.08977369145314,9,-1.3783111220212916
375453,-0.610713285673817,9,0.31867475028983144
283718,-0.14850690886777898,9,0.49724190007555746
190733,0.128816917215845,9,0.007393564943618275
374442,0.22125819257705,9,-0.05443838262706402
188214,-0.7955958363962329,9,0.14598822349093243
189078,0.7759058447442969,9,0.10387266817430597
373628,0.4061407432994649,9,-0.5019109596365531
318548,-0.240948184228988,9,-0.22136071543662006
375742,-1.4426847639246898,9,-0.27353041925892274
187767,0.0363756418546358,9,-0.3119372297585126
187699,-0.333389459590195,9,0.2898568627494891
374743,0.4061407432994649,9,0.518789691459325
187893,1.51543604763396,9,0.31039831704057547
375778,1.23811222155034,9,-0.5170915197602525
308007,-0.14850690886777898,9,0.06268357104863079
188243,-2.45953879289797,9,-1.0007161912740912
375895,-0.5182720103126099,9,-0.2801371740708558
