id,Prot,kfold,XGBoost_pred
189201,0.128816917215845,0,0.08704815
375697,0.498582018660674,0,-0.23733866
190029,0.498582018660674,0,0.033394635
188043,2.16252497516241,0,0.18058099
189003,-0.0560656335065715,0,0.18870866
187707,0.498582018660674,0,0.11220067
308269,0.22125819257705,0,0.18690771
188979,0.313699467938259,0,-0.13918857
188872,0.22125819257705,0,0.08825148
374174,0.4061407432994649,0,-0.29749575
317953,-0.703154561035026,0,0.28804776
187881,1.14567094618913,0,0.73070806
283767,0.5910232940218829,0,0.8823944
187669,-1.35024348856348,0,-0.70288604
283158,0.683464569383089,0,0.13998453
189023,0.22125819257705,0,0.37523568
375590,-0.8880371117574399,0,-0.115137205
188757,-0.980478387118648,0,0.093115
190000,0.128816917215845,0,0.1197034
187714,-1.16536093784106,0,-0.05809787
187522,0.22125819257705,0,0.5257931
336479,-0.425830734951402,0,0.10509165
188530,-0.8880371117574399,0,-0.6774257
190163,1.14567094618913,0,0.6602485
188029,-0.333389459590195,0,-0.23679152
374037,-0.703154561035026,0,-0.2975011
187958,1.23811222155034,0,0.48063254
187928,0.4061407432994649,0,0.31876606
283300,0.960788395466712,0,0.39298406
375746,-1.07291966247986,0,-0.89038783
189038,-0.7955958363962329,0,0.34870633
375817,0.313699467938259,0,-0.4036922
2436999,-0.0560656335065715,0,0.12309154
283171,-0.703154561035026,0,0.08613564
283118,1.33055349691154,0,0.42666432
374092,-0.5182720103126099,0,0.1752331
187464,1.60787732299516,0,0.8914328
284280,-0.0560656335065715,0,-0.33049345
187718,0.683464569383089,0,0.30224103
375693,-0.333389459590195,0,-0.44292104
187986,0.683464569383089,0,0.13824032
189045,0.22125819257705,0,0.6279481
187852,2.25496625052362,0,0.65687954
189991,-0.610713285673817,0,-0.15490185
375970,-1.07291966247986,0,-0.24786948
187906,-0.7955958363962329,0,-0.65657485
187574,-0.7955958363962329,0,-0.18753552
373656,0.8683471201055029,0,-0.16449133
188083,-0.980478387118648,0,-0.7921749
188197,-0.240948184228988,0,-0.32842875
373850,1.42299477227275,0,-0.2197054
284371,0.0363756418546358,0,0.34372
2437250,4.10379175774777,0,0.60910136
2437244,1.42299477227275,0,0.04253535
283215,0.4061407432994649,0,0.4224536
283774,0.683464569383089,0,0.95060015
187803,-0.610713285673817,0,0.08359494
187980,-1.7200085900083102,0,-0.118155256
308265,0.128816917215845,0,-0.205165
283178,0.5910232940218829,0,0.556277
375467,-0.8880371117574399,0,0.5741923
373980,-0.980478387118648,0,-0.18621597
284319,-0.333389459590195,0,-0.4195179
187812,-0.980478387118648,0,0.1415873
283633,-0.14850690886777898,0,-0.10064323
189002,-0.0560656335065715,0,0.4157344
188494,0.498582018660674,0,-0.006523861
187637,-0.8880371117574399,0,-0.35474634
187978,1.33055349691154,0,0.46899027
189760,1.05322967082792,0,0.34151596
188231,0.22125819257705,0,-0.5369826
375608,-0.610713285673817,0,-0.46343914
187700,-0.333389459590195,0,0.63774264
188636,-1.07291966247986,0,-0.8005326
187591,-0.980478387118648,0,-0.1858518
374467,1.23811222155034,0,0.3646674
189754,0.313699467938259,0,0.45087606
188982,0.8683471201055029,0,0.37204757
187838,0.498582018660674,0,0.54894525
189957,0.4061407432994649,0,0.763301
375454,-0.703154561035026,0,0.30291435
375674,-0.980478387118648,0,-0.73829323
189244,0.5910232940218829,0,0.5789834
188170,-0.425830734951402,0,-0.9758272
188246,-2.18221496681435,0,-1.5775772
188048,-0.703154561035026,0,-0.262527
188369,-1.07291966247986,0,-0.29714835
189320,1.23811222155034,0,0.31042925
190783,-0.8880371117574399,0,-0.68779
374339,0.0363756418546358,0,0.3180143
318174,0.0363756418546358,0,0.27790308
187671,-0.14850690886777898,0,0.22161455
375634,-0.980478387118648,0,-0.29615632
308212,1.79275987371758,0,0.4104627
375243,0.960788395466712,0,-0.07136262
374655,-0.240948184228988,0,0.087648146
374956,-0.240948184228988,0,0.01598294
187904,-0.8880371117574399,0,-0.26760197
374694,0.683464569383089,0,0.057719354
188325,-0.425830734951402,0,-0.123065084
188669,-0.14850690886777898,0,0.6702393
2437263,0.0363756418546358,0,0.23014347
187500,-0.7955958363962329,0,-0.20628993
187778,0.128816917215845,0,-0.13301192
188957,0.4061407432994649,0,0.50215954
188282,-0.0560656335065715,0,-1.1940033
190807,0.960788395466712,0,0.8269151
187588,0.498582018660674,0,0.06086193
375205,0.0363756418546358,0,-0.015700046
336478,-0.333389459590195,0,-0.24445929
373674,0.8683471201055029,0,-0.04016394
187678,0.8683471201055029,0,0.44752514
284334,-0.980478387118648,0,-0.90251994
375434,-0.5182720103126099,0,0.095765464
375971,1.42299477227275,0,-0.43616852
283813,0.313699467938259,0,0.6127915
187612,-3.56883409723246,0,-0.26280814
190213,-0.703154561035026,0,-0.6350395
283126,-0.14850690886777898,0,0.64821464
283825,3.179379004135689,0,0.7865164
189116,-0.5182720103126099,0,-0.111595966
190008,0.8683471201055029,0,0.1727979
375591,-1.53512603928589,0,-0.27001435
375397,-1.07291966247986,0,0.23301555
284291,-0.980478387118648,0,-0.095847756
188476,1.33055349691154,0,0.28812397
190434,-0.610713285673817,0,-0.34349728
187664,-0.7955958363962329,0,-0.32864413
283176,0.498582018660674,0,0.4745013
187911,1.33055349691154,0,0.1722667
375749,-0.5182720103126099,0,-0.4587698
189913,-0.610713285673817,0,0.41213307
188969,0.22125819257705,0,0.4889773
187879,1.23811222155034,0,0.21319285
187878,-1.4426847639246898,0,-0.3311837
283969,-0.5182720103126099,0,-0.64654154
375796,1.79275987371758,0,0.31761473
187712,0.498582018660674,0,-0.20900857
283515,-0.14850690886777898,0,-0.55409384
187730,-0.8880371117574399,0,-0.25177175
189090,-0.610713285673817,0,0.2501088
373952,0.0363756418546358,0,-0.04126357
187784,-0.7955958363962329,0,-0.509941
2437268,-0.240948184228988,0,0.27020687
188101,0.313699467938259,0,-0.13771175
187780,-1.07291966247986,0,-0.13034874
187856,0.313699467938259,0,0.030738091
284002,-0.980478387118648,0,-0.30508268
376047,-1.07291966247986,0,-0.3519072
283968,-1.16536093784106,0,0.5492487
374742,-0.610713285673817,0,0.6272964
375524,-0.425830734951402,0,-0.8626914
190804,0.22125819257705,0,0.2883798
187998,-0.8880371117574399,0,0.049021684
374160,-0.240948184228988,0,0.42218512
283106,1.23811222155034,0,1.2011839
189885,1.42299477227275,0,0.003686007
374148,0.313699467938259,0,-0.41444296
189041,-1.16536093784106,0,0.36300683
189871,0.313699467938259,0,0.29126945
187502,-0.240948184228988,0,0.37518853
375899,0.498582018660674,0,-0.14803436
189247,-0.240948184228988,0,0.023223927
375573,-0.5182720103126099,0,-0.2632093
188189,-0.0560656335065715,0,0.19049579
283757,0.128816917215845,0,0.46771005
189790,-0.703154561035026,0,-0.76618564
188402,-1.53512603928589,0,-0.5816316
188256,0.128816917215845,0,0.051655404
188250,-0.8880371117574399,0,-0.10419436
187945,1.23811222155034,0,0.0173535
189766,0.5910232940218829,0,-0.098065175
284189,-0.610713285673817,0,-0.69486654
283772,0.683464569383089,0,-0.014470369
189021,-0.703154561035026,0,0.13674414
189005,-0.703154561035026,0,0.22929367
190189,1.14567094618913,0,1.154842
187855,0.313699467938259,0,0.49165833
188944,0.960788395466712,0,0.74592346
374663,-0.14850690886777898,0,-0.05431882
283449,0.683464569383089,0,-0.44159374
374155,0.313699467938259,0,0.4925059
374630,0.0363756418546358,0,0.06244495
190805,-2.55198006825918,0,0.05517304
375642,-0.7955958363962329,0,0.5976306
187770,1.8852011490787897,0,0.41888377
189872,-0.14850690886777898,0,0.3467817
190177,0.960788395466712,0,0.33395365
187501,-0.980478387118648,0,0.37684894
308006,-0.0560656335065715,0,-0.22659798
373481,-2.08977369145314,0,-1.6499833
189637,-0.5182720103126099,0,0.54186213
188942,0.498582018660674,0,0.4540074
187877,1.51543604763396,0,0.4655244
190814,1.60787732299516,0,0.6329644
375748,-1.35024348856348,0,-0.8249558
188329,1.14567094618913,0,0.58710694
190195,0.4061407432994649,0,1.2897494
375813,2.25496625052362,0,0.2584402
188229,-0.8880371117574399,0,0.28867033
189008,-0.980478387118648,1,-0.061029054
284247,-0.240948184228988,1,-0.4385146
283634,0.0363756418546358,1,0.688639
374186,2.71717262732966,1,0.7979327
189756,0.498582018660674,1,-0.059837773
188157,-1.35024348856348,1,-1.0711565
189337,-0.8880371117574399,1,0.8582354
2437308,0.4061407432994649,1,-0.44153953
374535,-0.610713285673817,1,-0.2819748
190173,1.05322967082792,1,0.9628597
187842,1.05322967082792,1,1.2820984
188152,-0.8880371117574399,1,-0.928422
374001,0.498582018660674,1,0.19573574
375851,-1.07291966247986,1,-0.2802375
188396,-0.14850690886777898,1,0.5513123
284281,-0.5182720103126099,1,-0.4132125
374407,0.128816917215845,1,0.2293948
375503,-0.7955958363962329,1,-0.640492
284165,-0.0560656335065715,1,-0.32450297
374165,2.43984880124604,1,-0.029000832
187604,-1.4426847639246898,1,-0.12669307
188258,1.14567094618913,1,0.68526876
187599,-1.90489114073072,1,-0.8081228
375341,-0.333389459590195,1,0.16912243
373627,-0.425830734951402,1,0.13980977
189744,-0.703154561035026,1,-0.57248586
189022,0.0363756418546358,1,-0.11917498
189241,-0.333389459590195,1,0.08972714
190006,-1.07291966247986,1,-0.48306787
189221,0.7759058447442969,1,0.14817388
187686,-0.5182720103126099,1,-0.59917945
188359,-1.25780221320227,1,-0.4112588
189958,0.498582018660674,1,0.06674238
375956,-0.425830734951402,1,-0.78069264
187834,1.14567094618913,1,0.8378313
189168,-0.333389459590195,1,0.17712188
187845,-0.240948184228988,1,0.83127505
374067,-0.333389459590195,1,0.47686443
190098,1.70031859835637,1,0.637474
373654,0.22125819257705,1,0.22948012
336684,1.79275987371758,1,0.4396834
2437214,-0.7955958363962329,1,-0.24363443
189278,1.05322967082792,1,0.6038877
283665,-0.703154561035026,1,-0.7408761
374062,0.7759058447442969,1,1.0519024
189242,0.683464569383089,1,0.8351006
283849,0.4061407432994649,1,0.46642882
374912,1.60787732299516,1,0.3343856
189615,0.4061407432994649,1,0.6325307
284100,-0.5182720103126099,1,-0.4845626
189050,0.22125819257705,1,0.30563164
374112,0.22125819257705,1,0.3722584
3646845,-0.333389459590195,1,0.64686745
188339,-0.425830734951402,1,0.02047916
283139,0.498582018660674,1,0.28677902
374614,-0.610713285673817,1,0.027357282
190046,-0.703154561035026,1,-0.59488016
373675,0.7759058447442969,1,0.11229003
189152,-0.333389459590195,1,0.1103293
189666,0.5910232940218829,1,1.1470608
188448,-2.55198006825918,1,-1.6558249
188816,-0.5182720103126099,1,-0.7308122
189020,1.23811222155034,1,0.5904948
283202,1.14567094618913,1,0.21179226
188156,-0.703154561035026,1,-0.96884376
283763,-0.425830734951402,1,-0.3630252
373759,0.4061407432994649,1,0.58761805
190778,0.4061407432994649,1,0.55728436
187930,-0.610713285673817,1,-0.36800337
187984,0.5910232940218829,1,0.1709377
284272,-0.610713285673817,1,0.31428036
375662,-1.4426847639246898,1,-1.03045
188840,-0.610713285673817,1,-0.53772765
189932,0.498582018660674,1,0.33652487
187757,-0.14850690886777898,1,-0.021106314
190062,0.5910232940218829,1,0.5874292
187760,0.313699467938259,1,-0.53109324
187535,0.22125819257705,1,-0.4607873
187860,0.7759058447442969,1,-0.6587638
187545,-1.53512603928589,1,-0.48409027
375845,-0.8880371117574399,1,-0.6996469
374612,0.128816917215845,1,-0.18933854
187936,-0.425830734951402,1,0.24620894
374479,-0.8880371117574399,1,-0.89345795
189006,1.14567094618913,1,-0.24290773
187892,-1.25780221320227,1,-0.7995461
283770,-1.25780221320227,1,-0.8103441
336685,0.5910232940218829,1,0.76717293
375950,-1.53512603928589,1,-0.9884039
374371,-0.8880371117574399,1,-0.47060856
190081,0.22125819257705,1,0.20356505
188009,-0.703154561035026,1,0.8203044
376050,-1.7200085900083102,1,-0.3028576
189759,-1.4426847639246898,1,-0.43617943
188563,0.7759058447442969,1,0.6932728
187493,0.128816917215845,1,-0.77831614
283756,0.7759058447442969,1,0.14395823
187666,-0.980478387118648,1,-0.32218465
188327,1.05322967082792,1,0.5529441
283220,-0.980478387118648,1,0.08580368
374396,-0.333389459590195,1,-0.4670223
283311,-0.240948184228988,1,0.08784837
190039,1.14567094618913,1,1.3061322
283801,0.128816917215845,1,-0.07390084
373939,1.51543604763396,1,-0.43750235
374914,0.960788395466712,1,0.7521145
187567,-1.6275673146471,1,-0.43368697
190186,0.498582018660674,1,1.0947801
375310,2.5322900766072403,1,0.1793208
375934,-1.7200085900083102,1,-0.6651637
373832,-0.0560656335065715,1,0.043822255
374941,-0.703154561035026,1,-0.9194568
190037,-0.0560656335065715,1,0.25287023
189996,0.5910232940218829,1,0.2588567
283445,-1.4426847639246898,1,-0.20718876
188407,-0.703154561035026,1,-0.24222921
187457,1.05322967082792,1,-0.31348848
189854,-0.703154561035026,1,-0.30797175
187938,0.5910232940218829,1,0.32814658
375458,0.498582018660674,1,-0.57355577
189280,-0.8880371117574399,1,-0.00032858056
375465,2.25496625052362,1,0.33209598
375736,-0.14850690886777898,1,-0.17372902
190069,-0.425830734951402,1,0.2410409
188415,-1.4426847639246898,1,-1.253585
187974,0.7759058447442969,1,0.34646595
373726,1.51543604763396,1,0.6587039
189776,-0.980478387118648,1,0.62654096
283231,0.313699467938259,1,0.32730588
374151,-1.53512603928589,1,-0.75416523
188363,-1.16536093784106,1,-0.71857756
283089,-0.703154561035026,1,-0.48697257
187489,-1.35024348856348,1,-0.582422
373863,0.0363756418546358,1,-0.35007754
190561,0.5910232940218829,1,-0.031000407
375695,-0.610713285673817,1,-0.64408815
189858,-0.7955958363962329,1,-0.4498408
188909,-0.333389459590195,1,0.29593188
188975,2.71717262732966,1,0.015220831
189842,0.22125819257705,1,-0.582809
188768,1.23811222155034,1,1.0716164
188055,0.683464569383089,1,0.500129
373900,-0.14850690886777898,1,0.6497069
189708,-0.703154561035026,1,0.5280785
189972,0.498582018660674,1,0.8023918
319284,-0.610713285673817,1,0.07366427
374534,-0.14850690886777898,1,0.76059806
187481,-0.5182720103126099,1,-1.6405711
375940,-0.333389459590195,1,-0.75548506
375707,-1.16536093784106,1,-0.5110164
373730,-0.333389459590195,1,0.07838527
2437287,0.498582018660674,1,0.55521065
188386,0.313699467938259,1,0.38090086
189233,0.683464569383089,1,0.43660507
374367,0.5910232940218829,1,0.20093718
189094,-0.425830734951402,1,0.26692894
188025,-0.5182720103126099,1,0.22020252
188496,0.5910232940218829,1,0.3624132
373835,0.683464569383089,1,-0.08137591
318175,-0.240948184228988,1,-0.13438468
373522,0.4061407432994649,1,0.30369833
283232,0.313699467938259,1,-0.024153937
188907,1.33055349691154,1,0.89884686
189063,-0.703154561035026,1,-0.89554423
373912,-0.425830734951402,1,-0.73368895
2437410,-1.25780221320227,1,-0.07659772
374213,-0.610713285673817,1,-0.02024509
187710,-0.980478387118648,1,-0.15760326
374011,0.8683471201055029,1,-0.25138423
373468,1.8852011490787897,1,-0.7152644
375977,2.80961390269086,1,-0.039054863
189013,-1.25780221320227,1,-0.36728114
187794,0.22125819257705,1,0.12021877
284304,-0.980478387118648,1,-0.22167036
2437408,-0.8880371117574399,1,-0.46236452
2437194,-0.610713285673817,1,-0.17996009
187951,2.0700836998012,1,0.99951184
189853,-0.333389459590195,1,0.08255685
375564,-0.0560656335065715,1,-0.6620376
375689,-0.610713285673817,1,-0.25500757
373861,0.313699467938259,1,0.3441255
188187,-0.5182720103126099,1,-0.20279388
189153,0.0363756418546358,1,0.053546473
187956,-0.7955958363962329,1,0.042767704
156377,-1.6275673146471,1,-0.17070554
374944,1.42299477227275,1,1.0056359
187988,0.498582018660674,1,-0.069110945
187952,1.42299477227275,1,-0.4020793
188095,1.14567094618913,1,0.06360459
187758,0.4061407432994649,1,-0.070590585
187867,0.4061407432994649,1,-0.2809881
376033,0.498582018660674,1,-0.2736236
189029,-0.425830734951402,1,-0.04712674
336782,0.960788395466712,1,0.6107929
189829,0.498582018660674,1,0.49828967
187606,0.683464569383089,1,0.1412554
283117,-0.14850690886777898,1,0.36922055
283194,0.0363756418546358,1,0.20288926
188990,-0.333389459590195,1,0.17910825
375724,-0.703154561035026,1,-0.6822997
188458,-0.14850690886777898,2,0.1489518
283914,0.960788395466712,2,0.5007698
283726,1.14567094618913,2,0.38799527
190164,1.51543604763396,2,0.31529066
187603,-0.610713285673817,2,-0.57109183
283604,-0.0560656335065715,2,0.15383326
189234,-0.8880371117574399,2,0.9949458
375441,0.498582018660674,2,0.07269837
375661,-0.8880371117574399,2,-0.43964714
375576,-0.240948184228988,2,-0.92399496
189715,2.25496625052362,2,0.3611952
189868,-0.8880371117574399,2,-0.026012555
375755,-0.14850690886777898,2,-0.32520095
374505,-0.14850690886777898,2,-0.23155154
375447,0.4061407432994649,2,0.51361215
187690,0.128816917215845,2,-0.053603943
374414,0.683464569383089,2,-0.047945518
375500,-0.8880371117574399,2,-0.29457638
317829,-1.6275673146471,2,-0.079397954
308254,0.7759058447442969,2,0.03801758
188517,-1.07291966247986,2,0.262052
283166,0.7759058447442969,2,-0.2831702
189288,-0.7955958363962329,2,-0.3029448
190795,-0.610713285673817,2,0.51544636
187753,-0.333389459590195,2,-0.29869476
190063,-0.7955958363962329,2,-0.36993745
188472,-1.16536093784106,2,-0.7187771
187705,-0.703154561035026,2,-0.2572559
375583,-0.7955958363962329,2,-0.6365597
190808,0.498582018660674,2,0.7923522
374746,0.683464569383089,2,0.7031888
187667,-0.425830734951402,2,-0.29652873
188338,-1.6275673146471,2,-0.6692042
189133,-0.425830734951402,2,0.06505707
187647,-0.8880371117574399,2,-0.822555
189949,-0.240948184228988,2,-0.3797988
188378,-2.45953879289797,2,-2.0351615
187752,-0.5182720103126099,2,-0.25157762
188244,1.42299477227275,2,1.0581111
283833,1.42299477227275,2,0.60171664
375017,0.683464569383089,2,-0.62653536
375943,-1.4426847639246898,2,-0.19044578
187981,0.960788395466712,2,0.38774088
189028,0.683464569383089,2,0.0791957
374607,-1.07291966247986,2,-0.15879056
375641,0.22125819257705,2,-0.3723665
375835,0.8683471201055029,2,-0.39335334
188079,-0.610713285673817,2,0.26798362
375791,-0.0560656335065715,2,-0.150932
374541,-0.333389459590195,2,-0.09722661
375627,1.79275987371758,2,0.1612749
283721,1.14567094618913,2,-0.080740556
190100,0.498582018660674,2,-0.39444432
375409,0.7759058447442969,2,0.053787716
188096,0.7759058447442969,2,-0.054589253
374715,-1.25780221320227,2,0.075712055
308008,0.0363756418546358,2,-0.1350084
188185,-0.0560656335065715,2,0.59485626
190167,-1.90489114073072,2,0.15201485
375698,0.22125819257705,2,-1.2750025
188225,-0.703154561035026,2,-0.5496938
374641,0.960788395466712,2,0.17972735
188218,0.8683471201055029,2,0.28289536
283600,0.0363756418546358,2,0.29935682
373621,-1.16536093784106,2,-0.33534372
308004,-0.980478387118648,2,-0.05918826
283083,0.5910232940218829,2,0.01157371
187728,0.128816917215845,2,0.41885448
188036,1.51543604763396,2,0.3778146
187954,-0.240948184228988,2,-0.716844
375993,-0.425830734951402,2,-0.04484831
2437280,-0.610713285673817,2,-0.05765398
188976,1.05322967082792,2,0.2056877
283359,-0.14850690886777898,2,0.10415872
187482,-0.425830734951402,2,-0.17457072
188708,-0.333389459590195,2,0.039197728
188978,0.128816917215845,2,0.9751122
375547,-1.7200085900083102,2,-0.8931244
190162,-0.610713285673817,2,-0.6651105
189027,0.7759058447442969,2,-0.09153894
375975,1.33055349691154,2,0.64901495
187469,-2.3670975175367595,2,-1.6304219
283712,-1.25780221320227,2,-0.9353464
187863,1.05322967082792,2,0.7067145
375411,-0.703154561035026,2,0.44566995
283114,0.0363756418546358,2,0.3377879
283602,-1.16536093784106,2,0.051376686
188940,-0.333389459590195,2,-0.5054326
375830,-1.35024348856348,2,-0.70060676
188000,-0.425830734951402,2,0.23143245
187987,-0.333389459590195,2,-0.013854636
187807,1.97764242444,2,0.8024764
188174,-0.703154561035026,2,-0.8019207
189164,1.60787732299516,2,0.32853922
187905,-0.980478387118648,2,-0.33065304
187471,0.7759058447442969,2,0.49056882
375740,-1.6275673146471,2,-0.6026491
189723,-0.980478387118648,2,-0.41973075
187462,1.33055349691154,2,0.22365804
187781,1.05322967082792,2,0.56494194
374388,-0.0560656335065715,2,0.57870233
284145,0.4061407432994649,2,0.20612252
374517,-0.240948184228988,2,-0.2980148
373851,0.4061407432994649,2,-0.14807977
283803,-0.5182720103126099,2,0.48868856
375274,0.313699467938259,2,-0.2884375
375062,0.7759058447442969,2,0.27551326
190174,-0.8880371117574399,2,0.78304726
2437249,0.5910232940218829,2,0.818166
188326,0.4061407432994649,2,-1.0922233
190797,0.5910232940218829,2,-0.020223215
284278,-0.240948184228988,2,-0.5017055
374604,-0.240948184228988,2,0.563354
284338,0.0363756418546358,2,-0.6813599
374768,1.51543604763396,2,1.1723839
284305,-0.703154561035026,2,0.19808124
189245,0.128816917215845,2,0.07419273
187526,-0.980478387118648,2,0.6385505
375475,0.8683471201055029,2,0.8844626
188418,-0.5182720103126099,2,0.45448518
284024,-1.4426847639246898,2,-0.54487777
375859,-0.0560656335065715,2,-0.25013682
374688,-0.8880371117574399,2,0.051904205
284202,-0.7955958363962329,2,0.37800664
374588,-0.610713285673817,2,-0.013858084
283444,-1.81244986536952,2,-0.7926562
188377,-1.07291966247986,2,0.06626899
188012,1.79275987371758,2,0.016876409
283432,0.313699467938259,2,1.2300982
374331,-0.0560656335065715,2,0.37393898
190187,-2.08977369145314,2,-0.2543038
187796,-0.5182720103126099,2,0.48868087
190472,0.5910232940218829,2,0.13148561
188945,0.960788395466712,2,0.58718973
375731,-1.07291966247986,2,-0.068160444
190296,1.05322967082792,2,0.34011117
284216,-0.240948184228988,2,-0.21909343
188777,0.5910232940218829,2,-0.47338793
283748,0.4061407432994649,2,-0.20319015
375340,-1.07291966247986,2,-0.8960792
283789,-0.333389459590195,2,0.6834569
188306,0.5910232940218829,2,0.3928232
374686,0.22125819257705,2,-0.08411367
188270,0.8683471201055029,2,0.88673925
2437395,-0.240948184228988,2,-0.7850586
283471,0.128816917215845,2,0.8366075
375930,1.60787732299516,2,0.2840395
375702,-1.53512603928589,2,-0.28335673
374658,0.7759058447442969,2,0.88072926
283116,1.05322967082792,2,0.29758242
189865,-0.5182720103126099,2,-0.43457475
190102,0.7759058447442969,2,0.35602963
188482,0.498582018660674,2,-0.047073003
187729,0.5910232940218829,2,0.80765635
375735,-1.25780221320227,2,-1.2314427
187682,-0.425830734951402,2,-0.13288288
189961,0.5910232940218829,2,0.6049326
283655,-1.07291966247986,2,-0.84540373
188345,-0.610713285673817,2,0.31937894
187883,-1.35024348856348,2,-0.89272165
188028,0.498582018660674,2,0.23693158
284241,-0.425830734951402,2,0.121527165
375890,-0.14850690886777898,2,-0.42908272
375230,-0.5182720103126099,2,0.05823415
189282,-0.0560656335065715,2,0.9807381
188031,-1.16536093784106,2,0.57803863
375295,-0.14850690886777898,2,0.58836347
283978,-0.703154561035026,2,0.8189133
284357,-0.14850690886777898,2,-0.015863387
374937,-0.240948184228988,2,-0.22784929
189049,0.7759058447442969,2,0.7043643
187989,1.33055349691154,2,0.43070227
187687,0.0363756418546358,2,0.3414919
188292,1.05322967082792,2,0.06864115
187786,-0.980478387118648,2,0.11182455
187514,1.42299477227275,2,-0.11099121
189294,0.4061407432994649,2,0.41216114
188336,1.70031859835637,2,0.34581986
375790,-0.14850690886777898,2,-0.1512364
187971,-0.610713285673817,2,-0.048855763
187550,-0.7955958363962329,2,-0.76917684
187702,-0.0560656335065715,2,1.1197635
188947,0.0363756418546358,2,0.55842716
374197,-0.240948184228988,2,-0.385476
318176,0.0363756418546358,2,-0.11683642
283145,1.42299477227275,2,0.94253165
190458,0.498582018660674,2,0.9267217
375371,-0.0560656335065715,2,0.04867051
373758,-0.333389459590195,2,0.104534104
283779,1.05322967082792,2,0.43286178
190148,0.313699467938259,2,0.96865886
375315,0.22125819257705,2,0.05879852
190089,-0.14850690886777898,2,0.56515235
190092,1.23811222155034,2,1.2393894
187741,-2.08977369145314,2,-0.31553674
188376,-0.8880371117574399,2,0.43750173
284369,0.0363756418546358,2,0.3841613
188405,0.8683471201055029,2,0.44028983
187751,0.0363756418546358,2,-0.09863529
375933,1.70031859835637,2,0.061098877
188268,0.498582018660674,3,0.5709597
283639,-1.25780221320227,3,-0.870323
374392,-0.333389459590195,3,-0.60406697
188998,0.5910232940218829,3,-0.027360465
375716,-0.0560656335065715,3,-0.49905902
189400,0.22125819257705,3,-0.1383558
189238,0.22125819257705,3,0.43889412
188227,0.313699467938259,3,-0.8860516
375169,0.22125819257705,3,0.21073559
190810,-2.3670975175367595,3,-0.04706469
283967,0.128816917215845,3,-0.04806087
375823,-1.07291966247986,3,-0.3966164
187587,1.33055349691154,3,0.34624496
284279,-0.610713285673817,3,-0.824886
374825,-0.14850690886777898,3,-0.5742523
188449,1.05322967082792,3,0.4589492
375444,0.0363756418546358,3,-0.51079047
188092,-0.14850690886777898,3,-0.23088285
190127,0.8683471201055029,3,1.2733427
375598,2.34740752588483,3,0.61015916
375417,-0.425830734951402,3,0.85882145
190708,0.683464569383089,3,0.77685136
190068,0.8683471201055029,3,0.7537341
187982,0.7759058447442969,3,0.50397116
188734,-1.16536093784106,3,-0.5149988
189031,-0.5182720103126099,3,0.3207714
375432,-0.610713285673817,3,-0.34629184
189301,0.683464569383089,3,1.4330903
190274,0.0363756418546358,3,0.15681633
374391,-0.703154561035026,3,-0.48841292
187674,0.0363756418546358,3,-0.4221077
373739,-2.55198006825918,3,-1.4751738
283677,0.22125819257705,3,0.8756907
308009,-0.0560656335065715,3,-0.36890414
188454,-0.425830734951402,3,-0.30757695
190198,0.7759058447442969,3,0.74776363
187824,-0.7955958363962329,3,-0.5835688
284224,-0.425830734951402,3,0.1629162
187817,-0.425830734951402,3,-0.25482246
374763,0.4061407432994649,3,1.0470623
375809,-0.14850690886777898,3,-0.1539821
375471,3.45670283021932,3,0.06809248
283656,-0.980478387118648,3,-0.8562631
188286,-0.610713285673817,3,0.033876453
283823,0.22125819257705,3,0.7918554
187801,-0.703154561035026,3,0.15182792
375527,-0.610713285673817,3,-0.539395
190076,0.0363756418546358,3,0.57818425
189919,-0.5182720103126099,3,-0.5510376
336481,-0.240948184228988,3,-0.07024935
373770,-0.610713285673817,3,-0.7311705
283668,-0.425830734951402,3,0.23538896
187805,-0.980478387118648,3,-0.042380437
189040,1.05322967082792,3,0.31445542
187653,0.7759058447442969,3,0.32801622
188146,-0.7955958363962329,3,-0.91229594
188989,-1.16536093784106,3,-0.03246725
187539,-1.99733241609193,3,0.61846215
375820,0.313699467938259,3,-0.12242285
374536,0.128816917215845,3,0.92181593
187583,-0.7955958363962329,3,0.25309664
189043,0.498582018660674,3,0.55268
374589,0.128816917215845,3,0.23191477
188222,-1.16536093784106,3,-0.9655045
283970,0.128816917215845,3,-0.0255246
284322,-0.333389459590195,3,-0.09002931
189686,1.42299477227275,3,0.22389886
190802,-0.7955958363962329,3,-1.0682253
188988,-1.07291966247986,3,0.057215054
284277,-0.8880371117574399,3,-0.50310004
190344,0.8683471201055029,3,0.5038282
189093,-0.5182720103126099,3,0.4736418
375681,0.498582018660674,3,-0.0024985278
188630,0.0363756418546358,3,-0.7219575
283751,-0.240948184228988,3,0.5856036
375335,1.70031859835637,3,0.14333476
284251,-0.333389459590195,3,0.032150354
376049,-1.81244986536952,3,-0.34257823
190769,1.23811222155034,3,1.2076329
373485,-1.4426847639246898,3,-0.5332882
187907,-0.240948184228988,3,-0.052297678
284132,-0.14850690886777898,3,0.10573551
284068,0.128816917215845,3,-0.4930409
187924,-0.8880371117574399,3,-0.013431769
375962,-0.425830734951402,3,0.13275194
188912,0.4061407432994649,3,0.78668845
188501,-0.8880371117574399,3,-0.827877
373672,0.5910232940218829,3,-0.059764933
188155,-0.240948184228988,3,-0.16458327
374109,-0.14850690886777898,3,0.308869
188040,0.7759058447442969,3,0.3046712
318179,0.8683471201055029,3,-0.2623119
283782,-0.333389459590195,3,0.40369895
376018,-0.240948184228988,3,-0.7723516
187491,0.128816917215845,3,-0.05623158
188463,-1.6275673146471,3,-1.3581086
190780,0.0363756418546358,3,0.9481266
188436,-1.25780221320227,3,-0.38392785
188911,-0.14850690886777898,3,-0.3196822
189859,0.22125819257705,3,0.19666426
188232,0.22125819257705,3,-0.3021591
189971,0.8683471201055029,3,0.38821784
188943,-0.333389459590195,3,0.5846027
188134,-0.610713285673817,3,-0.5644879
317951,0.0363756418546358,3,-0.24680404
188427,0.22125819257705,3,0.24554491
375589,0.0363756418546358,3,-0.96025705
189193,-0.5182720103126099,3,0.023226956
187769,-0.0560656335065715,3,-0.3677144
283179,1.8852011490787897,3,0.54622436
187691,-0.425830734951402,3,0.1326968
187703,-0.8880371117574399,3,-0.5098249
374638,0.4061407432994649,3,0.028671822
2437282,-0.333389459590195,3,0.18926142
283163,1.05322967082792,3,0.44767034
188849,2.80961390269086,3,0.76188606
375474,-0.333389459590195,3,0.15646318
2437267,2.43984880124604,3,0.1576566
188956,1.05322967082792,3,0.73092985
283736,0.128816917215845,3,0.30211726
375565,-0.425830734951402,3,-0.4239125
187783,-1.35024348856348,3,-0.31651464
375659,-0.7955958363962329,3,-0.5213423
190137,1.70031859835637,3,-0.39973822
189293,0.313699467938259,3,0.63736165
187704,0.498582018660674,3,0.68262535
187594,-1.99733241609193,3,-0.010041737
190784,0.0363756418546358,3,0.24296857
375767,-1.4426847639246898,3,-0.5248119
189927,0.128816917215845,3,-0.6376325
189689,0.5910232940218829,3,-0.56407785
284219,0.22125819257705,3,0.15053135
189299,0.4061407432994649,3,1.1579719
187662,-1.07291966247986,3,-0.11714
189138,0.8683471201055029,3,0.08424542
375621,-1.35024348856348,3,-0.73321867
188204,0.4061407432994649,3,0.06688187
374156,0.7759058447442969,3,0.61313105
190124,0.0363756418546358,3,1.5092586
374530,-0.7955958363962329,3,0.16650634
188987,-0.0560656335065715,3,0.24706008
189803,-0.5182720103126099,3,-0.6213529
375578,-1.25780221320227,3,-0.25124398
308266,-0.610713285673817,3,-0.33744118
375743,-1.07291966247986,3,-0.11892094
375015,-1.16536093784106,3,0.34917292
283107,0.8683471201055029,3,0.50811464
375838,0.313699467938259,3,-0.6492615
187654,-0.980478387118648,3,-0.4587664
190051,-0.333389459590195,3,-1.4297131
375708,0.128816917215845,3,-0.1369522
190792,0.7759058447442969,3,0.16286476
187776,0.683464569383089,3,0.27562183
188142,0.8683471201055029,3,0.37530485
283791,3.45670283021932,3,0.70675486
375645,-0.980478387118648,3,-0.32346222
188786,0.128816917215845,3,0.6171683
187510,1.14567094618913,3,-0.8533981
189757,1.05322967082792,3,-0.14283751
188932,-0.240948184228988,3,0.23011881
375921,-0.610713285673817,3,-0.762983
189009,0.498582018660674,3,0.20777912
189684,0.313699467938259,3,0.060344696
283182,1.14567094618913,3,0.2616952
188104,2.34740752588483,3,0.1884693
188466,-0.5182720103126099,3,-0.06689889
373725,-0.240948184228988,3,0.18282768
189964,-0.240948184228988,3,-0.77498627
189188,-1.4426847639246898,3,-0.15577048
375451,-0.14850690886777898,3,-0.198959
374814,1.33055349691154,3,1.0030687
188893,0.128816917215845,3,0.6109585
190817,-0.240948184228988,3,-0.16294758
374719,-0.980478387118648,3,-0.90815264
283125,1.33055349691154,3,0.09616164
188444,1.79275987371758,3,-0.35526764
374397,-0.7955958363962329,3,-0.4960612
189024,-0.7955958363962329,3,-0.11527033
375004,-0.703154561035026,3,-0.33612597
283775,-0.0560656335065715,3,-0.95571804
190088,1.14567094618913,3,0.5745633
375625,-0.0560656335065715,3,-0.33117583
283625,-0.333389459590195,3,0.25342235
190732,-1.16536093784106,3,-0.61890036
374398,0.22125819257705,3,0.31962058
188027,1.23811222155034,3,0.116250366
189751,1.33055349691154,3,-0.10918226
189647,1.23811222155034,3,0.7934757
188991,-0.425830734951402,3,0.2142761
336485,-0.240948184228988,3,0.0066043935
187739,-0.14850690886777898,3,0.20332201
2437256,0.22125819257705,3,-0.51083255
187676,1.23811222155034,3,0.23936781
188316,-1.4426847639246898,3,0.4274148
375679,-0.7955958363962329,3,-0.48280978
336476,-0.0560656335065715,3,-0.1136021
188972,0.7759058447442969,3,0.27870435
283753,-0.240948184228988,3,0.4192619
283313,-0.5182720103126099,3,-0.37453514
373782,0.7759058447442969,3,0.78948534
374545,1.79275987371758,4,-0.36011928
374386,0.128816917215845,4,0.28757203
283616,-0.7955958363962329,4,-0.9134202
190059,0.22125819257705,4,0.19025563
187968,-1.25780221320227,4,0.3832093
187589,1.97764242444,4,-0.28848228
375585,-1.7200085900083102,4,-0.7339097
188848,-0.8880371117574399,4,0.12921402
189068,1.42299477227275,4,-0.15111797
283128,-0.5182720103126099,4,0.36061057
188529,-1.4426847639246898,4,-0.102194704
190055,-0.703154561035026,4,0.08071684
189109,1.79275987371758,4,-0.064543374
373690,0.498582018660674,4,-0.056479223
187563,0.128816917215845,4,0.40566957
187880,1.51543604763396,4,0.22461171
374124,0.5910232940218829,4,0.48734465
189243,1.14567094618913,4,0.8224095
283752,0.7759058447442969,4,0.19968227
319282,-0.0560656335065715,4,-0.369636
373626,2.25496625052362,4,0.64829516
373482,-1.6275673146471,4,-0.64468753
189277,-1.7200085900083102,4,-0.6467461
187544,0.5910232940218829,4,0.4609712
283762,-0.980478387118648,4,-0.44200647
188715,-0.703154561035026,4,0.12168898
187919,-0.0560656335065715,4,-0.5755214
187765,-0.8880371117574399,4,-0.36619058
187636,0.0363756418546358,4,-1.1958208
374451,0.0363756418546358,4,0.19059417
190160,0.22125819257705,4,0.502254
283157,-0.8880371117574399,4,-0.7774575
375745,-1.53512603928589,4,-0.96642876
374640,0.4061407432994649,4,0.08076658
189892,-0.0560656335065715,4,-0.4906346
187717,0.5910232940218829,4,-0.01378515
374546,-0.8880371117574399,4,-0.37028873
189081,-0.0560656335065715,4,0.07557523
188558,-2.55198006825918,4,-0.91546744
187696,0.7759058447442969,4,0.61152214
189309,0.7759058447442969,4,0.34812927
283638,-0.0560656335065715,4,0.4025477
283715,-0.980478387118648,4,0.3446813
374003,-0.0560656335065715,4,0.6196631
190130,0.313699467938259,4,0.71786654
190114,0.683464569383089,4,0.9455752
187681,-0.8880371117574399,4,-0.49210426
188383,-1.25780221320227,4,-0.71961474
189862,-0.240948184228988,4,0.018728333
374745,1.05322967082792,4,0.7609115
375513,-0.240948184228988,4,-0.69715536
374416,0.313699467938259,4,0.42634743
188076,0.4061407432994649,4,-0.07280756
375504,-0.703154561035026,4,0.20205396
188999,0.960788395466712,4,0.837028
374718,0.0363756418546358,4,-0.7710358
188906,-0.425830734951402,4,-0.15041113
188401,-1.35024348856348,4,-0.83034116
188357,-1.53512603928589,4,-0.48637417
187656,-0.425830734951402,4,0.2747188
318173,0.22125819257705,4,-0.57011104
375794,-1.6275673146471,4,-0.050553534
374917,0.498582018660674,4,0.06947825
188552,-1.90489114073072,4,-0.22039062
374361,0.8683471201055029,4,0.15315656
375788,0.683464569383089,4,-0.027052883
188311,2.9020551780520694,4,0.03516107
190111,0.313699467938259,4,0.83070374
189302,1.05322967082792,4,0.5421617
187497,0.313699467938259,4,-0.038221337
373578,1.79275987371758,4,0.07932607
187562,0.4061407432994649,4,0.6061215
284248,-0.425830734951402,4,0.15222923
375006,0.0363756418546358,4,0.083033554
375687,-0.240948184228988,4,-0.4462652
374632,-0.0560656335065715,4,1.149793
189085,0.313699467938259,4,0.09283506
375939,0.0363756418546358,4,-0.48458937
187949,0.313699467938259,4,0.519318
187551,-1.81244986536952,4,-0.23132464
189805,1.14567094618913,4,0.48261613
283727,0.5910232940218829,4,0.38999212
319283,0.128816917215845,4,-0.23458926
374978,1.60787732299516,4,0.60814524
187556,-0.5182720103126099,4,-0.32478413
189792,-1.4426847639246898,4,-0.2720736
189700,-0.333389459590195,4,0.8984176
188541,-1.16536093784106,4,-0.19792713
187658,-0.703154561035026,4,-0.07420599
190796,0.128816917215845,4,-0.6914122
375766,-1.25780221320227,4,-0.399493
374631,1.79275987371758,4,-0.095086165
284303,-0.240948184228988,4,-0.26433286
374202,-0.5182720103126099,4,0.2050101
375710,-1.7200085900083102,4,-0.86949944
375640,-1.16536093784106,4,-1.0143727
187772,-1.7200085900083102,4,0.3894523
189970,0.498582018660674,4,0.4947524
190196,1.8852011490787897,4,0.5954148
375973,0.498582018660674,4,-0.049299855
189319,0.0363756418546358,4,0.4280551
283830,1.79275987371758,4,1.180127
190129,2.43984880124604,4,1.0633234
283553,-0.7955958363962329,4,0.17480232
373629,0.960788395466712,4,-0.13352744
187921,-0.425830734951402,4,-0.056668714
188056,-0.425830734951402,4,-0.48517576
187918,-0.333389459590195,4,-0.91486084
190787,0.8683471201055029,4,1.2956282
188876,0.4061407432994649,4,-0.3135999
188239,-1.53512603928589,4,0.08980751
187876,0.8683471201055029,4,0.35988867
319279,0.22125819257705,4,-0.42811102
190158,0.7759058447442969,4,0.5974878
189042,-0.425830734951402,4,0.58038175
187895,-1.53512603928589,4,-0.20267521
187832,0.7759058447442969,4,0.59174544
187573,-0.14850690886777898,4,0.4262015
190149,1.60787732299516,4,0.9920903
376010,-0.703154561035026,4,0.907719
375807,0.22125819257705,4,-0.4075993
374652,-0.5182720103126099,4,0.35279328
284090,-0.333389459590195,4,-0.6040696
188846,-1.07291966247986,4,-0.32571593
189979,-1.07291966247986,4,0.5303209
375511,0.4061407432994649,4,-0.82389516
319957,-0.425830734951402,4,-0.3119315
319954,-0.333389459590195,4,0.24518442
374739,-0.425830734951402,4,0.30767465
188861,0.313699467938259,4,-0.11288112
188493,0.498582018660674,4,0.110771
189749,0.4061407432994649,4,0.0433898
187576,-1.6275673146471,4,-0.7096123
187853,1.60787732299516,4,0.5546797
375373,0.4061407432994649,4,0.61599886
283812,2.0700836998012,4,0.1715398
284164,-0.8880371117574399,4,-0.14390236
187628,-0.980478387118648,4,-1.009416
190818,0.4061407432994649,4,-0.42745632
376048,-0.425830734951402,4,0.47841308
284239,-0.5182720103126099,4,0.091655195
188058,-0.14850690886777898,4,0.15857355
187511,1.05322967082792,4,-0.6908287
189210,-0.610713285673817,4,-0.48958522
374696,0.313699467938259,4,0.4381631
189384,1.60787732299516,4,0.40803513
375994,0.960788395466712,4,-0.62233675
187590,-0.0560656335065715,4,-0.31944773
189115,-1.7200085900083102,4,0.096749395
188733,0.7759058447442969,4,-0.38003764
373777,-1.16536093784106,4,-0.5932794
284372,0.683464569383089,4,0.5809941
190364,0.683464569383089,4,0.47800097
318178,0.4061407432994649,4,-0.27414688
189134,-0.14850690886777898,4,-0.21476738
375395,1.51543604763396,4,0.47137493
308253,0.498582018660674,4,0.073391244
283667,-0.980478387118648,4,0.02518346
187474,-1.81244986536952,4,-1.6354425
190199,-1.35024348856348,4,-0.36868164
374894,0.128816917215845,4,-0.31794366
187731,0.4061407432994649,4,-0.005836842
336686,2.0700836998012,4,-0.74294287
188340,-0.7955958363962329,4,-0.24086748
188121,-0.0560656335065715,4,0.14160517
189804,1.23811222155034,4,0.3445774
308011,0.22125819257705,4,0.3667451
375954,-1.53512603928589,4,-0.9568768
284231,-0.610713285673817,4,-0.5127921
375974,1.23811222155034,4,0.05465302
2436958,1.51543604763396,4,-0.01357079
283224,-0.8880371117574399,4,0.33709294
189809,-0.7955958363962329,4,-0.30945233
190016,-0.610713285673817,4,-0.4257138
375800,-0.333389459590195,4,-0.6035512
187935,0.960788395466712,4,0.18995076
374934,0.0363756418546358,4,0.024214378
374610,0.22125819257705,4,-0.12437231
190734,-0.5182720103126099,4,-0.35845414
283802,1.33055349691154,4,0.4285487
190403,-0.7955958363962329,4,-0.43347418
190054,-0.14850690886777898,4,0.17392622
188103,1.23811222155034,4,0.01496756
375567,-0.8880371117574399,4,-0.47552797
189079,0.5910232940218829,4,0.012682231
375772,-0.7955958363962329,4,-0.37964106
374590,0.128816917215845,4,0.5977976
190806,0.498582018660674,4,0.6412822
283843,1.42299477227275,4,1.0627347
375502,1.8852011490787897,4,0.7570895
189030,-0.425830734951402,4,-0.16638404
375540,-0.610713285673817,4,-0.40921226
374377,-0.5182720103126099,4,-0.3668747
373769,1.05322967082792,4,0.46806663
187742,2.16252497516241,4,0.23163097
375690,0.498582018660674,4,-0.67573905
188492,-0.703154561035026,4,-0.7588793
375706,-0.333389459590195,4,0.16018903
187648,-0.8880371117574399,4,-0.7805669
189881,0.7759058447442969,4,0.16552225
188410,-1.4426847639246898,5,-0.39017197
188510,0.498582018660674,5,-0.27257165
374969,0.22125819257705,5,-0.15257134
374603,0.498582018660674,5,-0.16136508
188820,0.0363756418546358,5,0.011497738
375923,0.498582018660674,5,0.30534777
187475,0.4061407432994649,5,-0.39408132
376034,-0.333389459590195,5,-0.047362063
284080,-0.7955958363962329,5,-0.17516015
338067,0.22125819257705,5,0.08552954
189753,-1.07291966247986,5,-0.40367568
375714,-2.18221496681435,5,-0.8198648
188302,0.128816917215845,5,-0.023997916
190022,-0.980478387118648,5,-0.85979086
187685,0.313699467938259,5,-0.049166594
189229,-0.14850690886777898,5,0.10301693
190800,0.4061407432994649,5,-0.3134867
319955,-0.0560656335065715,5,-0.24865401
374445,1.42299477227275,5,0.112158045
374995,-0.0560656335065715,5,-0.21073717
308211,2.25496625052362,5,0.76491827
188894,0.7759058447442969,5,0.56661016
2437409,-2.3670975175367595,5,-0.23051569
187999,0.5910232940218829,5,0.5781028
187903,-1.6275673146471,5,-0.7246776
189937,-0.703154561035026,5,-0.40661377
375376,-0.610713285673817,5,0.43047443
188093,0.7759058447442969,5,0.29570752
189801,-1.25780221320227,5,-0.5824023
375546,-1.81244986536952,5,-0.9705667
189107,-0.14850690886777898,5,0.015022166
283776,-0.14850690886777898,5,0.26111197
283892,1.23811222155034,5,0.5912241
375759,-0.980478387118648,5,-0.40903494
189732,1.8852011490787897,5,0.47457752
187846,0.683464569383089,5,-0.13495788
189017,0.5910232940218829,5,0.0667009
188163,-0.980478387118648,5,-0.28573063
187955,0.313699467938259,5,0.5624804
373571,-0.0560656335065715,5,0.5472064
189222,1.05322967082792,5,0.27610898
187889,-0.333389459590195,5,-0.5561943
283838,-0.240948184228988,5,-0.12604241
187561,-0.333389459590195,5,0.247757
189076,0.22125819257705,5,0.023168352
188255,-0.0560656335065715,5,0.24057667
373780,-1.53512603928589,5,-1.0846564
375623,-1.35024348856348,5,-0.092260875
375457,-1.25780221320227,5,0.37038806
374086,0.498582018660674,5,-0.0032893657
374516,1.14567094618913,5,0.4394456
283722,0.0363756418546358,5,-0.24988522
189230,-0.14850690886777898,5,0.26073766
187901,0.313699467938259,5,-0.32374662
189889,1.33055349691154,5,0.15823859
188742,-0.14850690886777898,5,-0.29085997
187854,1.42299477227275,5,-0.05843444
188019,-0.425830734951402,5,0.46307284
190191,-0.5182720103126099,5,0.6077448
375571,-0.0560656335065715,5,-0.3026878
375372,-0.0560656335065715,5,0.51572204
375931,0.683464569383089,5,0.54400766
188546,0.8683471201055029,5,1.0147358
187920,0.8683471201055029,5,0.885473
190036,0.313699467938259,5,-0.12848948
189004,0.313699467938259,5,-0.106886216
187848,-0.7955958363962329,5,0.12064611
187472,0.22125819257705,5,0.67350733
190140,-0.333389459590195,5,-0.11068757
188190,-0.333389459590195,5,-0.21320873
188370,-1.90489114073072,5,-0.40519094
190138,1.70031859835637,5,1.5398504
374568,-0.425830734951402,5,-0.21784271
188992,0.313699467938259,5,-0.061976694
2437378,0.0363756418546358,5,0.30002287
375455,1.51543604763396,5,0.18936145
190703,0.8683471201055029,5,0.75454855
374592,-0.703154561035026,5,-0.2764691
190774,0.128816917215845,5,0.42389107
374017,0.498582018660674,5,-0.6633675
188443,-0.425830734951402,5,-0.6614133
373635,1.14567094618913,5,0.8100782
187507,-2.45953879289797,5,-1.9471102
187875,-0.425830734951402,5,0.51395524
2437248,0.0363756418546358,5,0.03688296
187675,-0.7955958363962329,5,-0.23339833
375509,1.05322967082792,5,-1.0477343
373682,-0.0560656335065715,5,0.030144857
373642,1.97764242444,5,0.38419992
374378,-0.240948184228988,5,0.62323695
188413,-1.53512603928589,5,-0.794285
374154,0.0363756418546358,5,-0.87968004
375556,0.22125819257705,5,-0.71189123
189048,-0.14850690886777898,5,0.30991244
285674,-1.6275673146471,5,-0.075495206
375394,-0.5182720103126099,5,-0.41202128
188434,-0.7955958363962329,5,-0.7480505
189433,1.79275987371758,5,0.540071
374110,-1.16536093784106,5,-0.100748695
374473,0.313699467938259,5,-0.6780213
188328,1.70031859835637,5,0.67148453
189291,1.60787732299516,5,0.9541946
190252,-0.703154561035026,5,-0.29443914
189947,0.22125819257705,5,-0.18218601
283846,-1.25780221320227,5,-0.7122715
189626,1.60787732299516,5,0.63708013
188365,-2.55198006825918,5,-0.6659461
374147,-0.14850690886777898,5,0.5824385
188259,-1.6275673146471,5,-1.6156751
373655,0.22125819257705,5,0.31649095
190007,0.128816917215845,5,-0.58735895
188469,2.5322900766072403,5,-0.19803448
188633,2.34740752588483,5,0.83739245
188774,-0.610713285673817,5,-0.2707243
189292,1.79275987371758,5,0.5922071
187456,0.128816917215845,5,0.54833627
375018,1.51543604763396,5,0.07327246
187665,-0.980478387118648,5,-0.44484282
375288,0.5910232940218829,5,0.1444878
374474,0.4061407432994649,5,0.01195142
374429,-0.7955958363962329,5,0.029940158
188346,0.22125819257705,5,0.06151173
188319,-0.5182720103126099,5,-0.66681826
375905,0.128816917215845,5,-0.034922097
187766,0.22125819257705,5,-0.3907626
189034,1.05322967082792,5,-0.011930604
375437,1.8852011490787897,5,-0.09518764
187756,-0.333389459590195,5,-0.36668774
189016,0.22125819257705,5,0.038298015
283201,-1.25780221320227,5,-0.07749109
284373,-0.703154561035026,5,-0.97262806
188001,0.22125819257705,5,0.670942
374475,0.0363756418546358,5,0.3516204
188373,-1.4426847639246898,5,-0.19710733
189928,-0.610713285673817,5,-0.41758227
187692,1.14567094618913,5,1.074597
188603,1.05322967082792,5,0.6721697
190064,-0.240948184228988,5,0.3566112
375551,-0.7955958363962329,5,-0.82839495
374567,0.7759058447442969,5,-0.10268834
373764,-1.16536093784106,5,-0.5723929
189392,-0.333389459590195,5,0.47639272
189840,-0.240948184228988,5,0.46295097
375368,-2.73686261898159,5,0.54281086
375499,-0.8880371117574399,5,-0.48538384
376027,-0.0560656335065715,5,0.32626283
189755,0.498582018660674,5,0.37842637
189343,-0.333389459590195,5,0.26197252
190757,0.22125819257705,5,0.51043916
188117,0.5910232940218829,5,0.5003676
188362,-1.7200085900083102,5,-0.52504176
187840,-0.14850690886777898,5,0.7513734
284215,0.7759058447442969,5,-0.33183092
283719,2.43984880124604,5,0.68623054
187566,-1.6275673146471,5,-0.21158303
373773,-1.6275673146471,5,-1.7277081
375949,-0.980478387118648,5,-0.7281072
375572,-3.66127537259367,5,-0.80411077
187979,0.0363756418546358,5,0.16895841
283279,-1.81244986536952,5,0.084869996
188064,0.128816917215845,5,0.20348556
375871,1.14567094618913,5,0.33307034
190815,-0.0560656335065715,5,0.16140762
374363,1.70031859835637,5,0.16572627
188452,-0.240948184228988,5,-0.014728562
375696,-0.0560656335065715,5,-0.6289149
375404,-0.703154561035026,5,-0.3118171
283235,-0.240948184228988,5,-0.81972975
188702,-0.425830734951402,5,-0.23324963
283119,0.4061407432994649,5,0.3970436
187886,-2.27465624217555,5,-0.18789923
3624697,-1.16536093784106,5,0.066304244
284015,-0.7955958363962329,5,-0.17256126
188934,0.683464569383089,5,-0.40012413
375711,0.498582018660674,5,-0.613026
189808,0.498582018660674,5,0.4636439
189628,-0.610713285673817,5,0.70095813
188412,-0.240948184228988,5,-0.29784727
283962,1.14567094618913,5,0.25803643
375560,-0.703154561035026,5,-0.36536247
188554,1.97764242444,5,-0.09620149
374691,0.8683471201055029,5,0.23506427
187725,0.683464569383089,5,0.13131343
375597,-0.8880371117574399,5,-0.8086071
189254,1.42299477227275,5,0.82373655
187677,0.313699467938259,5,-0.11989785
190669,0.8683471201055029,5,0.13317911
190103,-0.703154561035026,5,-0.07016491
188237,-1.07291966247986,5,-0.5678824
190709,-0.240948184228988,5,-0.29061216
375883,0.22125819257705,5,-0.15870708
374013,-1.16536093784106,5,0.108915515
188248,-0.333389459590195,5,-0.6674928
190711,-0.8880371117574399,5,-0.40981865
187755,-0.333389459590195,5,0.26382878
189668,0.4061407432994649,5,0.88418895
187536,-0.703154561035026,5,-0.30133727
190018,0.7759058447442969,5,0.09400803
283448,-0.240948184228988,5,-0.4631193
189974,1.05322967082792,5,-0.01187144
373615,-0.240948184228988,6,-0.60145307
190070,1.70031859835637,6,0.61893564
375917,-1.7200085900083102,6,-1.5300484
187645,-1.25780221320227,6,-0.430981
188898,1.42299477227275,6,0.48530167
187857,0.4061407432994649,6,0.76236385
284190,-0.14850690886777898,6,-0.24696513
187754,0.5910232940218829,6,0.0027344835
373925,-0.0560656335065715,6,-0.11113406
189232,1.70031859835637,6,0.6915143
375552,-0.0560656335065715,6,-1.0812632
188215,0.7759058447442969,6,0.093921706
374669,0.4061407432994649,6,-0.09093741
375581,-1.25780221320227,6,-0.6332011
190803,0.498582018660674,6,-0.10294719
373716,-0.980478387118648,6,0.4007724
2436902,0.5910232940218829,6,0.9654619
283431,-1.35024348856348,6,-0.31086308
187787,-0.8880371117574399,6,0.57728636
374537,-0.0560656335065715,6,-0.21156348
284066,-1.4426847639246898,6,-0.524961
187609,1.70031859835637,6,0.26407713
188153,0.0363756418546358,6,0.05427302
189629,1.42299477227275,6,0.51850754
188254,-1.07291966247986,6,-0.3742408
319781,0.22125819257705,6,0.062409773
283784,1.33055349691154,6,0.1574277
374553,1.05322967082792,6,-0.09898087
187711,-1.25780221320227,6,-0.46328261
190278,-0.0560656335065715,6,0.1760358
189032,-1.16536093784106,6,-0.38889062
188102,0.683464569383089,6,0.3148182
189734,2.25496625052362,6,-0.13303924
374918,-0.0560656335065715,6,0.108399495
187960,0.7759058447442969,6,0.7221979
188008,0.7759058447442969,6,0.09530757
188540,-1.07291966247986,6,-0.81380653
318177,0.0363756418546358,6,-0.03602192
187793,0.4061407432994649,6,-0.23722965
189797,-0.333389459590195,6,-0.7554395
190115,0.683464569383089,6,0.3212743
190816,-0.980478387118648,6,-0.14095728
187983,0.128816917215845,6,0.41361055
188145,-1.25780221320227,6,-0.9646109
187820,0.0363756418546358,6,0.042449325
187887,-0.610713285673817,6,-0.15494354
375548,-1.16536093784106,6,-0.24174929
375557,-1.16536093784106,6,-0.1240108
284312,-0.703154561035026,6,-0.6996981
374665,-0.333389459590195,6,-0.1313662
188764,0.8683471201055029,6,-0.5996655
375765,0.313699467938259,6,-0.3664609
375582,-1.25780221320227,6,-0.66410244
375941,-1.16536093784106,6,-1.0006126
187977,0.22125819257705,6,-0.5023175
189000,0.22125819257705,6,0.27792144
283839,1.14567094618913,6,0.46614245
187473,0.5910232940218829,6,-0.048191227
190790,-0.610713285673817,6,0.31648967
283597,-0.8880371117574399,6,-1.0582482
188818,0.683464569383089,6,0.3283355
189883,1.60787732299516,6,0.2531629
374741,1.14567094618913,6,0.31372547
319779,0.5910232940218829,6,-0.18790568
189421,0.4061407432994649,6,0.50306505
187858,-0.425830734951402,6,0.04809264
374599,0.683464569383089,6,-0.23193333
188267,1.51543604763396,6,1.0979286
187946,1.14567094618913,6,0.1447301
188235,-0.14850690886777898,6,-0.5171451
375607,-1.07291966247986,6,-0.90737206
187582,0.498582018660674,6,0.6124622
376022,-0.980478387118648,6,-0.5456847
188549,-1.53512603928589,6,-0.03964942
190101,0.960788395466712,6,0.9564378
284309,-1.4426847639246898,6,-0.58964103
375596,-1.35024348856348,6,0.3894207
374476,-0.980478387118648,6,-0.7045637
190072,1.33055349691154,6,0.78543836
283312,-0.7955958363962329,6,-0.009582194
188970,-0.703154561035026,6,0.33165866
375972,-0.703154561035026,6,-0.7480318
187607,1.70031859835637,6,0.17073686
187866,-0.703154561035026,6,-0.6012624
187823,-0.333389459590195,6,-0.70278656
374617,-0.240948184228988,6,-0.24854438
283416,0.0363756418546358,6,-0.43111914
375553,-0.980478387118648,6,-0.050575927
188398,0.0363756418546358,6,0.5980338
189157,0.8683471201055029,6,0.30227435
189887,-0.703154561035026,6,-0.1380695
283199,1.79275987371758,6,0.35287917
374547,2.34740752588483,6,-0.079228096
188785,0.7759058447442969,6,-0.09471768
373509,0.313699467938259,6,-0.26652884
190702,1.51543604763396,6,0.6663585
187541,1.60787732299516,6,1.1099114
190190,0.22125819257705,6,-0.15581705
374513,-0.0560656335065715,6,-0.42027938
376012,-0.610713285673817,6,-0.80925363
187716,-0.333389459590195,6,-0.16132279
189250,2.71717262732966,6,0.5983096
375997,0.128816917215845,6,-0.15099469
375577,-1.53512603928589,6,-0.37125185
375539,-1.25780221320227,6,-1.1193048
375780,-0.425830734951402,6,-0.45185155
375024,0.22125819257705,6,0.5088832
375094,-0.703154561035026,6,0.019176546
188698,-1.07291966247986,6,-0.78849256
373948,0.22125819257705,6,0.5393031
187993,1.70031859835637,6,0.3915792
375569,-0.0560656335065715,6,-0.314357
190157,0.22125819257705,6,0.8762091
189697,-0.240948184228988,6,0.2570716
283615,1.70031859835637,6,0.21124305
374532,1.05322967082792,6,0.55200934
375799,-1.16536093784106,6,0.044298403
283755,-0.333389459590195,6,0.27878928
375728,-0.14850690886777898,6,-0.62435
375383,1.60787732299516,6,0.51215404
187584,-0.14850690886777898,6,-0.001483216
188018,1.70031859835637,6,0.3106125
189137,2.16252497516241,6,0.18752678
283230,0.0363756418546358,6,0.1293009
188822,-0.980478387118648,6,-0.6665222
188324,-0.425830734951402,6,0.36009964
375538,-0.7955958363962329,6,-0.073976874
188202,-0.425830734951402,6,-0.2675505
283221,-0.425830734951402,6,-0.23373121
284182,0.0363756418546358,6,-0.25138354
374365,1.51543604763396,6,0.876811
336483,0.7759058447442969,6,-0.16601947
189346,1.60787732299516,6,0.36977473
336688,1.60787732299516,6,-0.51408714
187822,-1.35024348856348,6,-0.75915736
374992,-0.703154561035026,6,-0.28913736
188765,-0.980478387118648,6,-0.6403487
374191,2.25496625052362,6,1.1119058
375665,-0.7955958363962329,6,-0.7842074
375370,-0.333389459590195,6,0.34125826
187764,0.960788395466712,6,0.31529507
283214,0.4061407432994649,6,0.18275969
375847,0.313699467938259,6,-0.70338565
188930,-0.7955958363962329,6,0.20600224
374504,-0.703154561035026,6,-0.4123575
375545,-0.7955958363962329,6,-0.37264752
188201,1.05322967082792,6,0.15505798
188996,0.498582018660674,6,0.30573595
189977,0.313699467938259,6,-0.91318804
187972,1.42299477227275,6,0.75359267
375998,-1.53512603928589,6,-0.39538008
374807,-0.0560656335065715,6,0.03205309
283671,-1.25780221320227,6,-0.8030169
187814,-0.8880371117574399,6,-0.17633177
374961,-0.425830734951402,6,0.38349473
189224,-0.14850690886777898,6,-0.5271386
336477,-0.333389459590195,6,-0.011940987
374500,-0.333389459590195,6,-0.4031412
189239,0.498582018660674,6,0.40887895
189856,0.0363756418546358,6,-0.44230804
189099,-0.14850690886777898,6,-0.037060864
187992,0.0363756418546358,6,-0.90702945
187791,0.313699467938259,6,-0.0057425844
189623,-0.703154561035026,6,0.92152005
283819,0.8683471201055029,6,0.2376188
374622,-1.99733241609193,6,-0.6384177
187888,-0.980478387118648,6,-0.5815351
188994,-0.240948184228988,6,-0.019150836
188993,-0.333389459590195,6,0.30434743
283950,-0.0560656335065715,6,0.09660228
375922,0.498582018660674,6,-0.030842863
374064,1.42299477227275,6,0.37658444
188114,-0.8880371117574399,6,0.25032148
188421,-0.5182720103126099,6,-0.0993702
283808,0.4061407432994649,6,-0.48242074
189784,0.0363756418546358,6,0.13318762
2437340,-0.5182720103126099,6,-0.36878055
375498,-1.16536093784106,6,-0.3708206
283790,2.25496625052362,6,0.6351919
375037,-0.610713285673817,6,0.42689744
188468,-0.5182720103126099,6,0.69050986
188792,-1.35024348856348,6,-0.37392262
190170,-0.425830734951402,6,-0.00018059197
374158,-0.8880371117574399,6,-0.06478325
284176,0.313699467938259,6,-0.23735434
283766,1.14567094618913,6,0.1216401
187713,-0.333389459590195,6,-0.21401714
375663,-0.14850690886777898,6,-0.5007982
374527,0.0363756418546358,6,-0.06435574
187990,-0.5182720103126099,6,-0.16372263
283876,-1.07291966247986,6,-0.42023134
374988,-0.7955958363962329,6,-0.20067726
189909,-0.5182720103126099,6,-0.46885732
375781,-0.14850690886777898,6,-0.56570005
375456,0.5910232940218829,6,0.36252353
187605,-1.16536093784106,6,-0.48901027
283183,0.960788395466712,6,0.293837
373904,-0.610713285673817,6,0.6791189
284067,-0.8880371117574399,6,-0.39718097
188923,-0.333389459590195,6,-0.36296925
189822,0.5910232940218829,7,0.22432572
188172,-0.0560656335065715,7,-0.3104166
189059,1.23811222155034,7,0.12556177
373745,-0.425830734951402,7,-0.3058975
373734,-0.333389459590195,7,-0.58446383
375825,1.14567094618913,7,-0.3266165
189237,1.23811222155034,7,0.35493696
189047,0.0363756418546358,7,0.5640546
187560,-0.5182720103126099,7,-0.33432615
2437258,1.23811222155034,7,-0.54268605
188053,-0.610713285673817,7,0.25751746
283603,-0.425830734951402,7,-0.14202927
283676,-1.6275673146471,7,-0.8665419
188006,0.313699467938259,7,-0.03190947
188067,-0.0560656335065715,7,0.2515301
190056,0.7759058447442969,7,0.2650536
187976,-1.6275673146471,7,-0.04281854
374712,0.498582018660674,7,0.23736365
189290,1.23811222155034,7,0.7283072
188035,0.313699467938259,7,0.068217784
283759,-1.25780221320227,7,-0.19596004
189340,-0.425830734951402,7,0.6643333
375747,-1.16536093784106,7,-0.9660135
188536,-0.0560656335065715,7,-0.66167855
190144,-0.333389459590195,7,0.5815249
317891,0.22125819257705,7,-0.057788953
189274,-1.6275673146471,7,-0.28116655
374759,-0.8880371117574399,7,-0.93142074
190126,1.05322967082792,7,0.8285872
374204,1.14567094618913,7,0.22975169
188897,-0.703154561035026,7,0.5547966
374608,-1.16536093784106,7,-0.025954084
188927,-0.0560656335065715,7,0.52343935
188075,-1.99733241609193,7,-0.7321432
375692,0.22125819257705,7,-0.009912075
375705,0.7759058447442969,7,-0.4518443
284370,-0.240948184228988,7,0.33011365
284335,-0.425830734951402,7,-0.8199197
187631,-0.240948184228988,7,0.04468434
190159,1.42299477227275,7,0.9834267
375579,-0.8880371117574399,7,-0.090905845
283110,0.313699467938259,7,-0.0032416855
283815,1.42299477227275,7,0.46344784
336482,0.128816917215845,7,-0.014007828
190184,0.683464569383089,7,-0.38335198
190057,0.498582018660674,7,-0.42265475
190799,-0.610713285673817,7,-0.55828583
375421,-1.90489114073072,7,-0.39573064
375664,-0.8880371117574399,7,-0.45823497
375839,-1.07291966247986,7,-0.27571517
188577,0.7759058447442969,7,0.61240673
373795,-1.53512603928589,7,-0.7257451
188312,-1.53512603928589,7,-0.3598893
188374,1.05322967082792,7,0.46445024
187649,-0.240948184228988,7,0.1974684
188384,2.5322900766072403,7,0.53901803
189248,-0.5182720103126099,7,0.22361656
188287,-0.7955958363962329,7,0.2457244
188335,-2.08977369145314,7,-1.090663
188901,0.313699467938259,7,-0.11737866
187709,-0.333389459590195,7,0.07914593
189015,-0.240948184228988,7,0.29415965
284110,-0.703154561035026,7,-0.5053048
188314,-1.99733241609193,7,-0.5484438
190097,-0.240948184228988,7,-0.3754938
283817,0.22125819257705,7,-0.16084057
373872,1.51543604763396,7,0.8961208
374483,1.79275987371758,7,0.42614782
189669,1.8852011490787897,7,0.910482
187810,1.42299477227275,7,0.005967925
373649,1.8852011490787897,7,0.009479
190045,-1.35024348856348,7,-0.33501002
375719,-1.25780221320227,7,0.15398368
374368,-0.14850690886777898,7,0.39309096
375505,2.5322900766072403,7,0.42452794
189864,-0.5182720103126099,7,-0.4751273
375392,0.0363756418546358,7,0.48266795
187548,-1.99733241609193,7,-0.5983582
189246,-0.14850690886777898,7,0.47492743
189390,1.42299477227275,7,0.47037876
375744,-1.81244986536952,7,-0.7101863
283109,1.60787732299516,7,0.95231986
284336,0.0363756418546358,7,-0.18846937
188423,-0.5182720103126099,7,-0.5380085
318552,1.70031859835637,7,0.020866646
373623,0.683464569383089,7,0.2758621
374681,-0.703154561035026,7,-0.28652707
284262,-0.0560656335065715,7,-0.14291412
375626,-1.07291966247986,7,-0.3200852
318549,-0.14850690886777898,7,-0.07134998
283844,1.05322967082792,7,1.1548308
188974,-0.333389459590195,7,0.18471633
283105,-0.703154561035026,7,0.6420228
190175,-0.425830734951402,7,0.56895393
188209,2.71717262732966,7,0.83100235
283177,1.79275987371758,7,0.32190105
375410,1.14567094618913,7,0.31586558
187629,-0.980478387118648,7,-0.210286
189819,1.05322967082792,7,0.27874577
188545,0.5910232940218829,7,0.19950104
283120,0.8683471201055029,7,0.5034506
283127,-0.14850690886777898,7,0.23413691
374591,1.23811222155034,7,-0.082906775
375932,0.0363756418546358,7,-0.8433237
187543,-1.53512603928589,7,-0.7674658
188532,-1.16536093784106,7,-0.8681518
375784,-0.0560656335065715,7,-0.05155988
283325,-0.333389459590195,7,0.8841799
187611,0.498582018660674,7,0.6498928
283731,0.498582018660674,7,0.34284016
283773,-1.25780221320227,7,-0.46438655
189980,0.0363756418546358,7,-0.06523765
187749,2.5322900766072403,7,0.28027514
188475,0.683464569383089,7,-0.15262079
187523,-0.610713285673817,7,0.31899828
374974,0.313699467938259,7,0.24370754
188667,0.7759058447442969,7,0.029638866
319784,1.79275987371758,7,0.29998225
283732,-0.0560656335065715,7,0.52052444
375704,-0.610713285673817,7,-0.6281506
187733,-0.333389459590195,7,-0.055886775
373651,-0.14850690886777898,7,-1.0798373
188429,0.0363756418546358,7,-0.28651807
187874,0.8683471201055029,7,0.10073548
189786,-1.16536093784106,7,-0.13626513
374253,0.683464569383089,7,0.13328004
284328,-1.35024348856348,7,-0.5080088
187461,0.0363756418546358,7,0.3798524
376000,-1.4426847639246898,7,-0.927093
188331,-2.18221496681435,7,-1.6043754
375976,-1.6275673146471,7,-0.41279444
188137,1.05322967082792,7,-0.067947194
187484,-2.8293038943428,7,0.08745472
189698,-0.980478387118648,7,-0.51117116
284236,-0.333389459590195,7,-0.3026896
189267,-1.07291966247986,7,-0.60498655
190203,-1.16536093784106,7,-0.24433745
189630,2.34740752588483,7,0.6267492
188349,-0.425830734951402,7,0.16613726
190121,0.8683471201055029,7,0.9439412
374945,0.8683471201055029,7,0.9648121
188034,-0.14850690886777898,7,-0.023417406
188110,0.0363756418546358,7,0.56533295
188640,-0.703154561035026,7,-0.61374205
373756,0.22125819257705,7,0.65981233
284209,0.22125819257705,7,0.08023941
187515,1.42299477227275,7,1.0697826
188330,0.8683471201055029,7,0.48942375
190280,-0.240948184228988,7,0.11646115
189139,0.313699467938259,7,0.09959509
188672,-0.425830734951402,7,-0.87380856
2437286,3.45670283021932,7,0.5205512
374913,-1.90489114073072,7,-0.7028378
283054,-0.5182720103126099,7,-0.48674276
375628,0.5910232940218829,7,-0.4128664
283792,1.51543604763396,7,-0.9716799
190141,1.42299477227275,7,1.4086368
284222,-1.4426847639246898,7,-0.19431916
188445,-1.16536093784106,7,-0.84801215
374699,-0.610713285673817,7,0.070774995
374004,1.05322967082792,7,0.3880782
375795,-1.07291966247986,7,-0.8101157
374103,0.683464569383089,7,0.4845529
189035,0.4061407432994649,7,0.03378023
190005,-0.240948184228988,7,0.07839797
374749,0.4061407432994649,7,0.66285425
187914,1.14567094618913,7,0.3847154
189625,1.97764242444,7,0.6814416
190132,1.60787732299516,7,1.2304415
2437377,-1.16536093784106,7,-0.5827807
375550,0.22125819257705,7,0.18444127
189696,-0.8880371117574399,7,-0.46052366
188425,1.33055349691154,7,0.7501372
375678,0.22125819257705,7,-0.113311246
374616,0.960788395466712,7,0.3275189
189046,0.313699467938259,7,0.97929657
188051,-0.5182720103126099,7,-0.38457614
376004,-1.07291966247986,7,-0.31442872
189084,-0.425830734951402,7,0.21848407
374747,0.960788395466712,7,0.8326334
375846,0.128816917215845,7,0.20806774
375857,-0.240948184228988,7,0.14931397
187530,-0.8880371117574399,7,0.12408343
375775,-0.0560656335065715,7,-0.27266198
190085,-0.425830734951402,7,-0.13630278
283144,0.5910232940218829,7,0.4995182
189833,0.7759058447442969,7,0.021386694
189844,-1.35024348856348,7,-0.15300775
283641,0.22125819257705,7,-0.05635976
374183,0.4061407432994649,7,0.044787224
187549,0.4061407432994649,7,-0.54256475
375682,-1.6275673146471,7,-0.7028675
188419,0.128816917215845,7,0.1891976
190819,0.128816917215845,7,0.4116461
376002,-0.610713285673817,7,-0.32908788
189894,-0.5182720103126099,7,0.05344305
375802,0.128816917215845,7,-0.025569038
284203,-0.610713285673817,7,-0.5372126
376015,-0.5182720103126099,7,0.24692191
187528,0.5910232940218829,7,0.2494169
283209,-1.25780221320227,8,-0.14396566
189944,-0.240948184228988,8,0.024367109
375393,0.7759058447442969,8,0.048858143
283989,0.22125819257705,8,0.3098649
188094,1.51543604763396,8,0.20051661
374598,0.0363756418546358,8,-0.3131791
374190,0.0363756418546358,8,-0.41779998
284069,0.4061407432994649,8,-0.5177067
283670,-0.980478387118648,8,-0.14166136
189956,-0.7955958363962329,8,-0.5470168
374624,-0.703154561035026,8,-0.05736363
188122,0.128816917215845,8,0.50553477
187816,-0.8880371117574399,8,-0.5104018
189895,-1.35024348856348,8,-0.416117
190150,0.7759058447442969,8,0.48384544
189070,0.7759058447442969,8,0.3149
375254,-0.240948184228988,8,0.5249869
187844,-0.703154561035026,8,0.059335575
284162,0.5910232940218829,8,0.09638067
187735,-0.425830734951402,8,0.10433961
189955,0.4061407432994649,8,0.5878027
374611,-0.8880371117574399,8,-0.11236541
374382,-0.0560656335065715,8,-0.25236228
188099,1.79275987371758,8,0.16606857
190058,1.23811222155034,8,-0.043878786
375739,-1.53512603928589,8,-0.59770113
374935,0.7759058447442969,8,0.22465226
374927,0.7759058447442969,8,0.8281512
375461,0.0363756418546358,8,0.03950292
375666,0.4061407432994649,8,0.028856006
188321,0.128816917215845,8,0.5429615
374621,-0.980478387118648,8,0.0350456
374595,2.43984880124604,8,0.39607453
375013,-1.6275673146471,8,-0.95034504
188601,0.8683471201055029,8,0.38410687
375810,0.0363756418546358,8,-0.29214832
375521,0.0363756418546358,8,-0.25635493
187736,0.498582018660674,8,0.06379312
188895,0.313699467938259,8,0.0991864
284161,1.42299477227275,8,0.26290753
2437252,-0.425830734951402,8,0.69055945
189455,-0.5182720103126099,8,0.25641528
190086,-0.610713285673817,8,0.23351106
187944,0.22125819257705,8,0.20527576
188980,-0.0560656335065715,8,0.055215087
188379,-1.53512603928589,8,-1.0641619
375342,0.313699467938259,8,0.37618446
374436,-2.3670975175367595,8,-0.4823351
283427,0.22125819257705,8,0.043918643
187869,0.8683471201055029,8,0.2511397
189690,-0.14850690886777898,8,0.25534436
374646,-0.240948184228988,8,0.08017875
374659,-1.6275673146471,8,-0.14269711
189025,0.8683471201055029,8,-0.20073855
189289,-0.333389459590195,8,0.3416834
189225,-0.0560656335065715,8,0.6595646
190082,0.5910232940218829,8,0.53010505
374362,-1.4426847639246898,8,-0.5594732
374609,1.79275987371758,8,0.05867782
190015,0.8683471201055029,8,0.43586206
189236,-0.7955958363962329,8,0.40487263
188061,0.498582018660674,8,-0.14350349
319285,1.42299477227275,8,-0.21157828
189268,-1.07291966247986,8,-0.893405
187655,-0.980478387118648,8,-0.20773073
374740,-1.6275673146471,8,-0.40517953
284324,0.498582018660674,8,0.1242259
374533,1.23811222155034,8,0.11419258
375688,-1.35024348856348,8,-0.91327226
283160,-0.7955958363962329,8,0.74258214
373506,1.23811222155034,8,0.20526665
283735,1.42299477227275,8,0.2477369
190139,1.60787732299516,8,1.2693839
2437266,0.4061407432994649,8,0.37265265
375896,-0.7955958363962329,8,-0.20588712
187485,-0.7955958363962329,8,-1.8901389
337841,-0.240948184228988,8,-0.37677085
188981,-0.240948184228988,8,-0.15354596
189001,-0.0560656335065715,8,-0.21675064
188291,0.0363756418546358,8,-0.28134766
188320,-1.35024348856348,8,-1.6106585
375726,-0.610713285673817,8,-0.50762904
188497,-0.240948184228988,8,-0.48951685
190073,-0.980478387118648,8,-0.67314
187546,0.8683471201055029,8,-0.13327584
375460,0.313699467938259,8,-0.12042274
188226,1.14567094618913,8,0.9396642
375355,-0.14850690886777898,8,-0.08953308
189667,1.8852011490787897,8,1.1438513
283740,1.23811222155034,8,0.6927945
189018,-0.5182720103126099,8,0.07869822
374635,-0.425830734951402,8,0.124914624
189189,-0.240948184228988,8,0.43059644
375389,-1.16536093784106,8,-0.027696447
283723,1.51543604763396,8,-0.082506925
190142,0.5910232940218829,8,0.6190815
189223,-1.16536093784106,8,0.28362218
283447,-1.25780221320227,8,-0.66866046
283777,-0.7955958363962329,8,0.23861589
283664,-0.5182720103126099,8,-0.5894848
374177,0.8683471201055029,8,1.093962
283162,-1.6275673146471,8,0.09726106
376023,0.8683471201055029,8,0.2634205
187555,-0.5182720103126099,8,-0.19261794
188052,-0.610713285673817,8,-0.31603768
375916,0.8683471201055029,8,0.1577646
283768,1.05322967082792,8,0.76216555
376040,0.128816917215845,8,-0.023111155
283828,1.60787732299516,8,1.1042507
187458,-1.07291966247986,8,-0.554615
375391,0.0363756418546358,8,0.23819752
375727,-0.703154561035026,8,-0.26444137
375620,-0.980478387118648,8,-0.4688366
374678,-1.35024348856348,8,-0.09468373
188759,-1.25780221320227,8,0.19372962
187795,-0.14850690886777898,8,0.6369986
374394,1.51543604763396,8,0.54068244
283598,0.313699467938259,8,0.36198878
187537,-1.90489114073072,8,-1.0864103
283742,1.51543604763396,8,0.09355823
374185,2.99449645341328,8,0.8230761
187868,-1.35024348856348,8,-0.18315846
373991,1.23811222155034,8,0.32798678
374419,0.4061407432994649,8,0.641754
375518,-1.07291966247986,8,-0.53423506
189231,-0.0560656335065715,8,0.16343242
373733,-1.25780221320227,8,-0.63675076
188781,0.0363756418546358,8,0.07168932
189811,0.960788395466712,8,0.3355981
375995,0.22125819257705,8,-0.63419795
336781,2.80961390269086,8,0.15076786
374171,1.42299477227275,8,0.018243205
283805,1.14567094618913,8,0.7570341
190813,-1.16536093784106,8,-0.3832913
374472,-0.5182720103126099,8,-0.44971508
190499,-0.333389459590195,8,-0.5630498
374744,0.22125819257705,8,0.7633649
187996,0.683464569383089,8,0.37588504
188160,-1.4426847639246898,8,-0.9155941
187833,0.313699467938259,8,0.17173702
188236,-0.425830734951402,8,-0.33697045
375452,-0.425830734951402,8,-0.08691661
188341,-0.610713285673817,8,-0.07547612
188507,0.313699467938259,8,0.06990748
188984,0.22125819257705,8,0.040860396
187527,-0.703154561035026,8,-0.12965472
189253,0.7759058447442969,8,0.8654864
375717,-1.7200085900083102,8,-0.7137335
374401,0.313699467938259,8,0.69772637
284168,0.128816917215845,8,-0.42181534
187973,1.05322967082792,8,0.55079824
375965,-2.08977369145314,8,-0.82371813
188026,0.0363756418546358,8,-0.2307358
373694,-0.5182720103126099,8,-0.9533327
375738,-1.90489114073072,8,-1.1096035
375594,1.60787732299516,8,1.0248694
374683,1.14567094618913,8,-0.016084827
2437251,0.0363756418546358,8,-0.029202389
188317,0.5910232940218829,8,0.58413774
187508,-0.333389459590195,8,-0.80268854
2437245,1.33055349691154,8,0.90149796
284327,-0.703154561035026,8,-0.6530358
188038,-0.333389459590195,8,-0.0144981295
283138,-0.610713285673817,8,0.40562442
187763,0.128816917215845,8,-0.08651638
283754,0.0363756418546358,8,0.5128302
283623,-0.703154561035026,8,-0.7996161
375901,-1.25780221320227,8,-0.3681493
373760,1.60787732299516,8,1.1793437
188211,0.0363756418546358,8,0.27912188
373799,-1.81244986536952,8,-2.0798664
189706,0.128816917215845,8,0.82654077
376021,-0.0560656335065715,8,0.7264534
375494,1.70031859835637,8,0.5544331
187479,-2.64442134362039,8,-2.0049615
189240,0.128816917215845,8,0.47492996
283456,1.42299477227275,8,0.4853399
189869,-1.16536093784106,8,-0.20389478
283252,-0.7955958363962329,8,0.08545316
374139,1.51543604763396,8,0.5229448
188526,0.5910232940218829,8,0.14549194
188521,1.60787732299516,8,-0.041141495
188355,-1.07291966247986,8,-0.26701447
374531,-0.7955958363962329,8,-0.20226355
375020,-0.8880371117574399,8,-0.14555062
374703,0.8683471201055029,8,-0.061202087
189077,0.22125819257705,8,0.1388463
373467,-0.7955958363962329,8,0.11798155
284245,-0.425830734951402,8,-0.29170963
187941,0.8683471201055029,8,0.5343239
187771,-0.14850690886777898,8,-0.27770263
375894,0.5910232940218829,8,0.2011705
189010,0.4061407432994649,8,-0.024714263
374706,0.0363756418546358,8,-0.049694158
188825,-0.980478387118648,8,0.053251177
374702,0.313699467938259,8,0.06868793
283229,0.313699467938259,8,0.40191722
190040,2.0700836998012,8,1.0115864
283859,0.960788395466712,8,0.71959686
188224,-0.425830734951402,8,-0.9319411
283938,0.683464569383089,9,0.26620677
190096,0.4061407432994649,9,0.7268235
376013,-1.25780221320227,9,-0.6093177
374689,1.42299477227275,9,0.028874556
283796,1.70031859835637,9,1.1392541
373986,0.683464569383089,9,0.77708906
374066,0.0363756418546358,9,0.030653164
375549,1.97764242444,9,0.34937304
189014,0.8683471201055029,9,0.3758057
375850,0.0363756418546358,9,-0.98555917
283741,1.42299477227275,9,0.008153812
283599,0.960788395466712,9,-0.05778169
375773,-0.7955958363962329,9,-0.7371428
189712,-0.425830734951402,9,0.13100462
188220,-1.53512603928589,9,-0.5146293
283130,0.498582018660674,9,1.0607665
187975,0.4061407432994649,9,0.73766
374548,1.14567094618913,9,-0.37757453
374145,0.313699467938259,9,1.0156902
187663,-0.333389459590195,9,-0.042195823
187610,0.683464569383089,9,0.62421095
374024,-1.07291966247986,9,-0.6492763
375935,-0.610713285673817,9,-0.30704224
190277,-0.240948184228988,9,-0.5719908
375446,-0.610713285673817,9,-0.41410753
190125,-0.14850690886777898,9,0.5769728
374613,0.498582018660674,9,-0.25821996
190071,1.42299477227275,9,0.7616684
375691,-0.980478387118648,9,-1.0523579
283707,-1.4426847639246898,9,0.14160112
188500,0.0363756418546358,9,-0.28504363
284120,-1.35024348856348,9,-0.07783927
283579,1.14567094618913,9,0.51227796
189851,0.498582018660674,9,0.50722605
374395,-0.7955958363962329,9,-0.35541287
374108,-0.610713285673817,9,0.33699334
188464,-1.53512603928589,9,-0.3511272
283769,0.22125819257705,9,0.2854381
374515,-0.610713285673817,9,-0.2993314
374413,0.128816917215845,9,-0.007080888
188249,-1.35024348856348,9,-0.2636487
188780,0.22125819257705,9,0.28294685
283165,1.05322967082792,9,1.0375051
188113,0.8683471201055029,9,0.6183737
188111,2.25496625052362,9,0.87139934
188896,-0.14850690886777898,9,-0.30807817
375816,-0.703154561035026,9,-0.35391915
188596,-0.240948184228988,9,-0.06003084
190794,0.4061407432994649,9,0.234633
283104,-0.7955958363962329,9,-0.18867601
188375,-2.55198006825918,9,-1.7201405
374412,-1.07291966247986,9,-0.4198491
190731,0.128816917215845,9,0.15728143
319956,-0.14850690886777898,9,-0.3199581
2437412,-2.3670975175367595,9,-0.5829105
375016,-0.980478387118648,9,0.08035559
283143,-0.0560656335065715,9,0.26869407
374239,0.4061407432994649,9,0.41891983
187839,1.70031859835637,9,0.53756046
188758,-0.610713285673817,9,-0.6986506
188506,-1.25780221320227,9,-0.4469394
187826,1.60787732299516,9,0.36438727
187995,0.22125819257705,9,0.9505506
376032,1.23811222155034,9,0.06197029
284265,-0.610713285673817,9,0.28096104
283205,0.0363756418546358,9,-0.08496468
190067,1.14567094618913,9,0.73381823
375694,-0.5182720103126099,9,-0.37108204
336484,0.4061407432994649,9,0.11646035
373903,-1.07291966247986,9,-0.19693808
375815,1.42299477227275,9,-0.13947237
188899,-0.333389459590195,9,-0.2800957
189308,0.683464569383089,9,0.213492
187470,-1.53512603928589,9,-0.72132564
374063,1.51543604763396,9,0.37443572
187985,0.5910232940218829,9,0.20958781
375957,0.128816917215845,9,-0.45383722
188269,-1.90489114073072,9,-1.1007717
189997,-0.5182720103126099,9,-0.4390377
189683,0.128816917215845,9,-0.66078776
374629,-0.8880371117574399,9,0.5663439
189194,1.14567094618913,9,0.15909964
188054,1.05322967082792,9,0.2627336
187505,-0.5182720103126099,9,0.08374792
373744,-0.7955958363962329,9,-0.5079836
189091,0.313699467938259,9,0.1168202
187518,0.5910232940218829,9,0.49926552
188037,-0.333389459590195,9,0.1595677
283964,-0.425830734951402,9,0.6298014
189624,-0.14850690886777898,9,0.8328115
188086,1.33055349691154,9,0.45102367
374623,-1.6275673146471,9,-0.50524116
283781,0.0363756418546358,9,-0.43454033
188543,0.313699467938259,9,0.6942245
190035,0.0363756418546358,9,-0.47350347
374643,-0.0560656335065715,9,-0.24913086
308010,1.70031859835637,9,-0.013899543
189012,0.0363756418546358,9,-0.06731278
336783,-0.0560656335065715,9,0.3929965
373575,0.8683471201055029,9,0.5592772
374471,0.5910232940218829,9,0.7335834
189631,0.0363756418546358,9,0.66152394
284192,0.4061407432994649,9,-0.08478948
284368,1.23811222155034,9,-0.16962224
188922,1.33055349691154,9,0.00095906365
189670,1.79275987371758,9,0.43253785
374484,0.8683471201055029,9,0.4486129
190782,-0.333389459590195,9,-0.19388445
187850,-0.8880371117574399,9,-0.783764
190134,0.960788395466712,9,0.8716814
188015,1.05322967082792,9,0.72383094
187495,-2.3670975175367595,9,-1.2916017
374680,-0.7955958363962329,9,0.35321817
189703,2.71717262732966,9,0.95193046
375842,1.8852011490787897,9,0.25654915
187818,-1.4426847639246898,9,-0.3940041
373743,-0.240948184228988,9,-0.30414477
190707,0.0363756418546358,9,0.70281935
188033,0.128816917215845,9,0.38295698
187819,1.97764242444,9,0.24027996
375952,-1.6275673146471,9,-1.1072311
376001,-1.7200085900083102,9,-0.5671649
189632,-0.333389459590195,9,0.3954547
374359,0.683464569383089,9,0.43180498
319783,-0.425830734951402,9,-0.047415897
189834,-0.333389459590195,9,-0.2985365
375433,-0.980478387118648,9,-0.8299768
2437048,2.0700836998012,9,-0.07332073
374178,1.51543604763396,9,0.93984795
374374,1.05322967082792,9,0.6091808
375519,0.960788395466712,9,-0.087638885
189832,-0.0560656335065715,9,-0.43039402
284059,-0.610713285673817,9,-0.4284972
188408,0.128816917215845,9,0.04375468
283760,-0.610713285673817,9,0.3672773
318550,-0.8880371117574399,9,-0.14879441
190116,-0.14850690886777898,9,0.6780444
374385,0.498582018660674,9,-0.7893036
375752,-1.25780221320227,9,-1.0246973
375991,0.8683471201055029,9,-0.08284938
2437415,-0.14850690886777898,9,-0.92036974
188382,0.683464569383089,9,-0.54693824
373754,0.960788395466712,9,0.42713162
188105,-2.3670975175367595,9,0.005943786
319280,0.498582018660674,9,-0.190874
374620,-1.35024348856348,9,-0.04361027
283822,1.14567094618913,9,0.755463
188958,-0.240948184228988,9,-0.6740741
189287,0.128816917215845,9,1.0172217
283132,1.23811222155034,9,0.03516554
188154,-0.980478387118648,9,-0.15687874
187804,0.683464569383089,9,-0.7239809
374697,0.128816917215845,9,0.17229529
190238,0.128816917215845,9,0.16905658
190789,0.498582018660674,9,0.39376178
187564,-0.333389459590195,9,-0.5111081
188997,-0.333389459590195,9,0.33635595
375832,-0.0560656335065715,9,-1.4496858
190811,-0.240948184228988,9,0.4670436
187579,0.4061407432994649,9,-0.0006781833
188441,-0.425830734951402,9,-0.56880766
188704,1.33055349691154,9,1.1083142
375875,1.70031859835637,9,-0.11250601
284025,-0.425830734951402,9,-0.7892912
187585,0.0363756418546358,9,-0.37977943
283121,1.05322967082792,9,0.03313884
375779,0.960788395466712,9,-0.623652
284354,-1.7200085900083102,9,-0.45756954
190728,0.313699467938259,9,0.021566743
374600,0.4061407432994649,9,-0.09493648
187957,-1.90489114073072,9,0.22266367
188913,2.34740752588483,9,0.7531482
189857,0.498582018660674,9,-0.5138632
374662,-1.07291966247986,9,-0.15061153
283778,0.960788395466712,9,-0.031166166
375449,-0.5182720103126099,9,0.3636857
190791,0.5910232940218829,9,-0.29052368
188467,-0.240948184228988,9,0.084901586
374551,-1.81244986536952,9,-0.9065204
189039,-0.610713285673817,9,0.14311376
374693,0.128816917215845,9,0.7901797
190143,0.4061407432994649,9,0.04111719
373793,-2.08977369145314,9,-0.9010478
375453,-0.610713285673817,9,0.40893784
283718,-0.14850690886777898,9,0.52983576
190733,0.128816917215845,9,-0.093955934
374442,0.22125819257705,9,0.1400118
188214,-0.7955958363962329,9,0.057937097
189078,0.7759058447442969,9,0.1125826
373628,0.4061407432994649,9,-0.2337206
318548,-0.240948184228988,9,-0.3635541
375742,-1.4426847639246898,9,-0.45723048
187767,0.0363756418546358,9,-0.32498953
187699,-0.333389459590195,9,0.46589237
374743,0.4061407432994649,9,0.49042842
187893,1.51543604763396,9,-0.09127804
375778,1.23811222155034,9,-0.24686556
308007,-0.14850690886777898,9,0.13183759
188243,-2.45953879289797,9,-0.3798158
375895,-0.5182720103126099,9,-0.41312456
