id,SDS,kfold,GBDT_pred
190707,-0.5637684988496421,0,0.5786839753567504
190138,0.328905871904284,0,-0.21645644988143647
308265,0.0313477483196424,0,-0.026658915372544955
189629,1.37035930445053,0,0.6989309732778634
188500,0.7752430572812471,0,0.044676633404788925
283160,-0.5637684988496421,0,0.006813775616511846
189766,1.22158024265821,0,0.6619086081314548
190184,0.180126810111963,0,0.0307275285535838
374475,0.0313477483196424,0,0.6983128745064768
188282,-1.15888474601893,0,-0.301678008488138
283978,-1.45644286960357,0,-0.3284070074476403
375706,-1.75400099318821,0,-0.16288982830535984
189138,0.328905871904284,0,-0.49944979332133543
374412,1.22158024265821,0,0.4914663653205163
376032,-0.8613266224342829,0,0.14329256771596133
284251,-1.6052219313958898,0,-0.5464480191828234
190815,-1.90278005498053,0,-0.9367609869842015
190148,-1.75400099318821,0,-0.21802613740714646
188552,0.180126810111963,0,0.2572757323202427
283805,0.180126810111963,0,-0.06537325423122246
375020,-0.117431313472679,0,0.16623564828748558
187733,-0.41498943705732105,0,0.15146115980836714
374467,1.37035930445053,0,0.9075442316684137
187473,1.22158024265821,0,0.2864891118349611
187555,0.6264639954889261,0,0.029481748439281127
188008,0.0313477483196424,0,0.06884198758939725
189042,0.328905871904284,0,0.22634413917769794
187973,1.0728011808658902,0,0.035980500440311085
188339,0.6264639954889261,0,-0.4106416915054634
283828,-2.79545442573446,0,-1.518533269374304
189116,1.0728011808658902,0,0.7873769143585299
374183,0.328905871904284,0,-0.18206489961551553
190103,-1.0101056842266,0,0.23525947409633394
375977,-0.41498943705732105,0,0.14705594799228663
187957,-0.8613266224342829,0,0.20411065472559994
188378,-1.15888474601893,0,-0.1885042093540282
187989,1.22158024265821,0,0.09613282899072632
283825,-0.117431313472679,0,0.8428565752247885
189974,-1.45644286960357,0,0.03999030557688484
190162,-1.30766380781125,0,-0.24627189605042418
374253,-1.30766380781125,0,-0.4386506962351212
187852,-1.15888474601893,0,-0.20572209880471673
374669,-1.75400099318821,0,0.12603096758691312
190817,-0.712547560641963,0,0.07396286708493086
375368,-1.6052219313958898,0,-0.6609478568394704
283770,-1.6052219313958898,0,-0.3548204538964532
375954,-1.15888474601893,0,-0.3590009238920826
374062,-1.6052219313958898,0,-0.5574088594415337
283602,-0.117431313472679,0,-0.4356901166325642
375623,-1.30766380781125,0,-0.3831407806853634
284015,-1.90278005498053,0,-0.40733622255281543
283183,0.7752430572812471,0,0.3742007243027441
375935,0.328905871904284,0,-0.16884856809875373
189076,0.924022119073568,0,0.41935015440252216
373467,-0.712547560641963,0,0.42489644112351466
283638,0.924022119073568,0,0.04597673141228036
188268,0.0313477483196424,0,0.013153725782624323
283145,-1.0101056842266,0,-0.05559877984039451
190159,1.0728011808658902,0,1.123534491718192
283677,-1.15888474601893,0,-0.5511709469186781
188410,0.924022119073568,0,0.02610743992288207
284336,-0.41498943705732105,0,-0.28835172706638207
374110,-0.41498943705732105,0,0.006747875470594296
374913,-2.34911724035749,0,-0.8236159502521363
187507,0.0313477483196424,0,0.019524543298528565
187786,-0.266210375265,0,-0.2127345005532652
188757,0.924022119073568,0,0.002554950790316075
190344,0.924022119073568,0,-0.30486786034792623
283796,-0.712547560641963,0,0.21101895694317888
190195,-0.117431313472679,0,-0.20116698211274908
374429,-2.05155911677285,0,-0.6112012373396039
189755,0.6264639954889261,0,0.11399241185569023
374445,0.0313477483196424,0,0.1109054038687614
188018,0.6264639954889261,0,-0.25160047594372437
188945,0.924022119073568,0,0.6265568779397627
283950,-0.41498943705732105,0,-0.25551546922851026
187550,0.180126810111963,0,-0.45208260186315674
374610,0.180126810111963,0,-0.19540582798222464
188492,1.22158024265821,0,0.16602342144671972
2437287,-0.5637684988496421,0,-0.17727310794090162
190132,0.0313477483196424,0,-0.055886630182268755
187769,0.0313477483196424,0,-0.2479587086910592
284219,0.180126810111963,0,-0.06101534847641845
189392,0.7752430572812471,0,0.5965830458821486
187996,0.7752430572812471,0,0.17749562175048753
283116,0.7752430572812471,0,0.9152992635536821
188338,-1.45644286960357,0,-0.2741342565783377
283416,-1.45644286960357,0,-0.6203981393605569
373578,-0.8613266224342829,0,0.03985166722150356
284373,-1.45644286960357,0,-1.4131449233656475
283599,-0.117431313472679,0,0.012937338122370978
375641,-0.712547560641963,0,0.21149982627090752
283215,-1.75400099318821,0,-0.22587815988626353
188099,0.328905871904284,0,-0.04047623112086486
188258,0.924022119073568,0,0.7068086463911298
188326,-1.15888474601893,0,-0.4044979483589839
187493,0.477684933696605,0,-0.18638870411911337
373939,0.180126810111963,0,-0.15657057604340066
187880,-0.5637684988496421,0,-0.1210805718894667
188893,1.37035930445053,0,0.8816053186434117
283723,-0.117431313472679,0,0.021949742363464655
376018,-2.05155911677285,0,-0.7137667086802384
374744,1.22158024265821,0,0.7486136699704122
188982,0.7752430572812471,0,0.35692670834950824
188667,-0.8613266224342829,0,-1.2500331810117578
374712,-1.45644286960357,0,0.024325761127739706
188054,0.180126810111963,0,-0.34007127478563276
188978,1.22158024265821,0,0.3804937323368179
187844,-0.8613266224342829,0,-0.4403272108352008
190056,0.7752430572812471,0,0.012769470344067033
375626,-0.41498943705732105,0,0.5413017284752133
189189,0.477684933696605,0,0.5219123312441357
190170,-1.75400099318821,0,-0.5724248014696438
375538,-1.6052219313958898,0,-0.06962614425611019
190669,0.7752430572812471,0,0.22351397470659992
190071,-1.90278005498053,0,0.22228435909714758
2437214,-2.64667536394214,0,-1.1532553902715588
187944,-1.15888474601893,0,-0.8228808636484218
188365,-0.712547560641963,0,-0.057163228267962406
375564,-0.8613266224342829,0,0.15586662695124018
190076,-0.266210375265,0,0.43250921075124116
373900,0.924022119073568,0,-0.10610489947185893
283158,0.7752430572812471,0,-0.47141277317487806
375471,-1.0101056842266,0,-0.36706375663906243
187911,0.924022119073568,0,-0.15653872712503344
375749,1.22158024265821,0,0.03489468464028161
188408,0.328905871904284,0,0.1420729448539095
2437256,0.328905871904284,0,-0.3329737613953963
373506,-1.45644286960357,0,0.18868721585414694
187603,-1.90278005498053,0,-1.6005179493268142
374407,1.22158024265821,0,0.3570968164922522
190806,-0.712547560641963,0,0.7363274070752225
189017,1.0728011808658902,0,0.6304189944849863
374665,-1.6052219313958898,0,0.09814707662129005
375838,-0.41498943705732105,0,0.46279076956606563
375553,-1.15888474601893,0,0.061762056755597886
189047,1.37035930445053,0,0.7359936828287216
2437194,-1.6052219313958898,0,-0.6446286448716538
336782,-1.0101056842266,0,-0.13728277354175325
190782,-0.712547560641963,0,0.031160761193548776
188603,1.22158024265821,0,0.07069831357499734
375444,-0.5637684988496421,0,-0.2011709464557515
188031,1.22158024265821,0,0.05563203767247236
190068,-0.712547560641963,0,0.7424734311743422
190064,-1.15888474601893,0,-0.1997337206470779
375355,0.180126810111963,0,-0.2203546632669736
189958,-0.712547560641963,0,-0.10250215465960344
187999,0.328905871904284,0,0.16265286488827538
188083,-0.41498943705732105,0,-1.1452482388525642
190199,-1.0101056842266,0,-0.19067643285199884
374591,-0.266210375265,0,-0.18430372071717985
375883,-1.45644286960357,0,-0.41939863186235327
373656,-1.45644286960357,0,-0.061129033067509594
373872,0.7752430572812471,0,0.13555710452742484
188768,-0.712547560641963,0,0.07600396465013834
318548,0.7752430572812471,0,0.42056250511874516
374643,-0.41498943705732105,0,0.006434141303288588
188849,0.477684933696605,0,0.5960094425418505
375509,-1.75400099318821,0,-0.03408419149767248
319954,1.51913836624285,0,0.151712990221238
188327,0.7752430572812471,0,-0.05370364050275673
283757,0.180126810111963,0,0.09092928956463009
284224,-0.41498943705732105,0,-0.5841302681673305
187648,0.924022119073568,0,-1.3359126370765024
375997,-1.15888474601893,0,0.10879682703719287
187892,0.6264639954889261,0,-1.0954261359925745
375694,-0.712547560641963,0,-0.20056194789468135
190174,0.180126810111963,0,-0.13329273379109807
284272,-0.712547560641963,0,-0.11384178828403059
374363,0.477684933696605,0,0.0504094764366325
374178,1.51913836624285,0,1.0595289944761168
189862,1.0728011808658902,0,-0.4048077227709748
283118,1.0728011808658902,0,0.9904462437611088
374937,-1.6052219313958898,0,0.11591278834131298
374239,-0.41498943705732105,0,-0.43005467144562565
375447,-0.266210375265,0,0.08047936967214647
188386,0.180126810111963,0,-0.27748180492051416
187794,0.6264639954889261,0,0.0729614167855128
189868,-0.8613266224342829,0,0.1023720416867645
376050,-0.5637684988496421,0,0.15906167148868178
283823,-1.6052219313958898,0,-0.3926361003704588
190364,-1.15888474601893,0,-0.7564620803326746
308007,0.7752430572812471,0,0.4847009544796083
374974,0.477684933696605,0,-0.029359935474028126
318550,0.6264639954889261,0,0.5439542133808355
190196,1.22158024265821,0,0.6170547314088696
374017,-0.5637684988496421,0,-0.0422456638222821
375598,0.180126810111963,0,0.0975158496536349
188155,-0.712547560641963,0,-0.8036302223966135
374745,-0.712547560641963,0,0.9266507941555452
375634,0.0313477483196424,0,-0.3320370754759951
190126,1.37035930445053,0,1.1199606620834641
189115,-1.30766380781125,0,0.5848555117201081
187457,0.924022119073568,0,-0.15510873776597506
187993,0.477684933696605,0,-0.049628751348354726
190787,-0.8613266224342829,0,-0.1760678539328075
336781,0.328905871904284,0,-0.062991021306354
283779,0.180126810111963,0,0.14623036240980372
284203,-2.05155911677285,0,-1.2550231542623238
375755,-1.90278005498053,0,-0.685751393514783
189865,0.477684933696605,1,0.38963864142828014
375742,-1.6052219313958898,1,-0.23871005372276902
190007,-0.266210375265,1,0.1922490448145982
190036,0.7752430572812471,1,0.05946096634547998
3624697,-0.117431313472679,1,-0.35646176065516977
190125,-1.6052219313958898,1,0.40365835459661864
374534,0.924022119073568,1,0.7638872498941707
188154,-0.41498943705732105,1,-0.08062632463962151
188075,-2.79545442573446,1,-0.3974076013019703
187812,-0.117431313472679,1,0.17676426140256205
375505,-0.41498943705732105,1,-0.11139188156197234
189970,0.180126810111963,1,-0.05729111913276195
187606,0.7752430572812471,1,0.00784500364708321
374739,0.0313477483196424,1,-0.0072351548436211865
188415,0.6264639954889261,1,0.742659672479971
373682,-1.30766380781125,1,-0.26992994831011324
284309,-1.6052219313958898,1,-0.5536771626202472
188452,0.0313477483196424,1,-0.04971217905930775
284291,-1.75400099318821,1,-0.09679350879510328
187850,0.7752430572812471,1,0.19208967058384205
189832,1.0728011808658902,1,-0.20676922565674513
189857,0.180126810111963,1,-1.3160715837831798
187838,0.924022119073568,1,0.570997712645326
336477,0.477684933696605,1,0.482194223206037
283165,0.0313477483196424,1,-0.20222507603563317
283968,0.477684933696605,1,0.04621176492174002
189134,0.0313477483196424,1,0.25613626332197587
190177,1.0728011808658902,1,0.4741891645925253
187766,-0.5637684988496421,1,-0.4421139764328682
375383,-0.712547560641963,1,-0.1533139130069671
376034,-1.0101056842266,1,-0.0442412842390226
189253,1.37035930445053,1,0.21284626029514464
190728,0.6264639954889261,1,0.830792066102161
187567,-0.41498943705732105,1,-0.25742657348857184
373769,-1.0101056842266,1,-0.010294813238283145
189697,1.22158024265821,1,0.3215943892884901
187667,-1.15888474601893,1,0.10096242976573733
284354,0.6264639954889261,1,0.04689834759505027
189001,1.0728011808658902,1,0.4970246644716512
190035,-1.15888474601893,1,0.29983723505767673
375735,-1.15888474601893,1,-0.06916626493755307
373716,-0.712547560641963,1,0.23114935196995856
189971,0.924022119073568,1,0.08112950496891394
188825,1.22158024265821,1,0.05347117715108972
188076,-0.41498943705732105,1,-0.39805307215995145
187863,-0.8613266224342829,1,-0.1809049318070054
187609,0.7752430572812471,1,0.1671011329670949
283756,0.924022119073568,1,0.2844756528086159
283892,-0.41498943705732105,1,0.006855610923629105
187522,0.924022119073568,1,0.05433235103787809
375744,-0.5637684988496421,1,0.4754452154227842
319282,-0.117431313472679,1,-0.16239346132096238
187765,-1.0101056842266,1,-0.3956210484630038
190045,0.328905871904284,1,0.17949971341595955
190100,-0.266210375265,1,0.2662148433726181
189039,1.51913836624285,1,0.6679423784985042
375688,1.22158024265821,1,0.15451646251891774
188259,-0.5637684988496421,1,-0.07348529450313779
188898,-0.266210375265,1,0.9376335397703339
189625,-0.266210375265,1,0.06155094060970081
188319,-0.712547560641963,1,-0.3784071511910813
375519,-0.41498943705732105,1,-0.05364840065314656
190046,-1.30766380781125,1,-0.7515473226454746
188780,-1.0101056842266,1,-0.3617742774086606
189030,-1.0101056842266,1,0.09431401554029416
189008,-1.90278005498053,1,-0.22970596112329486
188096,0.7752430572812471,1,0.07730220403942915
187776,0.6264639954889261,1,0.0902489523739885
374568,-1.30766380781125,1,-0.2062160886046317
375846,0.0313477483196424,1,-0.05469575393539305
190158,0.7752430572812471,1,0.7071196902796234
2437266,-0.5637684988496421,1,0.03721545655617236
187730,-1.0101056842266,1,0.02026241896707499
284324,0.477684933696605,1,-0.1524582358322402
283126,0.180126810111963,1,0.23559630588923813
189384,1.37035930445053,1,0.4393697876047378
283748,0.7752430572812471,1,-0.08908170173200076
373754,0.477684933696605,1,-0.42220447996859617
187707,0.924022119073568,1,0.028640805876558043
189250,1.0728011808658902,1,0.8003491887609413
187489,0.477684933696605,1,0.1366390468513068
375779,0.7752430572812471,1,0.08611095505829047
188402,1.37035930445053,1,0.21134519696428017
375518,0.7752430572812471,1,-0.3797616485303755
190769,-1.15888474601893,1,-0.7404107475670882
188777,-0.41498943705732105,1,-0.9865785040604139
187528,0.7752430572812471,1,-0.2830938364382166
188122,1.22158024265821,1,0.16625516400084656
188231,0.180126810111963,1,-0.24012715461582512
187869,0.328905871904284,1,0.5605379627317407
187527,-0.8613266224342829,1,0.17891932628686766
2436958,0.180126810111963,1,-0.6041528580801147
189231,0.924022119073568,1,-0.08426978075856435
283162,0.328905871904284,1,0.10313793682961159
284182,-0.117431313472679,1,-0.6168281881179859
187700,1.0728011808658902,1,0.925957670071995
375747,1.37035930445053,1,0.6378678178250282
188377,0.7752430572812471,1,-0.17538711917572947
283721,-0.5637684988496421,1,-0.15003772895345802
190803,0.924022119073568,1,0.32257579514848933
188715,-0.117431313472679,1,0.31307614476199896
187664,0.328905871904284,1,0.3609593736738361
375015,0.477684933696605,1,-0.18068792498433656
336481,-0.5637684988496421,1,0.08863851410990413
373694,-0.41498943705732105,1,0.17623550342617728
189947,-0.266210375265,1,-0.1426680754874391
187787,-0.266210375265,1,0.045120970775827364
284145,-0.41498943705732105,1,-0.217947875190311
188861,1.22158024265821,1,0.5216602797449381
283604,1.22158024265821,1,0.030424771894882345
374037,1.0728011808658902,1,0.3159803698455866
187582,0.477684933696605,1,0.14245661284430805
375621,-0.8613266224342829,1,-0.45471415456143993
283163,0.924022119073568,1,0.5239862542816986
188043,1.0728011808658902,1,0.12338870758336719
188540,-1.0101056842266,1,0.14094984100363445
374603,0.0313477483196424,1,-0.16457694113497515
374397,1.22158024265821,1,0.31718920106713333
374694,0.328905871904284,1,-0.05485544830540068
317951,0.6264639954889261,1,0.1271677278601777
376001,-1.30766380781125,1,-1.3474416929563864
187676,0.6264639954889261,1,0.33176357111863203
2437249,-0.117431313472679,1,-0.19313058357985727
374500,1.22158024265821,1,-0.46135660751173985
375842,0.7752430572812471,1,-0.003086331307728884
374623,1.51913836624285,1,0.18552013089833672
188443,1.0728011808658902,1,0.3410030689887148
187826,0.180126810111963,1,-0.2769385403023073
375551,-1.0101056842266,1,-0.630261886093308
283639,0.477684933696605,1,-0.6801385719170692
283597,-0.117431313472679,1,-0.5795090485902814
189689,1.22158024265821,1,0.4024060228624064
187485,0.7752430572812471,1,-0.15506071145883787
374505,-1.30766380781125,1,-0.42798769331625774
374537,-1.30766380781125,1,-1.009482753646202
189025,0.328905871904284,1,-0.013577427698836471
374185,1.51913836624285,1,1.0174402456201954
189637,-1.0101056842266,1,0.19392040087460383
188006,-0.117431313472679,1,0.17699238577115195
189871,-0.117431313472679,1,-0.4434627770557654
190778,-1.6052219313958898,1,0.14963315389714418
283119,1.22158024265821,1,0.6340298137165978
189048,0.180126810111963,1,0.4308341120467031
318552,0.180126810111963,1,0.2768558423464274
188058,0.477684933696605,1,-0.11463582647351184
190810,-0.8613266224342829,1,-0.10818972130120841
187921,0.328905871904284,1,-0.13253655774873246
375791,0.7752430572812471,1,-0.33824954981170485
188229,0.924022119073568,1,0.17492790533506591
283989,-1.0101056842266,1,-0.2767326059641797
188328,0.328905871904284,1,0.16230431259955988
188401,-0.117431313472679,1,0.5429916086094815
375933,-0.117431313472679,1,-0.11362756337800443
189894,-0.117431313472679,1,0.218284938654168
188436,-1.0101056842266,1,-0.07616830549138716
187905,1.0728011808658902,1,-0.11312677395265967
189809,-0.266210375265,1,0.4906910524419868
189340,-0.266210375265,1,-0.2775629215593579
284176,-0.8613266224342829,1,-0.696528950696903
189792,-2.4978963021498104,1,-1.1295209143070792
375578,0.328905871904284,1,-0.05627974623946988
190111,0.477684933696605,1,1.0436300284976014
373571,-1.15888474601893,1,-0.07147961255597755
283801,-0.5637684988496421,1,-0.07131258336377616
188907,1.51913836624285,1,0.360750761775957
373485,-0.712547560641963,1,-0.13056552950428
375620,0.0313477483196424,1,-0.07167493166583994
284236,-2.05155911677285,1,-0.28904678265839795
188943,1.22158024265821,1,0.3601141407114594
375504,-0.41498943705732105,1,-0.09093113895786223
374686,0.0313477483196424,1,0.11507475856259071
283792,0.477684933696605,1,-0.7563519086943526
187755,0.477684933696605,1,-0.32114631811232613
373642,-0.5637684988496421,1,0.07221202183975035
373759,-0.712547560641963,1,0.3138747987643649
375772,0.7752430572812471,1,-0.029453756198643967
374620,0.0313477483196424,1,-0.07114837335349958
374395,1.22158024265821,1,0.33575415166152994
189023,1.37035930445053,1,0.33538118533037437
283623,-0.41498943705732105,1,-0.47271681751181066
374024,-0.5637684988496421,1,-0.44807534773470287
188494,1.0728011808658902,1,0.566064912098326
284357,-0.712547560641963,1,0.030199468018620952
188330,0.6264639954889261,1,-0.023807275912560093
189859,-2.05155911677285,1,-1.2633696109557127
375765,0.924022119073568,1,0.9482491865597509
188840,-1.15888474601893,1,-0.20827960591357433
374092,0.477684933696605,1,-0.2294143601664556
188142,0.328905871904284,1,0.28343102012751353
189282,0.924022119073568,1,0.7994473046199302
283603,-1.30766380781125,1,-0.6445179185670662
283777,0.477684933696605,1,-0.3345503724242406
188170,-0.117431313472679,1,0.2334491754964623
187977,-1.90278005498053,1,-0.4084612172953534
375746,0.477684933696605,1,0.4958968374230068
319781,-1.0101056842266,1,-0.4984893471097158
374398,0.7752430572812471,1,0.7597759598481278
375847,-1.75400099318821,1,-1.243982458904954
188506,1.0728011808658902,1,0.4645334614880178
189684,0.328905871904284,1,-0.46709560068661526
375931,0.477684933696605,2,0.23042245555489668
2437263,0.7752430572812471,2,-0.15695295807588722
189291,1.51913836624285,2,1.0026921574891772
375607,-1.0101056842266,2,-0.5861307099489397
374108,0.7752430572812471,2,0.22780744523108304
188036,0.328905871904284,2,0.02382252630290745
375716,0.328905871904284,2,-0.5068851440067298
375591,0.6264639954889261,2,0.32557497490683185
373948,1.0728011808658902,2,0.8627827367747424
319284,-0.8613266224342829,2,-0.37228597313015693
374652,0.924022119073568,2,-0.24316560449882993
189242,1.37035930445053,2,0.8160548892032253
188633,1.22158024265821,2,0.639959299230512
375434,0.477684933696605,2,-0.0512865095167092
375397,-1.75400099318821,2,-0.23729509659255427
189268,-0.712547560641963,2,-0.8765166600160408
375965,-1.45644286960357,2,-1.2270262122256015
187479,0.924022119073568,2,-0.08644367552815521
189804,0.7752430572812471,2,0.04744754145971817
336484,-0.117431313472679,2,0.43571159391402103
188145,-1.45644286960357,2,0.03316247590035114
188254,-0.712547560641963,2,-0.7197439800304213
189400,-1.30766380781125,2,0.03805368913056853
374362,-0.117431313472679,2,-1.3474839976612707
187736,0.328905871904284,2,-0.5281867944825307
187714,0.924022119073568,2,0.12199979488451032
189801,-1.6052219313958898,2,-1.0377660173247854
375524,0.924022119073568,2,0.2849176400633543
189972,1.22158024265821,2,0.5819371228686917
373626,-0.117431313472679,2,-0.6721014862731217
373863,1.22158024265821,2,0.20092954990017145
188396,0.924022119073568,2,-0.3068741447424538
374388,1.37035930445053,2,0.45475762332324243
190124,0.180126810111963,2,0.07231062913121063
187842,-1.0101056842266,2,0.046210431893206935
283670,-0.8613266224342829,2,-0.1911101456419307
375451,0.6264639954889261,2,0.5190053313069914
188526,0.6264639954889261,2,0.07246680838160481
373674,-0.712547560641963,2,0.005442365827862075
188630,0.477684933696605,2,0.5739383551905693
187735,-0.117431313472679,2,-0.08824814367174408
188785,0.924022119073568,2,-0.009278062376055777
187549,1.0728011808658902,2,-0.31148113875559924
375711,-0.8613266224342829,2,0.1555383075344669
283731,0.477684933696605,2,0.13339333872096468
189895,0.180126810111963,2,0.5399807707720384
376010,1.37035930445053,2,-0.32710297889627304
189091,0.477684933696605,2,-0.05408062537091189
187687,1.37035930445053,2,0.17933444267846388
188103,0.328905871904284,2,0.06369242965155472
190089,-1.75400099318821,2,-0.4023240202057978
189223,-0.712547560641963,2,-0.018571802211479357
189626,1.37035930445053,2,1.075517216315308
187543,-1.0101056842266,2,0.11287084151905254
190129,1.0728011808658902,2,1.0825156183001738
187760,1.22158024265821,2,-0.12437478158595251
189280,-0.266210375265,2,0.46805878848142524
189991,0.6264639954889261,2,0.44772283388856887
189009,1.22158024265821,2,0.4538301264337022
188249,-0.41498943705732105,2,-0.39919109010668585
374165,-0.712547560641963,2,-0.14410177370751107
374086,0.477684933696605,2,-0.25467317725244903
375994,1.22158024265821,2,0.02953728386407442
375956,-0.712547560641963,2,-1.181807487354083
374988,-0.266210375265,2,-0.0166382350387605
188137,-0.266210375265,2,-0.4963173205377652
187515,-0.266210375265,2,-0.0818705503416131
374749,1.37035930445053,2,0.550138477960425
375062,0.180126810111963,2,-0.4221166320923827
375596,-0.712547560641963,2,0.1464473512463741
187984,0.477684933696605,2,0.1208742071020098
283812,0.7752430572812471,2,-0.4019652140738397
189016,0.924022119073568,2,0.3048501251603935
374472,0.6264639954889261,2,0.4491536478269583
284245,-0.712547560641963,2,-0.27564733696441823
189957,-0.712547560641963,2,-0.09356388371471683
190072,1.22158024265821,2,0.8898680553017899
374202,0.328905871904284,2,0.9755545040948664
189858,-1.6052219313958898,2,0.3077265264927606
283753,-0.5637684988496421,2,0.4056542513903414
190296,-1.45644286960357,2,-0.7815097307233652
376000,-1.15888474601893,2,0.06865650260643309
190143,-0.8613266224342829,2,-1.2338225683632054
375457,0.6264639954889261,2,-0.04547767510741093
283616,0.180126810111963,2,-0.6348532133326499
375546,-1.30766380781125,2,-0.5945921224711247
189157,1.22158024265821,2,0.40542348038863485
187856,0.477684933696605,2,0.13010769746687176
189309,1.51913836624285,2,0.9851983012602933
375775,-0.712547560641963,2,-0.005963636088305576
188876,0.180126810111963,2,0.31499348896683377
188482,-0.712547560641963,2,0.35215727444308825
308212,1.0728011808658902,2,0.21085513716200405
283447,-0.266210375265,2,-0.5166002041135814
283819,-1.90278005498053,2,-0.5761785373626632
375693,-0.41498943705732105,2,-0.4698926858470384
283715,-1.0101056842266,2,-0.047949782583563576
374504,0.0313477483196424,2,0.563273559566045
374638,0.180126810111963,2,-0.16877263782280177
189756,1.22158024265821,2,0.9378254570144631
283202,-1.30766380781125,2,-0.4518764783998298
374414,0.180126810111963,2,-0.061294582683161486
188237,0.924022119073568,2,0.1596355735566521
187918,0.180126810111963,2,-0.3599879266967619
187564,-0.266210375265,2,-0.023500518063118626
188211,-0.117431313472679,2,-0.12677733223557558
373726,-1.0101056842266,2,0.2830271611254423
188601,0.6264639954889261,2,0.41978139670395764
187986,0.477684933696605,2,-0.44324338887883563
375916,1.22158024265821,2,-0.2572042475673292
190040,1.0728011808658902,2,1.064537840326243
283598,0.6264639954889261,2,-0.09151491704695787
375830,-0.712547560641963,2,0.11173701335178803
188362,1.0728011808658902,2,0.552162520614651
190015,1.22158024265821,2,-0.15364255117763398
188558,1.0728011808658902,2,0.8236954134869094
2437280,-0.117431313472679,2,-0.033784167632470614
188110,1.37035930445053,2,0.5472630108266621
188872,1.0728011808658902,2,0.6177171473704742
190561,-1.6052219313958898,2,-0.3380314613430878
283665,-0.117431313472679,2,-0.4614985844461138
187857,-1.15888474601893,2,-1.4653437452507567
375628,1.0728011808658902,2,0.5801998022104159
187705,0.7752430572812471,2,-0.32588331009522165
187955,0.477684933696605,2,-0.08713483876929157
189294,0.0313477483196424,2,0.4662044359420557
189278,0.477684933696605,2,0.0843734905463504
187763,0.7752430572812471,2,-0.08192722580640299
189248,1.37035930445053,2,0.853518164395605
283201,-1.0101056842266,2,-0.20537179215777004
188286,0.477684933696605,2,0.4905526450789182
187611,1.0728011808658902,2,0.35645008788728305
190790,-1.45644286960357,2,0.6558922279699362
2437252,-0.712547560641963,2,-0.0984948889819063
374747,1.22158024265821,2,0.5067439658108296
190816,-0.712547560641963,2,-0.3230553344608576
189289,-0.266210375265,2,0.43166551312637225
190280,-1.90278005498053,2,-1.170855022111289
188472,0.477684933696605,2,0.18134555909564967
187839,0.477684933696605,2,0.3977361378190646
190102,-1.30766380781125,2,0.27491027350160646
284368,-1.30766380781125,2,-0.1630701072679088
188336,0.7752430572812471,2,0.11644794875185345
283790,-0.117431313472679,2,0.24997556300097054
373799,-0.266210375265,2,-0.34530724162609544
373482,-1.75400099318821,2,-0.023535207366526346
189337,1.0728011808658902,2,0.44090535691082294
189004,0.6264639954889261,2,0.4979858861682439
187674,1.22158024265821,2,-0.09022966508041262
188101,1.22158024265821,2,0.47865406478328626
188922,1.22158024265821,2,-0.10707406668297435
375845,-2.2003381785651697,2,-1.4369375734782053
375794,-0.712547560641963,2,-0.6122986897164422
375810,-0.266210375265,2,-0.22880188337556712
189784,1.0728011808658902,2,0.8829221121764969
187795,-0.266210375265,2,0.0966067057163636
375714,0.477684933696605,2,0.03357338635678483
187988,0.328905871904284,2,-0.14647290840197438
189786,0.0313477483196424,2,-1.1560608092993105
375452,1.37035930445053,2,0.667820204916881
188820,0.7752430572812471,2,-0.09571545505055605
187901,0.328905871904284,2,0.09325013895934504
189234,1.51913836624285,2,0.8365108548613611
283718,-0.117431313472679,2,0.15047838313121378
2437244,0.180126810111963,2,-0.21027957898649063
189078,0.0313477483196424,2,0.17556739334886262
374011,-1.75400099318821,2,0.45352452183073233
336688,1.51913836624285,2,0.23572650105338905
187530,0.0313477483196424,2,0.021018879151633172
187590,-0.117431313472679,2,-1.2581050882320974
187920,0.0313477483196424,2,-0.22694201353793944
187729,0.924022119073568,2,0.5054965798970771
374611,-0.5637684988496421,2,-0.13771212266086807
190732,-1.90278005498053,2,0.31659454073275
187710,1.22158024265821,2,0.37006415273257776
190101,1.22158024265821,2,0.9777760295594282
188956,1.0728011808658902,2,0.6398121912804882
375901,-0.117431313472679,2,-0.4322842808736628
283325,-0.5637684988496421,2,-0.5217228727249914
189996,-1.30766380781125,2,-0.7516753253668024
190789,-0.8613266224342829,2,0.6868669470626008
188335,0.924022119073568,2,0.5550684179942796
375692,0.0313477483196424,2,0.230775325218356
190190,-1.0101056842266,2,-0.27327955456148145
374515,-0.5637684988496421,2,-0.34252539909475016
189063,0.180126810111963,2,-1.0123021113259616
188117,0.6264639954889261,2,-0.10744411035266334
187484,0.328905871904284,2,0.40245794855886974
187716,-0.8613266224342829,2,0.0004633398944377278
189851,0.7752430572812471,2,-1.3771531651958213
188040,-0.117431313472679,2,-0.0496194054480411
188418,0.328905871904284,2,0.0029170063324277257
375511,0.7752430572812471,2,-0.31161272340346674
187982,0.477684933696605,2,0.18089674821040724
189038,0.924022119073568,2,0.3561944013366612
2437250,-1.0101056842266,2,-0.17311181046031288
188742,1.22158024265821,2,0.26741492569672376
189139,1.22158024265821,2,0.1275465560726883
189299,0.477684933696605,2,0.799162602082427
187848,0.477684933696605,2,0.001296785021978231
2437409,-0.5637684988496421,3,-0.2896349130445843
375697,-0.117431313472679,3,-0.4308261773683972
283808,0.477684933696605,3,-0.4924980888732376
189686,0.477684933696605,3,0.31317494569449617
375825,0.180126810111963,3,-0.08856532591325122
188992,1.22158024265821,3,0.6894785927363513
376049,0.0313477483196424,3,0.4945468449606113
373522,-0.712547560641963,3,0.0866145408259381
374378,0.477684933696605,3,0.41434989482093604
374592,-1.30766380781125,3,0.07774032999348751
283300,-0.266210375265,3,-0.2010818314591535
375970,1.37035930445053,3,0.0969477785285567
188379,-1.0101056842266,3,0.2529490020497412
188246,0.477684933696605,3,-0.16719343572566922
187587,0.7752430572812471,3,-0.20485153444035945
188243,0.180126810111963,3,0.03509607219004482
189869,0.7752430572812471,3,0.13589189030527848
189712,-2.05155911677285,3,-1.1580911251014814
188384,0.7752430572812471,3,-0.07161651311576153
187636,1.37035930445053,3,-0.5151521721712492
374553,-0.266210375265,3,-0.08454546836360671
187604,1.22158024265821,3,-0.14948279009972126
189107,0.328905871904284,3,0.5676928318106007
187561,0.180126810111963,3,-0.24075159624440115
336485,-0.266210375265,3,0.6238110639275168
283209,-0.117431313472679,3,-0.3111708681458882
284162,-1.0101056842266,3,-0.005475367780286618
188510,0.328905871904284,3,-0.002242825405760732
375389,-0.266210375265,3,0.06455447660478972
374197,-1.6052219313958898,3,-0.5847626575059466
187753,-1.45644286960357,3,-0.5880062939173037
189708,-1.90278005498053,3,0.36760586009586554
374918,-0.8613266224342829,3,0.8246064910034228
190097,1.0728011808658902,3,0.26916262397402324
190792,0.924022119073568,3,0.0731148370771389
188009,0.6264639954889261,3,0.40967645643217715
283641,-0.8613266224342829,3,-0.500648050402301
373509,-0.8613266224342829,3,-0.5896845728307445
188248,0.924022119073568,3,-0.13054078198536959
188114,0.180126810111963,3,0.8128701017313927
189749,1.22158024265821,3,1.1779303514628974
189034,1.37035930445053,3,0.7078733918798832
375460,0.180126810111963,3,0.00246707639853152
336482,1.22158024265821,3,0.20372388290162496
375581,1.0728011808658902,3,0.03962102975889818
188267,-0.8613266224342829,3,-0.23252954045651736
283712,-1.90278005498053,3,-0.6189277719359715
189049,-0.266210375265,3,0.5910315121782607
283938,-1.90278005498053,3,-0.28465379780061373
187647,0.477684933696605,3,-0.5074290675939155
187681,0.180126810111963,3,-0.2831227650668119
188991,1.37035930445053,3,0.8347545523288857
373986,0.6264639954889261,3,-0.1551630054320512
188048,0.7752430572812471,3,-0.3789329887283412
187741,0.924022119073568,3,0.47013436018483723
375998,-1.0101056842266,3,-0.057606177302558875
189624,0.7752430572812471,3,0.9012474586218973
189210,0.7752430572812471,3,0.6904347749523324
189703,1.51913836624285,3,1.2272088928443892
187612,-2.64667536394214,3,-0.04871569984157545
375494,0.0313477483196424,3,-0.10330150468468076
189937,-1.15888474601893,3,0.18616391482655617
190082,1.37035930445053,3,0.3180259595792292
374442,0.924022119073568,3,-0.008996922700268669
187662,0.6264639954889261,3,-0.019786664416335264
188923,-0.41498943705732105,3,-0.5104179737277491
188239,0.924022119073568,3,-0.44688164738754466
187952,0.180126810111963,3,-0.2247835963278771
283109,0.7752430572812471,3,-0.375993795742181
190187,-2.64667536394214,3,-0.4072223074112583
189949,0.924022119073568,3,-0.07242828481178484
284305,0.477684933696605,3,0.42639416716756356
189109,0.477684933696605,3,0.6868009360389601
375780,-0.266210375265,3,-0.35859465342156854
374655,-0.5637684988496421,3,-0.049718372294487376
187971,0.328905871904284,3,0.08493482191737503
187919,-1.0101056842266,3,-0.06601349768129182
373851,1.0728011808658902,3,-0.8189310903519661
374590,-0.117431313472679,3,0.3681113733284597
187889,0.477684933696605,3,0.28206393258898516
374546,-1.75400099318821,3,-0.978172940233514
375582,0.7752430572812471,3,-0.04657820292976358
189014,0.924022119073568,3,0.43675991939454706
376004,-0.117431313472679,3,-0.24810908779628976
188317,0.328905871904284,3,0.6998865235887659
374391,1.37035930445053,3,0.21070908115037681
187754,0.477684933696605,3,-0.035786599545368135
308253,1.0728011808658902,3,-0.04795555464662973
375790,1.0728011808658902,3,-0.40926902521912484
189834,1.37035930445053,3,0.4826674611699308
188947,-1.90278005498053,3,0.10675191482985937
374471,1.51913836624285,3,1.0023978358293237
375738,1.22158024265821,3,0.055827409302879966
187502,0.6264639954889261,3,0.62331710044249
188220,1.22158024265821,3,-0.35814174262541587
317891,-0.5637684988496421,3,-0.16721649804663502
189000,0.328905871904284,3,0.4338706724896528
187474,0.0313477483196424,3,-0.015984418721032984
187548,-0.712547560641963,3,-0.20478616591662274
187563,-0.266210375265,3,-0.3401010749436456
375661,-0.5637684988496421,3,0.01646715647558996
189152,0.924022119073568,3,0.5010049888787741
284280,-0.712547560641963,3,-0.38121477933025305
283970,-0.8613266224342829,3,-0.21084916797626224
189168,-0.117431313472679,3,0.5027303825523647
187992,-0.117431313472679,3,-0.5005395527980007
284327,-2.2003381785651697,3,-1.2480919338257899
283742,0.924022119073568,3,-0.09379795521512099
188236,1.22158024265821,3,-0.3216399767254189
188444,0.477684933696605,3,0.153638271742742
187728,1.0728011808658902,3,0.4667387450481626
373628,-0.8613266224342829,3,0.22104347907638974
188792,-0.5637684988496421,3,0.7354982882783742
318179,1.0728011808658902,3,0.3065010074452834
187665,-0.266210375265,3,0.06396515119844286
190186,1.0728011808658902,3,1.3192057021360228
283600,0.477684933696605,3,-0.18655118603724194
189754,1.0728011808658902,3,0.38733080605166137
190054,1.37035930445053,3,0.646345531670511
283760,-1.0101056842266,3,-0.3808706893962657
188324,1.37035930445053,3,-0.05427702341447006
187978,0.7752430572812471,3,0.10238578942075659
283615,-0.41498943705732105,3,-0.2989610040545995
374595,-0.8613266224342829,3,0.20182243058274543
188425,0.6264639954889261,3,-0.1378206014049218
189238,0.924022119073568,3,0.8332810176720415
187588,0.7752430572812471,3,-0.1880372838404773
189811,0.6264639954889261,3,0.061025764260229064
190780,-0.41498943705732105,3,-0.16911206580626853
188994,1.37035930445053,3,0.6775291578353446
374912,-0.8613266224342829,3,0.4476167016900865
188463,1.0728011808658902,3,0.7219900225621597
189018,-1.6052219313958898,3,-0.14335570235521747
188434,0.7752430572812471,3,0.36368031750150515
284168,0.328905871904284,3,-0.5758055514363026
187649,1.0728011808658902,3,0.015903723915242907
188201,1.22158024265821,3,-0.03463522601037027
187949,-1.6052219313958898,3,0.3565212497118611
187960,0.924022119073568,3,0.037101518328522244
284059,1.37035930445053,3,0.1116793161422778
374614,-0.266210375265,3,-0.0002794752573737566
187840,-0.117431313472679,3,-0.13827663331393686
283205,-0.117431313472679,3,-0.21242103922183975
188160,0.924022119073568,3,-0.08118566777233117
283671,0.328905871904284,3,0.16019795696668662
188449,-0.117431313472679,3,-0.12528389941624554
188896,1.37035930445053,3,0.6812240505788015
188174,0.7752430572812471,3,-0.18825837199643455
375594,0.7752430572812471,3,-0.3050783196821213
189319,1.51913836624285,3,1.0845716825643226
375315,-0.266210375265,3,-0.22559495201685223
375739,-0.5637684988496421,3,0.06431764276297505
283221,0.0313477483196424,3,-0.24839954673781806
187742,0.6264639954889261,3,0.009072587072879848
373980,-0.117431313472679,3,-0.18328873858917305
190008,-1.30766380781125,3,-0.8717260439868295
336476,0.7752430572812471,3,0.42837262316733093
373835,-1.90278005498053,3,-0.7247176939676251
188507,0.7752430572812471,3,0.22264897800132977
188312,-0.712547560641963,3,-0.12429045449228393
373780,0.180126810111963,3,-0.11931086952158405
284338,0.924022119073568,3,0.35937285375641553
187629,-0.117431313472679,3,-0.060931696987490874
189308,0.924022119073568,3,0.7815386139913999
188359,1.22158024265821,3,0.43679198456654367
187653,-0.8613266224342829,3,-0.10289941478227704
374600,-0.712547560641963,3,0.14213959371882862
373743,-1.0101056842266,3,-0.2627403445420014
189615,1.37035930445053,3,0.19729184650698753
187709,0.7752430572812471,3,-0.05596059858198325
188037,-0.266210375265,3,0.056069316492449346
189003,1.37035930445053,3,0.8029487630906835
2437245,0.0313477483196424,3,-0.21879797272460166
375335,-0.117431313472679,3,-0.26330352235698645
375230,-0.712547560641963,3,-0.3586909470601279
190757,-1.6052219313958898,3,-0.196630248777242
190499,-1.90278005498053,3,-1.569650778699104
187845,0.924022119073568,3,0.13213182227187653
374914,-0.266210375265,3,0.39160676970388675
187462,0.180126810111963,3,0.010589994229711703
188698,0.7752430572812471,3,0.0383875603857518
318174,1.22158024265821,3,0.1699978515306647
373861,0.924022119073568,3,0.185963826142856
373690,-0.117431313472679,3,0.08408466819129914
375934,-1.6052219313958898,3,-1.2688153608932553
374419,0.477684933696605,3,0.34920830697695054
284024,1.37035930445053,3,0.630241842246228
189010,1.37035930445053,3,0.4404278640472769
190813,-2.05155911677285,3,0.2872760387619581
374956,-0.117431313472679,3,-0.13233142638485754
187784,-0.117431313472679,3,-0.5508195525220309
375500,-1.45644286960357,3,-0.7644537232811304
283138,-0.5637684988496421,3,-0.1078476089347044
189153,-1.45644286960357,3,0.6614489718766462
374662,-1.75400099318821,3,-0.4165691965460486
375549,-0.117431313472679,3,0.20351631679781798
189050,-0.712547560641963,3,0.2233915601250186
187576,0.180126810111963,3,-0.5450260562892025
190029,0.0313477483196424,3,-0.3277922717764037
187764,1.37035930445053,3,0.7558176136614972
188708,1.37035930445053,4,0.10515853469682422
374646,0.477684933696605,4,-0.009577622920595785
283252,-0.117431313472679,4,-0.16917112199126005
283769,-0.5637684988496421,4,-0.5172229311588055
374401,1.0728011808658902,4,0.9093169629926516
189927,0.6264639954889261,4,0.1039004608235442
188901,1.0728011808658902,4,0.11332461679326267
188596,0.6264639954889261,4,0.15812523465569928
373756,-1.30766380781125,4,0.7819414192549644
374063,1.37035930445053,4,0.0624452142548721
187469,-0.41498943705732105,4,0.08048287686852676
188025,0.924022119073568,4,-0.09789770248835089
189885,-1.15888474601893,4,-1.567249169964012
189630,1.37035930445053,4,1.1421012921758988
376015,-1.75400099318821,4,0.06256719528482654
375698,-0.8613266224342829,4,0.26368079253168436
190802,-2.05155911677285,4,-1.0192579649779168
188185,1.37035930445053,4,0.4812717912812905
375556,0.0313477483196424,4,-0.6836285255759457
189883,1.22158024265821,4,0.2435783946561807
374451,-0.117431313472679,4,0.1731312073529836
374635,-1.15888474601893,4,-0.4889666218984607
190144,-1.30766380781125,4,0.6658729694486809
187783,-1.45644286960357,4,-0.7070438906273202
374392,0.328905871904284,4,-0.9465652045360473
373793,0.477684933696605,4,0.7906057026320525
375971,0.0313477483196424,4,-0.00653986406947515
376048,-0.41498943705732105,4,0.1190157824156397
3646845,-0.712547560641963,4,0.8024228923320097
189842,1.37035930445053,4,0.23633177842551892
283740,1.0728011808658902,4,-0.10605879358979024
189084,0.7752430572812471,4,0.3679621247820504
374706,-0.266210375265,4,0.1319325440742077
189346,1.0728011808658902,4,0.26436027784783817
189670,0.0313477483196424,4,0.8033913198203831
284247,-1.15888474601893,4,-0.5097137057181707
190157,1.0728011808658902,4,0.792654219563351
373773,-0.117431313472679,4,-0.14191131946114616
284279,0.180126810111963,4,-1.0851476466371959
283182,-1.0101056842266,4,-0.3717122757655598
375583,0.477684933696605,4,0.19375571171361344
283772,-1.90278005498053,4,-0.6952933037621433
374917,0.924022119073568,4,0.314752454500271
189757,0.477684933696605,4,-0.760251414552209
189696,1.37035930445053,4,0.3302659415419693
374339,-1.0101056842266,4,0.037639003966430405
373468,-0.712547560641963,4,0.025442271716714537
373782,-0.5637684988496421,4,0.6087665350992667
374155,0.180126810111963,4,0.6953467861750894
375773,0.7752430572812471,4,0.40193972721370186
283445,-1.30766380781125,4,-0.13271535831652023
374154,1.0728011808658902,4,0.3542038909272993
283830,0.7752430572812471,4,0.8820449092145445
190130,0.477684933696605,4,0.8773452999218797
188734,1.22158024265821,4,-0.1320693288250791
188517,1.0728011808658902,4,0.15971981476871344
373615,-0.712547560641963,4,-0.06968799759186006
188329,0.924022119073568,4,0.7019955161215395
375006,-0.41498943705732105,4,-0.34034526363691764
373629,-1.15888474601893,4,-0.13188268593934732
189277,-2.79545442573446,4,-0.9788331761766416
283668,-1.15888474601893,4,-0.18628887851776063
187983,0.7752430572812471,4,0.020814436014856944
374190,1.0728011808658902,4,0.18892738729996628
190733,0.0313477483196424,4,0.5710302040675286
283132,0.477684933696605,4,0.37105798974434245
374476,-1.15888474601893,4,-1.0129143957617277
375896,-1.90278005498053,4,-0.36027499738185603
375839,-1.45644286960357,4,-1.4942639304461027
283083,0.0313477483196424,4,-0.05753014498940373
189224,-0.41498943705732105,4,-0.6703179854640117
187770,0.477684933696605,4,0.06559464890475336
374616,-1.30766380781125,4,-0.046098949903556556
187472,1.0728011808658902,4,0.8692234548593131
284241,-0.117431313472679,4,-0.1644147925268628
375585,-1.90278005498053,4,-0.31286099346015683
375625,-0.41498943705732105,4,-0.11594093037432816
374640,0.328905871904284,4,0.007191900048377291
373991,0.6264639954889261,4,0.036217199389673486
374413,0.924022119073568,4,-0.10643629812196734
283054,-0.41498943705732105,4,-0.17595228160506066
319779,-1.30766380781125,4,-0.1782868963089367
375417,-0.5637684988496421,4,0.11569021794059736
188374,0.7752430572812471,4,0.13800764604659307
190731,-0.712547560641963,4,0.020537213859639882
374743,1.22158024265821,4,0.9522585037528664
189631,1.0728011808658902,4,0.6451596505548484
188202,0.180126810111963,4,-0.1926355610637196
188214,0.180126810111963,4,-0.13940301766875754
375727,-1.75400099318821,4,-0.3182734684007139
187805,0.6264639954889261,4,0.5039999382617565
283117,-0.117431313472679,4,0.5781560139452032
2436999,-1.30766380781125,4,-0.33142598847047866
375662,-0.5637684988496421,4,0.1835557017302697
188232,0.328905871904284,4,-0.05432285939424165
190137,0.924022119073568,4,0.18484480084335006
187823,0.6264639954889261,4,0.061063915077029525
283813,-1.90278005498053,4,0.0628910037181701
374474,1.22158024265821,4,0.02819389696852611
375645,-1.90278005498053,4,0.25143826323822527
187860,0.328905871904284,4,-0.31899393722133035
190160,0.477684933696605,4,0.05411396034037806
188067,0.180126810111963,4,-0.011022393181327809
376012,-0.712547560641963,4,0.13620764563897125
374659,0.328905871904284,4,-0.09640526750380375
188704,1.51913836624285,4,0.9237634732407355
189287,1.0728011808658902,4,1.0469281895515108
189776,1.0728011808658902,4,0.791493412707454
188702,-0.41498943705732105,4,-0.2898799556402201
375708,-1.6052219313958898,4,-0.2544325167389743
308009,0.477684933696605,4,0.1903970521391479
187696,-0.712547560641963,4,0.18279611151227534
190703,0.477684933696605,4,0.2816283225224996
373730,-1.15888474601893,4,0.1191914390627397
188038,1.0728011808658902,4,0.13077021317404083
283121,-1.90278005498053,4,0.5918575930948418
283432,-1.6052219313958898,4,-0.3800745542199185
376022,-1.75400099318821,4,-0.9180213873777691
188153,-0.41498943705732105,4,0.24637244146869103
374719,-2.2003381785651697,4,-1.0819471600513024
375663,0.0313477483196424,4,-0.10849288505316601
283105,0.6264639954889261,4,0.7668637521150252
188033,1.0728011808658902,4,-0.4759510387126424
374702,1.0728011808658902,4,-0.2202545900326086
187645,-0.266210375265,4,-0.20286961995412497
188942,1.37035930445053,4,0.41476751708854015
375547,0.6264639954889261,4,-0.6226481508564431
188541,-1.0101056842266,4,-0.13625792382543434
374740,0.180126810111963,4,-0.27194745397258496
375503,-1.0101056842266,4,-0.35161974561094533
375004,1.37035930445053,4,-0.24240117662070254
187866,-0.266210375265,4,-0.4574672294859925
374145,-0.117431313472679,4,-0.288710144375714
190784,-0.117431313472679,4,0.9644065051498323
373850,0.328905871904284,4,-0.4134758358313716
375576,-0.8613266224342829,4,-0.6386358055202579
284192,-0.266210375265,4,-0.28330187548696933
283914,-2.2003381785651697,4,-0.43769090464468824
374545,-1.90278005498053,4,-0.8144640677823591
190434,-1.30766380781125,4,-0.6106732253052227
188056,0.6264639954889261,4,-0.18189002774546334
374473,1.22158024265821,4,0.5093310199582923
375678,-0.5637684988496421,4,-0.1997039725712235
317829,1.0728011808658902,4,0.10747409933051953
283767,1.0728011808658902,4,0.19324799559849312
375392,-0.5637684988496421,4,0.1324303721530306
188774,1.0728011808658902,4,-0.5308255090248778
187585,0.7752430572812471,4,-0.1705538020871236
189944,0.0313477483196424,4,-0.3421092812143913
188636,1.37035930445053,4,0.5964089562194874
336483,0.7752430572812471,4,0.4387656817129509
375809,-1.30766380781125,4,-0.47874537480344015
373623,-0.5637684988496421,4,0.1402937161867698
283727,-1.6052219313958898,4,-0.49304565824241847
375859,-0.41498943705732105,4,-0.08301611003258388
187904,0.328905871904284,4,-0.5019544295225692
189919,1.0728011808658902,4,-0.0353846078321859
187686,-0.266210375265,4,0.17524648686817587
189343,1.37035930445053,4,-0.10888573552377685
373758,-1.75400099318821,4,-0.0017755314976424992
188134,-1.30766380781125,4,-0.24481089296226569
374718,-1.75400099318821,4,-1.4938539399584867
187914,-0.712547560641963,4,-0.007964034463763855
374213,-1.15888474601893,4,-0.8355666820651874
375766,0.6264639954889261,4,0.45070836497457595
283125,-0.266210375265,4,0.014530272624496559
187791,0.0313477483196424,4,0.03426408993454856
284248,-1.0101056842266,4,0.01165506169965138
375850,-0.8613266224342829,4,-1.0317684894038637
188913,1.0728011808658902,4,0.669766992707513
284165,-0.712547560641963,4,-0.21891816698674177
188104,0.477684933696605,4,0.028149018617550106
283791,1.22158024265821,4,0.40213930040144036
283876,-2.2003381785651697,4,-0.6813491046884443
189077,0.6264639954889261,4,0.426969967261784
283843,-2.79545442573446,4,-1.6314568367455995
374641,1.37035930445053,4,0.36644174414408365
188355,0.0313477483196424,4,-0.27803000524833904
374629,0.180126810111963,4,0.10079593213497651
187858,0.6264639954889261,4,-0.23185696213312018
375778,-0.117431313472679,4,-0.1436279747501672
190213,-1.90278005498053,4,-1.4130261282131567
187731,0.0313477483196424,4,0.027189021684299354
188475,0.0313477483196424,4,0.06483626493527192
373627,-0.8613266224342829,4,-0.14627639841490855
190121,1.37035930445053,4,1.131675704169463
188053,1.0728011808658902,4,0.20784995304213905
188306,1.0728011808658902,4,0.20108220844967387
187456,1.0728011808658902,4,0.6530803733217793
188346,1.0728011808658902,4,0.8177499108633897
283179,-0.117431313472679,4,-0.1861049756545976
375719,0.477684933696605,4,0.09847699147577386
2437377,0.477684933696605,4,-1.2533894328175867
189137,1.22158024265821,4,0.5091487972502282
283127,-0.41498943705732105,4,0.6103956198272409
190808,0.328905871904284,4,0.782809572376114
308254,0.6264639954889261,4,0.010732735988992569
375659,-0.8613266224342829,4,-0.002924875666350358
187464,0.924022119073568,4,0.0971393451067322
187482,0.924022119073568,4,0.9117251325005398
375502,-0.117431313472679,5,0.019584337671515264
318175,1.0728011808658902,5,0.47890919518507863
187545,0.924022119073568,5,-0.292659765899172
374663,-0.41498943705732105,5,0.03137763219962722
187692,0.6264639954889261,5,-0.1716344641827424
187946,0.6264639954889261,5,-0.06177455698216134
2437268,0.328905871904284,5,0.014438280812906242
190092,-0.266210375265,5,-0.4151009035576996
375454,-0.8613266224342829,5,0.023499956176039293
187712,0.6264639954889261,5,-0.07718573194783382
283789,-0.117431313472679,5,0.10886378020354184
374151,-2.2003381785651697,5,-0.6324861151363212
189012,1.37035930445053,5,0.6066757817645634
187495,0.180126810111963,5,-0.02845190628324024
2437340,-0.117431313472679,5,-0.24716809359866362
374361,-0.41498943705732105,5,0.088863935039673
283106,0.180126810111963,5,-0.24976977724747562
373739,-1.15888474601893,5,0.0506675950622265
189955,-1.0101056842266,5,-0.2746047171426427
188733,1.22158024265821,5,-0.3615238999422817
189302,-0.98034987186814,5,0.6934959192919459
374613,0.0313477483196424,5,-0.31933254587141996
188102,1.0728011808658902,5,0.38909338088391626
187772,-1.6052219313958898,5,-0.29350659832649845
188357,0.328905871904284,5,0.5455936091435638
375921,-1.90278005498053,5,-1.3639385244037296
187895,-0.712547560641963,5,-0.4366165635664128
190238,-1.90278005498053,5,-0.5059780934973104
187523,0.6264639954889261,5,-0.04882994366832716
283775,0.924022119073568,5,0.5522632962919728
187711,1.0728011808658902,5,0.3213649142970083
284278,1.0728011808658902,5,0.3351822862221717
189233,1.22158024265821,5,0.9386907468929139
2437248,0.7752430572812471,5,0.32321691650464063
283279,-1.6052219313958898,5,-0.4403220120610104
318176,1.22158024265821,5,0.22786266491445864
188979,1.0728011808658902,5,0.31820489410602926
188911,-1.90278005498053,5,-0.8503072998380384
375627,1.37035930445053,5,-0.02763555306019935
188225,-1.0101056842266,5,-0.26715924363375787
188163,0.924022119073568,5,0.22694697505137335
189808,0.6264639954889261,5,0.4543922547340111
374541,-0.117431313472679,5,-0.2735581204677722
283199,-0.266210375265,5,-0.3042289649569318
376047,-0.5637684988496421,5,-0.44939776221198285
375820,-0.5637684988496421,5,-0.2793084079142932
188001,-0.266210375265,5,-0.2491052533101954
188532,-1.15888474601893,5,-1.051992349479297
187938,-0.117431313472679,5,0.0533218708545297
189015,-1.6052219313958898,5,0.3818833756182479
189059,1.37035930445053,5,0.05478069165423502
283766,1.0728011808658902,5,0.07813567361775431
283846,-0.5637684988496421,5,-0.48800451682327145
375455,-0.117431313472679,5,-0.1071225501671341
319283,-0.712547560641963,5,-0.4156048986721961
189090,1.0728011808658902,5,0.7174523806850556
189245,0.6264639954889261,5,0.9531140839234825
375815,-0.117431313472679,5,-0.5831510888424492
187591,1.0728011808658902,5,0.154211831080508
375817,0.0313477483196424,5,-0.38242089342026264
187725,1.22158024265821,5,0.5008330973071646
188554,0.477684933696605,5,0.1331032513255483
190173,0.7752430572812471,5,1.0262571712453954
187628,0.477684933696605,5,-0.5104586165124811
284369,0.180126810111963,5,-0.3122254430841116
188079,1.0728011808658902,5,0.10704531576717002
188015,0.477684933696605,5,-0.16922013864876717
374436,-2.05155911677285,5,-1.1188265016244088
374533,-0.8613266224342829,5,0.11182327359239284
188197,-0.5637684988496421,5,-0.3463244000023643
188980,0.924022119073568,5,0.6836391432546364
373651,-1.15888474601893,5,-0.48900002105192136
374535,-0.41498943705732105,5,-0.04347700985070094
375707,-1.45644286960357,5,0.10815414364165764
190088,0.328905871904284,5,-0.24321527964255235
187594,0.180126810111963,5,-0.009830070130023908
189006,1.37035930445053,5,0.5743577057095393
189079,0.180126810111963,5,-0.17105588379980835
190709,0.0313477483196424,5,0.32592187715557447
188215,0.0313477483196424,5,-0.2800245915971177
375962,1.0728011808658902,5,-0.22064898271924216
190277,0.7752430572812471,5,0.017841006914787648
187906,0.6264639954889261,5,-0.9929105665607788
283759,0.328905871904284,5,-0.4446677639005274
189301,0.924022119073568,5,1.345287319287435
2437251,1.0728011808658902,5,0.054634935730814044
375475,-0.41498943705732105,5,0.5956168863681559
284216,0.477684933696605,5,-0.12798854834230633
187867,0.0313477483196424,5,-0.4879497333277953
2437258,-1.30766380781125,5,-1.334269269885177
375569,-1.0101056842266,5,-0.17342480603535707
283579,-1.0101056842266,5,-0.5097246312878254
188895,1.51913836624285,5,0.3795040590138518
374742,1.51913836624285,5,0.8610340758001389
374622,-0.41498943705732105,5,0.2652268117225727
336478,0.924022119073568,5,0.24261544505269833
374124,0.924022119073568,5,0.0870906953203463
375589,-0.117431313472679,5,-0.5261314925293316
284303,0.477684933696605,5,0.23377022023967597
284110,-1.30766380781125,5,-0.4500887775178253
189964,-1.30766380781125,5,-0.5574361712519932
284328,-1.75400099318821,5,-1.1811395709680863
188152,0.180126810111963,5,-0.25734057813215
375310,-0.117431313472679,5,-0.14917175449674827
190055,0.924022119073568,5,0.6642844178664711
283553,-2.05155911677285,5,-0.5386654682348092
374624,-0.266210375265,5,-0.0983219772010845
284277,-1.6052219313958898,5,-1.013702803272141
187690,0.328905871904284,5,-0.013724350858430486
190114,1.51913836624285,5,1.1429716702849928
374377,-0.5637684988496421,5,0.5136613783105062
187682,0.477684933696605,5,0.3315173614812972
2437378,0.0313477483196424,5,0.42085242732426914
284090,-1.30766380781125,5,-0.1369922012259355
2437308,-0.712547560641963,5,-0.0008894524899326634
188909,1.22158024265821,5,-0.04763621255740517
376021,-2.05155911677285,5,-0.3720828613910957
283313,-0.266210375265,5,-0.3251861687659711
187954,-0.8613266224342829,5,-0.44557467334987527
374969,0.0313477483196424,5,0.004530968346544246
189977,-1.0101056842266,5,-1.1627520401742197
375373,-0.5637684988496421,5,-0.457679011580112
189887,0.328905871904284,5,0.07880197529619684
308011,0.7752430572812471,5,-0.26879042105624346
374768,0.924022119073568,5,0.7334166911641039
375243,0.0313477483196424,5,-0.6540369316402579
283778,0.6264639954889261,5,-0.19044876833492505
373904,1.0728011808658902,5,0.11893264912473889
374517,-0.712547560641963,5,0.2629248774676063
187883,0.180126810111963,5,0.06061737298990452
2437267,0.328905871904284,5,-0.18111715229692926
374741,1.0728011808658902,5,0.5538149091270995
190073,-1.90278005498053,5,-0.8486844981365802
187875,1.37035930445053,5,0.3048913442023868
283817,-1.30766380781125,5,-0.5797988515377365
2437395,0.180126810111963,5,0.3303824067823912
188764,0.477684933696605,5,-0.5609706154049268
189290,1.22158024265821,5,0.6607943511974412
187584,1.37035930445053,5,-0.08911876828033012
188095,0.328905871904284,5,0.059431180004567936
188026,0.6264639954889261,5,0.4121627192751071
375370,-0.41498943705732105,5,-0.18693486727539219
188218,0.6264639954889261,5,-0.01030776681071258
283471,-0.117431313472679,5,-0.43671200198096755
187985,0.924022119073568,5,0.05759772537300043
189628,1.0728011808658902,5,0.47605655010751424
189081,0.0313477483196424,5,0.21684968125226767
189690,1.0728011808658902,5,-0.3689334994338818
188292,-1.0101056842266,5,-0.08597076820887146
375679,1.0728011808658902,5,0.009811499683322683
375666,0.6264639954889261,5,0.022848496137223947
308004,1.22158024265821,5,0.18841326800789693
189240,1.37035930445053,5,0.5323434464894145
284132,-1.90278005498053,5,-0.6514133057024682
188407,-2.2003381785651697,5,-0.12788396535406613
374934,-2.64667536394214,5,-0.8642022050641023
187541,0.924022119073568,5,-0.03733245211568703
373649,-0.712547560641963,5,0.11182396697777383
187780,0.0313477483196424,5,-0.12135293256808953
188064,0.924022119073568,5,0.41524421866408184
283214,-0.117431313472679,5,-0.5003516872330221
188000,0.180126810111963,5,-0.09194615820318701
187853,-0.5637684988496421,5,-0.01983175871492192
188899,1.37035930445053,5,0.40578760859909835
189005,1.37035930445053,5,0.31631298840965477
187749,0.7752430572812471,5,-0.01631583517877102
188363,1.0728011808658902,5,0.2408410557863792
375441,0.477684933696605,5,-0.20149490713056528
318178,1.37035930445053,5,0.17412245375494675
187757,-0.266210375265,5,0.2977586063451512
374160,1.0728011808658902,5,-0.2715304584376328
188786,0.0313477483196424,5,0.18380044779440616
374513,1.22158024265821,5,0.45267113792372765
190018,1.22158024265821,5,0.058110779437217513
283964,1.0728011808658902,5,0.04426653334580194
187767,-0.117431313472679,5,-0.3588084143866167
374807,1.0728011808658902,5,0.05911427254762926
189085,0.0313477483196424,5,0.4460955321583429
283114,0.180126810111963,5,0.3813118335275284
318549,-0.41498943705732105,5,0.3386695000819816
2436902,-0.712547560641963,5,-0.658899006921998
375807,-1.90278005498053,5,-0.49078969434714265
375736,0.477684933696605,5,0.18129454596975347
283229,-0.117431313472679,5,-0.38989726405512154
284322,-0.712547560641963,5,-0.5552508175486628
373903,0.6264639954889261,5,-0.11686234520461919
187945,0.477684933696605,5,-0.076639674157995
187589,-0.117431313472679,5,-0.5557230132913357
375411,-0.266210375265,5,-0.039452398395319006
336684,1.37035930445053,5,0.5040637590063949
188469,0.7752430572812471,5,-0.4927151609829818
283143,1.22158024265821,5,0.6991053899498899
188897,-1.90278005498053,5,-0.3284864756237413
375835,0.6264639954889261,5,0.15343722965047843
283719,0.180126810111963,5,0.18814636337468132
189164,1.51913836624285,5,0.43177790340146915
283235,-0.41498943705732105,5,0.1932508104360592
375597,-1.0101056842266,5,-0.431804099237826
376002,-1.0101056842266,5,0.11714257241657307
188974,-0.8613266224342829,5,0.10097296194665319
189803,-1.30766380781125,6,-0.39552207921184235
374479,1.0728011808658902,6,-1.436560272815203
187998,0.477684933696605,6,0.058941186946903534
375449,-0.41498943705732105,6,-0.0964615291793598
187739,0.477684933696605,6,0.3855826567239147
283776,0.924022119073568,6,0.16321299295236663
187658,-0.266210375265,6,-0.19796694415046617
336479,0.6264639954889261,6,0.09415407840671353
375995,1.37035930445053,6,0.0690129016937716
284161,-1.75400099318821,6,-0.14873096913743863
187893,1.37035930445053,6,0.2197667491051836
319783,0.180126810111963,6,-0.13994681826558203
375957,-0.41498943705732105,6,0.1274378078593777
187817,-1.15888474601893,6,-0.48684623257641835
374174,1.0728011808658902,6,-0.25319660777443026
188250,0.180126810111963,6,-0.28112656369544103
284372,0.0313477483196424,6,0.2436459477610565
375917,1.37035930445053,6,0.2685669283775154
188209,0.477684933696605,6,-0.5774411992625867
283803,-0.712547560641963,6,-0.24634217948287304
188981,0.180126810111963,6,0.5966090632170578
188467,0.180126810111963,6,-0.1351056666266245
189854,0.924022119073568,6,0.18375713203565558
375813,0.477684933696605,6,0.07616148598330505
374416,0.180126810111963,6,0.4006966729317887
187671,1.22158024265821,6,0.04943425888101373
283722,-0.8613266224342829,6,-0.12255302926004097
187995,0.328905871904284,6,-0.08214660512816425
189421,0.924022119073568,6,0.16606356257770705
283312,0.6264639954889261,6,0.05151222747784124
375410,-0.266210375265,6,0.09474129266887309
284312,-2.05155911677285,6,-1.3465353020122515
188957,0.7752430572812471,6,0.3775419606526015
189751,-2.2003381785651697,6,-1.0499838605905152
375702,0.328905871904284,6,-0.23763988334587005
283833,1.0728011808658902,6,-0.02264895980504753
375094,-1.30766380781125,6,-0.5471267006292891
187804,-1.90278005498053,6,-0.7734364220216903
375433,1.0728011808658902,6,0.2091718458159105
375950,-0.8613266224342829,6,-1.1801487789102942
187887,0.477684933696605,6,-0.33174113494160345
374551,-2.4978963021498104,6,-1.0925501501651667
283144,1.0728011808658902,6,0.23930828099773974
187819,-0.8613266224342829,6,0.02595681929249844
188035,-0.266210375265,6,-0.40097652422862234
187980,1.22158024265821,6,0.10262513392686261
187907,0.180126810111963,6,0.05800455834294359
189093,-0.8613266224342829,6,-0.0160420696987547
283741,-0.5637684988496421,6,-0.0320444498878877
188419,1.22158024265821,6,-0.054133637173771704
188816,0.6264639954889261,6,0.6122000462193461
189706,0.328905871904284,6,-0.05065246284267574
283752,-1.15888474601893,6,0.3063985830850944
283707,-0.712547560641963,6,0.03127029794612535
375540,-0.117431313472679,6,-0.15085005106592186
188341,0.477684933696605,6,0.35772418294978814
188105,-1.30766380781125,6,-0.013785495507912924
188759,-0.5637684988496421,6,-0.12461187682373578
375372,-1.6052219313958898,6,-0.25071471095363834
284002,-0.712547560641963,6,0.04375781808019383
375717,0.0313477483196424,6,0.07722624417133915
188521,0.7752430572812471,6,-0.01601846723026827
375941,-2.2003381785651697,6,-0.9388420212286115
189829,1.51913836624285,6,0.9449357605007195
375545,-0.41498943705732105,6,-0.3150985804267643
189225,0.6264639954889261,6,0.3570032085568004
187556,0.477684933696605,6,0.13274809049066724
189753,1.37035930445053,6,0.4888231913544574
188172,0.7752430572812471,6,-0.19238314191276196
375018,1.0728011808658902,6,-0.14315253754245594
187508,1.22158024265821,6,0.5243617912359246
189723,0.924022119073568,6,0.37796782621057207
284370,-1.6052219313958898,6,-0.3244492035083427
190189,0.924022119073568,6,1.1552928030870486
188496,1.0728011808658902,6,0.5060947636271265
188997,-1.75400099318821,6,-0.19470737863734563
187574,-0.712547560641963,6,-0.009604822459332984
189647,0.6264639954889261,6,0.19283963022263517
375295,0.7752430572812471,6,-0.06300531947129255
190811,-1.15888474601893,6,0.47033559765938293
187846,0.0313477483196424,6,-0.1720139620186671
2437282,-0.8613266224342829,6,0.15362687177438827
187656,0.7752430572812471,6,0.04089874457034132
187801,-1.45644286960357,6,-0.23538553768463316
189856,0.180126810111963,6,0.3549833235445145
190252,-1.30766380781125,6,-0.5552952031208258
187599,0.924022119073568,6,-0.12109048042020447
188969,-0.8613266224342829,6,0.5511481033273763
319285,0.6264639954889261,6,-0.06296973013531863
190814,0.6264639954889261,6,0.7326392773065652
2437410,0.477684933696605,6,-0.0636417550839675
375665,1.22158024265821,6,-0.07042325483594163
375571,-1.6052219313958898,6,-0.4795838656116853
336686,0.477684933696605,6,-0.037723440291549316
283104,-0.712547560641963,6,0.3895676578834041
283230,0.180126810111963,6,0.003077430530546556
189237,1.37035930445053,6,0.8669039619576199
190708,-0.712547560641963,6,0.6231993422146901
283194,-0.41498943705732105,6,-0.32161357887963005
375802,-1.0101056842266,6,-0.02917675378772977
375691,-0.117431313472679,6,0.07677321870363615
375695,-1.0101056842266,6,-0.027124203107446163
188061,0.6264639954889261,6,0.23647910781383705
375572,-2.79545442573446,6,-0.39186282106374054
374944,0.180126810111963,6,0.9902467495637144
375573,1.37035930445053,6,0.021474941805860265
375499,-0.266210375265,6,-0.0027323586448691783
187699,0.6264639954889261,6,0.7276980754931404
187471,1.51913836624285,6,0.5050919556116755
187832,0.180126810111963,6,0.10078247550931296
190037,-1.45644286960357,6,-0.3529479314920535
188996,-0.117431313472679,6,0.8394459227658123
190063,-0.117431313472679,6,0.18086926694487623
187607,0.7752430572812471,6,0.14246686306965384
284190,-0.266210375265,6,-0.2331002530428102
188034,1.22158024265821,6,0.12500829357251153
188990,1.22158024265821,6,0.7670034699093816
283089,-0.5637684988496421,6,-0.04968508617621425
375371,-1.90278005498053,6,-0.32853454000872556
374013,0.180126810111963,6,-0.15585488861473792
374368,0.0313477483196424,6,-0.09746608170961342
374978,1.22158024265821,6,0.6005436613629828
190039,1.51913836624285,6,1.1901370524486554
189232,1.37035930445053,6,0.8096269875177408
188028,0.6264639954889261,6,-0.10092724196849918
189853,-1.45644286960357,6,-0.08639386262088025
283427,-1.6052219313958898,6,-0.5210063434092886
189683,0.6264639954889261,6,-0.15325692615221786
375952,-1.90278005498053,6,-0.9634461604303557
188255,1.0728011808658902,6,0.1468956580694688
284265,-1.45644286960357,6,0.18090504941306232
188349,0.477684933696605,6,-0.0552602549021556
283224,0.328905871904284,6,-0.1313718667623405
283359,-0.712547560641963,6,-0.5846003485191846
375557,-1.6052219313958898,6,-0.5851238877556061
190058,0.477684933696605,6,0.07645767463655488
189028,-0.8613266224342829,6,0.5885269078108555
375567,0.924022119073568,6,-0.08155033592065633
190141,-0.712547560641963,6,-0.11520297356451145
189241,1.22158024265821,6,0.9448403798517724
375394,-1.15888474601893,6,-0.29201491944656344
374589,0.180126810111963,6,-0.48713512933727937
187956,-0.5637684988496421,6,-0.18938423595811293
190819,-1.0101056842266,6,0.7134932677020636
375745,1.0728011808658902,6,0.5376145980915188
188235,0.477684933696605,6,-0.27089732929618027
375740,1.22158024265821,6,0.09958927766744355
373654,-1.45644286960357,6,-0.014495712982672168
189024,1.22158024265821,6,0.5615780984636718
283754,-1.15888474601893,6,-0.16185065029280304
190057,0.924022119073568,6,0.2851366629024857
374703,0.180126810111963,6,-0.04617169213005845
188975,1.51913836624285,6,0.3152930433686863
189715,0.477684933696605,6,0.3380097651775553
187654,-0.5637684988496421,6,0.35236826539464555
189732,1.22158024265821,6,0.6748173401971764
338067,0.6264639954889261,6,-0.33733517184330103
375923,-0.266210375265,6,-0.2830352112008969
374681,-1.30766380781125,6,-0.13886963810684919
308010,0.477684933696605,6,-0.45972673024129096
188187,0.7752430572812471,6,-0.2662634425538882
187566,0.180126810111963,6,-0.28713565028936655
187751,0.477684933696605,6,-0.17841069624611233
284100,0.180126810111963,6,-0.24405424763326306
376027,0.328905871904284,6,-0.11831330011313114
190085,-0.712547560641963,6,-0.22846241972763234
373745,-1.90278005498053,6,-0.10992532351031889
187822,-0.5637684988496421,6,0.10619510961614076
188818,0.477684933696605,6,-0.010811497392617875
374680,-0.117431313472679,6,-0.1856397351846674
188311,1.37035930445053,6,0.4169832374422941
283431,-1.30766380781125,6,-0.43060157091953166
189236,1.37035930445053,6,0.6710997388461589
283726,0.328905871904284,6,-0.08147415753463105
189455,0.924022119073568,6,0.05353086163595261
188458,1.0728011808658902,6,0.2554327367928181
190278,0.7752430572812471,6,-0.3537647086343289
187514,0.477684933696605,6,-0.028512355598246567
188189,1.37035930445053,6,0.49770260563840074
187675,-2.64667536394214,6,-0.7900979773760104
190067,1.0728011808658902,6,0.7627399453302554
189759,-1.0101056842266,6,0.424431108821064
188993,1.22158024265821,6,0.6127207788124203
373734,-1.30766380781125,6,0.029071725727335622
188448,1.0728011808658902,6,0.6897990556927847
375527,-0.5637684988496421,6,-0.3506745384860166
188314,1.37035930445053,6,0.2123700860127463
187878,-1.30766380781125,6,-0.7588634282115202
284239,-1.45644286960357,6,-0.09918535330222503
374066,1.37035930445053,6,-1.040094875811128
189961,-0.5637684988496421,6,-0.15371438835506926
190791,-0.117431313472679,6,-0.42624697225317587
190164,-1.30766380781125,6,-0.35073519987844554
188055,1.0728011808658902,6,0.121511124054702
188383,-0.266210375265,6,-0.384894536486462
187868,0.180126810111963,6,-0.33622270997414594
188912,0.924022119073568,6,0.756301164670676
189932,-1.0101056842266,6,-0.9231126253447627
187718,0.0313477483196424,6,-0.03516756001397779
187879,-1.0101056842266,6,-0.4744132375650632
2437408,-0.712547560641963,7,-0.1006905831954132
374630,-0.117431313472679,7,-0.10286863923654568
187702,1.0728011808658902,7,0.8930862513895101
374658,-0.712547560641963,7,-0.22984108374102255
375932,-0.8613266224342829,7,-1.2000393696968057
187930,0.6264639954889261,7,-0.21432961178054263
373621,-0.8613266224342829,7,-0.11901465827419873
187535,-0.266210375265,7,-1.017832101779872
187475,1.0728011808658902,7,0.11622963210838602
189623,1.22158024265821,7,0.8019114024753908
187807,1.0728011808658902,7,-0.28659692175363755
374604,-0.117431313472679,7,0.1404940720101413
190403,-1.75400099318821,7,-0.7391392082613603
374371,-2.05155911677285,7,-1.0537072926768984
187928,-0.712547560641963,7,-0.02390617572926607
374678,-1.0101056842266,7,-0.01178834694978276
187974,-0.41498943705732105,7,0.04907689022472727
374374,-0.117431313472679,7,0.4520081696546767
376013,1.22158024265821,7,-0.05095910855670229
187631,0.328905871904284,7,-0.17280200835989498
188958,1.0728011808658902,7,0.5787072575649698
374763,1.37035930445053,7,1.0640481121863619
190818,-2.05155911677285,7,-1.4888979647965532
284080,-1.45644286960357,7,-0.05941622106218994
283735,0.0313477483196424,7,0.31813721374346665
375748,1.22158024265821,7,0.4851806123740941
188765,-0.266210375265,7,-0.33316754275471194
374621,0.924022119073568,7,-0.34689145064905913
187497,1.37035930445053,7,0.8076270303872768
188320,1.0728011808658902,7,0.6943437385052568
375539,-0.8613266224342829,7,-0.45015785305748707
375993,0.477684933696605,7,-0.04797532501118802
374191,1.51913836624285,7,0.9606988923391546
374064,1.37035930445053,7,0.3193178301943246
187551,-1.30766380781125,7,-0.13557838889068696
283634,0.477684933696605,7,-0.0564982483400039
187958,0.328905871904284,7,-0.3305121017363669
283130,-0.117431313472679,7,-0.20227627681105234
2437412,-2.05155911677285,7,-0.13638275332087382
187663,-0.266210375265,7,-0.24252015528425264
187936,-1.15888474601893,7,0.038850823749953835
375577,-0.5637684988496421,7,-0.37875327054026114
188146,0.0313477483196424,7,-0.6142879970784602
2437048,-0.117431313472679,7,-0.47125354468043124
375767,0.6264639954889261,7,-0.032322896925782316
375409,-1.30766380781125,7,0.017546091149999662
187491,0.477684933696605,7,0.4392371508997528
189840,-1.75400099318821,7,-0.6734710863602122
283232,0.924022119073568,7,0.39971583477252987
189822,1.37035930445053,7,0.8751339409272955
189188,-1.90278005498053,7,-0.13022507135556854
188291,0.0313477483196424,7,-0.21613783009826082
317953,1.0728011808658902,7,0.46090020147436117
188429,-0.5637684988496421,7,-0.45266632772547366
187886,-2.2003381785651697,7,-0.23278965068359722
374894,0.180126810111963,7,-0.3320353560069353
189045,1.51913836624285,7,0.8060357403807938
374003,0.0313477483196424,7,-0.24230543086647033
189094,0.6264639954889261,7,0.7545937413773045
187678,0.0313477483196424,7,0.22703351870680413
283444,-2.2003381785651697,7,-0.5267051705232717
189669,1.37035930445053,7,1.1576676575362659
283768,-0.266210375265,7,0.1637231971867476
188027,0.924022119073568,7,0.3412482627389881
190774,0.924022119073568,7,0.4005487211541427
375437,-1.30766380781125,7,-0.17713179913617635
189022,0.924022119073568,7,0.1561711434357055
283773,0.328905871904284,7,0.502132732479375
374688,-0.5637684988496421,7,-0.11405525061925192
187501,0.7752430572812471,7,-0.21118874408211002
375682,1.0728011808658902,7,0.09992432447183806
373733,-1.0101056842266,7,0.18174246499793095
375453,-0.117431313472679,7,-0.48224233516243403
189267,-1.0101056842266,7,-0.9517398362653647
190175,1.0728011808658902,7,0.3617384487108691
190797,-0.712547560641963,7,-0.5312905408189658
188464,1.0728011808658902,7,0.1452657778576978
189027,1.37035930445053,7,0.26479076406604707
188019,0.0313477483196424,7,0.08309607886808765
284025,-0.712547560641963,7,0.21760623306970517
187876,1.37035930445053,7,0.37545573542863164
189070,-1.6052219313958898,7,-0.19755061965582615
374631,0.6264639954889261,7,0.03981887766010963
375705,-0.8613266224342829,7,-0.5493218917598547
283655,-0.266210375265,7,-0.49142104296149713
284215,0.0313477483196424,7,-0.22266674470034514
376023,-0.266210375265,7,0.03844983691389876
374567,-0.41498943705732105,7,-0.0463633540069485
187655,-0.41498943705732105,7,-0.34499747689844645
189221,0.924022119073568,7,0.3634868874284503
373675,-1.0101056842266,7,0.004824566127483981
283120,-1.0101056842266,7,0.15774162466854277
188224,0.924022119073568,7,-0.22688803939699548
189734,-1.30766380781125,7,-0.5845307999595323
190805,-1.90278005498053,7,-0.13108650846170472
188454,-0.712547560641963,7,-0.31860580287849244
375608,-0.41498943705732105,7,-0.609910101924333
375851,-2.34911724035749,7,-0.585487179528017
283633,0.328905871904284,7,0.34327735775050966
190134,0.7752430572812471,7,0.216002551721123
188093,0.6264639954889261,7,0.060048361338614194
189864,-0.266210375265,7,0.35238972043596223
283822,-2.4978963021498104,7,-0.053693999028441984
318173,0.7752430572812471,7,-0.31959953243015476
188988,0.7752430572812471,7,0.7284243867165854
375458,0.477684933696605,7,0.6699342060143648
190795,1.0728011808658902,7,0.08608458384929117
189980,0.328905871904284,7,0.19704610512620938
283515,-1.6052219313958898,7,-0.9233112754455539
336783,0.180126810111963,7,0.04342381626860365
283667,-0.41498943705732105,7,-0.45873584044401844
375752,0.328905871904284,7,-0.01665611159211997
375759,0.180126810111963,7,-0.061794935147469116
375788,-1.30766380781125,7,-0.14893747310012329
187824,-0.266210375265,7,-0.40435160923813535
190142,0.6264639954889261,7,0.9132623789571785
189390,-0.117431313472679,7,0.9339176876857007
188156,-1.0101056842266,7,-0.1481206906544339
374516,0.7752430572812471,7,0.7102179506563364
188497,0.328905871904284,7,0.17926423351522616
189222,0.6264639954889261,7,0.4498245123521548
188345,1.22158024265821,7,0.5249148387225502
188325,1.37035930445053,7,-0.2869395987955777
375939,-1.6052219313958898,7,0.013373577784922016
187526,-0.8613266224342829,7,0.4318887389825349
374599,-0.712547560641963,7,-0.070346214891736
188640,0.477684933696605,7,0.4858060950891461
374995,1.0728011808658902,7,-0.009417612870186576
187820,0.477684933696605,7,-0.06804193220146976
283755,0.0313477483196424,7,-0.03491341704261289
188441,0.6264639954889261,7,0.5661631135108176
190734,0.0313477483196424,7,0.3634156144168549
190016,1.0728011808658902,7,0.3479831720819645
374696,-1.45644286960357,7,-0.14458431289525842
188121,1.0728011808658902,7,0.024909094173298885
189889,-0.266210375265,7,-0.0866650164926778
188244,0.6264639954889261,7,0.10153271457884055
375037,0.7752430572812471,7,0.13367937844011832
283751,0.180126810111963,7,0.2034740914647099
375674,1.0728011808658902,7,0.03287534034360959
187833,0.924022119073568,7,0.28945603025467614
189244,-0.117431313472679,7,0.22423720169356964
187544,0.6264639954889261,7,0.18348176499388721
188029,0.7752430572812471,7,0.05158942973473709
375640,0.180126810111963,7,-0.11206526567534825
374536,-0.266210375265,7,0.7577293425851969
373760,-0.712547560641963,7,-0.15888862331735812
2437286,0.328905871904284,7,-0.28401796846332505
189099,-0.117431313472679,7,-0.9540760893822865
187461,0.328905871904284,7,0.6473284670851986
187855,0.180126810111963,7,0.2168272797712579
189293,1.0728011808658902,7,0.1591922231749167
375690,0.924022119073568,7,-0.09254047306960214
283802,-2.05155911677285,7,-0.5779708931059856
189881,-1.30766380781125,7,-0.05837539503641296
187756,-1.30766380781125,7,-0.28813703938957325
283656,-1.15888474601893,7,-0.6623534057067128
319956,1.0728011808658902,7,0.4508872774485839
190086,-1.90278005498053,7,-0.9961290769324854
283962,0.328905871904284,7,0.1540949394991162
375467,-1.90278005498053,7,-0.5472345062744339
187573,-0.117431313472679,7,0.10949556133155335
375795,0.180126810111963,7,0.12435609071439657
375857,-0.5637684988496421,7,0.04810802882758939
375642,-0.8613266224342829,7,0.4540616548902176
374607,-0.5637684988496421,7,-0.35143582105829946
187854,0.477684933696605,7,0.2165208777240407
189288,1.22158024265821,7,-0.08046731125762044
187877,-0.266210375265,7,-0.1430312567085273
374359,0.6264639954889261,7,0.7107376264834894
190191,0.477684933696605,7,0.7332460022208451
190059,0.7752430572812471,7,-0.2849182549460583
375895,-2.2003381785651697,7,-0.23875831274163434
375943,-1.75400099318821,7,-0.9412907928076827
190139,-0.5637684988496421,7,0.028507295174675432
189274,-2.79545442573446,7,-0.8934627064465027
375550,-1.15888474601893,7,-0.035226523338343356
374693,0.7752430572812471,7,-0.2821018882431366
374367,0.180126810111963,7,-0.6183236872654765
375784,-1.30766380781125,7,0.02544811916394489
190711,0.477684933696605,7,0.3465938764460954
283157,0.180126810111963,7,-1.3435870743536629
187560,0.477684933696605,7,0.09098067530424923
187981,1.0728011808658902,7,0.22705798648500114
189667,1.22158024265821,7,0.6588016580849224
375432,-1.45644286960357,7,-0.28608023775353475
188536,-0.712547560641963,7,0.21506499250438513
336685,1.37035930445053,7,0.20576213690640985
319784,0.924022119073568,7,-0.5851943881122281
187752,-1.75400099318821,7,-0.4719303885294754
375687,0.477684933696605,7,-0.29046224843114604
189035,1.51913836624285,7,0.7078403493229459
374067,1.22158024265821,7,0.029355023392553078
284281,0.0313477483196424,7,0.08580089397693424
284066,-1.45644286960357,7,0.12776932515692482
283456,-0.712547560641963,7,-0.46769266155679656
187677,0.328905871904284,7,0.057833358478937016
283763,-0.8613266224342829,7,-0.3068215866248033
189043,-1.90278005498053,7,-0.3055260474402109
190274,0.180126810111963,7,0.41051314292315366
188302,-0.117431313472679,8,0.1198404031116896
375169,-1.6052219313958898,8,-0.5026903225059111
187975,1.0728011808658902,8,0.25984704826827726
190167,-2.4978963021498104,8,-0.20162450300683318
284202,0.328905871904284,8,0.3375345064225202
374396,1.51913836624285,8,0.3194102511188532
374385,-0.266210375265,8,-0.028947569886834452
188563,-0.117431313472679,8,0.599293886353826
189031,0.328905871904284,8,0.4197998671935114
187505,-2.2003381785651697,8,-0.577624269422319
188944,1.0728011808658902,8,0.142454708426382
373481,-1.0101056842266,8,0.0005448560151985662
375579,1.37035930445053,8,0.060875082439792116
374001,-1.0101056842266,8,-0.14665740754947756
283625,0.924022119073568,8,-0.2925945015995945
374386,0.477684933696605,8,-0.23889690660205123
188413,-1.30766380781125,8,-0.36414646293899616
188421,0.6264639954889261,8,-0.008328078764057454
375974,0.477684933696605,8,-0.015149488825157497
374941,0.6264639954889261,8,0.21590493165722516
190702,0.180126810111963,8,0.6001892988260651
190051,-2.64667536394214,8,-1.478559094559261
189041,-0.117431313472679,8,-0.21758359977413294
187691,0.924022119073568,8,0.4468200847288362
283449,0.7752430572812471,8,-0.25601552330772265
188226,1.22158024265821,8,0.6348324195816336
375024,0.477684933696605,8,-0.02667173658565214
189243,1.22158024265821,8,0.7818595164245661
188340,1.0728011808658902,8,0.21405905301946757
283839,-0.712547560641963,8,-0.6948211335864903
189668,1.37035930445053,8,0.9975901891756703
187562,0.6264639954889261,8,0.24853164565951452
375704,0.477684933696605,8,0.18630037609142736
190807,0.328905871904284,8,0.2790512227971181
188369,0.0313477483196424,8,-0.30809110905297254
375391,0.0313477483196424,8,-0.1618505280227825
156377,-2.64667536394214,8,-0.8054640413735379
188999,-0.117431313472679,8,0.543844562301058
283448,-0.8613266224342829,8,-0.260229257538117
188987,1.37035930445053,8,0.7870072258169384
283178,0.7752430572812471,8,0.4132328520716096
187685,-1.6052219313958898,8,0.4122560273053247
187924,-2.4978963021498104,8,0.06730747915896322
189068,0.6264639954889261,8,-0.09238286087210161
190096,1.37035930445053,8,0.6266920602890624
373777,-1.0101056842266,8,-0.3976478371432365
374689,1.0728011808658902,8,0.32979066635752863
190069,-1.0101056842266,8,0.32109969960452894
376033,1.22158024265821,8,-0.17241652022507345
284304,0.328905871904284,8,0.3058659219505987
188094,1.37035930445053,8,0.2849899279603482
187579,0.7752430572812471,8,-0.028091851991455672
189032,1.51913836624285,8,0.5521764874219868
188375,-1.0101056842266,8,-0.02171160572649117
188846,0.180126810111963,8,-0.03905339790765359
190163,-0.8613266224342829,8,0.6326616531067583
283967,-0.41498943705732105,8,0.11327931569857738
187987,0.7752430572812471,8,0.10380952216653792
190794,-1.30766380781125,8,0.1373316446943427
189029,1.37035930445053,8,0.526152262099623
190127,1.37035930445053,8,1.2635734364260043
189239,-0.117431313472679,8,0.023742195560677064
374331,-0.712547560641963,8,-0.18607237289248194
189020,0.924022119073568,8,0.5641595045048879
284371,-0.712547560641963,8,0.01767650481662431
319955,0.7752430572812471,8,-0.06845190730972256
188423,-0.712547560641963,8,0.3850100286867275
188669,-0.41498943705732105,8,-0.22555405455625913
188204,-0.8613266224342829,8,-0.16151010422169626
375871,-0.5637684988496421,8,0.08167074757653649
373770,-0.117431313472679,8,0.3018235899057412
375816,-0.712547560641963,8,-0.42816163137088853
188157,-0.41498943705732105,8,0.28573103570969444
374617,-0.8613266224342829,8,-0.6403283914516384
187511,0.477684933696605,8,0.37580293536201
187814,0.6264639954889261,8,-0.06913213027809803
188758,1.37035930445053,8,0.05090261042110461
284335,-0.266210375265,8,-1.1913839665871493
190006,-0.712547560641963,8,0.13762271007667062
319957,1.37035930445053,8,0.18028232664100038
375456,-0.5637684988496421,8,-0.13985787034036162
189928,-1.0101056842266,8,0.1834435534221886
375552,-0.8613266224342829,8,-0.47234174077754726
374204,1.0728011808658902,8,0.2643933490628642
189797,-0.117431313472679,8,-1.088228253739018
187816,-0.5637684988496421,8,-0.5023933172466322
308211,-0.8613266224342829,8,-0.43471106609496607
187537,-0.117431313472679,8,-0.5629362418567647
190070,1.6679174280351698,8,0.7850790647005264
188545,0.7752430572812471,8,0.24864728492470017
374156,0.924022119073568,8,0.8169034728155236
283732,-0.41498943705732105,8,0.1644093821421242
375922,1.22158024265821,8,-0.014976943646107799
189833,-0.8613266224342829,8,-0.5693815737123779
374158,-1.6052219313958898,8,0.38668109211431934
189892,0.6264639954889261,8,0.26184158091859805
284334,-1.45644286960357,8,-0.7413087162203255
374109,1.22158024265821,8,0.792423969160131
375696,-0.5637684988496421,8,-0.16718450159058534
373832,0.477684933696605,8,-0.18530380492799495
374527,-0.5637684988496421,8,-0.07014411332757976
190062,0.477684933696605,8,0.17548352964136507
375560,-1.0101056842266,8,-0.6236274708519892
283676,-0.5637684988496421,8,0.9013311064424758
375664,-1.30766380781125,8,-0.5942779115877097
188427,-0.117431313472679,8,0.13750574090975534
188577,-0.117431313472679,8,0.1099562895083032
374746,1.22158024265821,8,0.47356517242904556
188270,1.37035930445053,8,0.9051116775185236
283664,0.0313477483196424,8,-0.42383418294816144
284222,-1.90278005498053,8,-0.5233594493133342
373764,-1.0101056842266,8,-0.045557759450160884
187778,0.477684933696605,8,-0.41625138231744263
374598,-0.266210375265,8,-0.18363033494648923
188113,1.37035930445053,8,0.36323351194011655
190804,0.7752430572812471,8,0.5587598636708746
188012,1.0728011808658902,8,0.08034233607531513
189194,0.180126810111963,8,0.39673062466365816
283231,-0.5637684988496421,8,-0.6031274418742133
375254,0.180126810111963,8,-0.4111613082038542
187610,1.51913836624285,8,0.8875046958616405
190081,-1.30766380781125,8,-0.5564945496174458
374004,-0.41498943705732105,8,-0.13878671303072837
188529,0.180126810111963,8,0.15406693869204313
374139,0.6264639954889261,8,0.5386245902301717
374171,0.924022119073568,8,0.12219285442419513
375905,-0.712547560641963,8,0.005441896054180686
374147,-0.712547560641963,8,-0.14674714526669316
375548,-0.117431313472679,8,-0.11786045653650727
188972,-0.8613266224342829,8,0.4667303009986499
337841,1.0728011808658902,8,-0.14738917314929761
375799,-0.712547560641963,8,-0.03275209627500362
187903,0.924022119073568,8,-0.9647409529521674
188051,-0.5637684988496421,8,-0.5257822572824375
374531,-0.266210375265,8,-0.12108367064202465
375796,-0.117431313472679,8,-0.040388301475937874
189013,0.328905871904284,8,0.40423003208651587
188546,0.180126810111963,8,0.40140093067639054
374683,-0.117431313472679,8,-0.006995725202642044
308269,1.0728011808658902,8,-0.35007759818109313
189229,1.22158024265821,8,0.8907787271370409
308006,1.37035930445053,8,-0.20550167195087074
187704,1.22158024265821,8,0.6453966473182315
375976,-2.2003381785651697,8,-1.271978842720584
375513,-1.15888474601893,8,0.2567941971800316
189632,0.7752430572812471,8,0.591002687983762
188373,-0.41498943705732105,8,0.28797412410955886
284069,0.477684933696605,8,-0.40269058615645564
283849,0.477684933696605,8,0.030728982415663134
283176,0.477684933696605,8,0.6087298140906696
283177,0.180126810111963,8,-0.3990697040127302
284068,0.7752430572812471,8,-0.09401693884309309
375731,0.0313477483196424,8,-0.15759363989793185
375393,0.924022119073568,8,0.05924551841401257
283969,-1.30766380781125,8,-0.6347530281390894
188998,-0.712547560641963,8,0.5257264228445184
283859,0.0313477483196424,8,-0.5505331856664745
283784,0.328905871904284,8,0.11361722979239498
188781,0.328905871904284,8,-0.06774759450755839
189819,0.924022119073568,8,0.8063742893678042
188984,1.0728011808658902,8,0.5489623723963135
375899,-0.8613266224342829,8,-0.171103083378376
373795,0.924022119073568,8,0.2972447764694827
187458,0.924022119073568,8,-0.6385089031859055
190783,-2.4978963021498104,8,-1.4426797385423595
187990,0.924022119073568,8,0.3573326084089382
187888,-0.117431313472679,8,-0.22750755317837656
190098,0.924022119073568,8,0.6168145450406776
188940,0.924022119073568,8,0.5197055458911608
188412,0.477684933696605,8,-0.49492359396804314
374715,-1.0101056842266,8,0.2495721761415949
189247,1.0728011808658902,8,0.7186423216177901
188468,0.180126810111963,8,0.42039441454046533
284231,-1.30766380781125,8,-0.23266933110285437
374530,-0.5637684988496421,8,-0.78838855928032
373744,-1.0101056842266,8,-0.5033413167570383
283110,0.477684933696605,8,-0.011179589286399574
375743,1.0728011808658902,8,-0.11484417161953474
190799,-0.266210375265,8,-0.3505481500438444
375274,-0.266210375265,8,-0.6037639759354841
187500,0.924022119073568,8,-0.916230489619433
188476,0.477684933696605,8,-0.1280472946331318
188848,0.7752430572812471,8,0.05791218092105402
188932,1.0728011808658902,8,0.8121867046324319
189320,1.51913836624285,8,0.3428870868369014
190149,1.22158024265821,8,0.33610978441786826
283781,-0.41498943705732105,8,0.39221935905812316
375395,-0.117431313472679,8,-0.33431160071100247
283128,0.477684933696605,8,-0.057735601642049
283220,0.180126810111963,8,0.33693952595188575
375013,-0.712547560641963,8,-0.5697043795487107
189744,-0.712547560641963,8,-0.6792252695674001
374148,0.477684933696605,8,0.3195082792600798
375894,-1.6052219313958898,8,-0.7989589922567095
373725,-2.2003381785651697,8,-0.06532470780295532
187771,-0.8613266224342829,8,-0.5116027514188366
187481,1.22158024265821,8,0.9164554935933089
374382,-1.6052219313958898,8,-1.0463918503480487
375800,-0.8613266224342829,8,-0.5577050577158866
189790,-2.05155911677285,8,-1.168571474549496
375461,0.6264639954889261,9,-0.23798794659873884
374825,1.22158024265821,9,0.1313779284476913
187583,-1.0101056842266,9,-0.1883482236041587
188930,-1.0101056842266,9,0.4347687509788294
285674,1.0728011808658902,9,-0.268473987134107
188934,1.37035930445053,9,0.6029201488582563
283139,1.8166964898274895,9,0.5992374051867746
283166,-1.0101056842266,9,-0.048941429099504344
375991,0.180126810111963,9,-0.7288867963983963
375973,0.180126810111963,9,0.031086222915267074
188331,0.7752430572812471,9,0.8645637715861657
188269,-0.266210375265,9,-0.09610342803877912
375421,-1.30766380781125,9,0.053109983335198285
374483,1.0728011808658902,9,1.0161729872451482
187758,-0.41498943705732105,9,-0.09992000480740029
374691,0.180126810111963,9,-0.08676395266974628
375474,-1.0101056842266,9,-0.10615920917573035
375832,0.6264639954889261,9,-0.01142735585673644
187703,-1.15888474601893,9,-0.226732446370195
189805,1.0728011808658902,9,0.8256279392264538
318177,1.0728011808658902,9,0.26132950697142265
188543,-0.117431313472679,9,0.605086086867724
188376,0.6264639954889261,9,0.25948813335580906
188086,0.6264639954889261,9,0.24877270548637218
189979,-1.15888474601893,9,0.08749354752688604
374961,0.0313477483196424,9,-0.10701899322864819
374186,-0.712547560641963,9,-0.3053801755016668
189872,0.7752430572812471,9,0.28271872405521303
189133,1.0728011808658902,9,-0.18129771144521092
375689,0.477684933696605,9,0.059982624630916206
187874,0.7752430572812471,9,0.20045027724783548
187781,0.477684933696605,9,-0.1440381710222359
373655,-0.117431313472679,9,-0.5042279228165703
188672,0.477684933696605,9,0.592818231699821
188222,1.0728011808658902,9,0.009844569325783405
190005,-0.8613266224342829,9,0.20008825199963237
284067,-0.8613266224342829,9,0.07097542185340176
375376,-1.0101056842266,9,0.07700540314372244
283762,-1.90278005498053,9,-0.32392543839415483
187881,0.477684933696605,9,0.07055942331820461
284164,-1.0101056842266,9,-0.4858921489789171
187803,-1.6052219313958898,9,-0.8105783659425824
190116,0.7752430572812471,9,0.6649366095004758
308008,0.0313477483196424,9,-0.06533338416514102
189700,1.0728011808658902,9,0.8100565488555422
375465,-1.30766380781125,9,-0.08032800160258444
188382,0.328905871904284,9,0.1719214973248926
375940,-1.75400099318821,9,-1.4984063531405392
187539,0.0313477483196424,9,0.20068229623756212
283171,-1.6052219313958898,9,-0.06047020933364414
374992,0.6264639954889261,9,-0.20068000134774108
373925,0.0313477483196424,9,-0.06743912230447265
375875,1.22158024265821,9,0.2680726375220889
187536,-0.41498943705732105,9,0.14566381751255836
373672,-1.75400099318821,9,-0.35219145480852454
284209,1.0728011808658902,9,0.0635414735201224
373912,1.22158024265821,9,0.15300654596612304
188370,1.0728011808658902,9,0.08828823011886971
188227,-0.266210375265,9,-0.02821405692823984
375288,-1.0101056842266,9,-0.41584205538446434
187510,0.6264639954889261,9,0.30839091306813043
187796,-0.41498943705732105,9,-0.2422301773921428
187935,-0.117431313472679,9,0.26617293707930867
189997,0.924022119073568,9,0.3169448523726057
374365,0.477684933696605,9,1.257048102519818
187834,0.924022119073568,9,0.27039906396268704
187979,-0.41498943705732105,9,0.10026154850632696
189913,-0.266210375265,9,0.1878063192845353
374632,-1.0101056842266,9,0.3367433831911459
190022,-1.6052219313958898,9,-0.8522438161226583
283844,-2.79545442573446,9,-1.5985291261267132
188466,-0.117431313472679,9,0.1815318110731694
190458,-0.117431313472679,9,-0.24580186803782247
374484,-0.712547560641963,9,-0.4988642675626137
374394,-1.75400099318821,9,-0.788340717179364
373575,-0.5637684988496421,9,0.2137298662961624
190140,0.6264639954889261,9,-0.29441864998869827
189956,1.22158024265821,9,-0.20181874873056913
375016,1.37035930445053,9,0.6550379030142792
373635,-0.5637684988496421,9,-0.15646433151057568
308266,1.37035930445053,9,-0.29974094967135545
189201,1.0728011808658902,9,0.43694549452147813
283774,-2.4978963021498104,9,-1.2978105350641782
187605,0.6264639954889261,9,-0.4686624521946731
374547,0.328905871904284,9,-0.11908374070250724
187717,-0.266210375265,9,-0.11259049566939795
374609,0.6264639954889261,9,-0.25544188793185024
374548,1.22158024265821,9,-0.13254684346592513
188822,-1.0101056842266,9,-0.8076889526955158
189433,1.37035930445053,9,-0.00970114368886219
189698,-1.30766380781125,9,0.4518060103138074
187941,-0.117431313472679,9,0.04186344879252288
374814,1.51913836624285,9,0.7320649155725696
189021,1.51913836624285,9,0.042203312916065605
188989,0.6264639954889261,9,0.5876058203236527
375404,-0.5637684988496421,9,-0.2639285517030417
189666,1.37035930445053,9,1.0516617290034194
375710,-0.41498943705732105,9,-0.03716603024201069
190198,1.0728011808658902,9,0.003867491123881449
188530,-1.45644286960357,9,-1.2225124157675418
189040,0.0313477483196424,9,0.46735349094245865
188190,-1.6052219313958898,9,-0.015281731067173971
188445,1.37035930445053,9,0.6182995394413991
374697,-1.45644286960357,9,-0.307437206389517
375972,1.0728011808658902,9,-0.2028649328474955
190800,-0.712547560641963,9,0.03852336708107897
375017,0.7752430572812471,9,-0.09151494753112983
188894,0.7752430572812471,9,0.6934082420756082
188501,-0.41498943705732105,9,0.08916668069033566
375521,-0.41498943705732105,9,-0.033728237469456974
374103,-0.5637684988496421,9,0.053242651883596566
188287,1.0728011808658902,9,0.16581302534056486
375728,-1.6052219313958898,9,-0.36623515297787446
374927,1.37035930445053,9,0.8355669762368083
375681,-0.5637684988496421,9,0.19316337558883515
374612,-0.41498943705732105,9,-0.05689172734230045
375726,-0.5637684988496421,9,-0.33800917709370815
188405,1.0728011808658902,9,0.5507959608902723
189844,-2.2003381785651697,9,-1.1637247835680213
375565,-1.30766380781125,9,0.04355806779264861
375446,-0.8613266224342829,9,-0.04934991272333645
187518,0.7752430572812471,9,0.12030882422582793
283107,-0.117431313472679,9,-0.4811263875512235
189046,0.7752430572812471,9,0.6804076157804595
187818,1.51913836624285,9,-0.04390425888013799
374699,-0.117431313472679,9,-0.028851558465367397
374177,1.51913836624285,9,0.9048075849623237
190000,0.924022119073568,9,0.22247323542878852
188092,0.6264639954889261,9,0.2451908323312504
375930,0.477684933696605,9,0.15346389362183793
373952,1.22158024265821,9,-0.0429300306008547
189909,0.7752430572812471,9,0.2711273402271914
187972,1.0728011808658902,9,0.20687567611606428
190203,-2.79545442573446,9,-0.9441085869844067
187976,-0.8613266224342829,9,-0.6060443174540469
190115,1.22158024265821,9,0.7232192041863843
376040,-0.266210375265,9,-0.4592322792365352
187951,-0.712547560641963,9,-0.02583852544334424
284262,0.7752430572812471,9,-0.09186416133731376
375823,-1.90278005498053,9,-1.2058675851061167
189246,0.7752430572812471,9,0.5265860741300521
187810,0.180126810111963,9,-0.03577505014666059
375590,-1.0101056842266,9,-0.17433474716549777
188927,1.22158024265821,9,0.5643590766031201
284189,-2.05155911677285,9,-0.5863475796421883
283782,-0.712547560641963,9,0.12156968198940256
187669,0.924022119073568,9,0.3404139379493304
284120,-0.5637684988496421,9,-0.5422080587465244
375342,0.924022119073568,9,-0.4878994509194137
375975,-0.712547560641963,9,0.7357026078453377
374608,-0.5637684988496421,9,0.00718937342383175
187968,-0.117431313472679,9,-0.03139828030400782
187793,1.0728011808658902,9,-0.18872445133821808
188398,-0.41498943705732105,9,-0.04543198003849824
319279,-1.45644286960357,9,-0.16709244117608937
187637,0.180126810111963,9,-0.26045770767457094
189760,1.22158024265821,9,0.9124018605353443
188316,-1.0101056842266,9,0.1543036175195842
283838,0.6264639954889261,9,-0.20792262147034837
188493,0.7752430572812471,9,0.5729689145742985
283736,0.0313477483196424,9,0.4401145590279028
375205,0.6264639954889261,9,-0.42409361913714716
2437415,-0.712547560641963,9,-0.5094903725158534
374532,1.22158024265821,9,0.8013187772556843
187666,0.6264639954889261,9,0.2540038740463095
188256,-0.117431313472679,9,-0.003367300940696387
189292,0.477684933696605,9,0.8835204243540529
188321,1.37035930445053,9,0.04824967010914258
189193,-0.712547560641963,9,0.4332041629248214
188970,1.22158024265821,9,0.44058759122045293
375949,-1.15888474601893,9,-0.32803402132133586
190150,0.7752430572812471,9,0.30977069255231016
187470,0.328905871904284,9,-0.5414787858006676
188906,-2.05155911677285,9,-1.011724346568622
374112,-1.30766380781125,9,-0.1196730416303186
374588,-0.8613266224342829,9,0.02234413351206284
374759,-0.712547560641963,9,-1.0662895222627373
188976,1.51913836624285,9,0.9213043420180597
374935,0.8347546819981758,9,0.41937765633476154
188549,0.7752430572812471,9,0.4859059461786693
375498,-0.8613266224342829,9,-0.3457768513213439
189230,0.477684933696605,9,0.4361160744164398
283311,-0.41498943705732105,9,0.4467120948398402
375341,0.180126810111963,9,0.013161970820820964
319280,-1.6052219313958898,9,-0.21594758127683214
187713,0.180126810111963,9,0.4302445101737809
283815,-0.5637684988496421,9,0.1624405204687985
190796,-0.712547560641963,9,0.03082666414156672
189002,-1.90278005498053,9,0.7461812511809383
375340,-0.117431313472679,9,-0.5832813116798397
190472,-0.8613266224342829,9,-0.37310670372304433
189254,-0.712547560641963,9,0.5884129327865987
375890,-1.30766380781125,9,-0.15465057681128846
188052,0.477684933696605,9,-0.4916619130802276
188111,1.22158024265821,9,0.430495863322257
284319,-0.8613266224342829,9,-0.638792820581303
375781,-1.0101056842266,9,0.007449923484979923
187546,0.924022119073568,9,0.1565218420811238
375724,-0.712547560641963,9,0.10493726050610123
374945,1.37035930445053,9,1.122976328433432
