id,SDS,kfold,linearSVR_pred
190707,-0.5637684988496421,0,0.8433270241484401
190138,0.328905871904284,0,-0.3369843535884352
308265,0.0313477483196424,0,0.20211202036752346
189629,1.37035930445053,0,0.5984696865570212
188500,0.7752430572812471,0,0.40440554182448546
283160,-0.5637684988496421,0,-0.3008552770433948
189766,1.22158024265821,0,0.7666581714732911
190184,0.180126810111963,0,-0.25372485718823456
374475,0.0313477483196424,0,0.916156730494082
188282,-1.15888474601893,0,-0.3477403353387578
283978,-1.45644286960357,0,-0.6421461065065531
375706,-1.75400099318821,0,0.04976458801388378
189138,0.328905871904284,0,-0.5701681567635918
374412,1.22158024265821,0,0.7125848883105103
376032,-0.8613266224342829,0,-0.12908138959253732
284251,-1.6052219313958898,0,-0.9494313724392861
190815,-1.90278005498053,0,-0.8727100127660117
190148,-1.75400099318821,0,-0.7632114363946982
188552,0.180126810111963,0,-0.29192512889690003
283805,0.180126810111963,0,-0.1345877641723705
375020,-0.117431313472679,0,-0.0356796143880152
187733,-0.41498943705732105,0,0.1453040980341315
374467,1.37035930445053,0,1.017618285009752
187473,1.22158024265821,0,0.47987570059508183
187555,0.6264639954889261,0,-0.2969322252657807
188008,0.0313477483196424,0,-0.11963263453539837
189042,0.328905871904284,0,0.1734996681033526
187973,1.0728011808658902,0,-0.22659681857948444
188339,0.6264639954889261,0,-0.5776516985093336
283828,-2.79545442573446,0,-1.888972191860089
189116,1.0728011808658902,0,1.0087068684633524
374183,0.328905871904284,0,-0.1018585778579381
190103,-1.0101056842266,0,0.1515367692114844
375977,-0.41498943705732105,0,-0.03719052960129304
187957,-0.8613266224342829,0,0.5511553887723767
188378,-1.15888474601893,0,-0.3724399645532426
187989,1.22158024265821,0,0.6207286803079911
283825,-0.117431313472679,0,0.7597132144298376
189974,-1.45644286960357,0,-0.3073174802821538
190162,-1.30766380781125,0,-0.074933279512796
374253,-1.30766380781125,0,-0.5833002817286435
187852,-1.15888474601893,0,-0.7600884117690747
374669,-1.75400099318821,0,0.08067479114437118
190817,-0.712547560641963,0,0.16096424099660903
375368,-1.6052219313958898,0,-0.1928918371865497
283770,-1.6052219313958898,0,-0.5234369476269545
375954,-1.15888474601893,0,-0.6083560581361503
374062,-1.6052219313958898,0,-0.7052726030293016
283602,-0.117431313472679,0,-0.34248256568230745
375623,-1.30766380781125,0,-0.5574381445737272
284015,-1.90278005498053,0,-0.2098490801576113
283183,0.7752430572812471,0,0.44332053269908467
375935,0.328905871904284,0,0.2351574523720647
189076,0.924022119073568,0,0.4550245688274073
373467,-0.712547560641963,0,0.6731907792924192
283638,0.924022119073568,0,-0.022123191725514645
188268,0.0313477483196424,0,0.1974176431024767
283145,-1.0101056842266,0,0.039147687999295216
190159,1.0728011808658902,0,1.0983071806538243
283677,-1.15888474601893,0,-0.5422340665407049
188410,0.924022119073568,0,-0.2035140398688201
284336,-0.41498943705732105,0,-0.6299000883393386
374110,-0.41498943705732105,0,0.3095325665489014
374913,-2.34911724035749,0,-0.6946339926061983
187507,0.0313477483196424,0,-0.2880742742702792
187786,-0.266210375265,0,-0.7266927825402008
188757,0.924022119073568,0,0.17242654376279623
190344,0.924022119073568,0,-0.9194423465585139
283796,-0.712547560641963,0,0.3946306694065882
190195,-0.117431313472679,0,-0.5600067741531842
374429,-2.05155911677285,0,-0.648150734646086
189755,0.6264639954889261,0,0.5945998828281078
374445,0.0313477483196424,0,0.6913407643944871
188018,0.6264639954889261,0,-0.14919326474195882
188945,0.924022119073568,0,0.6869065599528703
283950,-0.41498943705732105,0,-0.15703831375464455
187550,0.180126810111963,0,-0.3614857561300429
374610,0.180126810111963,0,-0.5379350997040213
188492,1.22158024265821,0,0.22229169970940002
2437287,-0.5637684988496421,0,-0.1907169823859037
190132,0.0313477483196424,0,-0.1085883300121528
187769,0.0313477483196424,0,-0.40586778896598114
284219,0.180126810111963,0,-0.38469068160236447
189392,0.7752430572812471,0,0.3953334208992839
187996,0.7752430572812471,0,0.21163264992163658
283116,0.7752430572812471,0,1.2521330609659145
188338,-1.45644286960357,0,-0.5015337558296142
283416,-1.45644286960357,0,-0.6397247724119592
373578,-0.8613266224342829,0,0.21982541895679666
284373,-1.45644286960357,0,-1.0173357823977964
283599,-0.117431313472679,0,0.2731589021872187
375641,-0.712547560641963,0,0.2241111178922682
283215,-1.75400099318821,0,-0.5747244345701525
188099,0.328905871904284,0,0.05266170224857718
188258,0.924022119073568,0,0.7192906866145302
188326,-1.15888474601893,0,-0.4705857021558843
187493,0.477684933696605,0,-0.16981271781528318
373939,0.180126810111963,0,-0.08201045714800546
187880,-0.5637684988496421,0,-0.0009132124958474153
188893,1.37035930445053,0,1.182371998212071
283723,-0.117431313472679,0,-0.15903420883764355
376018,-2.05155911677285,0,-1.4222235917941541
374744,1.22158024265821,0,1.0787620292963964
188982,0.7752430572812471,0,0.5282348779886329
188667,-0.8613266224342829,0,-2.054671762227262
374712,-1.45644286960357,0,0.10672236074750649
188054,0.180126810111963,0,-0.3691461379607196
188978,1.22158024265821,0,0.3393687787485219
187844,-0.8613266224342829,0,-0.3267957193672812
190056,0.7752430572812471,0,0.24832732611766273
375626,-0.41498943705732105,0,0.19511989576087857
189189,0.477684933696605,0,0.47408914982950934
190170,-1.75400099318821,0,-0.22139419008478123
375538,-1.6052219313958898,0,0.2113030324178928
190669,0.7752430572812471,0,0.1637760864047285
190071,-1.90278005498053,0,-0.15367717725169813
2437214,-2.64667536394214,0,-1.1433654083781768
187944,-1.15888474601893,0,-0.9069192493208234
188365,-0.712547560641963,0,0.3094219641726144
375564,-0.8613266224342829,0,0.43154705864060094
190076,-0.266210375265,0,0.3028161838753176
373900,0.924022119073568,0,-0.3134596487306971
283158,0.7752430572812471,0,-0.8352478491650136
375471,-1.0101056842266,0,-0.6056609054924641
187911,0.924022119073568,0,0.07488998979015485
375749,1.22158024265821,0,-0.27704849420794725
188408,0.328905871904284,0,0.05516149744675261
2437256,0.328905871904284,0,-0.6071387053776305
373506,-1.45644286960357,0,0.3264754188684355
187603,-1.90278005498053,0,-1.6782598288533712
374407,1.22158024265821,0,0.7412576762033971
190806,-0.712547560641963,0,0.5628159026152831
189017,1.0728011808658902,0,1.0188992883260837
374665,-1.6052219313958898,0,0.2871556004285366
375838,-0.41498943705732105,0,0.4650126718451248
375553,-1.15888474601893,0,0.21254053183782373
189047,1.37035930445053,0,0.5932250250236013
2437194,-1.6052219313958898,0,-0.7786483836417469
336782,-1.0101056842266,0,-0.27377561473613743
190782,-0.712547560641963,0,-0.07137416406669043
188603,1.22158024265821,0,0.376635833759751
375444,-0.5637684988496421,0,-0.2858211892116001
188031,1.22158024265821,0,-0.35045923813213753
190068,-0.712547560641963,0,0.7880748394269866
190064,-1.15888474601893,0,0.14993111764131473
375355,0.180126810111963,0,-0.31324340395026595
189958,-0.712547560641963,0,-0.10744743848077597
187999,0.328905871904284,0,0.2663965439443773
188083,-0.41498943705732105,0,-1.4328759358225975
190199,-1.0101056842266,0,0.3652744653016306
374591,-0.266210375265,0,-0.1558265770908923
375883,-1.45644286960357,0,-0.326434702241799
373656,-1.45644286960357,0,-0.39996755516761
373872,0.7752430572812471,0,0.5383782256669478
188768,-0.712547560641963,0,-0.006219107351515398
318548,0.7752430572812471,0,0.6313515925850878
374643,-0.41498943705732105,0,-0.3558553915949847
188849,0.477684933696605,0,0.9382366674242645
375509,-1.75400099318821,0,-0.12551905340328912
319954,1.51913836624285,0,0.3872206495391186
188327,0.7752430572812471,0,-0.5717438186925036
283757,0.180126810111963,0,0.18327826604320926
284224,-0.41498943705732105,0,-0.5008189069105325
187648,0.924022119073568,0,-1.2246715913925588
375997,-1.15888474601893,0,0.100492462434276
187892,0.6264639954889261,0,-0.9812441251974897
375694,-0.712547560641963,0,-0.4771590407514205
190174,0.180126810111963,0,-0.039193659310832726
284272,-0.712547560641963,0,-0.022510115506332185
374363,0.477684933696605,0,0.24269567318788923
374178,1.51913836624285,0,1.5908230811309327
189862,1.0728011808658902,0,-0.35656738316868886
283118,1.0728011808658902,0,1.1945273745807445
374937,-1.6052219313958898,0,-0.275365445404454
374239,-0.41498943705732105,0,-0.534170461707807
375447,-0.266210375265,0,0.2924982637542641
188386,0.180126810111963,0,-0.2887145417565173
187794,0.6264639954889261,0,0.11657703434692729
189868,-0.8613266224342829,0,0.2763101489606579
376050,-0.5637684988496421,0,0.19441966388530385
283823,-1.6052219313958898,0,-0.46817550546552256
190364,-1.15888474601893,0,-1.56011231974741
308007,0.7752430572812471,0,0.34313723229216153
374974,0.477684933696605,0,0.6585398419327465
318550,0.6264639954889261,0,0.8167187628043757
190196,1.22158024265821,0,0.7763394766596805
374017,-0.5637684988496421,0,-0.28018260721222055
375598,0.180126810111963,0,0.10450037341324588
188155,-0.712547560641963,0,-1.3588326711270222
374745,-0.712547560641963,0,0.9508235853283672
375634,0.0313477483196424,0,-0.6504475326404168
190126,1.37035930445053,0,1.3140376842604558
189115,-1.30766380781125,0,0.6551901673386284
187457,0.924022119073568,0,-0.41609666194588657
187993,0.477684933696605,0,0.23801646045001695
190787,-0.8613266224342829,0,-0.13558854382185875
336781,0.328905871904284,0,0.12773115824757567
283779,0.180126810111963,0,0.3819869398098187
284203,-2.05155911677285,0,-1.4923789767101405
375755,-1.90278005498053,0,-0.875997140497509
189865,0.477684933696605,1,0.6388051550220605
375742,-1.6052219313958898,1,-0.1917134711438787
190007,-0.266210375265,1,0.05505645286164507
190036,0.7752430572812471,1,0.2874721318880699
3624697,-0.117431313472679,1,-0.64260790566004
190125,-1.6052219313958898,1,0.05129457803302023
374534,0.924022119073568,1,0.9883360355348415
188154,-0.41498943705732105,1,-0.40535695667247934
188075,-2.79545442573446,1,-0.24512921571902205
187812,-0.117431313472679,1,0.34655236830597735
375505,-0.41498943705732105,1,-0.15863710232388878
189970,0.180126810111963,1,0.019158219273190526
187606,0.7752430572812471,1,-0.16260412932757243
374739,0.0313477483196424,1,-0.1352609996056338
188415,0.6264639954889261,1,1.0052410998536485
373682,-1.30766380781125,1,-0.004672983464646902
284309,-1.6052219313958898,1,-0.32151925813570775
188452,0.0313477483196424,1,0.1850288772529514
284291,-1.75400099318821,1,0.06389131237249578
187850,0.7752430572812471,1,0.27655613389307077
189832,1.0728011808658902,1,-0.5135550220439616
189857,0.180126810111963,1,-1.7379437263198971
187838,0.924022119073568,1,0.4654311013643724
336477,0.477684933696605,1,0.7694964951869743
283165,0.0313477483196424,1,-0.24652357660212798
283968,0.477684933696605,1,0.47942388525796775
189134,0.0313477483196424,1,0.09983489305003188
190177,1.0728011808658902,1,0.5425482074673935
187766,-0.5637684988496421,1,-0.48822601354110123
375383,-0.712547560641963,1,0.44421910615960525
376034,-1.0101056842266,1,0.1800065837536889
189253,1.37035930445053,1,0.4004925666305518
190728,0.6264639954889261,1,0.8689095095617179
187567,-0.41498943705732105,1,-0.5290509362682296
373769,-1.0101056842266,1,-0.08407841397616811
189697,1.22158024265821,1,0.5206408446724639
187667,-1.15888474601893,1,0.05427893470655319
284354,0.6264639954889261,1,-0.012633053856082953
189001,1.0728011808658902,1,0.10032722054448709
190035,-1.15888474601893,1,0.3120179258662146
375735,-1.15888474601893,1,-0.053772921812415386
373716,-0.712547560641963,1,0.5888692811664592
189971,0.924022119073568,1,0.1893649752700753
188825,1.22158024265821,1,0.3765196997406567
188076,-0.41498943705732105,1,-0.7915737989461186
187863,-0.8613266224342829,1,-0.08623039937024192
187609,0.7752430572812471,1,0.3810640796305958
283756,0.924022119073568,1,0.025874862002633482
283892,-0.41498943705732105,1,0.07709664794608996
187522,0.924022119073568,1,0.239542792748865
375744,-0.5637684988496421,1,0.7086280222805714
319282,-0.117431313472679,1,-0.2892905226262992
187765,-1.0101056842266,1,-0.7977937058175395
190045,0.328905871904284,1,0.29458117210780427
190100,-0.266210375265,1,0.33571627780670177
189039,1.51913836624285,1,0.9712511569684984
375688,1.22158024265821,1,0.10762611789873379
188259,-0.5637684988496421,1,0.16596738053443205
188898,-0.266210375265,1,0.6503076169836637
189625,-0.266210375265,1,0.19738596146627885
188319,-0.712547560641963,1,0.0419162202586162
375519,-0.41498943705732105,1,-0.4096000135166907
190046,-1.30766380781125,1,-1.0475287063363907
188780,-1.0101056842266,1,-0.44189966936226144
189030,-1.0101056842266,1,-0.01685673791128046
189008,-1.90278005498053,1,-0.01050037291316064
188096,0.7752430572812471,1,0.08203914899231078
187776,0.6264639954889261,1,0.016073372967818248
374568,-1.30766380781125,1,-0.19690310289062754
375846,0.0313477483196424,1,0.22775625185943638
190158,0.7752430572812471,1,0.4860372647447363
2437266,-0.5637684988496421,1,0.11343931822212037
187730,-1.0101056842266,1,-0.15341465216365838
284324,0.477684933696605,1,-0.2946462069733541
283126,0.180126810111963,1,0.35708362568531304
189384,1.37035930445053,1,0.39981298127695475
283748,0.7752430572812471,1,-0.6873571365455338
373754,0.477684933696605,1,-0.5052679349037098
187707,0.924022119073568,1,0.26695920855720634
189250,1.0728011808658902,1,1.2060131184794172
187489,0.477684933696605,1,0.22184549079047566
375779,0.7752430572812471,1,-0.1398365698196899
188402,1.37035930445053,1,0.3666917285445415
375518,0.7752430572812471,1,-0.1309500167930447
190769,-1.15888474601893,1,-1.0631510637548207
188777,-0.41498943705732105,1,-1.5405258180029284
187528,0.7752430572812471,1,-0.1547764418310075
188122,1.22158024265821,1,-0.014908108088032411
188231,0.180126810111963,1,-0.10198450843272946
187869,0.328905871904284,1,0.6695007577313301
187527,-0.8613266224342829,1,0.10514434309459635
2436958,0.180126810111963,1,-0.6023567876436243
189231,0.924022119073568,1,-0.32487743032387906
283162,0.328905871904284,1,0.4939873243098607
284182,-0.117431313472679,1,-0.6351525418316456
187700,1.0728011808658902,1,1.1303715236647673
375747,1.37035930445053,1,1.0897129646238517
188377,0.7752430572812471,1,-0.1721532313191433
283721,-0.5637684988496421,1,0.22558612671123074
190803,0.924022119073568,1,0.713272226368572
188715,-0.117431313472679,1,0.3497553233430935
187664,0.328905871904284,1,0.3531691667414038
375015,0.477684933696605,1,0.3048826367768553
336481,-0.5637684988496421,1,0.1502895602843022
373694,-0.41498943705732105,1,0.25299699186578534
189947,-0.266210375265,1,-0.06729682073098736
187787,-0.266210375265,1,0.3611670837678588
284145,-0.41498943705732105,1,-0.2988791502697088
188861,1.22158024265821,1,0.6837010852193272
283604,1.22158024265821,1,0.3281762811405545
374037,1.0728011808658902,1,0.5421384088093731
187582,0.477684933696605,1,0.12654341619666828
375621,-0.8613266224342829,1,-0.8225819649824089
283163,0.924022119073568,1,0.6612807631551086
188043,1.0728011808658902,1,0.2177072112967933
188540,-1.0101056842266,1,0.01964250303440165
374603,0.0313477483196424,1,0.0813795757962632
374397,1.22158024265821,1,0.32692264435972107
374694,0.328905871904284,1,-0.1509465973373516
317951,0.6264639954889261,1,0.3617045931721655
376001,-1.30766380781125,1,-1.3812595189088124
187676,0.6264639954889261,1,0.28133860711464087
2437249,-0.117431313472679,1,0.12598858536570937
374500,1.22158024265821,1,-0.3618434308753562
375842,0.7752430572812471,1,0.656529749057045
374623,1.51913836624285,1,0.22881273573192937
188443,1.0728011808658902,1,-0.2705275228774594
187826,0.180126810111963,1,-0.03361522629533475
375551,-1.0101056842266,1,-0.889966121943708
283639,0.477684933696605,1,-0.3397817959249868
283597,-0.117431313472679,1,-0.5736721535104223
189689,1.22158024265821,1,0.3252475474605215
187485,0.7752430572812471,1,0.16715742375972945
374505,-1.30766380781125,1,-0.2703609561532625
374537,-1.30766380781125,1,-0.5506389699975366
189025,0.328905871904284,1,0.0564709254850432
374185,1.51913836624285,1,0.7314520851017293
189637,-1.0101056842266,1,0.2534018335786583
188006,-0.117431313472679,1,0.13023625021234178
189871,-0.117431313472679,1,-0.17238009818836
190778,-1.6052219313958898,1,-0.05977310446172272
283119,1.22158024265821,1,0.4327416705976661
189048,0.180126810111963,1,0.3203975375383837
318552,0.180126810111963,1,0.769392508850353
188058,0.477684933696605,1,-0.12796488984707305
190810,-0.8613266224342829,1,0.2475711259606643
187921,0.328905871904284,1,0.00842550272706601
375791,0.7752430572812471,1,-0.11093935622727262
188229,0.924022119073568,1,0.22763481254196344
283989,-1.0101056842266,1,-0.21676443452555288
188328,0.328905871904284,1,0.3344028158628771
188401,-0.117431313472679,1,0.8206793218520052
375933,-0.117431313472679,1,-0.275756007482186
189894,-0.117431313472679,1,0.01555363008283302
188436,-1.0101056842266,1,-0.38485532112209225
187905,1.0728011808658902,1,-0.11490056884746673
189809,-0.266210375265,1,0.8392891570468328
189340,-0.266210375265,1,-0.5116299649341532
284176,-0.8613266224342829,1,-1.109746961171911
189792,-2.4978963021498104,1,-1.2971558067762765
375578,0.328905871904284,1,-0.12779836209276266
190111,0.477684933696605,1,1.1195471248956101
373571,-1.15888474601893,1,0.20560372624177115
283801,-0.5637684988496421,1,-0.21210242739217922
188907,1.51913836624285,1,0.4612958648353445
373485,-0.712547560641963,1,-0.5415026299854032
375620,0.0313477483196424,1,-0.001823015838959532
284236,-2.05155911677285,1,-0.7484145874631817
188943,1.22158024265821,1,0.33670324230015974
375504,-0.41498943705732105,1,0.026177188971845206
374686,0.0313477483196424,1,-0.229548379047681
283792,0.477684933696605,1,-0.8964156376432179
187755,0.477684933696605,1,-0.5237887998121011
373642,-0.5637684988496421,1,-0.09213206365885857
373759,-0.712547560641963,1,0.1766502787058271
375772,0.7752430572812471,1,-0.1222763465318094
374620,0.0313477483196424,1,-0.05461495598324336
374395,1.22158024265821,1,0.051574510905262654
189023,1.37035930445053,1,0.07697380775726213
283623,-0.41498943705732105,1,-0.36355017378122434
374024,-0.5637684988496421,1,-0.5045036785850439
188494,1.0728011808658902,1,0.9100711885860617
284357,-0.712547560641963,1,0.2358307188341169
188330,0.6264639954889261,1,0.3351494613085972
189859,-2.05155911677285,1,-1.1948356082049723
375765,0.924022119073568,1,1.1200052077855938
188840,-1.15888474601893,1,-0.45255196256540475
374092,0.477684933696605,1,-0.2587946242848707
188142,0.328905871904284,1,0.38616022883862655
189282,0.924022119073568,1,0.7884135004463009
283603,-1.30766380781125,1,-1.0589950534053931
283777,0.477684933696605,1,-0.5288151005559666
188170,-0.117431313472679,1,0.3556739890536794
187977,-1.90278005498053,1,-0.2921918598920596
375746,0.477684933696605,1,0.554413969591627
319781,-1.0101056842266,1,-0.36209979046312213
374398,0.7752430572812471,1,0.7863165939636048
375847,-1.75400099318821,1,-1.2772320819358485
188506,1.0728011808658902,1,0.7748250055896826
189684,0.328905871904284,1,-0.3254018647384394
375931,0.477684933696605,2,0.120026115841737
2437263,0.7752430572812471,2,-0.3456061174368276
189291,1.51913836624285,2,1.458881035116436
375607,-1.0101056842266,2,-1.0512400191238758
374108,0.7752430572812471,2,0.3671658555249824
188036,0.328905871904284,2,-0.22613200054133975
375716,0.328905871904284,2,-0.6923245973182176
375591,0.6264639954889261,2,0.4620662546322632
373948,1.0728011808658902,2,0.8495594007392929
319284,-0.8613266224342829,2,-0.4382854970251755
374652,0.924022119073568,2,-0.16167718559609526
189242,1.37035930445053,2,0.6453951470678532
188633,1.22158024265821,2,0.8622817862194032
375434,0.477684933696605,2,-0.738590755868685
375397,-1.75400099318821,2,-0.3535555962794372
189268,-0.712547560641963,2,-0.24963842801996722
375965,-1.45644286960357,2,-1.406658537571493
187479,0.924022119073568,2,-0.17425975535499758
189804,0.7752430572812471,2,0.3598062473093825
336484,-0.117431313472679,2,0.48098199055668456
188145,-1.45644286960357,2,0.07385953064569217
188254,-0.712547560641963,2,-1.4253285900313917
189400,-1.30766380781125,2,0.18030525816790086
374362,-0.117431313472679,2,-1.6843565321867675
187736,0.328905871904284,2,-0.7302156023740867
187714,0.924022119073568,2,0.47585567615927943
189801,-1.6052219313958898,2,-1.1503991116013157
375524,0.924022119073568,2,0.5164009523507285
189972,1.22158024265821,2,0.5693061544097068
373626,-0.117431313472679,2,-0.6923687643466675
373863,1.22158024265821,2,0.3623827648375361
188396,0.924022119073568,2,0.04378452944795871
374388,1.37035930445053,2,0.27355544583586217
190124,0.180126810111963,2,0.22667764542922975
187842,-1.0101056842266,2,0.20919178428276228
283670,-0.8613266224342829,2,-0.25460156521426397
375451,0.6264639954889261,2,0.7578702586542887
188526,0.6264639954889261,2,0.08063686601509204
373674,-0.712547560641963,2,0.5633832564054769
188630,0.477684933696605,2,0.5837569556402206
187735,-0.117431313472679,2,-0.14294661705107556
188785,0.924022119073568,2,-0.026522517376519443
187549,1.0728011808658902,2,-0.4560197328033843
375711,-0.8613266224342829,2,0.17951693180781056
283731,0.477684933696605,2,-0.1356341367978878
189895,0.180126810111963,2,0.1310448470404703
376010,1.37035930445053,2,-0.42319587301969
189091,0.477684933696605,2,-0.19351267639776643
187687,1.37035930445053,2,0.11592123922668646
188103,0.328905871904284,2,0.0509361493649985
190089,-1.75400099318821,2,-0.9012027459448412
189223,-0.712547560641963,2,-0.016553704915453347
189626,1.37035930445053,2,1.1587445202442797
187543,-1.0101056842266,2,-0.1217933305125112
190129,1.0728011808658902,2,1.2001250849765115
187760,1.22158024265821,2,-0.3062549041304586
189280,-0.266210375265,2,0.5446829958069666
189991,0.6264639954889261,2,0.373955428653028
189009,1.22158024265821,2,0.2303984071302082
188249,-0.41498943705732105,2,-0.5246723273999977
374165,-0.712547560641963,2,-0.3629335228751499
374086,0.477684933696605,2,-0.0719498028758991
375994,1.22158024265821,2,-0.3303199267597289
375956,-0.712547560641963,2,-0.8521744802618594
374988,-0.266210375265,2,-0.21217516880696893
188137,-0.266210375265,2,-0.6844450509219744
187515,-0.266210375265,2,0.42328996502766536
374749,1.37035930445053,2,0.6505483844662932
375062,0.180126810111963,2,-0.4988901378570622
375596,-0.712547560641963,2,0.4094957758523929
187984,0.477684933696605,2,0.24287084569306122
283812,0.7752430572812471,2,-1.0924754751806605
189016,0.924022119073568,2,0.3907613722842674
374472,0.6264639954889261,2,0.35365090136866534
284245,-0.712547560641963,2,-0.24272218115339694
189957,-0.712547560641963,2,-0.46564793307344626
190072,1.22158024265821,2,1.012456238535544
374202,0.328905871904284,2,1.4050361205934805
189858,-1.6052219313958898,2,-0.009346721904148139
283753,-0.5637684988496421,2,0.5693416866548794
190296,-1.45644286960357,2,-0.7336949690880238
376000,-1.15888474601893,2,0.09298792076841544
190143,-0.8613266224342829,2,-1.8284190473381714
375457,0.6264639954889261,2,-0.017404834356792565
283616,0.180126810111963,2,-0.8386772475058536
375546,-1.30766380781125,2,-0.5598471485287112
189157,1.22158024265821,2,0.3591070555314796
187856,0.477684933696605,2,0.22415317245447972
189309,1.51913836624285,2,1.1312199538284307
375775,-0.712547560641963,2,0.06942311796366027
188876,0.180126810111963,2,0.5133567989360988
188482,-0.712547560641963,2,1.054356312658544
308212,1.0728011808658902,2,0.28846564129886376
283447,-0.266210375265,2,-0.4884494713875081
283819,-1.90278005498053,2,-0.8664399304734168
375693,-0.41498943705732105,2,-0.445187932890438
283715,-1.0101056842266,2,-0.11560859257311301
374504,0.0313477483196424,2,0.8288992519817242
374638,0.180126810111963,2,-0.22999355177056566
189756,1.22158024265821,2,0.9360847371010724
283202,-1.30766380781125,2,-1.0756270803286365
374414,0.180126810111963,2,-0.3051696441957921
188237,0.924022119073568,2,0.34608506942338335
187918,0.180126810111963,2,0.009415377333611502
187564,-0.266210375265,2,0.256066066697242
188211,-0.117431313472679,2,-0.438634567309525
373726,-1.0101056842266,2,0.5967454790702085
188601,0.6264639954889261,2,0.5404280874222799
187986,0.477684933696605,2,-0.5450223733623402
375916,1.22158024265821,2,0.18670104212923055
190040,1.0728011808658902,2,1.1700973256134428
283598,0.6264639954889261,2,0.03335804540945137
375830,-0.712547560641963,2,0.6521136229901808
188362,1.0728011808658902,2,0.8477015677325543
190015,1.22158024265821,2,0.18974135804649375
188558,1.0728011808658902,2,0.7986047902669993
2437280,-0.117431313472679,2,-0.13126232939188406
188110,1.37035930445053,2,0.5771567489875647
188872,1.0728011808658902,2,0.551042282139931
190561,-1.6052219313958898,2,-0.2969998954893457
283665,-0.117431313472679,2,-0.7865801237463329
187857,-1.15888474601893,2,-1.8742457868840252
375628,1.0728011808658902,2,0.43169084175040173
187705,0.7752430572812471,2,-0.43268043223848585
187955,0.477684933696605,2,0.05348146637501933
189294,0.0313477483196424,2,0.7399790628294106
189278,0.477684933696605,2,-0.13735549969993652
187763,0.7752430572812471,2,-0.421981597706563
189248,1.37035930445053,2,0.9983756839936967
283201,-1.0101056842266,2,-0.5903198554035675
188286,0.477684933696605,2,0.4198687995609
187611,1.0728011808658902,2,0.31648961440169465
190790,-1.45644286960357,2,1.0236181170029972
2437252,-0.712547560641963,2,0.020119177491132754
374747,1.22158024265821,2,0.05951625740770492
190816,-0.712547560641963,2,-0.2969743024066684
189289,-0.266210375265,2,0.6137511800902209
190280,-1.90278005498053,2,-1.3305375751767279
188472,0.477684933696605,2,0.7350773754565753
187839,0.477684933696605,2,0.7409287101989429
190102,-1.30766380781125,2,0.14219884887609296
284368,-1.30766380781125,2,-0.14689309433122047
188336,0.7752430572812471,2,0.3184653340036039
283790,-0.117431313472679,2,0.3278031864274478
373799,-0.266210375265,2,-0.8777714477955838
373482,-1.75400099318821,2,-0.017774883649515322
189337,1.0728011808658902,2,0.5738083289729544
189004,0.6264639954889261,2,0.49624188320649854
187674,1.22158024265821,2,0.13756376048927108
188101,1.22158024265821,2,0.3725285954102173
188922,1.22158024265821,2,-0.08925780775261768
375845,-2.2003381785651697,2,-1.340989222588195
375794,-0.712547560641963,2,-0.7456782918312116
375810,-0.266210375265,2,-0.32010373289734717
189784,1.0728011808658902,2,1.3256204604829465
187795,-0.266210375265,2,-0.22883522509338156
375714,0.477684933696605,2,0.3023846567105925
187988,0.328905871904284,2,-0.2972977768489698
189786,0.0313477483196424,2,-1.346405982809335
375452,1.37035930445053,2,0.699988758506491
188820,0.7752430572812471,2,-0.28747306893236857
187901,0.328905871904284,2,0.18765915365798916
189234,1.51913836624285,2,1.038864586414773
283718,-0.117431313472679,2,-0.33909689678429233
2437244,0.180126810111963,2,-0.20437976948585737
189078,0.0313477483196424,2,0.1544793765559963
374011,-1.75400099318821,2,0.6442313426293368
336688,1.51913836624285,2,0.2721366755833948
187530,0.0313477483196424,2,0.3562116940996234
187590,-0.117431313472679,2,-1.3155808062533014
187920,0.0313477483196424,2,-0.21040318952054585
187729,0.924022119073568,2,0.6892606265859762
374611,-0.5637684988496421,2,-0.0709924554908786
190732,-1.90278005498053,2,0.05662479624563007
187710,1.22158024265821,2,0.7856703549194022
190101,1.22158024265821,2,0.8153276305103658
188956,1.0728011808658902,2,0.8059274997073802
375901,-0.117431313472679,2,-1.0100226975445363
283325,-0.5637684988496421,2,-0.7770945674725884
189996,-1.30766380781125,2,-1.016173868642438
190789,-0.8613266224342829,2,0.33238544090635624
188335,0.924022119073568,2,0.4499147699054665
375692,0.0313477483196424,2,0.5819935218102704
190190,-1.0101056842266,2,-0.25656712206226456
374515,-0.5637684988496421,2,-0.3465150124074803
189063,0.180126810111963,2,-1.134827400987719
188117,0.6264639954889261,2,0.44925988703929404
187484,0.328905871904284,2,0.7431156070680255
187716,-0.8613266224342829,2,-0.05194150538248995
189851,0.7752430572812471,2,-1.8406947172524508
188040,-0.117431313472679,2,0.39551611086284627
188418,0.328905871904284,2,0.19695713297459375
375511,0.7752430572812471,2,-0.4665542490036908
187982,0.477684933696605,2,0.15406446254237044
189038,0.924022119073568,2,0.43994841544389923
2437250,-1.0101056842266,2,-0.23105971449779442
188742,1.22158024265821,2,0.19699830995174558
189139,1.22158024265821,2,0.33335424070901476
189299,0.477684933696605,2,0.8713782293719773
187848,0.477684933696605,2,0.043754283262175016
2437409,-0.5637684988496421,3,-0.29281641815681386
375697,-0.117431313472679,3,-0.1451063385697075
283808,0.477684933696605,3,-0.6323144089527961
189686,0.477684933696605,3,0.6734154023965028
375825,0.180126810111963,3,-0.0952456897504841
188992,1.22158024265821,3,1.0918739323366153
376049,0.0313477483196424,3,0.7233771979107144
373522,-0.712547560641963,3,-0.16616096293197913
374378,0.477684933696605,3,0.1311351045571746
374592,-1.30766380781125,3,0.23707549263106203
283300,-0.266210375265,3,-0.058654896433988676
375970,1.37035930445053,3,0.15562116522801245
188379,-1.0101056842266,3,0.33622043668526735
188246,0.477684933696605,3,-0.10977404565889473
187587,0.7752430572812471,3,-0.2925910938842514
188243,0.180126810111963,3,-0.32193268053614954
189869,0.7752430572812471,3,0.1765909960229277
189712,-2.05155911677285,3,-1.3704089553449688
188384,0.7752430572812471,3,-0.21369083139202386
187636,1.37035930445053,3,-0.5334672175236649
374553,-0.266210375265,3,-0.371252853134186
187604,1.22158024265821,3,-0.3190581364590428
189107,0.328905871904284,3,0.28159868012168404
187561,0.180126810111963,3,0.122256697863543
336485,-0.266210375265,3,0.5432312697402946
283209,-0.117431313472679,3,-0.6954548160662938
284162,-1.0101056842266,3,-0.07916066812068862
188510,0.328905871904284,3,0.557158205241983
375389,-0.266210375265,3,-0.1200645730893406
374197,-1.6052219313958898,3,-0.5410475568852409
187753,-1.45644286960357,3,-0.5781690811504745
189708,-1.90278005498053,3,0.612125342580821
374918,-0.8613266224342829,3,0.4911691234884007
190097,1.0728011808658902,3,0.447308794325389
190792,0.924022119073568,3,0.345950513324402
188009,0.6264639954889261,3,0.7648742218242119
283641,-0.8613266224342829,3,-0.5616088822774804
373509,-0.8613266224342829,3,-0.9836627067892286
188248,0.924022119073568,3,-0.37342792587293205
188114,0.180126810111963,3,0.9004654167441113
189749,1.22158024265821,3,1.3512880786401094
189034,1.37035930445053,3,0.43663241796696395
375460,0.180126810111963,3,0.0033226288815065737
336482,1.22158024265821,3,0.23988090825992098
375581,1.0728011808658902,3,0.31839840605093644
188267,-0.8613266224342829,3,-0.22729135091269514
283712,-1.90278005498053,3,-0.5053714712352169
189049,-0.266210375265,3,0.5185652657837425
283938,-1.90278005498053,3,-0.36636298619234137
187647,0.477684933696605,3,-0.8144077126678567
187681,0.180126810111963,3,-0.3204673393442206
188991,1.37035930445053,3,0.9369300491315306
373986,0.6264639954889261,3,-0.11564554191483281
188048,0.7752430572812471,3,-0.2810785866867118
187741,0.924022119073568,3,0.8266575383468179
375998,-1.0101056842266,3,0.054179225007797
189624,0.7752430572812471,3,1.2790123287339492
189210,0.7752430572812471,3,1.0641656765603544
189703,1.51913836624285,3,1.1634208129428427
187612,-2.64667536394214,3,0.14874793978019069
375494,0.0313477483196424,3,-0.23406587534321915
189937,-1.15888474601893,3,0.39425733583011874
190082,1.37035930445053,3,0.38958690908051363
374442,0.924022119073568,3,-0.044995903517261626
187662,0.6264639954889261,3,-0.19233061601639204
188923,-0.41498943705732105,3,-0.6485141144880503
188239,0.924022119073568,3,-0.5431600235714663
187952,0.180126810111963,3,0.014540336005541613
283109,0.7752430572812471,3,-0.3378321837687909
190187,-2.64667536394214,3,-0.20874016316109079
189949,0.924022119073568,3,-0.05557271854010491
284305,0.477684933696605,3,0.5700833844674836
189109,0.477684933696605,3,0.4899922832144522
375780,-0.266210375265,3,-0.5084428402783168
374655,-0.5637684988496421,3,-0.30520215625956254
187971,0.328905871904284,3,0.15463034133030062
187919,-1.0101056842266,3,0.1597597064023058
373851,1.0728011808658902,3,-1.1292936637461148
374590,-0.117431313472679,3,-0.3643382785362023
187889,0.477684933696605,3,0.13094519053379375
374546,-1.75400099318821,3,-1.2560819247025092
375582,0.7752430572812471,3,-0.1510618322393939
189014,0.924022119073568,3,0.7820678914776048
376004,-0.117431313472679,3,-0.4018333540700943
188317,0.328905871904284,3,0.44351944885372135
374391,1.37035930445053,3,0.7812100304173892
187754,0.477684933696605,3,0.05695563482383097
308253,1.0728011808658902,3,0.4847072891056043
375790,1.0728011808658902,3,-0.6240093457793869
189834,1.37035930445053,3,0.5415966177716336
188947,-1.90278005498053,3,-0.004390247524160293
374471,1.51913836624285,3,1.2577653587914273
375738,1.22158024265821,3,-0.18516384950008005
187502,0.6264639954889261,3,0.5832547314810781
188220,1.22158024265821,3,-0.7496960985630846
317891,-0.5637684988496421,3,-0.475075309838661
189000,0.328905871904284,3,0.22664747405107616
187474,0.0313477483196424,3,-0.2021488005015984
187548,-0.712547560641963,3,-0.3106848412778316
187563,-0.266210375265,3,-0.18992595391703262
375661,-0.5637684988496421,3,0.026751794435755826
189152,0.924022119073568,3,0.3070346216162135
284280,-0.712547560641963,3,-0.34477522589107557
283970,-0.8613266224342829,3,-0.1877415010164355
189168,-0.117431313472679,3,0.6005288932229799
187992,-0.117431313472679,3,-0.6580378297871371
284327,-2.2003381785651697,3,-1.7694195772096866
283742,0.924022119073568,3,0.01068523128401758
188236,1.22158024265821,3,-0.702980862775139
188444,0.477684933696605,3,0.0539605654380516
187728,1.0728011808658902,3,0.24193953647966765
373628,-0.8613266224342829,3,0.44612342578109443
188792,-0.5637684988496421,3,0.48024627288069227
318179,1.0728011808658902,3,0.33711235074960694
187665,-0.266210375265,3,0.314331017841984
190186,1.0728011808658902,3,1.11566882513081
283600,0.477684933696605,3,-0.12842813309181456
189754,1.0728011808658902,3,0.3744056275613045
190054,1.37035930445053,3,0.7164808160199482
283760,-1.0101056842266,3,-0.33518436709200705
188324,1.37035930445053,3,0.2438547422863594
187978,0.7752430572812471,3,0.011568749176835865
283615,-0.41498943705732105,3,-0.3256874850845766
374595,-0.8613266224342829,3,0.2891473949572922
188425,0.6264639954889261,3,0.44905486060327404
189238,0.924022119073568,3,0.8841180209356809
187588,0.7752430572812471,3,0.03603290308055036
189811,0.6264639954889261,3,-0.05089121538381994
190780,-0.41498943705732105,3,-0.3148993631211191
188994,1.37035930445053,3,0.5602858705256799
374912,-0.8613266224342829,3,-0.03581977446467674
188463,1.0728011808658902,3,1.5314178942394996
189018,-1.6052219313958898,3,-0.47147006581430784
188434,0.7752430572812471,3,0.1719417127594169
284168,0.328905871904284,3,-0.841245887114644
187649,1.0728011808658902,3,0.5789305645911212
188201,1.22158024265821,3,-0.02330818133933465
187949,-1.6052219313958898,3,0.17426027648846695
187960,0.924022119073568,3,-0.1544869535952357
284059,1.37035930445053,3,0.28879477404596143
374614,-0.266210375265,3,-0.0317212974661925
187840,-0.117431313472679,3,0.09999090809352072
283205,-0.117431313472679,3,-0.5831969030476785
188160,0.924022119073568,3,-0.2721194583183435
283671,0.328905871904284,3,0.11253203964958493
188449,-0.117431313472679,3,0.09189583013500587
188896,1.37035930445053,3,0.7312220711749733
188174,0.7752430572812471,3,-0.4220760594759136
375594,0.7752430572812471,3,-0.4585422818082899
189319,1.51913836624285,3,1.3362490595652048
375315,-0.266210375265,3,-0.43665339341098397
375739,-0.5637684988496421,3,-0.054024033056314105
283221,0.0313477483196424,3,-0.5518717295980439
187742,0.6264639954889261,3,0.31082454055586
373980,-0.117431313472679,3,-0.49076381767269617
190008,-1.30766380781125,3,-0.7564389166751417
336476,0.7752430572812471,3,0.5273489712877285
373835,-1.90278005498053,3,-1.1640043987396274
188507,0.7752430572812471,3,0.11227111632336408
188312,-0.712547560641963,3,0.5434123480768559
373780,0.180126810111963,3,-0.33170309261618425
284338,0.924022119073568,3,0.4010090807780493
187629,-0.117431313472679,3,0.25453616055394396
189308,0.924022119073568,3,0.9474882161794136
188359,1.22158024265821,3,0.520898716882763
187653,-0.8613266224342829,3,-0.3675277183948905
374600,-0.712547560641963,3,-0.047920561155647426
373743,-1.0101056842266,3,-0.1123941821255692
189615,1.37035930445053,3,-0.09727031829946862
187709,0.7752430572812471,3,-0.12422499364536205
188037,-0.266210375265,3,-0.14791152721651984
189003,1.37035930445053,3,0.9268215664299086
2437245,0.0313477483196424,3,-0.5032838345503373
375335,-0.117431313472679,3,-0.4767635627837434
375230,-0.712547560641963,3,-0.18284654250250673
190757,-1.6052219313958898,3,0.09595081506489356
190499,-1.90278005498053,3,-2.6078323241770014
187845,0.924022119073568,3,0.3918599833839738
374914,-0.266210375265,3,0.6162110674966388
187462,0.180126810111963,3,-0.6119341795268457
188698,0.7752430572812471,3,-0.06685877052618433
318174,1.22158024265821,3,0.6170462049809023
373861,0.924022119073568,3,-0.05894769752956647
373690,-0.117431313472679,3,0.08568294127307834
375934,-1.6052219313958898,3,-1.535478646421531
374419,0.477684933696605,3,0.6525338489619471
284024,1.37035930445053,3,0.25472470057419205
189010,1.37035930445053,3,0.4912561255274429
190813,-2.05155911677285,3,0.39801220967043016
374956,-0.117431313472679,3,-0.515157224423724
187784,-0.117431313472679,3,-0.32481694095688535
375500,-1.45644286960357,3,-0.46300002675576657
283138,-0.5637684988496421,3,-0.3113922685384084
189153,-1.45644286960357,3,0.5456252767317122
374662,-1.75400099318821,3,-0.6891916216290176
375549,-0.117431313472679,3,0.4832545648653619
189050,-0.712547560641963,3,-0.12489912479310092
187576,0.180126810111963,3,-0.52884706495708
190029,0.0313477483196424,3,-0.35270076249366344
187764,1.37035930445053,3,1.3992818745309212
188708,1.37035930445053,4,0.13501161519461943
374646,0.477684933696605,4,0.020656107926557997
283252,-0.117431313472679,4,-0.7347587079010117
283769,-0.5637684988496421,4,-1.1132900136068147
374401,1.0728011808658902,4,1.201834559454097
189927,0.6264639954889261,4,0.20004723027312146
188901,1.0728011808658902,4,0.3102287351348524
188596,0.6264639954889261,4,0.16107950636204277
373756,-1.30766380781125,4,1.0250026153061549
374063,1.37035930445053,4,0.19918021647080614
187469,-0.41498943705732105,4,0.18497413120986128
188025,0.924022119073568,4,0.32718343160297153
189885,-1.15888474601893,4,-1.9856260158080168
189630,1.37035930445053,4,0.9685306182419379
376015,-1.75400099318821,4,-0.23430985508693572
375698,-0.8613266224342829,4,0.14441508647030854
190802,-2.05155911677285,4,-1.3661851586984803
188185,1.37035930445053,4,0.717187267813499
375556,0.0313477483196424,4,-0.831075629969116
189883,1.22158024265821,4,0.2043297006950397
374451,-0.117431313472679,4,0.011210955405362048
374635,-1.15888474601893,4,-0.27364610165199593
190144,-1.30766380781125,4,0.4732420757075753
187783,-1.45644286960357,4,-0.6127707058651547
374392,0.328905871904284,4,-0.9186554515662146
373793,0.477684933696605,4,0.9329909835261809
375971,0.0313477483196424,4,0.21754133653369134
376048,-0.41498943705732105,4,0.08613320102893386
3646845,-0.712547560641963,4,0.696286730622321
189842,1.37035930445053,4,0.18064056828270023
283740,1.0728011808658902,4,0.11174814299403146
189084,0.7752430572812471,4,0.42807583761577717
374706,-0.266210375265,4,0.3504957723411211
189346,1.0728011808658902,4,0.5609701037195917
189670,0.0313477483196424,4,0.7968169464683856
284247,-1.15888474601893,4,-0.3082275351680802
190157,1.0728011808658902,4,0.7539758286630506
373773,-0.117431313472679,4,-0.09967881802819353
284279,0.180126810111963,4,-0.9282478648095531
283182,-1.0101056842266,4,-0.23487805419544278
375583,0.477684933696605,4,0.05574924866710778
283772,-1.90278005498053,4,-0.6117997552273237
374917,0.924022119073568,4,0.790237363165199
189757,0.477684933696605,4,-0.25265103303543013
189696,1.37035930445053,4,0.45024765991698323
374339,-1.0101056842266,4,0.19777772321850579
373468,-0.712547560641963,4,0.11975933315214111
373782,-0.5637684988496421,4,0.5864432287633167
374155,0.180126810111963,4,0.5852519242058529
375773,0.7752430572812471,4,0.9364016131185566
283445,-1.30766380781125,4,-0.3873245264783859
374154,1.0728011808658902,4,0.3419081424511324
283830,0.7752430572812471,4,0.9501508616573738
190130,0.477684933696605,4,0.9076816058115282
188734,1.22158024265821,4,-0.3132350492756503
188517,1.0728011808658902,4,0.33912137717845237
373615,-0.712547560641963,4,-0.5696294543621635
188329,0.924022119073568,4,0.7833540629050308
375006,-0.41498943705732105,4,-0.2516731469086887
373629,-1.15888474601893,4,-0.6214879653074317
189277,-2.79545442573446,4,-1.3667447544970743
283668,-1.15888474601893,4,0.03343506794046819
187983,0.7752430572812471,4,0.3850144917136766
374190,1.0728011808658902,4,-0.041510819934179106
190733,0.0313477483196424,4,1.3256858000584448
283132,0.477684933696605,4,0.25720685089944884
374476,-1.15888474601893,4,-1.0956993314799952
375896,-1.90278005498053,4,-0.2001912809752636
375839,-1.45644286960357,4,-2.0969017666501695
283083,0.0313477483196424,4,0.08088351447905272
189224,-0.41498943705732105,4,-1.0602347174217635
187770,0.477684933696605,4,0.1688690812587424
374616,-1.30766380781125,4,-0.16869355484269621
187472,1.0728011808658902,4,0.9056275818184146
284241,-0.117431313472679,4,-0.3025925110531003
375585,-1.90278005498053,4,-0.5345605304557071
375625,-0.41498943705732105,4,0.44192158235859624
374640,0.328905871904284,4,-0.03070705898360237
373991,0.6264639954889261,4,0.3202960782442664
374413,0.924022119073568,4,-0.006722461265983384
283054,-0.41498943705732105,4,-0.14793014634478088
319779,-1.30766380781125,4,-0.31742264366735845
375417,-0.5637684988496421,4,0.45155619500056127
188374,0.7752430572812471,4,0.06791009461324804
190731,-0.712547560641963,4,-0.18108220291281737
374743,1.22158024265821,4,1.2288549736503471
189631,1.0728011808658902,4,0.6267243174822228
188202,0.180126810111963,4,-0.31331363827798275
188214,0.180126810111963,4,0.1534101544634386
375727,-1.75400099318821,4,-0.26713451989903814
187805,0.6264639954889261,4,0.6991543437010067
283117,-0.117431313472679,4,0.44055695644419796
2436999,-1.30766380781125,4,-0.6039431425520835
375662,-0.5637684988496421,4,0.16290614455148666
188232,0.328905871904284,4,-0.1072603149001038
190137,0.924022119073568,4,0.07344039744106803
187823,0.6264639954889261,4,0.0831448629786409
283813,-1.90278005498053,4,0.09272841272979297
374474,1.22158024265821,4,0.06572544363044065
375645,-1.90278005498053,4,0.04227150725686418
187860,0.328905871904284,4,-0.14285333965456704
190160,0.477684933696605,4,-0.27075278201195724
188067,0.180126810111963,4,0.05735330280343656
376012,-0.712547560641963,4,0.1256215974418739
374659,0.328905871904284,4,0.04213302722953038
188704,1.51913836624285,4,1.308968934944138
189287,1.0728011808658902,4,1.1315435311682611
189776,1.0728011808658902,4,0.740838300517021
188702,-0.41498943705732105,4,-0.5390069386772004
375708,-1.6052219313958898,4,0.03268156467322929
308009,0.477684933696605,4,0.12402587108306808
187696,-0.712547560641963,4,0.41346769184394855
190703,0.477684933696605,4,0.013620677217137254
373730,-1.15888474601893,4,-0.13903397896277797
188038,1.0728011808658902,4,0.5744323099537316
283121,-1.90278005498053,4,0.7987474055932874
283432,-1.6052219313958898,4,-0.2947265845446052
376022,-1.75400099318821,4,-1.464039028068134
188153,-0.41498943705732105,4,0.9292417067808825
374719,-2.2003381785651697,4,-1.275303020810122
375663,0.0313477483196424,4,0.11674351504305423
283105,0.6264639954889261,4,1.0028353391809457
188033,1.0728011808658902,4,-0.40570748514019406
374702,1.0728011808658902,4,-0.8055668394507468
187645,-0.266210375265,4,-0.5459631027606211
188942,1.37035930445053,4,0.09717074891924292
375547,0.6264639954889261,4,-0.6087172178423511
188541,-1.0101056842266,4,-0.7108037205780634
374740,0.180126810111963,4,-0.03558057635402608
375503,-1.0101056842266,4,0.10391585537894463
375004,1.37035930445053,4,-0.2593054112389223
187866,-0.266210375265,4,-0.3960609334018693
374145,-0.117431313472679,4,-0.0888759726922637
190784,-0.117431313472679,4,0.8338821338976871
373850,0.328905871904284,4,-0.5951966344700281
375576,-0.8613266224342829,4,-0.7252689721046455
284192,-0.266210375265,4,-0.27321180366655995
283914,-2.2003381785651697,4,-0.3485813680928218
374545,-1.90278005498053,4,-1.280429454020908
190434,-1.30766380781125,4,-1.258150360711276
188056,0.6264639954889261,4,-0.33294554225593864
374473,1.22158024265821,4,0.5325208109852939
375678,-0.5637684988496421,4,-0.22485193456696512
317829,1.0728011808658902,4,0.13055392815377226
283767,1.0728011808658902,4,0.2114189373896177
375392,-0.5637684988496421,4,0.36177388952198436
188774,1.0728011808658902,4,-0.7927176858455133
187585,0.7752430572812471,4,-0.06816913153106349
189944,0.0313477483196424,4,-0.10890690035940112
188636,1.37035930445053,4,0.536315567071449
336483,0.7752430572812471,4,0.7383372820448211
375809,-1.30766380781125,4,-0.5089303036792459
373623,-0.5637684988496421,4,0.032977056284785075
283727,-1.6052219313958898,4,-0.6154953320035801
375859,-0.41498943705732105,4,0.34323780360044476
187904,0.328905871904284,4,-0.5051600978634407
189919,1.0728011808658902,4,-0.23641809608815928
187686,-0.266210375265,4,-0.33363994646437767
189343,1.37035930445053,4,-0.4997817263965375
373758,-1.75400099318821,4,0.017384527016780234
188134,-1.30766380781125,4,-0.15536223882997716
374718,-1.75400099318821,4,-1.4275329320534138
187914,-0.712547560641963,4,0.08717390180941087
374213,-1.15888474601893,4,-1.0773910304658143
375766,0.6264639954889261,4,0.2363334411949826
283125,-0.266210375265,4,0.1640973409696724
187791,0.0313477483196424,4,0.10819087139315793
284248,-1.0101056842266,4,0.3081273866573298
375850,-0.8613266224342829,4,-0.8687336546916493
188913,1.0728011808658902,4,0.5793105432812721
284165,-0.712547560641963,4,-0.3081657063161094
188104,0.477684933696605,4,0.2004102976550058
283791,1.22158024265821,4,0.8051924267378798
283876,-2.2003381785651697,4,-0.5894484968020952
189077,0.6264639954889261,4,0.611523136696705
283843,-2.79545442573446,4,-1.9049990956985483
374641,1.37035930445053,4,0.6774745140089378
188355,0.0313477483196424,4,-0.08625433457655204
374629,0.180126810111963,4,0.5392706358136143
187858,0.6264639954889261,4,-0.1502313139404119
375778,-0.117431313472679,4,-0.08172482536013731
190213,-1.90278005498053,4,-1.7931331155973644
187731,0.0313477483196424,4,0.27363290915859256
188475,0.0313477483196424,4,0.0897998987996009
373627,-0.8613266224342829,4,-0.15324887641224288
190121,1.37035930445053,4,1.6655276609518304
188053,1.0728011808658902,4,0.007962370107616773
188306,1.0728011808658902,4,0.5173218755181465
187456,1.0728011808658902,4,0.9283518180813922
188346,1.0728011808658902,4,1.1819332712672537
283179,-0.117431313472679,4,-0.3868421554468475
375719,0.477684933696605,4,0.23009013291319627
2437377,0.477684933696605,4,-1.2939653604655508
189137,1.22158024265821,4,0.5225108099889882
283127,-0.41498943705732105,4,0.7808414900023135
190808,0.328905871904284,4,0.5451634466556752
308254,0.6264639954889261,4,-0.12158074437392312
375659,-0.8613266224342829,4,-0.06991939027866712
187464,0.924022119073568,4,0.48406735816505553
187482,0.924022119073568,4,1.0452200672625758
375502,-0.117431313472679,5,0.22672333327081784
318175,1.0728011808658902,5,0.2734742376093151
187545,0.924022119073568,5,-0.7827686476055913
374663,-0.41498943705732105,5,0.10718278175882924
187692,0.6264639954889261,5,-0.21821617590694337
187946,0.6264639954889261,5,-0.06978241219459319
2437268,0.328905871904284,5,0.2285145650732403
190092,-0.266210375265,5,-0.7427814051167353
375454,-0.8613266224342829,5,-0.1582345990425845
187712,0.6264639954889261,5,-0.3479096340672414
283789,-0.117431313472679,5,0.1618871533221721
374151,-2.2003381785651697,5,-0.4611585973075206
189012,1.37035930445053,5,0.7422153731278168
187495,0.180126810111963,5,0.1785121764037422
2437340,-0.117431313472679,5,-0.42138572764536103
374361,-0.41498943705732105,5,-0.2993257056052153
283106,0.180126810111963,5,-0.11144864484597046
373739,-1.15888474601893,5,0.3622960087369056
189955,-1.0101056842266,5,-0.2837677972268803
188733,1.22158024265821,5,-0.36719412061565654
189302,-0.98034987186814,5,1.2549709807465526
374613,0.0313477483196424,5,-0.3331853941265309
188102,1.0728011808658902,5,0.4758276491557369
187772,-1.6052219313958898,5,-0.6645769927347728
188357,0.328905871904284,5,0.3539524854872156
375921,-1.90278005498053,5,-1.7340992640017394
187895,-0.712547560641963,5,-0.6377529011530798
190238,-1.90278005498053,5,-0.8470633121488375
187523,0.6264639954889261,5,-0.08503163582608013
283775,0.924022119073568,5,0.6295268077624632
187711,1.0728011808658902,5,0.8476873733427975
284278,1.0728011808658902,5,0.5717745742473406
189233,1.22158024265821,5,1.0985412085656683
2437248,0.7752430572812471,5,0.40568670456334505
283279,-1.6052219313958898,5,-0.5198215154048343
318176,1.22158024265821,5,0.010564469463164597
188979,1.0728011808658902,5,0.007550927428242207
188911,-1.90278005498053,5,-0.37782237400127805
375627,1.37035930445053,5,0.11124216476310289
188225,-1.0101056842266,5,-0.3772521037119272
188163,0.924022119073568,5,0.4871938268660384
189808,0.6264639954889261,5,0.6693939097453034
374541,-0.117431313472679,5,-0.6952002655431626
283199,-0.266210375265,5,-0.14911159741658242
376047,-0.5637684988496421,5,-0.953749864903298
375820,-0.5637684988496421,5,-0.15975539208978196
188001,-0.266210375265,5,-0.4091818174819991
188532,-1.15888474601893,5,-0.7898435485336777
187938,-0.117431313472679,5,0.009610892817106264
189015,-1.6052219313958898,5,0.7707423454806839
189059,1.37035930445053,5,0.655872907867269
283766,1.0728011808658902,5,0.052198678957730546
283846,-0.5637684988496421,5,-0.6616099219441037
375455,-0.117431313472679,5,-0.12495114155309626
319283,-0.712547560641963,5,-0.07524179399551251
189090,1.0728011808658902,5,0.841773369094067
189245,0.6264639954889261,5,1.14126286331008
375815,-0.117431313472679,5,-0.9227510057858536
187591,1.0728011808658902,5,0.5378995019042605
375817,0.0313477483196424,5,-0.3263368545787867
187725,1.22158024265821,5,0.7028550517335522
188554,0.477684933696605,5,-0.10604132070567958
190173,0.7752430572812471,5,0.8240023755208938
187628,0.477684933696605,5,-0.42879530869852417
284369,0.180126810111963,5,-0.44676821420504315
188079,1.0728011808658902,5,0.844339070703983
188015,0.477684933696605,5,0.01140398752933874
374436,-2.05155911677285,5,-1.5446955455850535
374533,-0.8613266224342829,5,-0.024887066594185693
188197,-0.5637684988496421,5,-0.7949948125230868
188980,0.924022119073568,5,0.39514376990671035
373651,-1.15888474601893,5,-0.5094253037005767
374535,-0.41498943705732105,5,-0.20047307014039495
375707,-1.45644286960357,5,0.6567016862922971
190088,0.328905871904284,5,-0.20995473461886544
187594,0.180126810111963,5,-0.2148712600587999
189006,1.37035930445053,5,0.48039806065990504
189079,0.180126810111963,5,0.0706133516584264
190709,0.0313477483196424,5,0.5539663138395249
188215,0.0313477483196424,5,-0.6486395243011932
375962,1.0728011808658902,5,-0.4388573257946638
190277,0.7752430572812471,5,0.009095712533918558
187906,0.6264639954889261,5,-0.8312315115899462
283759,0.328905871904284,5,-0.8145197782816406
189301,0.924022119073568,5,1.569417047048796
2437251,1.0728011808658902,5,-0.1646541363286652
375475,-0.41498943705732105,5,0.5859187841329445
284216,0.477684933696605,5,-0.3519464649704367
187867,0.0313477483196424,5,-0.48672382855990465
2437258,-1.30766380781125,5,-1.1605704726242998
375569,-1.0101056842266,5,-0.17580971975225504
283579,-1.0101056842266,5,-0.7556740952952355
188895,1.51913836624285,5,0.6250692665799582
374742,1.51913836624285,5,0.769386664908076
374622,-0.41498943705732105,5,0.44063219697933637
336478,0.924022119073568,5,0.36600920340403853
374124,0.924022119073568,5,0.22865665482731182
375589,-0.117431313472679,5,-0.6969861944749041
284303,0.477684933696605,5,-0.19956454541600607
284110,-1.30766380781125,5,-0.7684988248450141
189964,-1.30766380781125,5,-0.3247923069217418
284328,-1.75400099318821,5,-1.4114141741830422
188152,0.180126810111963,5,-0.5588739354638522
375310,-0.117431313472679,5,-0.44568438547953954
190055,0.924022119073568,5,0.6487599579939378
283553,-2.05155911677285,5,-0.7180835191527514
374624,-0.266210375265,5,-0.07897600704280087
284277,-1.6052219313958898,5,-1.082351028201847
187690,0.328905871904284,5,0.0935778750049879
190114,1.51913836624285,5,1.2489250901145166
374377,-0.5637684988496421,5,0.18672589331923006
187682,0.477684933696605,5,0.6671288068635233
2437378,0.0313477483196424,5,1.1544463800461489
284090,-1.30766380781125,5,-0.2301762421751755
2437308,-0.712547560641963,5,-0.22030241494064537
188909,1.22158024265821,5,0.05841869225424465
376021,-2.05155911677285,5,-0.22324983622968067
283313,-0.266210375265,5,-0.1439654405863783
187954,-0.8613266224342829,5,-0.43080514487757915
374969,0.0313477483196424,5,-0.2048287153210796
189977,-1.0101056842266,5,-1.417706177887612
375373,-0.5637684988496421,5,-0.7198789831861349
189887,0.328905871904284,5,-0.084577746222107
308011,0.7752430572812471,5,-0.08469137780491039
374768,0.924022119073568,5,0.6341201470071245
375243,0.0313477483196424,5,-0.8124424244790659
283778,0.6264639954889261,5,-0.12739242401233114
373904,1.0728011808658902,5,0.3992762488783795
374517,-0.712547560641963,5,0.5169260711239155
187883,0.180126810111963,5,0.05401467624998183
2437267,0.328905871904284,5,0.27687874867906326
374741,1.0728011808658902,5,0.6623688226761778
190073,-1.90278005498053,5,-0.820846762332547
187875,1.37035930445053,5,0.36881282248953473
283817,-1.30766380781125,5,-0.8233009870636905
2437395,0.180126810111963,5,0.6073373590882114
188764,0.477684933696605,5,-0.6319334458905475
189290,1.22158024265821,5,0.9805130855133424
187584,1.37035930445053,5,0.5128728357512535
188095,0.328905871904284,5,-0.030859134231966946
188026,0.6264639954889261,5,0.34490597766084213
375370,-0.41498943705732105,5,-0.2752571155403533
188218,0.6264639954889261,5,0.16124598811008034
283471,-0.117431313472679,5,-0.3821069092861781
187985,0.924022119073568,5,0.2656756572220152
189628,1.0728011808658902,5,0.7107400733408155
189081,0.0313477483196424,5,0.13867517046710462
189690,1.0728011808658902,5,-0.48263050813001057
188292,-1.0101056842266,5,-0.2152645024954733
375679,1.0728011808658902,5,-0.4389553107521794
375666,0.6264639954889261,5,0.2996760242252101
308004,1.22158024265821,5,-0.015397875629647118
189240,1.37035930445053,5,0.9400802725361456
284132,-1.90278005498053,5,-0.48484067288913635
188407,-2.2003381785651697,5,-0.16861484280847625
374934,-2.64667536394214,5,-0.5450968548050432
187541,0.924022119073568,5,-0.4602389702173856
373649,-0.712547560641963,5,0.3775250924104778
187780,0.0313477483196424,5,-0.15180582163154963
188064,0.924022119073568,5,0.7798855719054704
283214,-0.117431313472679,5,-0.8987294442706449
188000,0.180126810111963,5,-0.304339860236613
187853,-0.5637684988496421,5,0.1542486579856297
188899,1.37035930445053,5,0.4006773085263602
189005,1.37035930445053,5,0.0913952726180276
187749,0.7752430572812471,5,0.0007102403387068005
188363,1.0728011808658902,5,0.23308909387933743
375441,0.477684933696605,5,0.09220445488572222
318178,1.37035930445053,5,0.06341678542642842
187757,-0.266210375265,5,0.5267898695503853
374160,1.0728011808658902,5,-0.6870888390952938
188786,0.0313477483196424,5,0.25004324787274435
374513,1.22158024265821,5,0.466240054049536
190018,1.22158024265821,5,0.2662625298610171
283964,1.0728011808658902,5,0.17962197019940493
187767,-0.117431313472679,5,-0.2626049945585001
374807,1.0728011808658902,5,0.357904008091338
189085,0.0313477483196424,5,0.5732144567523823
283114,0.180126810111963,5,0.18708810773779636
318549,-0.41498943705732105,5,0.36581405967709424
2436902,-0.712547560641963,5,-1.3511896019247776
375807,-1.90278005498053,5,-0.7026628516051333
375736,0.477684933696605,5,0.5858624451487118
283229,-0.117431313472679,5,-0.42620949832619826
284322,-0.712547560641963,5,-0.6892908463846362
373903,0.6264639954889261,5,-0.18484019973254934
187945,0.477684933696605,5,-0.001347249352303858
187589,-0.117431313472679,5,-0.4844365034478638
375411,-0.266210375265,5,0.010984375588309434
336684,1.37035930445053,5,0.6426123663570166
188469,0.7752430572812471,5,-0.6144906583258078
283143,1.22158024265821,5,0.5624875231116571
188897,-1.90278005498053,5,-0.28131697448208987
375835,0.6264639954889261,5,0.0917493214644654
283719,0.180126810111963,5,0.5478554950212217
189164,1.51913836624285,5,0.551360497909069
283235,-0.41498943705732105,5,0.06400505866217888
375597,-1.0101056842266,5,-0.49816717246336273
376002,-1.0101056842266,5,0.6767587150279644
188974,-0.8613266224342829,5,-0.4300308042080074
189803,-1.30766380781125,6,-0.6046311481797867
374479,1.0728011808658902,6,-1.298860163213103
187998,0.477684933696605,6,-0.253752501692038
375449,-0.41498943705732105,6,-0.04343764742488969
187739,0.477684933696605,6,0.954659283819007
283776,0.924022119073568,6,0.2582546287797145
187658,-0.266210375265,6,-0.02148911756297881
336479,0.6264639954889261,6,0.3452149168260797
375995,1.37035930445053,6,0.09237614613407809
284161,-1.75400099318821,6,-0.5874474752879266
187893,1.37035930445053,6,0.33431263236202574
319783,0.180126810111963,6,-0.1173393969298159
375957,-0.41498943705732105,6,-0.10328374830545226
187817,-1.15888474601893,6,-0.5841365432129136
374174,1.0728011808658902,6,-0.6483664970417391
188250,0.180126810111963,6,-0.7807389609012252
284372,0.0313477483196424,6,0.575545150466728
375917,1.37035930445053,6,0.6297450446113593
188209,0.477684933696605,6,-1.2410332135801685
283803,-0.712547560641963,6,-0.6451715816444241
188981,0.180126810111963,6,0.4350546753625743
188467,0.180126810111963,6,-0.10638846781341516
189854,0.924022119073568,6,0.41806967354218877
375813,0.477684933696605,6,0.3258257437947291
374416,0.180126810111963,6,0.34677917081940957
187671,1.22158024265821,6,-0.1772723858990609
283722,-0.8613266224342829,6,-0.18051779095978956
187995,0.328905871904284,6,-0.13968462828426192
189421,0.924022119073568,6,0.28505644457826795
283312,0.6264639954889261,6,0.17362892544237574
375410,-0.266210375265,6,0.42201214866788667
284312,-2.05155911677285,6,-1.4702661164910193
188957,0.7752430572812471,6,0.2512759174661979
189751,-2.2003381785651697,6,-0.7460831123588102
375702,0.328905871904284,6,-0.505056912448928
283833,1.0728011808658902,6,0.5752579042973869
375094,-1.30766380781125,6,-0.36561652833431363
187804,-1.90278005498053,6,-0.7453183988894359
375433,1.0728011808658902,6,0.481542072459064
375950,-0.8613266224342829,6,-1.117041978126759
187887,0.477684933696605,6,-0.38396589020142985
374551,-2.4978963021498104,6,-1.1993397261269043
283144,1.0728011808658902,6,0.06400357371260226
187819,-0.8613266224342829,6,0.2543975705391879
188035,-0.266210375265,6,-0.3818488733773567
187980,1.22158024265821,6,-0.11974168201998447
187907,0.180126810111963,6,0.24156417044394982
189093,-0.8613266224342829,6,0.055801462313204264
283741,-0.5637684988496421,6,-0.5347374125672559
188419,1.22158024265821,6,0.1040324737682262
188816,0.6264639954889261,6,0.6577043725858671
189706,0.328905871904284,6,-0.27558891510953204
283752,-1.15888474601893,6,0.03016713906523141
283707,-0.712547560641963,6,0.11159861210921304
375540,-0.117431313472679,6,-0.30305926947205725
188341,0.477684933696605,6,0.5632950033796009
188105,-1.30766380781125,6,0.14680299220937185
188759,-0.5637684988496421,6,0.2692342710431976
375372,-1.6052219313958898,6,-0.5948163764102286
284002,-0.712547560641963,6,0.2647260663053084
375717,0.0313477483196424,6,0.09258681017014163
188521,0.7752430572812471,6,-0.15486815152091044
375941,-2.2003381785651697,6,-1.296121020021522
189829,1.51913836624285,6,1.026147778356878
375545,-0.41498943705732105,6,-0.56200982265778
189225,0.6264639954889261,6,1.1543049827696144
187556,0.477684933696605,6,0.07921519493012517
189753,1.37035930445053,6,0.6817636403353304
188172,0.7752430572812471,6,-0.2766487783120867
375018,1.0728011808658902,6,-0.37413000649803907
187508,1.22158024265821,6,0.7734063554846144
189723,0.924022119073568,6,0.40876013775560205
284370,-1.6052219313958898,6,0.09018478089676703
190189,0.924022119073568,6,0.9549166070561866
188496,1.0728011808658902,6,1.010724240021475
188997,-1.75400099318821,6,-0.3945566228982157
187574,-0.712547560641963,6,-0.16788439925424042
189647,0.6264639954889261,6,0.33042004210173187
375295,0.7752430572812471,6,0.06379080339185235
190811,-1.15888474601893,6,0.01592407200549226
187846,0.0313477483196424,6,-0.2209310076355198
2437282,-0.8613266224342829,6,-0.1166773299864087
187656,0.7752430572812471,6,-0.07784343925551603
187801,-1.45644286960357,6,-0.05872172841236461
189856,0.180126810111963,6,0.406953934271326
190252,-1.30766380781125,6,-0.6925480104371831
187599,0.924022119073568,6,0.16445748562738657
188969,-0.8613266224342829,6,0.20247386481203233
319285,0.6264639954889261,6,0.14504019613691005
190814,0.6264639954889261,6,0.4968788928452192
2437410,0.477684933696605,6,-0.4790834578479053
375665,1.22158024265821,6,0.17923700756626276
375571,-1.6052219313958898,6,-0.3592467910828975
336686,0.477684933696605,6,-0.049624866683697186
283104,-0.712547560641963,6,0.8578063138804402
283230,0.180126810111963,6,0.1399028269056007
189237,1.37035930445053,6,1.0210509734870086
190708,-0.712547560641963,6,0.3856120486654525
283194,-0.41498943705732105,6,-0.6436001417409086
375802,-1.0101056842266,6,0.0864819936705296
375691,-0.117431313472679,6,-0.0019898960845142035
375695,-1.0101056842266,6,-0.09836507719285752
188061,0.6264639954889261,6,0.2886512307654348
375572,-2.79545442573446,6,-0.31709945296271064
374944,0.180126810111963,6,1.0726909094734935
375573,1.37035930445053,6,-0.36988760170556895
375499,-0.266210375265,6,-0.07906384863581278
187699,0.6264639954889261,6,0.7441252445612745
187471,1.51913836624285,6,0.62369060715141
187832,0.180126810111963,6,0.41347624850086645
190037,-1.45644286960357,6,-1.0216088034833708
188996,-0.117431313472679,6,1.0159827310505014
190063,-0.117431313472679,6,0.17551098095311723
187607,0.7752430572812471,6,0.6356367523702318
284190,-0.266210375265,6,-0.21553173874027975
188034,1.22158024265821,6,0.401939459630472
188990,1.22158024265821,6,0.9068790797996762
283089,-0.5637684988496421,6,-0.5496147821248635
375371,-1.90278005498053,6,-0.35832862851178493
374013,0.180126810111963,6,-0.5665328079364692
374368,0.0313477483196424,6,-0.11824868037695059
374978,1.22158024265821,6,0.3929473343193708
190039,1.51913836624285,6,1.261523510419248
189232,1.37035930445053,6,0.9120435897013498
188028,0.6264639954889261,6,-0.21487331716041205
189853,-1.45644286960357,6,-0.3057362463122598
283427,-1.6052219313958898,6,-1.0668799635108819
189683,0.6264639954889261,6,-0.304785895387367
375952,-1.90278005498053,6,-0.9940030861659052
188255,1.0728011808658902,6,0.49236705814610815
284265,-1.45644286960357,6,0.38569913434570113
188349,0.477684933696605,6,0.14056957685197524
283224,0.328905871904284,6,-0.4835828775226492
283359,-0.712547560641963,6,-0.8416961935321782
375557,-1.6052219313958898,6,-0.6180621841318911
190058,0.477684933696605,6,-0.04677168927702028
189028,-0.8613266224342829,6,0.6358791408456823
375567,0.924022119073568,6,0.11760141747038769
190141,-0.712547560641963,6,-0.16456560923006575
189241,1.22158024265821,6,1.1888615405485827
375394,-1.15888474601893,6,-0.5151347937986935
374589,0.180126810111963,6,-0.45772343110135094
187956,-0.5637684988496421,6,-0.30615084295458445
190819,-1.0101056842266,6,0.84228651720945
375745,1.0728011808658902,6,0.31344945729238904
188235,0.477684933696605,6,-0.3216227906064062
375740,1.22158024265821,6,0.43055390857250614
373654,-1.45644286960357,6,-0.31172568921215277
189024,1.22158024265821,6,0.6335182360779402
283754,-1.15888474601893,6,-0.2567452530554542
190057,0.924022119073568,6,0.0711372902087072
374703,0.180126810111963,6,-0.4047545303412323
188975,1.51913836624285,6,0.14378665172760755
189715,0.477684933696605,6,0.5371688906589903
187654,-0.5637684988496421,6,0.24994460927041867
189732,1.22158024265821,6,0.3445416722997182
338067,0.6264639954889261,6,-0.6022509390894466
375923,-0.266210375265,6,-0.6217899980206563
374681,-1.30766380781125,6,-0.1101643517797622
308010,0.477684933696605,6,-0.09024277515123239
188187,0.7752430572812471,6,-0.49082089033190957
187566,0.180126810111963,6,0.023527431771057292
187751,0.477684933696605,6,-0.11925887019727978
284100,0.180126810111963,6,0.10408741258314916
376027,0.328905871904284,6,-0.37247052842609957
190085,-0.712547560641963,6,-0.037587568884042966
373745,-1.90278005498053,6,-0.2450936149759769
187822,-0.5637684988496421,6,0.2651765841940319
188818,0.477684933696605,6,0.14107403280991818
374680,-0.117431313472679,6,-0.39606243516786976
188311,1.37035930445053,6,0.5662252815208164
283431,-1.30766380781125,6,-0.29378587203799394
189236,1.37035930445053,6,0.7072524267566644
283726,0.328905871904284,6,-0.17798432904757006
189455,0.924022119073568,6,0.11164489594495919
188458,1.0728011808658902,6,0.24327978539815545
190278,0.7752430572812471,6,-0.6004687810029496
187514,0.477684933696605,6,0.22111415572966428
188189,1.37035930445053,6,0.4299340595445681
187675,-2.64667536394214,6,-0.30480952670124967
190067,1.0728011808658902,6,0.8032835102245538
189759,-1.0101056842266,6,0.395559780935829
188993,1.22158024265821,6,0.5806486299904494
373734,-1.30766380781125,6,-0.308358873674538
188448,1.0728011808658902,6,0.8316987466713169
375527,-0.5637684988496421,6,-0.5230863038040832
188314,1.37035930445053,6,-0.5122123899776059
187878,-1.30766380781125,6,-0.6849921680823221
284239,-1.45644286960357,6,-0.4167319064185836
374066,1.37035930445053,6,-1.4939335770120574
189961,-0.5637684988496421,6,-0.1992808486881329
190791,-0.117431313472679,6,-0.7149633673981194
190164,-1.30766380781125,6,-0.40083096076339186
188055,1.0728011808658902,6,-0.06827451535087577
188383,-0.266210375265,6,-0.15955451651019154
187868,0.180126810111963,6,-0.5706011661608034
188912,0.924022119073568,6,0.7296219757451576
189932,-1.0101056842266,6,-1.2953269397822769
187718,0.0313477483196424,6,-0.01730367760499766
187879,-1.0101056842266,6,-0.35827146948732685
2437408,-0.712547560641963,7,-0.1473283079478357
374630,-0.117431313472679,7,-0.21035615484448622
187702,1.0728011808658902,7,0.8676862300506823
374658,-0.712547560641963,7,-0.4604119107294006
375932,-0.8613266224342829,7,-1.0446540547387595
187930,0.6264639954889261,7,-0.35089388428279567
373621,-0.8613266224342829,7,-0.31603212130198743
187535,-0.266210375265,7,-0.7101268661201455
187475,1.0728011808658902,7,-0.06038760682706011
189623,1.22158024265821,7,1.1095815855911593
187807,1.0728011808658902,7,-0.259501791781962
374604,-0.117431313472679,7,-0.0897110740481316
190403,-1.75400099318821,7,-0.8021546559503008
374371,-2.05155911677285,7,-1.2060278677815768
187928,-0.712547560641963,7,0.02713950780345082
374678,-1.0101056842266,7,0.06338843862416287
187974,-0.41498943705732105,7,0.04988356247910355
374374,-0.117431313472679,7,0.5154187616884753
376013,1.22158024265821,7,-0.37929693037995815
187631,0.328905871904284,7,-0.20420122278075326
188958,1.0728011808658902,7,0.8441470987396127
374763,1.37035930445053,7,1.3621571955267604
190818,-2.05155911677285,7,-2.007239685127927
284080,-1.45644286960357,7,-0.22184417697553302
283735,0.0313477483196424,7,0.5531835810407646
375748,1.22158024265821,7,0.36394660629327674
188765,-0.266210375265,7,-0.5484563212036117
374621,0.924022119073568,7,-0.8307355613317947
187497,1.37035930445053,7,0.9286230689540604
188320,1.0728011808658902,7,0.6511194709595702
375539,-0.8613266224342829,7,-0.5703492060564935
375993,0.477684933696605,7,-0.37945266133109745
374191,1.51913836624285,7,1.0333648943568883
374064,1.37035930445053,7,0.5660770520936713
187551,-1.30766380781125,7,-0.33032980448503113
283634,0.477684933696605,7,-0.144603809767009
187958,0.328905871904284,7,-0.22258290007972095
283130,-0.117431313472679,7,-0.08109409804725419
2437412,-2.05155911677285,7,-0.9136763932168283
187663,-0.266210375265,7,-0.21693053499556264
187936,-1.15888474601893,7,0.1908594651486223
375577,-0.5637684988496421,7,-0.5838191605777757
188146,0.0313477483196424,7,-0.6761048498684102
2437048,-0.117431313472679,7,-0.5165171588030603
375767,0.6264639954889261,7,-0.3441697883497616
375409,-1.30766380781125,7,-0.054725814530840966
187491,0.477684933696605,7,0.7703774887931472
189840,-1.75400099318821,7,-0.7351833853361045
283232,0.924022119073568,7,0.5401573164380007
189822,1.37035930445053,7,0.8363872035887537
189188,-1.90278005498053,7,-0.41609262028393224
188291,0.0313477483196424,7,-0.5153061908908431
317953,1.0728011808658902,7,0.4035118147468363
188429,-0.5637684988496421,7,-0.7589456961730263
187886,-2.2003381785651697,7,0.008336350953978108
374894,0.180126810111963,7,-0.22753263004083596
189045,1.51913836624285,7,0.6000704660307835
374003,0.0313477483196424,7,-0.3055164282835305
189094,0.6264639954889261,7,1.0743738724979803
187678,0.0313477483196424,7,0.22986363789964145
283444,-2.2003381785651697,7,-0.6028694476779326
189669,1.37035930445053,7,1.4034357192197884
283768,-0.266210375265,7,0.22630215198264622
188027,0.924022119073568,7,0.546802776579752
190774,0.924022119073568,7,0.14131725957003974
375437,-1.30766380781125,7,-0.38873384009149314
189022,0.924022119073568,7,0.26359247199339775
283773,0.328905871904284,7,0.13786352165642812
374688,-0.5637684988496421,7,0.10239926029651342
187501,0.7752430572812471,7,-0.059870722936299414
375682,1.0728011808658902,7,0.410402758149615
373733,-1.0101056842266,7,0.02268329998227752
375453,-0.117431313472679,7,-0.5901364597877841
189267,-1.0101056842266,7,-1.0265856103259599
190175,1.0728011808658902,7,-0.12539770624760566
190797,-0.712547560641963,7,-0.15031296298624652
188464,1.0728011808658902,7,0.720425892966592
189027,1.37035930445053,7,0.1535010440199185
188019,0.0313477483196424,7,0.3681182576275292
284025,-0.712547560641963,7,0.2195930634302765
187876,1.37035930445053,7,0.6242632825789036
189070,-1.6052219313958898,7,-0.45721299841117097
374631,0.6264639954889261,7,0.1150024766214534
375705,-0.8613266224342829,7,-0.7100476437439145
283655,-0.266210375265,7,-0.5915442585616814
284215,0.0313477483196424,7,0.07476501394718736
376023,-0.266210375265,7,0.2969008235042862
374567,-0.41498943705732105,7,-0.058124313830958244
187655,-0.41498943705732105,7,-0.2526198479047543
189221,0.924022119073568,7,0.007535815060449738
373675,-1.0101056842266,7,0.07449387880734316
283120,-1.0101056842266,7,0.17616925605102748
188224,0.924022119073568,7,-0.2738349409337325
189734,-1.30766380781125,7,-1.2782996444459425
190805,-1.90278005498053,7,-0.4858802860130715
188454,-0.712547560641963,7,-0.19021731222821603
375608,-0.41498943705732105,7,-1.2249265519758445
375851,-2.34911724035749,7,-1.36146683374749
283633,0.328905871904284,7,0.5483621913638723
190134,0.7752430572812471,7,-0.043981384363961804
188093,0.6264639954889261,7,0.1194182972634077
189864,-0.266210375265,7,0.058096352956011
283822,-2.4978963021498104,7,-0.5205694310176545
318173,0.7752430572812471,7,-0.5254530636924624
188988,0.7752430572812471,7,0.9887033115444518
375458,0.477684933696605,7,0.5471311203710503
190795,1.0728011808658902,7,0.15444631509358733
189980,0.328905871904284,7,0.37459131880551577
283515,-1.6052219313958898,7,-0.6488590328977549
336783,0.180126810111963,7,-0.20525723175517033
283667,-0.41498943705732105,7,-0.9528286855165655
375752,0.328905871904284,7,-0.23691830529901892
375759,0.180126810111963,7,-0.4114610781324509
375788,-1.30766380781125,7,-0.21954088684395912
187824,-0.266210375265,7,-0.5751783260531524
190142,0.6264639954889261,7,0.6695191660477692
189390,-0.117431313472679,7,0.6637439643859298
188156,-1.0101056842266,7,-0.4346967764011862
374516,0.7752430572812471,7,0.5828370888477027
188497,0.328905871904284,7,0.14049819470895003
189222,0.6264639954889261,7,0.28667894240647496
188345,1.22158024265821,7,1.076732740726476
188325,1.37035930445053,7,-0.4136185788204875
375939,-1.6052219313958898,7,-0.1598159215671916
187526,-0.8613266224342829,7,0.7377827066534489
374599,-0.712547560641963,7,0.12010032989100876
188640,0.477684933696605,7,0.7813493740767702
374995,1.0728011808658902,7,-0.22178751690098328
187820,0.477684933696605,7,-0.37690093627244914
283755,0.0313477483196424,7,-0.20593517218111923
188441,0.6264639954889261,7,0.42907798366824973
190734,0.0313477483196424,7,0.20041405003869972
190016,1.0728011808658902,7,0.535183796506121
374696,-1.45644286960357,7,-0.3705947965358395
188121,1.0728011808658902,7,-0.19146962080687538
189889,-0.266210375265,7,-0.1066308267746015
188244,0.6264639954889261,7,0.07608669721998576
375037,0.7752430572812471,7,0.2807903979473178
283751,0.180126810111963,7,0.3687166237750161
375674,1.0728011808658902,7,0.08349746853766306
187833,0.924022119073568,7,0.4295152705354996
189244,-0.117431313472679,7,0.444723720748587
187544,0.6264639954889261,7,0.5380201754997537
188029,0.7752430572812471,7,-0.2542524791512296
375640,0.180126810111963,7,-0.20259856981514693
374536,-0.266210375265,7,0.8625203383552509
373760,-0.712547560641963,7,-0.313689934359842
2437286,0.328905871904284,7,-0.45302534453111515
189099,-0.117431313472679,7,-1.2508390521804775
187461,0.328905871904284,7,0.8765640458331456
187855,0.180126810111963,7,0.24175991662164592
189293,1.0728011808658902,7,-0.16226199884822085
375690,0.924022119073568,7,-0.6201201543320987
283802,-2.05155911677285,7,-1.1550707985323256
189881,-1.30766380781125,7,0.18076998008453338
187756,-1.30766380781125,7,-0.7103856855398181
283656,-1.15888474601893,7,-0.6495904947205732
319956,1.0728011808658902,7,1.0391996812918827
190086,-1.90278005498053,7,-1.4307197345598897
283962,0.328905871904284,7,-0.07629113049393667
375467,-1.90278005498053,7,-0.548186962671038
187573,-0.117431313472679,7,-0.08436341096640995
375795,0.180126810111963,7,0.0335003855884714
375857,-0.5637684988496421,7,0.15265408584996393
375642,-0.8613266224342829,7,0.5215643081159654
374607,-0.5637684988496421,7,-0.7727088815313442
187854,0.477684933696605,7,0.29521549613736947
189288,1.22158024265821,7,-0.4619407299937881
187877,-0.266210375265,7,-0.029372398919437673
374359,0.6264639954889261,7,0.5100534129733292
190191,0.477684933696605,7,0.8490067011583571
190059,0.7752430572812471,7,-0.6477568534729399
375895,-2.2003381785651697,7,-0.21837021211841257
375943,-1.75400099318821,7,-1.042116264397997
190139,-0.5637684988496421,7,-0.1965222036728754
189274,-2.79545442573446,7,-1.5860254067068753
375550,-1.15888474601893,7,0.05337149225556131
374693,0.7752430572812471,7,-0.6299923584922404
374367,0.180126810111963,7,-0.7559255986695316
375784,-1.30766380781125,7,0.406661335154004
190711,0.477684933696605,7,0.24650222925052828
283157,0.180126810111963,7,-1.4743429185498886
187560,0.477684933696605,7,-0.4406654948146428
187981,1.0728011808658902,7,-0.3121401255380087
189667,1.22158024265821,7,0.45963836605399144
375432,-1.45644286960357,7,-0.16090138989931904
188536,-0.712547560641963,7,0.36870606331961425
336685,1.37035930445053,7,0.31411158645807646
319784,0.924022119073568,7,-0.8422624467953317
187752,-1.75400099318821,7,-0.2485035863261442
375687,0.477684933696605,7,-0.5870682183292532
189035,1.51913836624285,7,1.027353621482607
374067,1.22158024265821,7,-0.02278189684595499
284281,0.0313477483196424,7,-0.40921450535142856
284066,-1.45644286960357,7,0.16829780862036742
283456,-0.712547560641963,7,-0.6289391707052283
187677,0.328905871904284,7,0.07156602529172594
283763,-0.8613266224342829,7,-0.7915786302904468
189043,-1.90278005498053,7,-0.6248794928459018
190274,0.180126810111963,7,1.1399987187832321
188302,-0.117431313472679,8,0.22407056010858314
375169,-1.6052219313958898,8,-0.5397140844202019
187975,1.0728011808658902,8,0.5622882055972228
190167,-2.4978963021498104,8,-0.3616883223010081
284202,0.328905871904284,8,0.5568647103122175
374396,1.51913836624285,8,0.6369482781900445
374385,-0.266210375265,8,0.32074408092740864
188563,-0.117431313472679,8,0.16519137083604618
189031,0.328905871904284,8,0.2860101797735296
187505,-2.2003381785651697,8,-0.8410446602643104
188944,1.0728011808658902,8,0.5376129122918931
373481,-1.0101056842266,8,0.0010841232303886242
375579,1.37035930445053,8,0.23216823594294608
374001,-1.0101056842266,8,0.0275742388084824
283625,0.924022119073568,8,-0.46835966114287264
374386,0.477684933696605,8,-0.014449853857021097
188413,-1.30766380781125,8,-0.06773530060008805
188421,0.6264639954889261,8,-0.014146498758919424
375974,0.477684933696605,8,0.2885993775571514
374941,0.6264639954889261,8,0.11233069162802452
190702,0.180126810111963,8,0.46692171859575143
190051,-2.64667536394214,8,-2.2376905972060763
189041,-0.117431313472679,8,-0.4189733189823714
187691,0.924022119073568,8,0.5516072406142706
283449,0.7752430572812471,8,-0.43370439627398727
188226,1.22158024265821,8,0.7377945174643966
375024,0.477684933696605,8,0.0750289361772791
189243,1.22158024265821,8,0.7512027869042437
188340,1.0728011808658902,8,0.6670825565717985
283839,-0.712547560641963,8,-0.2749466144829693
189668,1.37035930445053,8,0.9768172295610389
187562,0.6264639954889261,8,9.748668151073666e-05
375704,0.477684933696605,8,0.280944078554961
190807,0.328905871904284,8,0.14568821402804874
188369,0.0313477483196424,8,-0.46722141968758124
375391,0.0313477483196424,8,0.16535184325649885
156377,-2.64667536394214,8,-1.076108306367717
188999,-0.117431313472679,8,0.5216080157959566
283448,-0.8613266224342829,8,-0.07507672957497999
188987,1.37035930445053,8,0.8073031209162987
283178,0.7752430572812471,8,0.3201710717083317
187685,-1.6052219313958898,8,0.9747911879786951
187924,-2.4978963021498104,8,0.2350052287774478
189068,0.6264639954889261,8,0.2284900516423512
190096,1.37035930445053,8,0.6097665999464028
373777,-1.0101056842266,8,-0.4094707733778031
374689,1.0728011808658902,8,0.5495614019062657
190069,-1.0101056842266,8,0.0005216585384982147
376033,1.22158024265821,8,0.03520112818800483
284304,0.328905871904284,8,0.13804548322704796
188094,1.37035930445053,8,0.11412794561364469
187579,0.7752430572812471,8,0.11900330160475461
189032,1.51913836624285,8,1.0247531979098612
188375,-1.0101056842266,8,0.11176120382740978
188846,0.180126810111963,8,-0.22799800916797563
190163,-0.8613266224342829,8,0.302344236377871
283967,-0.41498943705732105,8,0.10733120313825772
187987,0.7752430572812471,8,0.43706250481866593
190794,-1.30766380781125,8,-0.10222252280714883
189029,1.37035930445053,8,0.39045764992034293
190127,1.37035930445053,8,1.2028320259470962
189239,-0.117431313472679,8,0.19382520020222208
374331,-0.712547560641963,8,-0.10117904223120851
189020,0.924022119073568,8,0.3874015261679846
284371,-0.712547560641963,8,0.4800634651259972
319955,0.7752430572812471,8,-0.1766810648536066
188423,-0.712547560641963,8,0.556426546107236
188669,-0.41498943705732105,8,0.11141834244604455
188204,-0.8613266224342829,8,-0.09803583606290535
375871,-0.5637684988496421,8,-0.2676040647384861
373770,-0.117431313472679,8,0.5776437938993492
375816,-0.712547560641963,8,-0.6622953118011805
188157,-0.41498943705732105,8,0.7740824977061694
374617,-0.8613266224342829,8,-0.4615277205342743
187511,0.477684933696605,8,0.27137163732036795
187814,0.6264639954889261,8,-0.189957374839859
188758,1.37035930445053,8,0.08777180349271685
284335,-0.266210375265,8,-1.089667326072861
190006,-0.712547560641963,8,0.3473795762714238
319957,1.37035930445053,8,0.6024135315082806
375456,-0.5637684988496421,8,-0.238863789614412
189928,-1.0101056842266,8,0.29246086220434375
375552,-0.8613266224342829,8,-0.251962694567995
374204,1.0728011808658902,8,0.18582680895845133
189797,-0.117431313472679,8,-0.9623214336441297
187816,-0.5637684988496421,8,-0.5721578150966754
308211,-0.8613266224342829,8,-0.46464766410236014
187537,-0.117431313472679,8,-0.36111893117889243
190070,1.6679174280351698,8,0.638871624279892
188545,0.7752430572812471,8,0.47765947246814333
374156,0.924022119073568,8,0.8070270709324276
283732,-0.41498943705732105,8,0.139508557262319
375922,1.22158024265821,8,0.35629880133830655
189833,-0.8613266224342829,8,-0.9813394215423838
374158,-1.6052219313958898,8,0.5173761559413397
189892,0.6264639954889261,8,0.3297237143840205
284334,-1.45644286960357,8,-0.9267776383334448
374109,1.22158024265821,8,0.4696799266268025
375696,-0.5637684988496421,8,-0.16635989089197017
373832,0.477684933696605,8,-0.018713495372826988
374527,-0.5637684988496421,8,-0.19724650893309817
190062,0.477684933696605,8,0.15841428404952243
375560,-1.0101056842266,8,-0.5674222529446917
283676,-0.5637684988496421,8,0.7742827310220128
375664,-1.30766380781125,8,-0.8331892895076324
188427,-0.117431313472679,8,0.4126503756952652
188577,-0.117431313472679,8,0.033457513498317264
374746,1.22158024265821,8,0.1255726518892696
188270,1.37035930445053,8,1.3007840981564354
283664,0.0313477483196424,8,-0.1530666612284301
284222,-1.90278005498053,8,-0.9191642157317628
373764,-1.0101056842266,8,-0.34434404149163866
187778,0.477684933696605,8,-0.39847368913900594
374598,-0.266210375265,8,-0.3575162013801937
188113,1.37035930445053,8,0.7884499864876653
190804,0.7752430572812471,8,0.4318266649839553
188012,1.0728011808658902,8,0.3040394491925816
189194,0.180126810111963,8,0.5143613706401146
283231,-0.5637684988496421,8,-0.6076175170974704
375254,0.180126810111963,8,-0.29275684361871
187610,1.51913836624285,8,1.1622384747779644
190081,-1.30766380781125,8,-0.9646967495995626
374004,-0.41498943705732105,8,-0.15143282242018402
188529,0.180126810111963,8,0.5906888169498256
374139,0.6264639954889261,8,0.06079593197782346
374171,0.924022119073568,8,0.22256027410278492
375905,-0.712547560641963,8,0.09233973481884689
374147,-0.712547560641963,8,0.20801906542277399
375548,-0.117431313472679,8,-0.20390357441070805
188972,-0.8613266224342829,8,0.3000735318924826
337841,1.0728011808658902,8,-0.12438522164473699
375799,-0.712547560641963,8,0.007591969775422303
187903,0.924022119073568,8,-1.2632416155596544
188051,-0.5637684988496421,8,-0.6310833284093568
374531,-0.266210375265,8,-0.4203925285481674
375796,-0.117431313472679,8,-0.37016516327979576
189013,0.328905871904284,8,0.8736448347399972
188546,0.180126810111963,8,0.28258518000530786
374683,-0.117431313472679,8,0.189976745497696
308269,1.0728011808658902,8,-0.44890721077500184
189229,1.22158024265821,8,0.9215595312349476
308006,1.37035930445053,8,-0.1781210062093109
187704,1.22158024265821,8,1.0554439594551506
375976,-2.2003381785651697,8,-1.419612736186993
375513,-1.15888474601893,8,0.8798752666893241
189632,0.7752430572812471,8,0.8390362119166261
188373,-0.41498943705732105,8,0.21906705926872128
284069,0.477684933696605,8,-0.4668776503947215
283849,0.477684933696605,8,-0.10413721003072063
283176,0.477684933696605,8,0.49033525908147574
283177,0.180126810111963,8,0.08626312041279724
284068,0.7752430572812471,8,0.10243206992591417
375731,0.0313477483196424,8,0.0028049905853461815
375393,0.924022119073568,8,-0.23508162015811643
283969,-1.30766380781125,8,-0.961972032929541
188998,-0.712547560641963,8,0.770265755979844
283859,0.0313477483196424,8,-0.40780640759762354
283784,0.328905871904284,8,0.32073944553500944
188781,0.328905871904284,8,-0.13670271421493627
189819,0.924022119073568,8,0.6706488695135819
188984,1.0728011808658902,8,0.6526781325210076
375899,-0.8613266224342829,8,-0.14282572371223204
373795,0.924022119073568,8,-0.11545293427125156
187458,0.924022119073568,8,-0.6731211973380024
190783,-2.4978963021498104,8,-1.70124343626026
187990,0.924022119073568,8,0.6723450733822881
187888,-0.117431313472679,8,-0.056190248918907525
190098,0.924022119073568,8,0.9060792221228684
188940,0.924022119073568,8,0.842732838890148
188412,0.477684933696605,8,-0.7319215572083162
374715,-1.0101056842266,8,0.5102530478378633
189247,1.0728011808658902,8,0.9692133803995442
188468,0.180126810111963,8,0.7030146904328698
284231,-1.30766380781125,8,-0.7127564056856925
374530,-0.5637684988496421,8,-1.124739022679913
373744,-1.0101056842266,8,-0.4112984946152383
283110,0.477684933696605,8,0.040448117089316594
375743,1.0728011808658902,8,-0.2518198417028668
190799,-0.266210375265,8,-0.4475723917285489
375274,-0.266210375265,8,-0.5206129190912694
187500,0.924022119073568,8,-0.29956630650837623
188476,0.477684933696605,8,-0.23685504956298614
188848,0.7752430572812471,8,0.32282345931521805
188932,1.0728011808658902,8,0.940746394772657
189320,1.51913836624285,8,0.522093266517876
190149,1.22158024265821,8,0.5058057004922593
283781,-0.41498943705732105,8,0.4810256807518425
375395,-0.117431313472679,8,-0.43968695578563255
283128,0.477684933696605,8,-0.38379440876961746
283220,0.180126810111963,8,0.5213129518300456
375013,-0.712547560641963,8,-0.33323553342827184
189744,-0.712547560641963,8,-0.6515541950717737
374148,0.477684933696605,8,0.3730255679472018
375894,-1.6052219313958898,8,-1.026437063835785
373725,-2.2003381785651697,8,-0.2028325879400498
187771,-0.8613266224342829,8,-0.795711646820264
187481,1.22158024265821,8,0.7420983624309461
374382,-1.6052219313958898,8,-0.8018704678420199
375800,-0.8613266224342829,8,-0.417700030193364
189790,-2.05155911677285,8,-1.1428884240227482
375461,0.6264639954889261,9,-0.7375505889514243
374825,1.22158024265821,9,0.06182414272565745
187583,-1.0101056842266,9,0.033462645031433216
188930,-1.0101056842266,9,0.3475235730785537
285674,1.0728011808658902,9,-0.46668783117569224
188934,1.37035930445053,9,0.9676351726149495
283139,1.8166964898274895,9,0.7643921115490689
283166,-1.0101056842266,9,0.042021061643152405
375991,0.180126810111963,9,-0.6018224886823977
375973,0.180126810111963,9,-0.17619379416348666
188331,0.7752430572812471,9,1.094608412640185
188269,-0.266210375265,9,0.032636220270165606
375421,-1.30766380781125,9,0.3957908696452828
374483,1.0728011808658902,9,0.8474962433303989
187758,-0.41498943705732105,9,0.06002683445564985
374691,0.180126810111963,9,0.3209017511997392
375474,-1.0101056842266,9,-0.36854703696438607
375832,0.6264639954889261,9,0.32350046559927736
187703,-1.15888474601893,9,-0.1918368780488133
189805,1.0728011808658902,9,0.6268152461485378
318177,1.0728011808658902,9,0.5416647188430042
188543,-0.117431313472679,9,0.3571301121765514
188376,0.6264639954889261,9,-0.10131938762074864
188086,0.6264639954889261,9,0.27269342325926177
189979,-1.15888474601893,9,0.12031902277579151
374961,0.0313477483196424,9,0.09159203605668342
374186,-0.712547560641963,9,-0.6400740736860415
189872,0.7752430572812471,9,0.24697622011722795
189133,1.0728011808658902,9,-0.04934781319125449
375689,0.477684933696605,9,0.44133219244944594
187874,0.7752430572812471,9,0.4695450503044827
187781,0.477684933696605,9,0.24189229514531838
373655,-0.117431313472679,9,-0.029827892999831535
188672,0.477684933696605,9,0.7233099904942512
188222,1.0728011808658902,9,-0.05698793023368172
190005,-0.8613266224342829,9,0.2745517485404256
284067,-0.8613266224342829,9,0.1874381560890534
375376,-1.0101056842266,9,0.00901756609354096
283762,-1.90278005498053,9,-0.5830415079612183
187881,0.477684933696605,9,0.14487424245441566
284164,-1.0101056842266,9,-0.4163021921504324
187803,-1.6052219313958898,9,-0.5236575464921986
190116,0.7752430572812471,9,0.6875028439353837
308008,0.0313477483196424,9,0.13994364127426587
189700,1.0728011808658902,9,1.0734987930188822
375465,-1.30766380781125,9,-0.37780378753647065
188382,0.328905871904284,9,0.4374554490000297
375940,-1.75400099318821,9,-1.7948490370969952
187539,0.0313477483196424,9,0.1419800450150523
283171,-1.6052219313958898,9,-0.1747146121836315
374992,0.6264639954889261,9,-0.3912888415930851
373925,0.0313477483196424,9,-0.16205296357155866
375875,1.22158024265821,9,0.47875982887081736
187536,-0.41498943705732105,9,0.13014247401746268
373672,-1.75400099318821,9,-0.431521316874807
284209,1.0728011808658902,9,0.007076745685285462
373912,1.22158024265821,9,0.2642134299187154
188370,1.0728011808658902,9,0.355413175600993
188227,-0.266210375265,9,-0.06630259342294902
375288,-1.0101056842266,9,-0.4081319143360959
187510,0.6264639954889261,9,0.06332490252792143
187796,-0.41498943705732105,9,-0.4861747995182803
187935,-0.117431313472679,9,0.450159035261253
189997,0.924022119073568,9,0.32312495373956496
374365,0.477684933696605,9,1.3721269833909284
187834,0.924022119073568,9,0.32958731444361833
187979,-0.41498943705732105,9,0.28582409230138134
189913,-0.266210375265,9,-0.12932228250384098
374632,-1.0101056842266,9,0.5246411263977058
190022,-1.6052219313958898,9,-0.7294646228585464
283844,-2.79545442573446,9,-2.4705151322993046
188466,-0.117431313472679,9,0.09235991301262027
190458,-0.117431313472679,9,-0.4789296366634173
374484,-0.712547560641963,9,-0.4066618192291932
374394,-1.75400099318821,9,-1.2431627076744047
373575,-0.5637684988496421,9,0.122096462918173
190140,0.6264639954889261,9,-0.40637576574536344
189956,1.22158024265821,9,-0.05718036050956039
375016,1.37035930445053,9,0.9723078035146967
373635,-0.5637684988496421,9,-0.6743908473306203
308266,1.37035930445053,9,-0.294341536023797
189201,1.0728011808658902,9,0.4218121425962075
283774,-2.4978963021498104,9,-2.164361446297926
187605,0.6264639954889261,9,-1.0674525849861412
374547,0.328905871904284,9,-0.03335162947776449
187717,-0.266210375265,9,-0.17735966372523115
374609,0.6264639954889261,9,-0.4587433085870766
374548,1.22158024265821,9,-0.1414761332807865
188822,-1.0101056842266,9,-0.8985345125418199
189433,1.37035930445053,9,0.021022591182282724
189698,-1.30766380781125,9,0.5350414189600757
187941,-0.117431313472679,9,-0.16795678027793662
374814,1.51913836624285,9,0.5154725484101195
189021,1.51913836624285,9,0.3617381280318504
188989,0.6264639954889261,9,0.5306566317823013
375404,-0.5637684988496421,9,-0.5733125073796734
189666,1.37035930445053,9,1.2214544876467137
375710,-0.41498943705732105,9,0.2987660785249338
190198,1.0728011808658902,9,0.23324668140491794
188530,-1.45644286960357,9,-1.3801548883497399
189040,0.0313477483196424,9,0.31957882365602047
188190,-1.6052219313958898,9,0.33934704860720255
188445,1.37035930445053,9,0.8334142847322961
374697,-1.45644286960357,9,-0.4829246111893436
375972,1.0728011808658902,9,-0.13948564096410407
190800,-0.712547560641963,9,0.2961644354534814
375017,0.7752430572812471,9,0.6254914190968588
188894,0.7752430572812471,9,0.6395032235714715
188501,-0.41498943705732105,9,0.22742892401584616
375521,-0.41498943705732105,9,0.18941101010294206
374103,-0.5637684988496421,9,-0.02254918297358564
188287,1.0728011808658902,9,-0.028889891068230495
375728,-1.6052219313958898,9,-0.33237130438343293
374927,1.37035930445053,9,1.0475034935591216
375681,-0.5637684988496421,9,-0.12765568240388442
374612,-0.41498943705732105,9,0.05088917540014275
375726,-0.5637684988496421,9,-0.0782168191404691
188405,1.0728011808658902,9,0.3659348892677502
189844,-2.2003381785651697,9,-1.6435359610902536
375565,-1.30766380781125,9,0.1713320438655501
375446,-0.8613266224342829,9,-0.08260224199193336
187518,0.7752430572812471,9,0.5450379252604556
283107,-0.117431313472679,9,-0.9750794223818544
189046,0.7752430572812471,9,0.39771025401625903
187818,1.51913836624285,9,0.21130995409793452
374699,-0.117431313472679,9,0.17891877403155376
374177,1.51913836624285,9,1.254211026126928
190000,0.924022119073568,9,0.16912700865429095
188092,0.6264639954889261,9,0.5961075331141719
375930,0.477684933696605,9,0.32165002489083583
373952,1.22158024265821,9,-0.004699812786580736
189909,0.7752430572812471,9,0.22391871446941888
187972,1.0728011808658902,9,0.20550689086033996
190203,-2.79545442573446,9,-1.188657476503441
187976,-0.8613266224342829,9,-0.8612178862272903
190115,1.22158024265821,9,0.796267265561329
376040,-0.266210375265,9,-0.5571213100085775
187951,-0.712547560641963,9,-0.009605834584282057
284262,0.7752430572812471,9,0.048675018650224
375823,-1.90278005498053,9,-1.3213783750627992
189246,0.7752430572812471,9,0.16618622127217575
187810,0.180126810111963,9,-0.18929569538820137
375590,-1.0101056842266,9,-0.1769902452272747
188927,1.22158024265821,9,0.956643902068433
284189,-2.05155911677285,9,-0.5865480707198765
283782,-0.712547560641963,9,0.2925071464976995
187669,0.924022119073568,9,0.47118866731829495
284120,-0.5637684988496421,9,-0.8967593095068201
375342,0.924022119073568,9,-0.4037259839650086
375975,-0.712547560641963,9,0.22147179110162069
374608,-0.5637684988496421,9,0.3715666451002382
187968,-0.117431313472679,9,-0.26224671717266324
187793,1.0728011808658902,9,-0.14446054829168964
188398,-0.41498943705732105,9,0.1696271000820278
319279,-1.45644286960357,9,-0.2809669523009849
187637,0.180126810111963,9,-0.45834019312704394
189760,1.22158024265821,9,1.3807458272097974
188316,-1.0101056842266,9,0.024323963405046608
283838,0.6264639954889261,9,-0.4403056112889322
188493,0.7752430572812471,9,0.6595498651366328
283736,0.0313477483196424,9,0.5871116901873682
375205,0.6264639954889261,9,-0.47002190538183714
2437415,-0.712547560641963,9,-0.690892037074867
374532,1.22158024265821,9,1.1266733192910448
187666,0.6264639954889261,9,0.28370618460067026
188256,-0.117431313472679,9,-0.24329473466925816
189292,0.477684933696605,9,1.2503509146719687
188321,1.37035930445053,9,0.055930588500639186
189193,-0.712547560641963,9,0.37717339328434896
188970,1.22158024265821,9,0.7841724905557883
375949,-1.15888474601893,9,-0.5587390435066851
190150,0.7752430572812471,9,0.3912913562411422
187470,0.328905871904284,9,-0.7166504425564584
188906,-2.05155911677285,9,-1.5249466573960422
374112,-1.30766380781125,9,-0.42120717744267844
374588,-0.8613266224342829,9,-0.10038218119892796
374759,-0.712547560641963,9,-1.2066298274234253
188976,1.51913836624285,9,0.8318218859112607
374935,0.8347546819981758,9,0.43978124116124584
188549,0.7752430572812471,9,0.4328848010828319
375498,-0.8613266224342829,9,-0.48009249634819007
189230,0.477684933696605,9,0.7189181328653963
283311,-0.41498943705732105,9,0.5688827253650515
375341,0.180126810111963,9,-0.17894170184678504
319280,-1.6052219313958898,9,-0.23701717524728377
187713,0.180126810111963,9,0.33457498328977364
283815,-0.5637684988496421,9,0.2879644159611635
190796,-0.712547560641963,9,-0.06733881511292028
189002,-1.90278005498053,9,0.7916243223504258
375340,-0.117431313472679,9,-0.7295152243629053
190472,-0.8613266224342829,9,-0.37296797127461756
189254,-0.712547560641963,9,0.7624612081642662
375890,-1.30766380781125,9,-0.15667136088550648
188052,0.477684933696605,9,-0.46094148340557767
188111,1.22158024265821,9,0.6925070478346343
284319,-0.8613266224342829,9,-1.0367768689782633
375781,-1.0101056842266,9,0.052028703403620924
187546,0.924022119073568,9,0.16716350091437243
375724,-0.712547560641963,9,0.337879623499139
374945,1.37035930445053,9,1.3410636466495152
